step,epoch,loss,learning_rate,t_data,t_transfer,t_forward,t_backward,t_optimizer,t_step,throughput,gpu_mem_gb,timestamp
23594,0.00016022431403965552,0.11632547500374812,3.0588235294117647e-07,0.16986683999994057,0.06095565200013198,93.01633005699995,140.88312316600008,0.1688643409999031,234.48394051800005,0.1364699003663474,11.997744128,2026-01-05T10:54:26.657841
23595,0.00032044862807931103,0.08402998459786204,4.117647058823529e-07,0.002919122999969659,0.05013423800039618,88.98759029099972,135.07620458600002,0.13424383799997486,224.2590466380001,0.14269212537790968,12.00951296,2026-01-05T10:58:10.918150
23596,0.0004806729421189666,0.09994847656224692,5.176470588235293e-07,0.0028683350001301733,0.04364953399999649,90.64233967000007,137.86768401099982,0.13397934100009934,228.696917159,0.13992318041503032,11.9972608,2026-01-05T11:01:59.615643
23597,0.0006408972561586221,0.09584846381039824,6.235294117647058e-07,0.002868120999664825,0.040864776000148595,90.35342818300057,137.12820910099913,0.135094011000092,227.66759041599994,0.1405557986603574,12.021761024,2026-01-05T11:05:47.283800
23598,0.0008011215701982776,0.1849111207243368,7.294117647058823e-07,0.0032086849998904654,0.051737195000441716,90.23079288500003,137.03728694200004,0.13500295400012874,227.46488410300003,0.14068105556684454,12.017711616,2026-01-05T11:09:34.749475
23599,0.0009613458842379332,0.16861934323096506,8.352941176470586e-07,0.0028886850000162667,0.05203978099984852,92.00757758600002,140.6044324290001,0.1331754559998899,232.80912885700013,0.1374516547401179,11.996999168,2026-01-05T11:13:27.559340
23600,0.0011215701982775887,0.1234410740689782,9.411764705882351e-07,0.0038673429996833875,0.04611398900010499,90.67283800399991,138.07314087900022,0.13278771600016626,228.93794203700008,0.13977586989415797,12.013149696,2026-01-05T11:17:16.497839
23601,0.0012817945123172441,0.11495758968521841,1.0470588235294116e-06,0.0045646370006124926,0.04405973000052654,90.8053850160004,138.02277647599976,0.13508312499970998,229.02082450199987,0.13972528511144439,12.01591552,2026-01-05T11:21:05.519240
23602,0.0014420188263568996,0.11363378798193935,1.152941176470588e-06,0.0031411449999723118,0.041128839998691546,91.94873040899984,140.83272987600094,0.1338287369999307,232.96579232700014,0.13735922205730322,11.996773376,2026-01-05T11:24:58.485713
23603,0.0016022431403965552,0.05860686685230121,1.2588235294117646e-06,0.003052488001230813,0.05209698599992407,88.95900037999945,134.12777208100078,0.13403980100019908,223.28229922599985,0.143316331437498,12.020591104,2026-01-05T11:28:41.768581
23604,0.0017624674544362107,0.1150794909495545,1.3647058823529408e-06,0.0026980210000147054,0.04820314000016879,90.4063533329986,137.31662197200194,0.1346197130001201,227.91560223000033,0.14040284950614,11.997884416,2026-01-05T11:32:29.684757
23605,0.0019226917684758663,0.04263652372029014,1.470588235294117e-06,0.0030770309995205025,0.05175510800063421,90.39350719100003,137.17547881300015,0.13378820699972493,227.765118369,0.14049561332810023,12.016007168,2026-01-05T11:36:17.450441
23606,0.0020829160825155215,0.10271283771135131,1.5764705882352936e-06,0.0031417849995705183,0.05473909500051377,90.69996337400016,137.61960205900004,0.13316160399972432,228.51918624000018,0.14003200574323896,12.019466752,2026-01-05T11:40:05.970397
23607,0.0022431403965551774,0.04052175448941853,1.68235294117647e-06,0.003647738000836398,0.047361919000195485,89.26537179199931,134.82203786300033,0.1341840779996346,224.28064213000016,0.14267838586556117,12.015000576,2026-01-05T11:43:50.251765
23608,0.002403364710594833,0.2198129533098836,1.7882352941176465e-06,0.0031531429999631655,0.037482488999103225,89.74547678899944,135.90577526600146,0.1341904579999209,225.83326508900018,0.14169745979357337,12.01193216,2026-01-05T11:47:36.085807
23609,0.0025635890246344883,0.11592877727161977,1.8941176470588228e-06,0.004351384000528924,0.048287057000834466,91.13008224599889,138.7192931340005,0.1359493059999295,230.04535863399997,0.13910300207756723,12.014343168,2026-01-05T11:51:26.131939
23610,0.0027238133386741437,0.15498819453951285,1.999999999999999e-06,0.003133205998892663,0.04917498499889916,90.9291189429996,138.39344777199994,0.13299455299966212,229.5161935660003,0.13942371343309157,12.016659456,2026-01-05T11:55:15.648978
23611,0.002884037652713799,0.05538756968235248,2.1058823529411755e-06,0.003303945999505231,0.04096046100130479,88.21919791399887,132.62214593099998,0.1341500950002228,221.02808009,0.14477798471112802,11.996818944,2026-01-05T11:58:56.677684
23612,0.003044261966753455,0.038338514290103376,2.211764705882352e-06,0.0037127040031919023,0.04863971099985065,90.07165924299898,136.4311292500015,0.13333352800054854,226.69559800299976,0.1411584533704821,11.997642752,2026-01-05T12:02:43.373997
23613,0.0032044862807931104,0.09615959401708096,2.3176470588235285e-06,0.0027948689994445886,0.045608262002133415,92.0655765069987,141.1188238830009,0.1337824330003059,233.37386963300014,0.13711903586430935,12.022923776,2026-01-05T12:06:36.748512
23614,0.003364710594832766,0.14805824732775363,2.423529411764705e-06,0.0035104040025544236,0.039551893998577725,90.7412069969987,138.2058594559985,0.13351661400065495,229.13268027100003,0.1396570753772571,12.017232896,2026-01-05T12:10:25.881827
23615,0.0035249349088724213,0.03880151775991436,2.5294117647058815e-06,0.002826190000632778,0.04401391500232421,89.0798173719968,134.1866545719995,0.13252089100024023,223.4554529930001,0.14320527680746473,11.997046784,2026-01-05T12:14:09.337969
23616,0.0036851592229120767,0.07406667780040266,2.635294117647058e-06,0.00288295699738228,0.05378562099940609,89.58501289500055,135.543551001997,0.13462282999989839,225.3260380239999,0.14201643219143462,12.01126144,2026-01-05T12:17:54.664690
23617,0.0038453835369517326,0.08526937964484205,2.7411764705882344e-06,0.0028043960010109004,0.046193948996915424,91.41286290100106,139.22784290000163,0.13373347700053273,230.8297549810004,0.1386303078761831,12.006962688,2026-01-05T12:21:45.495007
23618,0.004005607850991388,0.07084885630501958,2.8470588235294113e-06,0.0028622210020330385,0.04450601199914672,89.35188310399917,134.61433432600097,0.13380796700039355,224.15489476399944,0.14275842619315127,12.016448512,2026-01-05T12:25:29.650491
23619,0.004165832165031043,0.08689084314539741,2.952941176470588e-06,0.00274849800280208,0.04594298099800653,89.64276363099907,135.36911753000186,0.13569633200040698,225.2041831280003,0.14209327533588495,12.011341312,2026-01-05T12:29:14.855282
23620,0.004326056479070699,0.033534322517539294,3.0588235294117643e-06,0.0027153379978699377,0.04320906700377236,89.55300997299946,135.5924141639971,0.13260040499972092,225.33242234999943,0.1420124084509052,12.01846528,2026-01-05T12:33:00.188270
23621,0.004486280793110355,0.09790825862864949,3.164705882352941e-06,0.00318775300274865,0.0493922410041705,91.23086554799465,138.65320414300277,0.13484911999967153,230.07947068799967,0.13908237838131046,12.011206144,2026-01-05T12:36:50.268335
23622,0.00464650510715001,0.08619411977855407,3.2705882352941176e-06,0.003034048999325023,0.040096732998790685,89.88084047599932,136.19537797200064,0.13432212099996832,226.26006393900025,0.14143017306238898,12.014306816,2026-01-05T12:40:36.529186
23623,0.004806729421189666,0.06314914279522554,3.376470588235294e-06,0.002658081002664403,0.04030964900084655,89.53291750800054,135.2380556349999,0.135777495000184,224.95638754300035,0.14224979494695703,11.99750656,2026-01-05T12:44:21.486442
23624,0.004966953735229321,0.06397111551395085,3.4823529411764706e-06,0.002823967000040284,0.046984613001768594,89.2969775420006,134.63232001899905,0.13330553000014334,224.12150063099944,0.14277969721738473,11.997451264,2026-01-05T12:48:05.608537
23625,0.0051271780492689765,0.09073072954817007,3.5882352941176475e-06,0.002822606998961419,0.04178406000210089,89.64984502199968,135.44299924000006,0.13358617300036713,225.27812641700075,0.1420466359027083,12.016226304,2026-01-05T12:51:50.887271
23626,0.005287402363308632,0.05851122419119292,3.6941176470588244e-06,0.003918019000593631,0.04470923399912863,90.61408933199982,137.91311450600006,0.13550984299945412,228.7187786530003,0.1399098062190541,12.018594304,2026-01-05T12:55:39.606642
23627,0.005447626677348287,0.1066826547591404,3.8000000000000013e-06,0.002991406999171886,0.04776285999832908,91.4917785359994,139.9533593890019,0.13578469499952917,231.64246010500028,0.13814393089028174,11.997628416,2026-01-05T12:59:31.249868
23628,0.005607850991387943,0.102863783156522,3.905882352941178e-06,0.003187268998772197,0.04801718999988225,89.86596150500009,136.16221318599764,0.13284882199877757,226.21946581800057,0.1414555546061842,12.014978048,2026-01-05T13:03:17.470059
23629,0.005768075305427598,0.06214883328175347,4.011764705882354e-06,0.0036995870013925014,0.05003229500107409,89.69260592199862,135.82901043699894,0.13318960500146204,225.7159591340005,0.14177110082412295,11.997623296,2026-01-05T13:07:03.186681
23630,0.005928299619467254,0.04503330467167643,4.11764705882353e-06,0.0028263929998502135,0.05076525999902515,89.24056097199718,135.09998483699746,0.13552227299987862,224.5363698199999,0.14251588740680574,12.016897024,2026-01-05T13:10:47.723717
23631,0.00608852393350691,0.08743223128840327,4.223529411764707e-06,0.002858373003618908,0.046103427004709374,90.08103902799849,136.7765152969987,0.1338557649996801,227.04909941000005,0.1409386783878633,12.018699776,2026-01-05T13:14:34.773404
23632,0.006248748247546565,0.045979417157695934,4.329411764705884e-06,0.0029943870031274855,0.045483201000024565,90.11521417799668,136.8416797980044,0.1336993100012478,227.14803734799898,0.1408772903063866,12.013796352,2026-01-05T13:18:21.922020
23633,0.006408972561586221,0.0780286846911622,4.43529411764706e-06,0.0029986279987497255,0.0458055820017762,90.66697413999646,137.62216781000097,0.1341754109998874,228.47844255399832,0.1400569771147541,12.019763712,2026-01-05T13:22:10.401057
23634,0.006569196875625876,0.08538549585500732,4.541176470588237e-06,0.00275409700225282,0.042163708993030014,90.71057652400305,137.87434049500007,0.13450504899992666,228.77430634900156,0.13987584755773716,11.997033472,2026-01-05T13:25:59.176203
23635,0.006729421189665532,0.12257695016160142,4.6470588235294136e-06,0.0037317969981813803,0.04328692400486034,91.78576667000016,139.96962410299966,0.13357643300150812,231.94316964899917,0.13796483012811186,12.035089408,2026-01-05T13:29:51.119986
23636,0.006889645503705188,0.06355687996361326,4.75294117647059e-06,0.0028167209984530928,0.04563839100046607,90.208901582002,136.65087098599724,0.13400986400120019,227.05030374600028,0.1409379308111307,12.029251072,2026-01-05T13:33:38.170961
23637,0.007049869817744843,0.0586313893611532,4.8588235294117665e-06,0.0030468669974652585,0.051667419998921105,90.93585939399782,138.45371806700496,0.1336905439984548,229.5867268260008,0.13938087990710438,12.014875648,2026-01-05T13:37:27.758280
23638,0.0072100941317844985,0.051026459577400374,4.964705882352943e-06,0.0026736329982668394,0.04609579799398489,90.87428188900049,138.37966517300083,0.13543429099991044,229.44465922900054,0.13946718179245976,12.011142656,2026-01-05T13:41:17.203769
23639,0.0073703184458241535,0.10704967934725573,5.07058823529412e-06,0.003179250999892247,0.05004299300162529,92.50067730699266,141.68501127400305,0.13351037000029464,234.37877529899924,0.1365311340976899,12.016323584,2026-01-05T13:45:11.583188
23640,0.007530542759863809,0.0953100735612793,5.176470588235297e-06,0.0027154379968123976,0.04501233799601323,89.96755958700123,136.04505500100095,0.13450552099857305,226.20330454900068,0.14146566100703487,12.024901632,2026-01-05T13:48:57.787058
23641,0.007690767073903465,0.04406145947068296,5.282352941176474e-06,0.004257448994394508,0.05374141100037377,90.61992256099984,137.61327022499972,0.13560194399906322,228.43305427000087,0.1400848055998804,12.015850496,2026-01-05T13:52:46.220750
23642,0.00785099138794312,0.048190184533495994,5.388235294117651e-06,0.0026448180033185054,0.048052809996079304,92.21468394200383,140.78450511600022,0.13379885299946181,233.19038981499943,0.1372269244259468,12.009906176,2026-01-05T13:56:39.411733
23643,0.008011215701982776,0.04472140218738474,5.494117647058828e-06,0.003303184994365438,0.04487442000026931,90.10207906200048,136.30427174899887,0.134533296999507,226.5988483330002,0.14121872302269664,11.996896256,2026-01-05T14:00:26.011145
23644,0.008171440016022432,0.0197028729562021,5.600000000000004e-06,0.0027746730029321043,0.04355513400150812,90.20792526099467,136.94413068100403,0.13398727599997073,227.3397299799999,0.1407585027166839,11.998005248,2026-01-05T14:04:13.351586
23645,0.008331664330062086,0.021744016660477428,5.70588235294118e-06,0.0029345749971980695,0.04750912499912374,90.12833851200048,136.6230962819991,0.13350818100116157,226.94437298499906,0.14100371636936418,12.016976896,2026-01-05T14:08:00.296661
23646,0.008491888644101742,0.03272373062134193,5.811764705882356e-06,0.0026780400003190152,0.04732647799755796,89.68868032099999,135.98703582599774,0.13399480099906214,225.86758800999996,0.14167592739593626,11.9968768,2026-01-05T14:11:46.165023
23647,0.008652112958141398,0.05122802799724013,5.917647058823533e-06,0.003353441003127955,0.042452855997908046,91.05129455499628,138.55486004700288,0.13407146900135558,229.79246106000028,0.13925609157231922,12.022836736,2026-01-05T14:15:35.958159
23648,0.008812337272181054,0.037338426859790275,6.023529411764709e-06,0.003278232996308361,0.04509219600186043,91.41490302700186,139.1653355979979,0.13558850200024608,230.7706641320001,0.1386658053802545,12.02783232,2026-01-05T14:19:26.729476
23649,0.00897256158622071,0.05645918914098047,6.129411764705886e-06,0.0030246039932535496,0.03635197499534115,90.57389292100379,137.6187396610003,0.13487975200041546,228.37447018300008,0.14012074105462793,12.007248384,2026-01-05T14:23:15.104623
23650,0.009132785900260364,0.02948378794578943,6.235294117647063e-06,0.003261946998463827,0.046033640994210145,88.15890426900478,132.17574682999475,0.13299914299932425,220.52550090000113,0.1451079347712745,11.997171712,2026-01-05T14:26:55.630910
23651,0.00929301021430002,0.01895291479451089,6.34117647058824e-06,0.003093819996138336,0.04603031800070312,89.87886199000059,135.81031975199767,0.13377226699958555,225.88131065000016,0.14166732036358484,11.997213696,2026-01-05T14:30:41.512838
23652,0.009453234528339675,0.060128259944121965,6.447058823529416e-06,0.002846428003977053,0.041699223995237844,90.08292299600362,136.1000351980001,0.1330983739990188,226.36973690000013,0.14136165212815593,11.997504512,2026-01-05T14:34:27.883303
23653,0.009613458842379331,0.01204913062747437,6.552941176470593e-06,0.0036190719984006137,0.04370348300108162,89.43214063599771,135.18369245500253,0.13436820700007956,224.80596037100077,0.14234498029852014,11.996611584,2026-01-05T14:38:12.690063
23654,0.009773683156418987,0.037768041161371,6.65882352941177e-06,0.004007392992207315,0.04627456899834215,90.81079877799857,137.7468617960003,0.1335203439994075,228.74896891900062,0.1398913409368464,12.016494592,2026-01-05T14:42:01.439899
23655,0.009933907470458641,0.025949699387268765,6.7647058823529465e-06,0.002817012000377872,0.04770699800064904,91.5841045190009,139.9957234589965,0.13427426099951845,231.77224466699954,0.13806657499467304,11.996547072,2026-01-05T14:45:53.212776
23656,0.010094131784498297,0.03678787307217135,6.870588235294123e-06,0.00305068899433536,0.040887862001909525,89.79339553399586,135.822482243002,0.13425786300103937,225.80271665799955,0.1417166297802659,12.019492352,2026-01-05T14:49:39.016368
23657,0.010254356098537953,0.0368907670388694,6.9764705882353e-06,0.002808584000376868,0.047481341995080584,89.2022376449986,134.4317594910044,0.13347878900094656,223.8270744679994,0.14296751220136705,11.997430784,2026-01-05T14:53:22.844187
23658,0.010414580412577609,0.02292913324817647,7.082352941176476e-06,0.002844484999513952,0.038824539004053804,90.02820003499619,136.2814425930046,0.13380520600003365,226.49145176899947,0.1412856853981274,12.020964864,2026-01-05T14:57:09.336296
23659,0.010574804726617265,0.032416316352467334,7.1882352941176524e-06,0.002853781003068434,0.05056108900134859,91.50233791199571,139.55925234799724,0.1334065400005784,231.25570745799996,0.13837496315982495,11.997518848,2026-01-05T15:01:00.592605
23660,0.010735029040656919,0.025995370992674793,7.294117647058829e-06,0.003443208004682674,0.041989697005192284,90.1144050549974,136.55277598499924,0.13400537900088239,226.8539565839983,0.14105991573548424,11.997325312,2026-01-05T15:04:47.447345
23661,0.010895253354696575,0.01910361103058733,7.400000000000005e-06,0.00335045099745912,0.04661059699901671,88.64318102599645,133.47169234600005,0.13370608300101594,222.30701433399918,0.1439450756687437,12.0073344,2026-01-05T15:08:29.754973
23662,0.01105547766873623,0.008812486832525224,7.5058823529411814e-06,0.0030889140034560114,0.05236390300160565,90.72722761300247,137.9195079880028,0.13315013999999792,228.84260631300094,0.13983410045693936,11.996875776,2026-01-05T15:12:18.598283
23663,0.011215701982775887,0.017664478861661337,7.611764705882358e-06,0.0035866940015694126,0.04622576500150899,90.33314869800597,136.819862448996,0.13359149099960632,227.342574444001,0.14075674157495843,11.996893184,2026-01-05T15:16:05.941445
23664,0.011375926296815542,0.02679064450023816,7.717647058823535e-06,0.0030141560073388973,0.04749647100106813,91.7459859100054,139.90017357199395,0.13355819300340954,231.83789934800188,0.13802747561979148,12.015782912,2026-01-05T15:19:57.780077
23665,0.011536150610855197,0.02982065371088538,7.823529411764711e-06,0.0027927269984502345,0.045966956993652275,90.09535582000535,136.849623573009,0.13499788300032378,227.1360896719998,0.14088470064889383,11.998155264,2026-01-05T15:23:44.916772
23666,0.011696374924894852,0.02526505606947893,7.929411764705887e-06,0.002958350996777881,0.04615267799817957,90.23558846999003,136.74982915600413,0.13485932299954584,227.17567063800016,0.14086015421515516,11.997488128,2026-01-05T15:27:32.093031
23667,0.011856599238934508,0.02861964258181615,8.035294117647065e-06,0.003297324015875347,0.043149240998900495,90.13273778299845,136.4963125580034,0.13239022199923056,226.81668228800118,0.1410830970508946,12.01975552,2026-01-05T15:31:18.910333
23668,0.012016823552974164,0.0045602887373732415,8.141176470588241e-06,0.002871231990866363,0.05051090299457428,90.2956295279946,136.73308056001042,0.13461289599945303,227.22385088100054,0.14083028641548165,11.996818432,2026-01-05T15:35:06.134778
23669,0.01217704786701382,0.013374271467682775,8.247058823529419e-06,0.0029801600030623376,0.04676539300271543,90.49755859199286,137.13357174300836,0.13467880900134332,227.82351729500078,0.1404595995178334,11.997395968,2026-01-05T15:38:53.958964
23670,0.012337272181053474,0.029036407782768947,8.352941176470595e-06,0.0027305410003464203,0.04496884899708675,90.68100436000896,137.4757527509937,0.13466512900049565,228.34524651000174,0.14013867373673736,12.022626304,2026-01-05T15:42:42.305099
23671,0.01249749649509313,0.009194257644736581,8.458823529411771e-06,0.003515378997690277,0.04238752899982501,88.2400707729903,132.6671712060088,0.13402337599836756,221.09343152699876,0.14473519081498507,11.99794688,2026-01-05T15:46:23.399253
23672,0.012657720809132786,0.0013047241648322938,8.564705882352947e-06,0.003176159993017791,0.04124328300531488,90.17107192800177,136.6749346889992,0.13293520200022613,227.03082999100297,0.14095001987733619,12.015891456,2026-01-05T15:50:10.430664
23673,0.012817945123172442,0.055704045838574245,8.670588235294123e-06,0.004311606997362105,0.0446107410134573,90.53897811999559,137.7852902550003,0.13529377599843428,228.51615077699898,0.14003386583921454,11.996749824,2026-01-05T15:53:58.947403
23674,0.012978169437212098,0.01687525225952413,8.776470588235301e-06,0.0034530430020822678,0.04543187400486204,89.4949372709998,135.33606498399968,0.13461826400089194,225.021789456001,0.1422084504676692,12.01465856,2026-01-05T15:57:43.969789
23675,0.013138393751251752,0.016607135565138265,8.882352941176477e-06,0.0029072319957776926,0.04360585499671288,91.29712680300509,139.18402367899762,0.13293285599866067,230.66912778199912,0.13872684354294076,11.996605952,2026-01-05T16:01:34.639524
23676,0.013298618065291408,0.01648271523148992,8.988235294117653e-06,0.0038779560054535978,0.04684859100234462,90.95254750798995,138.21655581400773,0.1352577689976897,229.3623774689986,0.13951721443210638,12.013082112,2026-01-05T16:05:24.002705
23677,0.013458842379331063,0.06044792552563649,9.094117647058829e-06,0.003003200006787665,0.04480472899376764,90.40029365599912,137.1595153309936,0.13438202500037733,227.74949043400193,0.14050525399209654,12.017535488,2026-01-05T16:09:11.752989
23678,0.01361906669337072,0.0037749086341420934,9.200000000000005e-06,0.0025639149971539155,0.04429513998547918,90.65780166600598,137.75112840300426,0.1347323480003979,228.59999827399952,0.13998250324413766,11.996604416,2026-01-05T16:13:00.353897
23679,0.013779291007410375,0.02575186309668709,9.305882352941181e-06,0.003123042988590896,0.05037283800629666,90.02325025999744,136.44454675698944,0.13444909999816446,226.6627705280007,0.14117889729070832,12.018960896,2026-01-05T16:16:47.017410
23680,0.01393951532145003,0.02629463652630193,9.411764705882357e-06,0.003833540002233349,0.0468015570040734,90.0513075939889,136.83154538099916,0.13412903399876086,227.07630094299748,0.14092179530453466,12.010777088,2026-01-05T16:20:34.094481
23681,0.014099739635489685,0.0037934160393007232,9.517647058823533e-06,0.0030104789984761737,0.04703688499648706,92.07074921900858,140.63531257000432,0.13409540300199296,232.8977341610007,0.13739936163517422,12.0200576,2026-01-05T16:24:26.992873
23682,0.014259963949529341,0.019353651444873776,9.62352941176471e-06,0.0034787220029102173,0.04490025399354636,90.29196026000864,136.68718289499884,0.13534650500150747,227.1693951840025,0.1408640454145712,11.997446144,2026-01-05T16:28:14.163059
23683,0.014420188263568997,0.000780819433682467,9.729411764705885e-06,0.003127553001831984,0.047746772004757077,91.80201913498968,140.21078985100758,0.13279139100268367,232.20460553099838,0.13780949747669036,12.015000576,2026-01-05T16:32:06.368536
23684,0.014580412577608653,0.017034516681860623,9.835294117647061e-06,0.0029634729944518767,0.046333222002431285,90.06634879500052,136.20951595400402,0.13511515500067617,226.46652002399787,0.14130123956781368,11.99744512,2026-01-05T16:35:52.835828
23685,0.014740636891648307,0.0056425524550718364,9.94117647058824e-06,0.0027423999963502865,0.04291034400375793,91.90391238500524,140.29522245399858,0.13404972100033774,232.38738022799953,0.1377011091075781,12.011471872,2026-01-05T16:39:45.223975
23686,0.014900861205687963,0.01137747808402878,1.0047058823529417e-05,0.0034208999859401956,0.0452120629925048,91.16827001399724,139.2543973019965,0.13250860600237502,230.61126290800166,0.13876165281990516,11.997400064,2026-01-05T16:43:35.835938
23687,0.015061085519727619,0.017188431879517907,1.0152941176470593e-05,0.002668973003892461,0.04497340700618224,89.73266509799578,135.65698104200055,0.13425846899917815,225.57873432199995,0.14185734349551737,12.019697152,2026-01-05T16:47:21.415273
23688,0.015221309833767275,0.052355695875121455,1.0258823529411769e-05,0.0025476469891145825,0.055806483993364964,92.95112851100566,142.88457183100036,0.13340335999964736,236.03466412499984,0.1355733070760037,12.011621376,2026-01-05T16:51:17.450512
23689,0.01538153414780693,0.08764473320604793,1.0364705882352945e-05,0.0030749260004085954,0.047444823998375796,91.83326335700258,140.56578624800022,0.1322495610002079,232.59247785500338,0.1375796857022547,12.02349312,2026-01-05T16:55:10.043585
23690,0.015541758461846585,0.008624719722483576,1.0470588235294121e-05,0.0031246060025296174,0.04173273398919264,90.89777454000796,138.16099144499822,0.13396248199933325,229.24488752400066,0.1395887181852628,12.011329024,2026-01-05T16:58:59.289065
23691,0.01570198277588624,0.005731018606923044,1.0576470588235299e-05,0.0028537439975480083,0.04268125798625988,91.16014735900899,138.92562015799922,0.1337632980030321,230.27252769299957,0.1389657738185015,12.016995328,2026-01-05T17:02:49.562249
23692,0.015862207089925896,0.004206813431643752,1.0682352941176477e-05,0.002745379999396391,0.04586371799086919,90.58593895299782,137.42582395200225,0.1342293689995131,228.20193922700128,0.14022667865310454,12.018242048,2026-01-05T17:06:37.764861
23693,0.016022431403965552,0.043022529035805945,1.0788235294117653e-05,0.0037388070122688077,0.04980466699635144,91.3279110959993,139.29555079600686,0.13451612100107013,230.81784546400013,0.13863746078936054,11.997821952,2026-01-05T17:10:28.583318
23694,0.016182655718005208,0.05737685580514551,1.089411764705883e-05,0.002775391003524419,0.04665420300443657,90.59540977499273,138.3761911240108,0.13434140099707292,229.16259206400355,0.1396388464268314,12.01600512,2026-01-05T17:14:17.746519
23695,0.016342880032044864,0.00034901543419607606,1.1000000000000006e-05,0.002811231002851855,0.04447297900696867,89.83313056800762,135.97070238898596,0.13523948300280608,225.99259224200068,0.14159756159499817,11.998101504,2026-01-05T17:18:03.739810
23696,0.01650310434608452,0.047859503577825535,1.1105882352941183e-05,0.0032190599995374214,0.046233030003349995,90.98932500699811,138.64248754599976,0.13378171699878294,229.82209062199763,0.13923813813282357,12.012658176,2026-01-05T17:21:53.562476
23697,0.016663328660124172,0.046151828321654875,1.1211764705882359e-05,0.0028533620097732637,0.04331651300526573,91.71939577899684,140.45984583299287,0.13346887599982438,232.36726269800056,0.1377130307791647,12.013330944,2026-01-05T17:25:45.930367
23698,0.016823552974163828,0.0634507170739127,1.1317647058823535e-05,0.0026940139978250954,0.04614067500369856,91.76425943900176,140.5776076209986,0.13546118500016746,232.5324940419996,0.13761517559872824,12.012524032,2026-01-05T17:29:38.463641
23699,0.016983777288203484,0.010828025917245299,1.142352941176471e-05,0.0026667029997042846,0.051068767003016546,89.10952643299606,134.49252858300315,0.13404538200120442,223.79685340700235,0.1429868182364657,12.01819904,2026-01-05T17:33:22.261101
23700,0.01714400160224314,0.0036846567007913222,1.1529411764705887e-05,0.0030109660074231215,0.04601959601495764,90.29183214799195,137.02235845599716,0.13251428800140275,227.50367618499877,0.14065706777405484,12.034536448,2026-01-05T17:37:09.765376
23701,0.017304225916282796,0.0005021144163759317,1.1635294117647063e-05,0.0031548540100629907,0.04530401199735934,90.19233194800836,136.29057736600225,0.13489200600088225,226.67530417300077,0.14117109103150158,11.997398528,2026-01-05T17:40:56.441285
23702,0.01746445023032245,0.04541862260494156,1.1741176470588239e-05,0.0030004190011823084,0.05211387700546766,91.29714280199914,139.23218256599648,0.13474076000056812,230.7255870609988,0.13869289664669873,12.01704704,2026-01-05T17:44:47.167454
23703,0.017624674544362107,0.03297351647057667,1.1847058823529417e-05,0.004831936010305071,0.0478677009959938,91.10752576799496,138.74424198199995,0.1342671020029229,230.0473946710008,0.13910177094491494,12.04533504,2026-01-05T17:48:37.215524
23704,0.017784898858401763,0.02615106998130301,1.1952941176470594e-05,0.002393630002188729,0.04677070600519073,90.81470451399582,138.00605237700438,0.13508287399963592,229.01177769599963,0.13973080477318603,12.023960064,2026-01-05T17:52:26.228162
23705,0.01794512317244142,0.00101304145823633,1.205882352941177e-05,0.002588959006970981,0.05341078801211552,90.06452386399906,136.32803946700005,0.13474642499932088,226.58938422700157,0.14122462139683378,11.997197312,2026-01-05T17:56:12.818137
23706,0.018105347486481075,0.00606426047944808,1.2164705882352946e-05,0.0030542269960278645,0.047764604998519644,90.01786139699834,136.0361603790043,0.1344666379991395,226.24551086499923,0.14143927045294793,12.010915328,2026-01-05T17:59:59.064500
23707,0.018265571800520727,0.005880206895334084,1.2270588235294123e-05,0.0025289609948231373,0.05474576200140291,90.60329728898796,137.75947820300644,0.1343928540009074,228.564988918999,0.14000394439824054,12.013305344,2026-01-05T18:03:47.630227
23708,0.018425796114560383,0.01616701666858944,1.2376470588235299e-05,0.0036785970005439594,0.05057444000703981,90.36540283999057,137.247574704008,0.13368143900152063,227.80892877299993,0.14046859432751374,12.014263296,2026-01-05T18:07:35.440105
23709,0.01858602042860004,0.005813016475016752,1.2482352941176475e-05,0.0035994519894302357,0.04937442399386782,92.8102339569923,142.40143094201267,0.13535121299719322,235.40610138100237,0.1359353041925125,12.034861056,2026-01-05T18:11:30.846826
23710,0.018746244742639695,0.022590123352991043,1.258823529411765e-05,0.0030559139959223103,0.050891627004602924,90.08050583099975,136.5216294669881,0.13456015100018703,226.79857395699946,0.1410943615812467,12.01847552,2026-01-05T18:15:17.645979
23711,0.01890646905667935,0.0001728856934732903,1.2694117647058828e-05,0.0032870549948711414,0.04841170899453573,90.8263357600008,138.40045374300826,0.1343971189999138,229.42147354400004,0.13948127655915704,12.011233792,2026-01-05T18:19:07.068143
23712,0.019066693370719007,0.007007545550727912,1.2800000000000005e-05,0.003018359999259701,0.04527977400357486,92.05392261499219,140.7292000690104,0.1347999149984389,232.97248498800036,0.13735527610330556,12.017878528,2026-01-05T18:23:00.041220
23713,0.019226917684758663,0.0007569757883629791,1.290588235294118e-05,0.0034983689984073862,0.046849285001371754,90.84742400299365,138.47622063301242,0.1345349740004167,229.51574686399908,0.13942398479073329,12.012365312,2026-01-05T18:26:49.557706
23714,0.01938714199879832,0.007581894278592571,1.3011764705882357e-05,0.0030100319963821676,0.04798276700239512,89.12245068600168,134.36026667500118,0.13314438399902429,223.67502389400033,0.14306469914658335,12.017337856,2026-01-05T18:30:33.233331
23715,0.019547366312837974,0.03561562063172374,1.3117647058823534e-05,0.0026504270026634913,0.03953787300270051,93.44405239199477,144.04034408300504,0.13513090400010697,237.66997805500068,0.13464048030750725,12.063265792,2026-01-05T18:34:30.904080
23716,0.01970759062687763,0.015377734601583981,1.322352941176471e-05,0.002938513003755361,0.051138971000909805,90.85192744300002,138.0366194879971,0.13461201500103925,229.0834488750006,0.13968708851358702,11.996653568,2026-01-05T18:38:19.988158
23717,0.019867814940917283,0.04162389424521251,1.3329411764705885e-05,0.003020990996446926,0.04699111299487413,89.8695397800002,136.09649794700454,0.13217771900235675,226.15532345999964,0.14149567434639618,12.012729856,2026-01-05T18:42:06.144271
23718,0.02002803925495694,0.03599328832232729,1.343529411764706e-05,0.0032584399996267166,0.048010021997470176,91.12646350400973,139.0820341610015,0.1345374670017918,230.40152995500102,0.13888796661311154,12.018006528,2026-01-05T18:45:56.546405
23719,0.020188263568996594,0.011302443344568758,1.3541176470588237e-05,0.0033689879928715527,0.0469867819956562,90.26585052400696,136.83042785801445,0.13426867900125217,227.28831722299947,0.1407903423764796,12.0220416,2026-01-05T18:49:43.835401
23720,0.02034848788303625,0.013118017785604508,1.3647058823529413e-05,0.003043302996957209,0.052691151006001746,92.27543040199816,141.334961009994,0.13318842399894493,233.80784833100188,0.13686452455906264,12.018851328,2026-01-05T18:53:37.643836
23721,0.020508712197075906,0.0275092942006836,1.3752941176470589e-05,0.0033199569916178007,0.04654340499473619,89.43431827600216,135.01007037000818,0.13467385299736634,224.63794639999833,0.1424514447039133,12.0110976,2026-01-05T18:57:22.282373
23722,0.020668936511115562,0.0004903580803521379,1.3858823529411767e-05,0.0028876650030724704,0.04261032700014766,90.97456562000298,138.36963220999678,0.13556726400202024,229.53374352199899,0.13941305321382105,11.99706112,2026-01-05T19:01:11.816705
23723,0.020829160825155218,0.00939437317492775,1.3964705882352943e-05,0.0025138719902315643,0.04316892801216454,92.68445493699983,142.41195062999032,0.13427134600351565,235.28403812499892,0.13600582621333376,12.012307968,2026-01-05T19:05:07.101328
23724,0.020989385139194874,0.0063360519597104314,1.4070588235294117e-05,0.0029052469981252216,0.04790477400820237,90.33130522299689,137.33420357299474,0.13452368499929435,227.85700660300063,0.14043895545311968,12.023895552,2026-01-05T19:08:54.958945
23725,0.02114960945323453,0.01001416046661241,1.4176470588235295e-05,0.003117380001640413,0.04674247500588535,90.30238102200383,136.70958390899614,0.13272900999800186,227.20293608200154,0.1408432503198402,12.012875264,2026-01-05T19:12:42.162485
23726,0.021309833767274185,0.022883651443809327,1.4282352941176471e-05,0.004284807004296454,0.04849374800323858,90.38441335099924,137.11185686200042,0.1339475080021657,227.68924557399805,0.14054243062437544,12.013147648,2026-01-05T19:16:29.852571
23727,0.021470058081313838,0.0002784940849878126,1.4388235294117647e-05,0.002831964004144538,0.040824734009220265,90.58032674398783,137.31689917701078,0.13445641299767885,228.08188465499916,0.14030048922299895,12.01066752,2026-01-05T19:20:17.935229
23728,0.021630282395353494,0.014213393322595635,1.4494117647058823e-05,0.002931067985628033,0.04790238800342195,90.34487635099867,137.0103199499972,0.13184433199785417,227.54968754500078,0.14062862641229337,11.9974656,2026-01-05T19:24:05.485725
23729,0.02179050670939315,0.0351825817041469,1.4599999999999999e-05,0.003606623999075964,0.04179717199076549,91.47705123500054,139.64622531300847,0.13459788800173556,231.3096618109994,0.1383426863774798,12.025394688,2026-01-05T19:27:56.796076
23730,0.021950731023432805,0.05689386165582899,1.4705882352941175e-05,0.0029041069974482525,0.04470705600397196,91.51813987299829,139.47853757199846,0.13427481799953966,231.1869558670005,0.1384161138330368,12.018056704,2026-01-05T19:31:47.983720
23731,0.02211095533747246,0.010031891167400886,1.4811764705882353e-05,0.00356264201036538,0.041729707991180476,88.40849417500431,132.79170068599706,0.13424530399788637,221.38836106999952,0.1445423772294972,11.997744128,2026-01-05T19:35:29.372887
23732,0.022271179651512117,0.015797628397155705,1.491764705882353e-05,0.0035061959933955222,0.05154715199751081,91.5073473329976,139.11633752400667,0.1339096369993058,230.81916320099845,0.13863666931386562,11.996827648,2026-01-05T19:39:20.192951
23733,0.022431403965551773,0.0002795014658065753,1.5023529411764707e-05,0.003239999001380056,0.04792373399322969,91.58879713301212,139.58084751899878,0.13357769399954122,231.36405665700295,0.13831016132051996,12.013786112,2026-01-05T19:43:11.557590
23734,0.02259162827959143,0.007004114771351766,1.5129411764705883e-05,0.003098335007962305,0.04531167200184427,92.30614937700011,140.9168481279994,0.13469413699931465,233.41467782200198,0.13709506316651882,12.012504576,2026-01-05T19:47:04.973154
23735,0.022751852593631085,0.0012316807256702589,1.5235294117647059e-05,0.0030342710015247576,0.04268521499761846,89.77097267300633,135.6918201499975,0.13494335799987311,225.65087181800118,0.14181199364392272,12.016976896,2026-01-05T19:50:50.624813
23736,0.02291207690767074,0.00012411459326244767,1.5341176470588235e-05,0.0024174600002879743,0.048157247991184704,91.207719095004,138.92209527800514,0.13211074200080475,230.32128111899874,0.1389363581364709,12.024177152,2026-01-05T19:54:40.946839
23737,0.023072301221710393,0.0003519984680622201,1.544705882352941e-05,0.0038857460021972656,0.05013194198545534,89.9399194740181,135.70462424198195,0.13454061100492254,225.84008864600037,0.1416931785311125,12.013882368,2026-01-05T19:58:26.787535
23738,0.02323252553575005,0.009416212725490425,1.5552941176470587e-05,0.0027194279973628,0.04235862199857365,91.03908634799882,138.5495939419925,0.13496131399733713,229.77594535500248,0.13926610094263867,12.010458624,2026-01-05T20:02:16.564175
23739,0.023392749849789705,0.00377095423179874,1.5658823529411763e-05,0.004342733991506975,0.04803141798765864,90.28990643000725,137.00459481199505,0.1330958619946614,227.48745466800028,0.14066709765029212,11.997688832,2026-01-05T20:06:04.052341
23740,0.02355297416382936,0.0003633983364856874,1.5764705882352943e-05,0.002906434005126357,0.04565339999680873,90.34953271500854,137.38610533898463,0.134373829998367,227.9261887429966,0.14039632819939937,12.021835776,2026-01-05T20:09:51.979286
23741,0.023713198477869016,0.03783584783510463,1.587058823529412e-05,0.002681408979697153,0.048306526005035266,89.41580730199348,134.72290557200904,0.1337475279942737,224.33178845400107,0.14264585603551927,11.997838336,2026-01-05T20:13:36.311763
23742,0.023873422791908672,0.0028483079347267903,1.5976470588235295e-05,0.0028566250184667297,0.04408367900032317,91.05515014900448,138.20166683199932,0.13414647299941862,229.44638368000597,0.13946613359846338,12.017163264,2026-01-05T20:17:25.758749
23743,0.024033647105948328,0.0003387460275554588,1.608235294117647e-05,0.00344458097970346,0.05074158201023238,89.25832496200746,134.68047459198715,0.1335962200028007,224.1366950530064,0.1427700180572051,12.017867264,2026-01-05T20:21:09.896175
23744,0.024193871419987984,0.03610632347701781,1.6188235294117647e-05,0.0038126789877424017,0.04994738201639848,90.78739415899327,138.4463028559985,0.13249126200389583,229.4307123549952,0.13947565986931518,12.013318656,2026-01-05T20:24:59.327747
23745,0.02435409573402764,0.0260308716956672,1.6294117647058823e-05,0.00336717399477493,0.04386643698671833,90.66962658400007,137.90630478598905,0.13296228199760662,228.76635677800368,0.1398807082068147,11.997549568,2026-01-05T20:28:48.094896
23746,0.024514320048067296,0.03993904773401624,1.6400000000000002e-05,0.0035919439906137995,0.04391003397904569,90.39674582900625,136.62242892701033,0.13324487300269539,227.2067717989994,0.14084087259647834,12.011857408,2026-01-05T20:32:35.302347
23747,0.024674544362106948,0.004337889876381951,1.6505882352941178e-05,0.0037562820070888847,0.03198828602035064,89.78070779800328,135.83148852799786,0.13248629699955927,225.79087181900104,0.1417240641404313,12.008778752,2026-01-05T20:36:21.093960
23748,0.024834768676146604,0.03190926057369836,1.6611764705882358e-05,0.0039439980100723915,0.042413256982399616,92.11717798002792,141.25929919698683,0.1339912399998866,233.56660175599973,0.13700588936696298,12.021067776,2026-01-05T20:40:14.661339
23749,0.02499499299018626,0.0006971694736250811,1.6717647058823534e-05,0.0031468129964196123,0.047324511971964967,90.37521458603442,137.3603568539911,0.13450423299946124,227.92700476900063,0.1403958255513924,11.997509632,2026-01-05T20:44:02.589006
23750,0.025155217304225916,0.002696022718705393,1.682352941176471e-05,0.0030636759911431,0.04910822999954689,90.45456336298957,137.25414361001458,0.13297145599790383,227.90229245500086,0.14041104920573969,11.997666816,2026-01-05T20:47:50.492133
23751,0.02531544161826557,0.024198500575227655,1.6929411764705886e-05,0.0032339350000256673,0.05436160600220319,91.50254878700798,139.9764520210083,0.13283409900031984,231.67668291299924,0.13812352455001634,12.013259264,2026-01-05T20:51:42.169651
23752,0.025475665932305228,0.023634160489194755,1.7035294117647062e-05,0.0028842209794675,0.04688837899448117,91.32662046399491,139.07261283701519,0.1347321350040147,230.5923039469999,0.13877306159946687,12.019126784,2026-01-05T20:55:32.762589
23753,0.025635890246344883,0.005552011221396924,1.7141176470588238e-05,0.0031270529943867587,0.049374872010957915,92.00059383500047,140.87324327699753,0.1339696750001167,233.07023847399978,0.13729766704456248,12.011193856,2026-01-05T20:59:25.833407
23754,0.02579611456038454,0.003968613880587668,1.7247058823529417e-05,0.0036278879997553304,0.053657412994652987,90.74923049600329,137.78101223299018,0.13513217600120697,228.73094312899775,0.1399023654703024,11.998114304,2026-01-05T21:03:14.564973
23755,0.025956338874424195,0.014888038045739904,1.7352941176470593e-05,0.0029857999834348448,0.04531817198585486,90.89947977600241,138.45592043400393,0.13407103100325912,229.5465705960014,0.13940526280533955,11.9977728,2026-01-05T21:07:04.112242
23756,0.02611656318846385,0.001517552971596281,1.745882352941177e-05,0.0030975579938967712,0.048392214011983015,89.2954118800044,134.9964503649826,0.13518734499666607,224.48508116599987,0.1425484483591895,12.01361664,2026-01-05T21:10:48.598020
23757,0.026276787502503503,0.027183081547818233,1.7564705882352946e-05,0.002821043017320335,0.05117191399767762,91.69026374999521,139.41536457602342,0.133441131998552,231.3009525449961,0.1383478954492195,12.016178176,2026-01-05T21:14:39.899562
23758,0.02643701181654316,0.0340848593762928,1.767058823529412e-05,0.003998296982899774,0.04823087800468784,92.73723433000123,142.72580134398595,0.13237914499768522,235.6571879740004,0.13579046866811675,12.015578112,2026-01-05T21:18:35.557313
23759,0.026597236130582815,0.010239710374033706,1.7776470588235298e-05,0.0036000849868287332,0.05632912202418083,90.1920850509996,136.8054994159902,0.1349898340049549,227.19867546499881,0.14084589152866683,12.015867904,2026-01-05T21:22:22.756586
23760,0.02675746044462247,0.004650292460297578,1.7882352941176474e-05,0.00302687801013235,0.04831107000063639,91.24738166799216,139.29609499901562,0.1343981980026001,230.73575405099837,0.13868678537322482,12.00867584,2026-01-05T21:26:13.493193
23761,0.026917684758662127,0.00412114473031977,1.798823529411765e-05,0.003364929012604989,0.048725590015237685,91.29789668800368,138.90239722898696,0.1319696269929409,230.39432122400467,0.13889231223232917,12.023388672,2026-01-05T21:30:03.888097
23762,0.027077909072701783,0.017162662523732664,1.8094117647058826e-05,0.003820708006969653,0.05266964000475127,91.73825520599348,139.7216035920137,0.13469321899901843,231.65745246699953,0.13813499051820283,12.019541504,2026-01-05T21:33:55.546115
23763,0.02723813338674144,0.0003080602415508338,1.8200000000000002e-05,0.0037128270050743595,0.04929727401031414,89.41663942999003,134.71278411798994,0.13523147200612584,224.3270216460005,0.14264888717016727,12.012422656,2026-01-05T21:37:39.873966
23764,0.027398357700781095,0.03907005002938746,1.8305882352941178e-05,0.0034684850252233446,0.0457374480101862,89.56391495599382,135.76739434200863,0.1328878109998186,225.52135584299685,0.14189343568099916,12.016131072,2026-01-05T21:41:25.395890
23765,0.02755858201482075,9.101109211329117e-05,1.8411764705882354e-05,0.0030897289907443337,0.049042272999940906,90.12615937298688,136.9291264420026,0.13411996600189013,227.24869870600378,0.14081488775167442,12.0147456,2026-01-05T21:45:12.645236
23766,0.027718806328860406,0.04263399055072625,1.851764705882353e-05,0.0027291680016787723,0.05150898198917275,92.18820718100324,141.26153195501684,0.13406573699467117,233.6456432269988,0.13695954077307723,12.014738432,2026-01-05T21:49:06.291746
23767,0.02787903064290006,0.00024733619763495085,1.8623529411764706e-05,0.0028418550064088777,0.05132827100896975,90.70035903999815,137.77740720300062,0.13364756399823818,228.67279019799753,0.13993794352311278,11.996505088,2026-01-05T21:52:54.965198
23768,0.028039254956939715,0.01255419095423349,1.8729411764705886e-05,0.00313382701278897,0.05285664099938003,91.55644542399386,139.8605851920147,0.1359327860045596,231.61650072899647,0.13815941394193537,12.019173888,2026-01-05T21:56:46.582275
23769,0.02819947927097937,0.039541306438209745,1.883529411764706e-05,0.002713327012315858,0.04760176202398725,91.40549770500365,139.55450893699162,0.13374110400036443,231.15033840700198,0.13843804088945544,12.029750784,2026-01-05T22:00:37.733198
23770,0.028359703585019026,0.02315019564071008,1.8941176470588238e-05,0.0032048819921328686,0.05633461101388093,92.28523902498273,141.2858507100027,0.13384417400084203,233.77079490999313,0.13688621802531278,12.016661504,2026-01-05T22:04:31.504718
23771,0.028519927899058682,0.01935819392138427,1.9047058823529414e-05,0.0031255240028258413,0.05112446699786233,90.06854158198985,136.74178859200765,0.1342531250047614,227.00529855900095,0.14096587261677013,11.997766656,2026-01-05T22:08:18.510723
23772,0.028680152213098338,0.0014270552196293806,1.915294117647059e-05,0.0032835850142873824,0.04891120798129123,90.77879986600601,137.84554693200334,0.13316103399847634,228.81837362899387,0.13984890938821548,12.017434112,2026-01-05T22:12:07.329915
23773,0.028840376527137994,0.0002260780106837501,1.9258823529411766e-05,0.0038239579735090956,0.03996586199355079,90.52709983699606,137.4741144360014,0.13431602199852932,228.1857069819962,0.14023665383443493,11.997545472,2026-01-05T22:15:55.516378
23774,0.02900060084117765,0.01636311846654337,1.9364705882352942e-05,0.003044279001187533,0.04818210401572287,91.38606547799282,139.1547551800104,0.13456585699896095,230.7329526359972,0.13868846922131225,12.010799616,2026-01-05T22:19:46.250031
23775,0.029160825155217306,0.004311083257150017,1.9470588235294118e-05,0.0031017729925224558,0.04560212500655325,91.40951249600766,139.58590553497925,0.13296980899758637,231.18706385800033,0.13841604917676117,12.01852672,2026-01-05T22:23:37.437686
23776,0.029321049469256958,0.02855443922207712,1.9576470588235297e-05,0.00281020397960674,0.04432247599470429,92.66794799100899,141.69885803199577,0.13528821500221966,234.55546164699626,0.13642828768643084,11.997709312,2026-01-05T22:27:31.993761
23777,0.029481273783296614,0.018026996140633855,1.9682352941176473e-05,0.002664313986315392,0.0566178749941173,89.92246357098338,135.96474145899992,0.13478078400657978,226.089544440998,0.1415368414276714,11.996664832,2026-01-05T22:31:18.083911
23778,0.02964149809733627,0.038039172814890776,1.978823529411765e-05,0.0028994220192544162,0.04856126801314531,91.65179782699124,140.17564484701143,0.13314058700052556,232.01914060900162,0.13791965574911927,11.99684608,2026-01-05T22:35:10.103779
23779,0.029801722411375926,0.03026840118167229,1.9894117647058826e-05,0.003954228006477933,0.0455723780032713,89.36924349601031,135.52161120600795,0.13347840800270205,225.0809133319999,0.14217109539092374,12.008636416,2026-01-05T22:38:55.185290
23780,0.02996194672541558,0.00016781950544952906,2e-05,0.003252368012908846,0.04266077098873211,90.93186783401325,138.55005432300095,0.13454142399859848,229.6699868459982,0.13933035151631337,11.99755776,2026-01-05T22:42:44.855989
23781,0.030122171039455237,0.01618642949936344,1.9999998788209856e-05,0.0033992690077866428,0.044734658986271825,91.29318607301684,139.57735911199416,0.13614186600170797,231.06112645399844,0.1384914913689336,11.998355456,2026-01-05T22:46:35.917944
23782,0.030282395353494893,0.02839403554801123,1.9999995152839748e-05,0.0028268750102142803,0.04686534302163636,91.08327441498841,138.5554440759879,0.13365185099974042,229.8281703419998,0.13923445482066818,12.011296256,2026-01-05T22:50:25.746687
23783,0.03044261966753455,4.574960938086292e-05,1.9999989093890656e-05,0.003155914004310034,0.05197787800716469,89.06708623198938,134.42012172100658,0.13330977499572327,223.68562019399542,0.14305792197212955,12.013389312,2026-01-05T22:54:09.432986
23784,0.030602843981574205,0.02459812918343829,1.999998061136421e-05,0.003020485986780841,0.05032297502475558,90.83333214397862,138.37142505301017,0.134499207000772,229.3991158650024,0.13949487067261182,12.01241856,2026-01-05T22:57:58.832824
23785,0.03076306829561386,0.0003262882448282767,1.99999697052627e-05,0.003153781988658011,0.04894606100424426,90.57623543099908,137.70240453100996,0.13476650100346887,228.47185375799745,0.14006101615429234,12.025790464,2026-01-05T23:01:47.305306
23786,0.030923292609653513,6.121378894619056e-05,1.9999956375589054e-05,0.002800881993607618,0.05045002402039245,89.95797330798814,136.41818623099243,0.1319544490033877,226.56986378099828,0.14123678880317067,11.997533184,2026-01-05T23:05:33.875761
23787,0.03108351692369317,0.008088982153584112,1.9999940622346868e-05,0.002979332006361801,0.05243716099357698,90.30238197799918,136.79853103899222,0.1344849089946365,227.29862649999995,0.1407839567389555,11.996987392,2026-01-05T23:09:21.175155
23788,0.031243741237732825,0.007682466887192874,1.999992244554038e-05,0.0033281500000157394,0.045649095001863316,90.17082660100277,136.57233828698372,0.13380989900178974,226.93248633100302,0.1410111021007583,11.997774848,2026-01-05T23:13:08.108411
23789,0.03140396555177248,0.00018690931728571059,1.9999901845174487e-05,0.0036873529898002744,0.05060844398394693,90.44509666099475,137.74053920100414,0.13465473600081168,228.38162751500204,0.14011634976153223,12.017631744,2026-01-05T23:16:56.490650
23790,0.03156418986581214,0.015787373758762158,1.9999878821254734e-05,0.0029486530256690457,0.047487531999649946,93.0523053240031,142.24536241398891,0.13545718899695203,235.48981892199663,0.13588697866636706,12.018433536,2026-01-05T23:20:51.991528
23791,0.03172441417985179,0.008219113095044861,1.9999853373787325e-05,0.003406274990993552,0.04889615198044339,90.73338811800204,137.88858755800175,0.13463250500353752,228.81556371699844,0.13985062676758275,11.997191168,2026-01-05T23:24:40.808811
23792,0.03188463849389145,7.751715036619089e-05,1.999982550277911e-05,0.0029069140073261224,0.05170928399456898,89.72258717098885,135.5143696659943,0.13282548000279348,225.43157125799917,0.14194994880897596,12.010977792,2026-01-05T23:28:26.240952
23793,0.032044862807931104,0.0018632413304970896,1.9999795208237596e-05,0.0036165500059723854,0.04867706300865393,90.84943755302083,138.04082557097718,0.1334602850038209,229.08393721000175,0.13968679074458865,12.013153792,2026-01-05T23:32:15.325709
23794,0.03220508712197076,0.00020986730244842988,1.999976249017094e-05,0.004549387012957595,0.04899684700649232,90.55235438700038,137.82635845800542,0.13455298899498302,228.57460568399983,0.13999805404559862,11.99757824,2026-01-05T23:36:03.901031
23795,0.032365311436010416,0.013550548907169002,1.9999727348587954e-05,0.003632966981967911,0.05401852999057155,90.48206521600514,137.36079836299905,0.13377302499429788,228.04156003200478,0.14032529857938578,12.02141184,2026-01-05T23:39:51.943213
23796,0.03252553575005007,0.020372714280938453,1.9999689783498098e-05,0.002981122008350212,0.05055921401071828,89.25681341898598,134.54810050498781,0.13368729899957543,223.9997548859974,0.14285729918001966,12.017988096,2026-01-05T23:43:35.943711
23797,0.03268576006408973,0.01829015893626007,1.999964979491149e-05,0.002790656995784957,0.050820737989852205,91.58129830801772,140.33365961597883,0.13339510800142307,232.11163081799896,0.13786469849540423,12.02136064,2026-01-05T23:47:28.056150
23798,0.032845984378129384,0.044790696652398765,1.99996073828389e-05,0.003103266986727249,0.052553155008354224,91.7710027419962,140.44911089700327,0.13313403299980564,232.415220683004,0.13768461422604275,12.024118784,2026-01-05T23:51:20.472204
23799,0.03300620869216904,0.01697924596235012,1.999956254729174e-05,0.002907035988755524,0.05344909698033007,91.04426863601111,138.91629543599993,0.1337785840005381,230.158761839004,0.13903446362117639,12.0144896,2026-01-05T23:55:10.631530
23800,0.033166433006208695,0.025594069734516722,1.99995152882821e-05,0.004071718030900229,0.048701290994358715,92.69075564001105,142.1143068759775,0.13226964500063332,235.00039912600187,0.1361699814937009,11.9969792,2026-01-05T23:59:05.632512
23801,0.033326657320248344,0.028899801433725614,1.9999465605822692e-05,0.0035148690003552474,0.0501683689726633,89.50966575101484,135.1855024660108,0.13485714200214716,224.89043424999545,0.142291512338972,11.9970048,2026-01-06T00:02:50.523532
23802,0.033486881634288,0.01627264001010964,1.9999413499926898e-05,0.003833493021375034,0.0513649569984409,91.08665796599962,138.58118896999076,0.13403304499661317,229.86328000399953,0.13921318794129803,12.01422848,2026-01-06T00:06:40.387578
23803,0.033647105948327656,0.01070297764381678,1.9999358970608754e-05,0.002794977008306887,0.04733066701737698,89.6804894290035,135.93356786600634,0.1332112260060967,225.80572325499816,0.14171474282723562,12.014925824,2026-01-06T00:10:26.194187
23804,0.03380733026236731,0.00043925402017208626,1.9999302017882938e-05,0.0027185120052308775,0.051262053013488185,90.26946219601814,137.20802204198844,0.1335657480012742,227.67117919599696,0.1405535830797974,11.996708864,2026-01-06T00:14:13.866010
23805,0.03396755457640697,0.007767724318739511,1.999924264176479e-05,0.002437422015646007,0.055505123986222316,91.58644651598297,139.43302444703295,0.1339904429987655,231.21918286199798,0.1383968215954601,11.997714432,2026-01-06T00:18:05.085937
23806,0.034127778890446624,0.014587909261152276,1.9999180842270296e-05,0.0033476710013928823,0.05567329900804907,88.98627629700786,134.03931854098482,0.13360111699876143,223.2310203099987,0.1433492529647623,12.01723648,2026-01-06T00:21:48.317731
23807,0.03428800320448628,0.048699900710410304,1.9999116619416102e-05,0.0032654669994371943,0.049283945008937735,91.65104047400382,139.7986180480002,0.1336291390034603,231.6420877769997,0.13814415293479046,12.019866112,2026-01-06T00:25:39.960570
23808,0.034448227518525935,0.010715117223433879,1.9999049973219505e-05,0.0035633490042528138,0.05426141800126061,90.87515550899843,138.415635938989,0.1325588539984892,229.4911400819983,0.1394389342811502,12.016622592,2026-01-06T00:29:29.452266
23809,0.03460845183256559,0.008383184029472801,1.9998980903698447e-05,0.003296251015854068,0.04987187299411744,91.61526373300876,140.09785900399584,0.13477332400361774,231.9088338750007,0.13798525681539178,12.014021632,2026-01-06T00:33:21.361900
23810,0.03476867614660525,0.04317273868000626,1.9998909410871526e-05,0.0030540770094376057,0.05048125698522199,90.04469540000719,136.1334645179886,0.13327269500587136,226.371582243999,0.14136049977116022,12.007552512,2026-01-06T00:37:07.734341
23811,0.0349289004606449,0.01705985426177392,1.9998835494757997e-05,0.0027646219969028607,0.05016532699664822,90.5204598059936,137.79294429998845,0.13355453900294378,228.50686814499932,0.14003955443341143,12.012048384,2026-01-06T00:40:56.241994
23812,0.03508912477468456,0.010554951919495181,1.9998759155377766e-05,0.0033576619971427135,0.05297461998270592,90.99497817200609,138.6294396420053,0.1339983649959322,229.82218685200496,0.13923807983172026,11.997458432,2026-01-06T00:44:46.065017
23813,0.035249349088724215,0.016194456724154094,1.9998680392751387e-05,0.0029341589979594573,0.049096241004008334,90.00291833699157,136.37699259800866,0.13475877499877242,226.5751161839944,0.14123351469017376,12.007596544,2026-01-06T00:48:32.650540
23814,0.03540957340276387,0.0018215325616424138,1.9998599206900072e-05,0.0034923839921248145,0.05367982699681306,89.97452471101133,136.46664649499144,0.13365294100367464,226.64067078699736,0.14119266365071081,12.01812736,2026-01-06T00:52:19.291801
23815,0.035569797716803526,0.00021212589592067843,1.9998515597845683e-05,0.002860029984731227,0.04882287502550753,89.79630634799832,135.71805827897333,0.13392546400427818,225.7073079000038,0.1417765348305741,12.013049344,2026-01-06T00:56:04.999920
23816,0.03573002203084318,9.056059445455844e-06,1.999842956561073e-05,0.003988281008787453,0.05369951699685771,89.03334464100044,133.71343217099638,0.13403143199684564,222.94479214400053,0.14353329222120215,12.013779968,2026-01-06T00:59:47.945592
23817,0.03589024634488284,0.009096026424121106,1.9998341110218387e-05,0.002925754990428686,0.04766644199116854,90.56336754002405,137.7563115229932,0.13494693100074073,228.51227511899924,0.14003624086861763,12.012680704,2026-01-06T01:03:36.458573
23818,0.036050470658922494,0.007896315534409837,1.999825023169247e-05,0.002762422001978848,0.05437420400267001,89.88440106399503,135.87989319501503,0.13348957100242842,225.96095381499617,0.14161738769344973,12.015570944,2026-01-06T01:07:22.420253
23819,0.03621069497296215,0.014059676961267087,1.9998156930057457e-05,0.0029058949949103408,0.0467930170125328,90.2153366779894,136.5708336100215,0.1327187060014694,226.974748876004,0.14098484592874935,12.011990528,2026-01-06T01:11:09.395646
23820,0.036370919287001806,0.01823267384884275,1.9998061205338467e-05,0.004149101005168632,0.045514941011788324,92.0659013500117,140.7071598019902,0.13143111200042767,232.96156117200007,0.13736171683865808,12.016149504,2026-01-06T01:15:02.357957
23821,0.036531143601041455,0.00282196987195249,1.9997963057561275e-05,0.003034180001122877,0.05201639099686872,90.33886352200352,136.93682284699753,0.1348619199998211,227.47201642300206,0.14067664455259188,12.027379712,2026-01-06T01:18:49.830571
23822,0.03669136791508111,0.00728246765203977,1.9997862486752318e-05,0.0032433820233563893,0.04755836800177349,89.97935110099934,135.9786565270042,0.13572800000110874,226.15104675000475,0.14149835015079065,11.997643776,2026-01-06T01:22:35.982208
23823,0.036851592229120766,0.0031950398988449535,1.9997759492938675e-05,0.0029937949948362075,0.05566062299476471,90.25128479302657,136.67716741496406,0.13387068000156432,227.1279443109961,0.1408897531172291,12.033352704,2026-01-06T01:26:23.110758
23824,0.03701181654316042,0.005563164527700337,1.999765407614808e-05,0.003272262983955443,0.047738297005707864,89.78668184197886,136.01627510901017,0.13338902199757285,225.99517320400628,0.14159594448998936,12.012779008,2026-01-06T01:30:09.106674
23825,0.03717204085720008,0.013091990074478588,1.9997546236408924e-05,0.003384481984539889,0.047074516987777315,89.47406361399771,135.60284429401509,0.13370482699974673,225.2683555600015,0.14205279707595955,11.99781888,2026-01-06T01:33:54.375670
23826,0.037332265171239734,0.010315249974315321,1.999743597375024e-05,0.0028071670094504952,0.051155438006389886,91.38496559500345,139.30527279298985,0.13385464499879163,230.88666822199593,0.13859613569906176,12.013099008,2026-01-06T01:37:45.262933
23827,0.03749248948527939,0.004222816658845829,1.9997323288201726e-05,0.0031492480120505206,0.04880933599633863,89.79419975199562,135.64827697099827,0.13501092200021958,225.63801817799686,0.1418200720711723,12.010876416,2026-01-06T01:41:30.901837
23828,0.037652713799319046,0.03699958690606664,1.9997208179793725e-05,0.003177711994794663,0.04798488201777218,91.08108293698751,138.6082201909885,0.13421517100505298,229.8845171569992,0.13920032717186281,12.026294272,2026-01-06T01:45:20.786949
23829,0.0378129381133587,9.197838868146846e-05,1.9997090648557235e-05,0.003412754987948574,0.05505221200291999,89.43046476900054,135.54987369300216,0.13451544800045667,225.1807717010015,0.1421080483838562,11.996832768,2026-01-06T01:49:05.968353
23830,0.03797316242739836,0.006539711219360811,1.9996970694523906e-05,0.003292768007668201,0.05243567698926199,91.55116094599362,139.71657979100564,0.13478800500161014,231.46491170700028,0.13824989612467561,12.013100544,2026-01-06T01:52:57.433864
23831,0.03813338674143801,0.012619279319901366,1.9996848317726036e-05,0.0031354409948107786,0.04851096799393417,91.32968042199354,139.09056188401155,0.13426698600233067,230.6154973399971,0.1387591049565169,12.026025984,2026-01-06T01:56:48.050207
23832,0.03829361105547767,0.030024037714071028,1.9996723518196584e-05,0.0031340510104200803,0.054324746000929736,91.78808316400682,140.07835575998615,0.133310632998473,232.063638009,0.13789321013212316,12.019831296,2026-01-06T02:00:40.114433
23833,0.038453835369517325,0.013737503317646116,1.9996596295969155e-05,0.0028955229863640852,0.05018157399172196,91.41146993300208,139.42486332098633,0.13599409200105583,231.03354549600044,0.13850802458707873,11.996685312,2026-01-06T02:04:31.148763
23834,0.03861405968355698,0.010236899227258789,1.9996466651078012e-05,0.0031375849939649925,0.05161314299766673,91.47663515800377,139.30688807799743,0.13344449699798133,230.97801835800055,0.1385413219296138,11.996679168,2026-01-06T02:08:22.127468
23835,0.03877428399759664,0.003518681798057699,1.9996334583558063e-05,0.0029172609938541427,0.054631438011711,91.7539894739748,140.01005647301645,0.13325621400144883,231.96314521700697,0.13795294925003387,12.021763072,2026-01-06T02:12:14.091196
23836,0.03893450831163629,0.013164438318792548,1.999620009344487e-05,0.00313870999525534,0.0512945719747222,90.32822259802197,137.08297000599123,0.13310572699992917,227.60605481899984,0.14059379934091604,11.99762432,2026-01-06T02:16:01.698083
23837,0.03909473262567595,0.024457768366353605,1.999606318077465e-05,0.002732079017732758,0.047555181983625516,89.94872112700978,136.18148088297312,0.13334460199985188,226.32208514100057,0.14139141560163573,11.996536832,2026-01-06T02:19:48.020817
23838,0.039254956939715605,0.0031747076716648337,1.9995923845584276e-05,0.00290077301178826,0.04951796500245109,90.32916263197694,136.8902995919998,0.13376545299979625,227.4125142010016,0.14071345243435623,12.014683136,2026-01-06T02:23:35.433923
23839,0.03941518125375526,1.767953533615696e-05,1.9995782087911263e-05,0.0030019719997653738,0.05096624898578739,91.05939190700883,138.4772285560175,0.1336305020013242,229.73157520600216,0.1392929986716251,11.99669504,2026-01-06T02:27:25.166150
23840,0.039575405567794916,0.02968445714058987,1.9995637907793792e-05,0.00279232701723231,0.04600656699039973,89.68293982901378,135.85360210999352,0.1346906350008794,225.72770757300168,0.14176372207054383,12.018430464,2026-01-06T02:31:10.894447
23841,0.039735629881834565,0.033701215181785926,1.9995491305270685e-05,0.0033489689958514646,0.05208714902255451,90.92475874198135,138.17519866599469,0.13510349599528126,229.29871909900248,0.13955594748082137,11.997510656,2026-01-06T02:35:00.193913
23842,0.03989585419587422,0.023226445483404135,1.999534228038142e-05,0.004333361997851171,0.04621717300324235,91.5392611700081,139.6032906959881,0.1334963510016678,231.33600358299736,0.13832693357010997,12.017490944,2026-01-06T02:38:51.530487
23843,0.04005607850991388,0.03214818213439585,1.9995190833166124e-05,0.003744000001461245,0.05580857900349656,91.10961295799643,138.67329992899613,0.13399350599502213,229.98350106300495,0.13914041595198373,11.996634112,2026-01-06T02:42:41.514598
23844,0.04021630282395353,0.031636549610134956,1.9995036963665582e-05,0.002917549994890578,0.048703659005695954,91.14799970100285,138.88109814999189,0.1340623010037234,230.22165209100058,0.13899648321240976,11.996632064,2026-01-06T02:46:31.736847
23845,0.04037652713799319,0.036067233870213045,1.9994880671921234e-05,0.002484524011379108,0.052722397005709354,90.88166568799352,138.21646272900398,0.13407029100198997,229.29503882699646,0.13955818740650583,12.013131264,2026-01-06T02:50:21.032607
23846,0.040536751452032845,8.719771475540483e-05,1.9994721957975162e-05,0.003153308978653513,0.04926904299645685,88.89605565699458,133.7850484750088,0.1334937979991082,222.87656381000124,0.14357723150864574,11.997075968,2026-01-06T02:54:03.910027
23847,0.0406969757660725,0.03125175783846146,1.9994560821870106e-05,0.0028755980092682876,0.046018825996725354,92.09486307101179,140.96673615399777,0.1326060370047344,233.25162419700064,0.13719089892798905,12.016165888,2026-01-06T02:57:57.162262
23848,0.040857200080112156,0.01841681976505427,1.999439726364946e-05,0.003535136995196808,0.049877127989020664,88.87866356399172,133.98049365703628,0.13371215500228573,223.05475396199472,0.14346253299516015,12.02200576,2026-01-06T03:01:40.217591
23849,0.04101742439415181,0.007736386112853211,1.999423128335726e-05,0.0029713109906879254,0.0520932349973009,91.6249795689946,139.7889622280054,0.1347762099976535,231.6118712400057,0.1381621754907385,12.012957184,2026-01-06T03:05:31.830049
23850,0.04117764870819147,0.019211136763736647,1.9994062881038215e-05,0.0038733620021957904,0.04676591698807897,91.46544537601585,139.70679399099754,0.13369326099928003,231.36503482000262,0.13830957657407206,12.013483008,2026-01-06T03:09:23.195752
23851,0.041337873022231124,0.002039200337392799,1.999389205673767e-05,0.003384267991350498,0.05535208201035857,90.53536838499713,137.86980460698396,0.1330955629964592,228.60474265099765,0.1399795980998225,12.016132096,2026-01-06T03:13:11.801238
23852,0.04149809733627078,0.020226375492619297,1.9993718810501616e-05,0.003378525005246047,0.051040505975834094,90.42666985802498,136.9716087099805,0.13447290699696168,227.593642757005,0.14060146677368074,11.997886464,2026-01-06T03:16:59.395568
23853,0.041658321650310436,0.02264998878643354,1.999354314237672e-05,0.003755840014491696,0.04793013800372137,90.47611451700504,138.03106226098316,0.13416859399876557,228.7001642260002,0.1399211937966856,12.014333952,2026-01-06T03:20:48.096419
23854,0.04181854596435009,0.00954842308327386,1.9993365052410277e-05,0.002802613998937886,0.047866368004179094,89.4006817940026,134.98406628398516,0.13354494799568783,224.57643045099394,0.14249046498663134,11.996750848,2026-01-06T03:24:32.673439
23855,0.04197877027838975,0.006380819996456566,1.9993184540650247e-05,0.0031779680066392757,0.051392227003816515,90.02861042599397,136.2840207130066,0.13501666000229307,226.51150080200023,0.1412731798901993,11.997713408,2026-01-06T03:28:19.185660
23856,0.0421389945924294,0.0022186210512167293,1.999300160714524e-05,0.003520287005812861,0.049405114994442556,90.90592007200758,138.64724405099696,0.13435356399713783,229.7478583810007,0.13928312640430812,11.998070784,2026-01-06T03:32:08.934313
23857,0.04229921890646906,0.004810043945816744,1.999281625194452e-05,0.00448699299886357,0.047137217996350955,90.63458847800212,137.25957123101398,0.13346535900200251,228.08574593999947,0.1402981140628488,11.99712256,2026-01-06T03:35:57.020645
23858,0.042459443220508715,0.01662846736276613,1.9992628475097994e-05,0.002875996011425741,0.04566655702365097,89.79817155798082,135.646283752998,0.1340161319967592,225.63833303600404,0.1418198741740124,11.996658688,2026-01-06T03:39:42.659598
23859,0.04261966753454837,0.020866682211025278,1.9992438276656233e-05,0.004393320021335967,0.050815456015698146,90.46404913000879,137.22840698496293,0.13519609899958596,227.89039369999955,0.14041838043478733,12.015995904,2026-01-06T03:43:30.550858
23860,0.04277989184858803,0.01741287394320068,1.9992245656670456e-05,0.003517074008414056,0.049355047987774014,89.44384085400816,135.57830477199605,0.13392853699770058,225.21733370300353,0.14208497842443485,12.010028032,2026-01-06T03:47:15.768782
23861,0.042940116162627676,0.022740515279636497,1.999205061519253e-05,0.0037369820129242726,0.05304305399477016,91.27828575400781,139.27746380998724,0.13382804000139004,230.7538091890019,0.13867593394217811,12.02029824,2026-01-06T03:51:06.523301
23862,0.04310034047666733,0.02364330810919313,1.9991853152274978e-05,0.0031190869776764885,0.046349796997674275,90.54671414900076,137.33993127400754,0.13458631099638296,228.07700677100365,0.1403034898302089,12.01229568,2026-01-06T03:54:54.601041
23863,0.04326056479070699,0.000315940633988987,1.9991653267970974e-05,0.0026777789898915216,0.04632636599126272,90.79390402801073,138.565715480996,0.13471361999836517,229.55065394099802,0.1394027830050314,12.011802112,2026-01-06T03:58:44.152326
23864,0.04342078910474664,0.01377367841494248,1.9991450962334345e-05,0.0027359150190022774,0.04714902299019741,89.76769531099853,135.6563124150125,0.13280769999983022,225.61484244799794,0.14183464018940017,12.011392512,2026-01-06T04:02:29.768013
23865,0.0435810134187863,0.030896968737714303,1.9991246235419565e-05,0.003380720991117414,0.051847779999661725,92.7872793839997,141.8616425759974,0.13434794799832162,234.8460657159958,0.13625946810068457,12.036273664,2026-01-06T04:06:24.614652
23866,0.043741237732825955,0.008646951463411767,1.999103908728177e-05,0.0029465599945979193,0.04659232900303323,91.00947726199229,138.46343644500303,0.13361817399709253,229.6625031279982,0.1393348916961224,12.019771904,2026-01-06T04:10:14.277825
23867,0.04390146204686561,0.033157149787740536,1.9990829517976742e-05,0.003835430004983209,0.05225382401840761,92.36052499900688,141.38062230598734,0.13355341699934797,233.94026477199805,0.13678705558099508,12.011330048,2026-01-06T04:14:08.218945
23868,0.04406168636090527,0.02100957510976098,1.9990617527560913e-05,0.004371419003291521,0.05300669398275204,92.32003333801549,141.4226090920056,0.13393244100006996,233.94123515899992,0.13678648818901448,12.023017984,2026-01-06T04:18:02.160769
23869,0.04422191067494492,0.01619346921474829,1.9990403116091367e-05,0.0034478650050004944,0.047285494991228916,89.88199883999914,136.02807537200715,0.1334175740048522,226.10061542799667,0.1415299110947826,12.027532288,2026-01-06T04:21:48.262080
23870,0.04438213498898458,0.0219235556164179,1.9990186283625844e-05,0.0032588450048933737,0.04609052499290556,92.10161626800254,140.45907505001378,0.1348693359977915,232.75292250699567,0.13748484725917115,11.997651968,2026-01-06T04:25:41.015585
23871,0.044542359303024234,0.03016221545336606,1.998996703022274e-05,0.003623426011472475,0.05127931597962743,90.28028973200708,136.61740198100597,0.1342012099994463,227.0941341439975,0.14091072902706156,12.013597696,2026-01-06T04:29:28.110497
23872,0.04470258361706389,0.04044648597647438,1.9989745355941085e-05,0.0031647810028516687,0.0545153490093071,89.94881191600871,134.56417778197647,0.13486055599787505,224.71382375199755,0.14240334424337142,12.013252096,2026-01-06T04:33:12.824939
23873,0.044862807931103546,0.00865463657613219,1.9989521260840584e-05,0.002732046981691383,0.05066193199309055,91.3075922320204,139.01885471698188,0.1349565589989652,230.52079722099734,0.13881610850634882,12.019114496,2026-01-06T04:37:03.346330
23874,0.0450230322451432,0.02145003958239755,1.9989294744981576e-05,0.00318123098986689,0.05062227299640654,90.59868231300061,137.72284595901147,0.13353241599543253,228.5165122469989,0.14003364433206403,12.00810496,2026-01-06T04:40:51.863623
23875,0.04518325655918286,0.0056953324109940695,1.998906580842506e-05,0.0033123689936473966,0.04748426099831704,90.88088279900694,138.48449456899834,0.1335819520027144,229.55743752799754,0.13939866355276415,12.027260928,2026-01-06T04:44:41.421631
23876,0.045343480873222514,0.02470766980231076,1.9988834451232686e-05,0.003169393996358849,0.0481519249806297,91.70027363399277,140.11664761800057,0.13253653399442555,232.01040870999714,0.13792484646668848,12.015946752,2026-01-06T04:48:33.432755
23877,0.04550370518726217,0.00833799148868053,1.9988600673466756e-05,0.002775118984573055,0.05867006001062691,88.51806325499638,133.18540114500502,0.13458354100293946,221.9062199580003,0.14420506106614123,11.997733888,2026-01-06T04:52:15.339571
23878,0.045663929501301825,0.017323093197660455,1.9988364475190225e-05,0.003005090999067761,0.052957362997403834,89.94405446101155,136.25534762399184,0.13445057500211988,226.3962495970045,0.14134509761960032,12.0123776,2026-01-06T04:56:01.736416
23879,0.04582415381534148,0.008687005571516693,1.9988125856466696e-05,0.003019414027221501,0.04719432802812662,90.6187337639858,137.31504055900587,0.13423037400934845,228.1275916089944,0.14027237904149395,11.99739904,2026-01-06T04:59:49.864700
23880,0.04598437812938113,0.02888540674265272,1.998788481736043e-05,0.002677889948245138,0.04400563900708221,92.33105484500993,141.65380612896115,0.13430540700210258,234.17206232399622,0.1366516555494369,12.008644608,2026-01-06T05:03:44.037334
23881,0.046144602443420786,0.00030230681697318573,1.9987641357936327e-05,0.0028269329923205078,0.04891811696870718,89.7638088859967,136.1582431330171,0.13368878301116638,226.1175421430089,0.14151931644366397,12.021792256,2026-01-06T05:07:30.155445
23882,0.04630482675746044,0.013380909219442572,1.9987395478259956e-05,0.0028144380339654163,0.04817827499937266,91.29543644399382,139.57594936800888,0.13412144500762224,231.06476877500245,0.13848930829935288,12.04047872,2026-01-06T05:11:21.220985
23883,0.0464650510715001,0.006886104378487801,1.998714717839752e-05,0.003034997032955289,0.04679046400997322,92.02662171103293,141.31687267396774,0.13376004999736324,233.53405920199293,0.13702498089292373,12.018969088,2026-01-06T05:15:14.755728
23884,0.046625275385539754,0.01431848693418658,1.998689645841589e-05,0.0038699139695381746,0.04934831699938513,90.56243080599234,137.46795202199428,0.13305299199419096,228.2260615970008,0.14021185738421613,12.012753408,2026-01-06T05:19:02.982343
23885,0.04678549969957941,0.022845013337239095,1.9986643318382582e-05,0.0028775890095857903,0.04946128795563709,92.3476445950655,141.28847783595847,0.13452526601031423,233.8311259040056,0.13685089988035604,12.007675392,2026-01-06T05:22:56.814124
23886,0.046945724013619065,0.027838890592903454,1.9986387758365762e-05,0.0029239880241220817,0.050671313001657836,90.50213960098336,137.5305911470059,0.13285521900979802,228.22748270900047,0.14021098432217005,12.014116864,2026-01-06T05:26:45.042417
23887,0.04710594832765872,0.025753461945498657,1.9986129778434243e-05,0.0032113010238390416,0.04000733696739189,90.11892923603591,136.78923492001195,0.13453895499696955,227.09408570399683,0.14091075908383643,12.017527296,2026-01-06T05:30:32.137111
23888,0.04726617264169838,0.020808033302877504,1.9985869378657503e-05,0.0028434819832909852,0.055481770978076383,89.82086046901532,135.99275435696472,0.1339234769984614,226.01259950600797,0.141585026984964,12.025566208,2026-01-06T05:34:18.150461
23889,0.04742639695573803,0.0018742349116820378,1.9985606559105663e-05,0.0026983100251527503,0.043599598997388966,89.18111427899566,134.64915206001024,0.13459948300442193,224.01830792399414,0.14284546783942806,12.009674752,2026-01-06T05:38:02.169396
23890,0.04758662126977769,0.004975814998658734,1.9985341319849492e-05,0.0038403779617510736,0.05226985095941927,90.71496028003457,137.88480051497754,0.13363911899796221,228.79711689500255,0.13986190225764578,12.023898624,2026-01-06T05:41:50.967181
23891,0.047746845583817345,0.009218330538686814,1.998507366096042e-05,0.0028183629910927266,0.04964128596475348,90.52786601505068,137.5129579599743,0.13328575500054285,228.23414296199917,0.14020689273176792,12.020058624,2026-01-06T05:45:39.202024
23892,0.047907069897857,0.0017289898642758317,1.9984803582510528e-05,0.0029715020064031705,0.04729357200267259,90.88133125202148,137.9500012309727,0.13457716899574734,229.02222630300093,0.13972442987984654,12.0192384,2026-01-06T05:49:28.224852
23893,0.048067294211896656,0.003036832584143667,1.9984531084572536e-05,0.0035332480329088867,0.04672833500080742,90.33800028800033,137.09111579699675,0.13385378700331785,227.62074687099084,0.14058472454682136,12.018207232,2026-01-06T05:53:15.846390
23894,0.04822751852593631,0.00013408137975545742,1.998425616721983e-05,0.0034394269896438345,0.048074379985337146,90.44913207605714,137.5198783990054,0.13339361500402447,228.16330917600135,0.14025042026067275,11.99685632,2026-01-06T05:57:04.010513
23895,0.04838774283997597,0.013821393217170908,1.9983978830526434e-05,0.0033530539949424565,0.051974521033116616,91.387714536977,139.66041129098448,0.1348594909941312,231.24655562799308,0.13838043949713344,12.012361216,2026-01-06T06:00:55.257696
23896,0.048547967154015624,0.020546453035493073,1.9983699074567038e-05,0.003575059032300487,0.04821010402520187,90.05439991597086,136.867106892023,0.13516223599435762,227.11482026999875,0.140897894562573,12.020034048,2026-01-06T06:04:42.373388
23897,0.04870819146805528,0.015477466234031567,1.9983416899416978e-05,0.003062970019527711,0.04681946798518766,90.0301947590051,136.40763462797622,0.13362706899351906,226.63041834199976,0.14119905101048685,11.996893184,2026-01-06T06:08:29.004470
23898,0.048868415782094936,0.004417981408003868,1.998313230515223e-05,0.0030948249623179436,0.04692089096351992,90.18425843103614,136.85608476196649,0.13410970399854705,227.23178721500153,0.14082536775421448,12.013170176,2026-01-06T06:12:16.236853
23899,0.04902864009613459,0.007019001041555839,1.9982845291849445e-05,0.0032700239535188302,0.04906424398359377,91.20476571202744,139.15095579197805,0.13479302798805293,230.55014827400737,0.1387984359999986,12.02462208,2026-01-06T06:16:06.787653
23900,0.04918886441017424,0.0063468304919638285,1.9982555859585902e-05,0.002799009016598575,0.051481609989423305,92.50374229600129,141.80378452099103,0.1337289789953502,234.50477565999608,0.13645777536913012,12.01371648,2026-01-06T06:20:01.292981
23901,0.049349088724213896,0.0006957483268266174,1.9982264008439543e-05,0.0032945480197668076,0.04737265100993682,89.85279329300101,136.07965193199925,0.13545882600010373,226.1256276010099,0.14151425621010452,11.996689408,2026-01-06T06:23:47.419289
23902,0.04950931303825355,0.003312444441789353,1.9981969738488963e-05,0.003836326955934055,0.04743344402231742,90.29935620997276,136.96007850003662,0.13521483300428372,227.45216157799587,0.14068892455447976,12.017424384,2026-01-06T06:27:34.872178
23903,0.04966953735229321,0.006017375952637849,1.9981673049813403e-05,0.0030561299645341933,0.05295385098725092,93.06844562200422,142.8833654869668,0.13396378800098319,236.1490982510004,0.13550761039107392,12.011236864,2026-01-06T06:31:31.021867
23904,0.049829761666332864,0.021008121439123784,1.9981373942492755e-05,0.003321521988254972,0.0505111159873195,90.7644059300219,137.71667503697972,0.13283817200863268,228.67504934500903,0.13993656103565816,12.020183552,2026-01-06T06:35:19.697686
23905,0.04998998598037252,0.017153907487056586,1.998107241660757e-05,0.0032744170166552067,0.045675406989175826,90.23731908401533,137.01955162198283,0.1332650010008365,227.4466515739914,0.14069233281101953,11.99763712,2026-01-06T06:39:07.144912
23906,0.050150210294412176,0.002072748181703332,1.9980768472239038e-05,0.0032752660481492057,0.05187567402026616,90.31542269098281,137.14007670100546,0.13383988400164526,227.65199139999459,0.14056542972986602,11.997559808,2026-01-06T06:42:54.797500
23907,0.05031043460845183,0.02436521559900484,1.9980462109469016e-05,0.002972371003124863,0.04442849100450985,90.04686248899088,136.848324873019,0.13322527600394096,227.08504464299767,0.14091636924090475,11.996726272,2026-01-06T06:46:41.883362
23908,0.05047065892249149,0.019779566682764482,1.9980153328379993e-05,0.003055410023080185,0.05501975001243409,90.93063064599119,138.86427285101672,0.13317043500137515,229.99466442300763,0.13913366242768746,11.997394944,2026-01-06T06:50:31.878617
23909,0.05063088323653114,7.419652254725406e-05,1.997984212905513e-05,0.003131058008875698,0.048399802995845675,90.2905296949757,137.0538680700265,0.13361057700240053,227.53684030599834,0.14063656661912613,12.012352,2026-01-06T06:54:19.416221
23910,0.0507911075505708,0.0068819810569067386,1.997952851157822e-05,0.002846849980414845,0.049871731986058876,90.95800609899743,138.93168920000608,0.13342948400531895,230.08425011800136,0.13907948928963382,12.01373696,2026-01-06T06:58:09.501165
23911,0.050951331864610455,0.03760700169626041,1.9979212476033722e-05,0.003668885983643122,0.04974694803240709,90.55969867199019,137.37203840796428,0.13383364499895833,228.12776291200134,0.14027227370981485,11.997078528,2026-01-06T07:01:57.629541
23912,0.05111155617865011,0.010379244764699536,1.997889402250674e-05,0.0031796830444363877,0.05951108399312943,92.74737481102056,142.47550576501817,0.13290678900375497,235.42719816599856,0.1359231229411181,12.061566464,2026-01-06T07:05:53.057356
23913,0.05127178049268977,0.011560449603784662,1.9978573151083022e-05,0.0029623899463331327,0.04605461604660377,92.12988707095792,140.8257064640202,0.13518907300021965,233.14736493500823,0.13725224820327808,12.013078016,2026-01-06T07:09:46.205287
23914,0.05143200480672942,0.005812323247010198,1.9978249861848982e-05,0.0024929890205385163,0.05170167799224146,89.76991063699825,136.0435744799761,0.13374556100461632,226.0085020599945,0.14158759386629413,12.012460544,2026-01-06T07:13:32.214371
23915,0.05159222912076908,0.01661849278605132,1.9977924154891677e-05,0.002864995985873975,0.04644872898643371,91.2693638339988,139.24413367199304,0.13333792900084518,230.70542234300228,0.1387050190455596,11.996626944,2026-01-06T07:17:22.920472
23916,0.051752453434808735,0.027562006088039936,1.997759603029881e-05,0.002978311022161506,0.04637050398741849,88.93154017598135,134.20106218304136,0.1350665840000147,223.32476997400227,0.14328907627991821,12.00780544,2026-01-06T07:21:06.245844
23917,0.05191267774884839,0.009032096562677339,1.997726548815875e-05,0.0027228510152781382,0.053310719013097696,90.52133067195246,137.86687596300908,0.13242144900141284,228.58423103801033,0.1399921589284033,11.99647232,2026-01-06T07:24:54.830684
23918,0.052072902062888046,0.045765751158079127,1.9976932528560495e-05,0.0036403759877430275,0.04809026399743743,90.44733289098076,137.64394689898472,0.1340624279982876,228.2854608189955,0.14017537466116764,11.996444672,2026-01-06T07:28:43.116966
23919,0.0522331263769277,0.03984737227111168,1.9976597151593717e-05,0.0032677020062692463,0.05128491100913379,92.15119762302493,140.56211371898826,0.13454499900399242,232.91183458198793,0.13739104351408812,11.997072896,2026-01-06T07:32:36.029419
23920,0.05239335069096735,0.025012919632580122,1.9976259357348725e-05,0.0027655219746520743,0.04660525704093743,89.18745665995812,134.37059909303207,0.13548270099272486,223.74965302100463,0.14301698155927858,11.99757824,2026-01-06T07:36:19.779758
23921,0.05255357500500701,0.00032523575158904805,1.9975919145916484e-05,0.003151202021399513,0.052041993039892986,92.43509369902313,142.08963698800653,0.133270659003756,234.72160784299194,0.1363317177914237,11.996895232,2026-01-06T07:40:14.502138
23922,0.05271379931904666,0.01333621783593486,1.9975576517388605e-05,0.0033584369957679883,0.05231531801109668,91.48810415898333,139.8759547619993,0.1342818450066261,231.56245804799255,0.13819165796455585,12.022486528,2026-01-06T07:44:06.065191
23923,0.05287402363308632,0.00476230553182333,1.997523147185736e-05,0.0031929310061968863,0.0500945030071307,90.77319229098794,137.9944160770101,0.133921693006414,228.96160457799851,0.13976142444921946,12.013548544,2026-01-06T07:47:55.027598
23924,0.053034247947125975,0.020821786665795372,1.9974884009415656e-05,0.003287884988822043,0.04823926999233663,89.45162774600612,135.09523952699965,0.13403275799646508,224.73893749699346,0.14238743119637687,12.009329664,2026-01-06T07:51:39.767209
23925,0.05319447226116563,0.018114000399293673,1.9974534130157064e-05,0.004254337982274592,0.04640052799368277,92.29532796803687,141.26613032295427,0.13365188900206704,233.75425261499186,0.136895905173995,12.025389056,2026-01-06T07:55:33.522294
23926,0.053354696575205286,0.011348197364782209,1.9974181834175804e-05,0.0036066410248167813,0.0482955740444595,90.03406536098919,136.46755473400117,0.13532836199738085,226.69511276500998,0.14115875551834633,12.015495168,2026-01-06T07:59:20.218001
23927,0.05351492088924494,0.0197465789100022,1.9973827121566744e-05,0.002778141017188318,0.05700464401161298,92.93523392497445,142.64016206400993,0.13494157099921722,235.77713914999913,0.1357213855226308,12.022530048,2026-01-06T08:03:15.995969
23928,0.0536751452032846,0.0404208178371519,1.99734699924254e-05,0.0033638750319369137,0.05657840202911757,89.23751812598493,134.44308244698914,0.13484427001094446,223.88197596899408,0.14293245296544888,11.997773312,2026-01-06T08:06:59.878541
23929,0.053835369517324254,0.0001155120268450105,1.997311044684795e-05,0.0032345149957109243,0.04874260601354763,92.02097453796887,140.6998047149973,0.1355579080118332,232.91488575498806,0.13738924369849853,12.017083392,2026-01-06T08:10:52.794152
23930,0.05399559383136391,0.02137119606913984,1.99727484849312e-05,0.0029531039763242006,0.051323765015695244,89.58814960297605,135.0499472469819,0.1339898780133808,224.83265454099455,0.14232807981264717,12.010266112,2026-01-06T08:14:37.627381
23931,0.054155818145403566,0.022347782723450393,1.997238410677264e-05,0.003163839995977469,0.05432506494980771,90.95265043198015,138.62922543202876,0.13437398501264397,229.78122762800194,0.13926289945584905,11.996749824,2026-01-06T08:18:27.409361
23932,0.05431604245944322,0.03163678747833387,1.9972017312470377e-05,0.0028643849946092814,0.051842922999639995,93.2143179840059,143.47825008600194,0.13374275299429428,236.8873111869907,0.1350853274481228,12.026021888,2026-01-06T08:22:24.297249
23933,0.05447626677348288,0.018102120528507015,1.9971648102123193e-05,0.00307309502386488,0.04613894702924881,90.31988438600092,136.74023852798564,0.13287185800436419,227.25144696400093,0.14081318481140032,12.021982208,2026-01-06T08:26:11.549267
23934,0.05463649108752253,0.020084717399328156,1.9971276475830506e-05,0.003108518023509532,0.05011184098839294,89.92109367605008,136.28421301294293,0.1342496889992617,226.40098293598567,0.14134214253410696,12.008964096,2026-01-06T08:29:57.951033
23935,0.05479671540156219,0.008209996054851842,1.9970902433692393e-05,0.0033943890157388523,0.04310442601854447,91.40122710201831,139.45601492997957,0.1337958170042839,231.04558380700473,0.13850080781777677,12.011959808,2026-01-06T08:33:48.997265
23936,0.054956939715601845,8.724178997709942e-05,1.997052597580958e-05,0.0034617030032677576,0.048464273000718094,91.15113997297885,138.81167044605536,0.13332293900020886,230.15662440999586,0.13903575481275707,12.017551872,2026-01-06T08:37:39.154458
23937,0.0551171640296415,0.016260994183340927,1.9970147102283435e-05,0.0034939890465466306,0.04654295602813363,90.82754836099048,138.02608970603615,0.1346596629882697,229.04470687601133,0.13971071602769036,12.018735616,2026-01-06T08:41:28.200068
23938,0.05527738834368116,0.018706584501284595,1.996976581321599e-05,0.0030214409780455753,0.04752300595282577,91.65324416500516,139.71074553100334,0.1343979399971431,231.55694107500312,0.13819495045771463,12.021669888,2026-01-06T08:45:19.757811
23939,0.05543761265772081,0.012534324751481307,1.9969382108709923e-05,0.004250297977705486,0.04923029398196377,90.86138861402287,138.29102778398374,0.13421689100505318,229.3486895479873,0.13952554105744974,11.996849152,2026-01-06T08:49:09.107295
23940,0.05559783697176046,0.005455578611822887,1.9968995988868554e-05,0.0027535500412341207,0.05591166199883446,90.19525692802563,136.61304365498654,0.13340532999427523,227.01045030499517,0.14096267355536746,11.99669248,2026-01-06T08:52:56.118313
23941,0.05575806128580012,0.01133805662769305,1.9968607453795868e-05,0.0035303730401210487,0.05013898499601055,90.61603976399056,137.48037532098533,0.13482496699725743,228.29130859799625,0.14017178400930533,11.997266944,2026-01-06T08:56:44.410301
23942,0.05591828559983977,0.010929917591013805,1.9968216503596483e-05,0.0037010009837104008,0.05337115202564746,92.18967067598714,141.20925205900858,0.13228306800010614,233.5958543089946,0.13698873250409324,12.011950592,2026-01-06T09:00:38.006753
23943,0.05607850991387943,0.00047807497843521674,1.9967823138375685e-05,0.0032310950191458687,0.048779527001897804,91.07723787003488,138.84232338197762,0.1354084050108213,230.11325942298572,0.1390619561873172,12.033166336,2026-01-06T09:04:28.120820
23944,0.056238734227919085,0.03007982001584253,1.9967427358239397e-05,0.003471202013315633,0.051442561991279945,91.30593884801783,139.55826909496682,0.1343428770051105,231.06005792299402,0.13849213181909928,12.01111808,2026-01-06T09:08:19.181469
23945,0.05639895854195874,0.018902082052647984,1.9967029163294196e-05,0.0031900680187391117,0.051063672013697214,91.79907360000652,140.64229360499303,0.13303706599981524,232.63782545999857,0.13755286758172658,12.019930624,2026-01-06T09:12:11.820223
23946,0.0565591828559984,0.018925473156116368,1.9966628553647314e-05,0.0032465139956912026,0.049697116963216104,90.2804950990103,136.8159506070224,0.13437855399388354,227.2901981239993,0.14078917729018056,12.010519552,2026-01-06T09:15:59.110992
23947,0.05671940717003805,0.011094710385123108,1.996622552940663e-05,0.003845174011075869,0.05542691099981312,90.71469458501088,138.0803126400133,0.13272129200049676,228.9940925159899,0.13974159616264137,12.014245888,2026-01-06T09:19:48.105951
23948,0.05687963148407771,0.01654227609996184,1.9965820090680673e-05,0.003583427009289153,0.05677483702311292,89.81471308301843,135.67456782098452,0.1348163740040036,225.6928636100056,0.14178560849533814,12.036770304,2026-01-06T09:23:33.799591
23949,0.057039855798117364,0.010636775059303716,1.996541223757862e-05,0.003971943020587787,0.050882751966128126,88.23856358502235,131.97546167498513,0.13445182600116823,220.40946321100637,0.14518432890227215,11.996927488,2026-01-06T09:27:14.209730
23950,0.05720008011215702,0.03846811812562123,1.9965001970210303e-05,0.0030748360295547172,0.05226106096233707,90.51857454799756,137.29247238501557,0.13252939700032584,228.00820143499004,0.14034582878425045,12.013075968,2026-01-06T09:31:02.218608
23951,0.057360304426196676,0.020116241527034617,1.9964589288686198e-05,0.0028393699758453295,0.04645270800392609,91.26284291902266,139.49601716596226,0.13427008799044415,230.95044479399803,0.1385578626122292,12.016150016,2026-01-06T09:34:53.169670
23952,0.05752052874023633,0.012709961715813733,1.9964174193117437e-05,0.0028247489826753736,0.05222710901580285,90.47975318097451,137.57281732298725,0.13451792199339252,228.24946593098866,0.14019748028534365,12.017129472,2026-01-06T09:38:41.419752
23953,0.05768075305427599,0.01666199047650707,1.9963756683615802e-05,0.0033010869956342503,0.049758595996536314,91.62268236001546,139.5591240679787,0.13366010900062975,231.37804233199859,0.1383018011453481,12.010109952,2026-01-06T09:42:32.798566
23954,0.057840977368315644,0.008448254186760096,1.9963336760293718e-05,0.002664127998286858,0.04425155297212768,90.04263205103052,136.39823461197375,0.1340721429878613,226.62899503600784,0.14119993778781792,12.014436352,2026-01-06T09:46:19.428163
23955,0.0580012016823553,0.00020063417208149303,1.9962914423264268e-05,0.0027353920304449275,0.048174285009736195,92.07417397701647,140.7900977729878,0.13477016500837635,233.05800213399925,0.13730487564036203,12.026554368,2026-01-06T09:50:12.487058
23956,0.058161425996394955,0.01664277707577355,1.996248967264118e-05,0.003258782977354713,0.04959034999774303,90.69948623198434,138.1118843050208,0.13503769900125917,229.00539772601041,0.1397346975999485,12.005167104,2026-01-06T09:54:01.493128
23957,0.05832165031043461,0.013694545821039128,1.9962062508538835e-05,0.0028063819627277553,0.047518052015220746,90.76544057797582,137.9807845849864,0.13452408800367266,228.93737748000422,0.13977621457987977,11.997467648,2026-01-06T09:57:50.431087
23958,0.05848187462447427,0.009237858233511531,1.9961632931072263e-05,0.0028925119986524805,0.04928116899100132,90.99143859799369,138.35593350496492,0.1338055130036082,229.54220264298783,0.13940791554470844,12.02308352,2026-01-06T10:01:39.973892
23959,0.058642098938513916,0.009040669944866409,1.9961200940357138e-05,0.003197874015313573,0.04941914600203745,90.0626222009596,136.65497820200108,0.13411271500808652,226.91099656900042,0.14102445665417213,11.996609536,2026-01-06T10:05:26.885517
23960,0.05880232325255357,0.02429477495429211,1.99607665365098e-05,0.0029249959625303745,0.05044045102840755,91.17256800296309,139.3128905960184,0.1346172320045298,230.68261962900579,0.13871872987858316,12.031934976,2026-01-06T10:09:17.568873
23961,0.05896254756659323,0.11148959689627702,1.996032971964722e-05,0.0027899229899048805,0.05392885302717332,92.03046184100094,140.64634247301728,0.13357660399924498,232.87667052200413,0.1374117893744808,12.03582464,2026-01-06T10:13:10.446200
23962,0.059122771880632884,0.003185600102554531,1.995989048988703e-05,0.0035682480229297653,0.05176461696100887,89.84987751602603,136.4569565889833,0.1350337240000954,226.50542820300325,0.14127696741695883,11.996589056,2026-01-06T10:16:56.952338
23963,0.05928299619467254,0.007173121791744563,1.9959448847347503e-05,0.003281812008935958,0.04630830297537614,89.25219998700777,134.5182493380271,0.1341871420008829,223.96071846000268,0.14288219925368253,11.9978496,2026-01-06T10:20:40.913777
23964,0.059443220508712195,0.002850679922097754,1.9959004792147575e-05,0.0029039369837846607,0.048958215993479826,87.96885289502097,132.0423350249912,0.13336743001127616,220.205479080003,0.14531881828596127,12.009582592,2026-01-06T10:24:21.120044
23965,0.05960344482275185,0.00016284583752934623,1.9958558324406823e-05,0.0029116809892002493,0.0480325139942579,89.31263399105228,134.54020202592073,0.13503376999869943,224.0458021319937,0.1428279382853494,11.997387776,2026-01-06T10:28:05.166628
23966,0.05976366913679151,0.02490418448996401,1.995810944424547e-05,0.0028738769760821015,0.04335105801874306,90.40211085102055,137.28071765296045,0.13433660900045652,227.870999656996,0.1404303314075427,12.019047936,2026-01-06T10:31:53.038374
23967,0.05992389345083116,0.018012708995648552,1.99576581517844e-05,0.0037163260421948507,0.04460705100791529,90.49983808398247,137.2344463920308,0.13352650399610866,227.92463431099895,0.1403972856937289,12.01266176,2026-01-06T10:35:40.963620
23968,0.06008411776487082,3.369572623057593e-05,1.9957204447145136e-05,0.0031032330152811483,0.04670443703071214,90.76824692300579,138.28298865696706,0.13324913001270033,229.2425585049932,0.13959013635464637,12.026862592,2026-01-06T10:39:30.206870
23969,0.060244342078910475,0.022130592298339025,1.9956748330449856e-05,0.002713264970225282,0.04889838803501334,90.34123142597673,137.38704519200837,0.13472423200437333,227.92374906800978,0.14039783098886977,12.022636544,2026-01-06T10:43:18.131205
23970,0.06040456639295013,0.010990980805232198,1.9956289801821385e-05,0.003088473968091421,0.0499752469768282,90.50180426400038,137.6948563260521,0.13461961000575684,228.39178476200323,0.140110118379896,11.99757056,2026-01-06T10:47:06.523596
23971,0.060564790706989786,0.012383605984865653,1.99558288613832e-05,0.002700071985600516,0.04470177899929695,90.30176199799462,137.0759394900233,0.13462202899972908,227.56657368599554,0.1406181913348783,12.011093504,2026-01-06T10:50:54.090777
23972,0.06072501502102944,0.007758791391317743,1.9955365509259426e-05,0.0028648399747908115,0.04352720599854365,91.71550878600101,140.93384697500733,0.13311015600629617,232.835825741,0.13743589457575955,12.017621504,2026-01-06T10:54:46.927307
23973,0.0608852393350691,0.00013683818036369644,1.9954899745574838e-05,0.003185823035892099,0.04171402400243096,92.07009004696738,140.72657192402403,0.13364728100714274,232.98471524199704,0.1373480658023518,11.996588032,2026-01-06T10:58:39.912698
23974,0.061045463649108754,0.004543201800458974,1.9954431570454855e-05,0.003011051972862333,0.045742037036689,89.02556829697278,134.6529529720283,0.1345499790040776,223.86819849901076,0.14294124942512282,12.031460864,2026-01-06T11:02:23.781528
23975,0.06120568796314841,4.0725446517342334e-05,1.9953960984025557e-05,0.0034156650508521125,0.05169076405582018,92.15479177697853,140.90118118398823,0.13451700100267772,233.25320522898983,0.137189969023512,12.031131136,2026-01-06T11:06:17.035320
23976,0.061365912277188066,0.00476650960112579,1.9953487986413665e-05,0.0025053560093510896,0.045658075978280976,90.34072346401808,137.20519404399965,0.13254043900815304,227.73642872899654,0.14051331259822114,12.017783296,2026-01-06T11:10:04.772480
23977,0.06152613659122772,0.015579758824884493,1.9953012577746546e-05,0.002848446019925177,0.04311067596427165,89.66295782495581,136.19915982102975,0.13473080399853643,226.05000760499388,0.14156159665306314,11.996652544,2026-01-06T11:13:50.823200
23978,0.06168636090526738,0.06398325156859741,1.9952534758152227e-05,0.0028403949399944395,0.045639726988156326,90.36254918201303,137.21470338899235,0.13493571798608173,227.76867742600734,0.1404934179784026,12.008513536,2026-01-06T11:17:38.592448
23979,0.061846585219307026,0.023993521676548113,1.9952054527759378e-05,0.003000710014021024,0.03976047095784452,90.75658056302927,137.78454143302224,0.13585376499395352,228.7264429469942,0.1399051180427607,12.01407488,2026-01-06T11:21:27.319794
23980,0.06200680953334668,0.013122808480090953,1.9951571886697313e-05,0.003677322980365716,0.04835155900218524,90.98800937003398,138.2463678499771,0.1346197169914376,229.429700520006,0.13947627498737739,12.011789824,2026-01-06T11:25:16.750127
23981,0.06216703384738634,0.008569940673865517,1.9951086835096008e-05,0.0025402259780094028,0.04471425800875295,90.12452526501147,136.5458742740302,0.13400812300096732,226.8576982509985,0.1410575891702593,12.01556992,2026-01-06T11:29:03.608404
23982,0.062327258161425994,0.01858648383661432,1.995059937308608e-05,0.003956218046369031,0.04809060202387627,90.65106755700253,137.79033582596458,0.13457911599834915,228.63479809800629,0.1399611969228014,12.01249024,2026-01-06T11:32:52.243792
23983,0.06248748247546565,0.004525699156399554,1.9950109500798793e-05,0.002809172059642151,0.04375242097012233,90.82189405600366,137.686602176007,0.13419342698762193,228.69638921300066,0.13992350342792775,11.997466624,2026-01-06T11:36:40.940864
23984,0.0626477067895053,0.006956548611192659,1.9949617218366062e-05,0.0029225139878690243,0.04432368098059669,88.90670569901704,133.84993349899014,0.13451623100263532,222.94588267899235,0.14353259013118919,12.02619392,2026-01-06T11:40:23.887400
23985,0.06280793110354496,0.015409454571432946,1.9949122525920455e-05,0.0028575839969562367,0.04509140900336206,90.37157891002425,136.97898876796535,0.13448217300174292,227.54067523000413,0.14063419635919405,12.013612544,2026-01-06T11:44:11.428685
23986,0.06296815541758462,0.012180797152431921,1.9948625423595186e-05,0.0032096509967232123,0.04221721604699269,89.03213725198293,134.09128980501555,0.1328996759984875,223.3091263469978,0.14329911420760977,11.996806144,2026-01-06T11:47:54.738589
23987,0.06312837973162427,0.004415040936173398,1.9948125911524116e-05,0.0030866590241203085,0.04104389395797625,91.21924421501171,139.19908602302894,0.1343777459987905,230.60378112099716,0.1387661548498621,12.028564992,2026-01-06T11:51:45.342979
23988,0.06328860404566393,1.5688732069918387e-05,1.994762398984176e-05,0.0031476470321649686,0.049484518021927215,89.97359547598171,136.1746620900085,0.13432920099876355,226.34234896299313,0.1413787572083207,11.997539328,2026-01-06T11:55:31.685929
23989,0.06344882835970359,0.005193162379033112,1.9947119658683275e-05,0.0033954910177271813,0.04108371798065491,90.75840908999089,138.01257769604854,0.13262603599287104,228.95519755900023,0.13976533549431133,11.997765632,2026-01-06T11:59:20.641713
23990,0.06360905267374324,0.03735940184644804,1.9946612918184473e-05,0.0028782570152543485,0.0468614640267333,88.75010431100964,133.45006780698895,0.13366033000056632,222.38977535600134,0.1438915073715706,11.997295616,2026-01-06T12:03:03.032072
23991,0.0637692769877829,0.006440373911992481,1.9946103768481812e-05,0.004293065969250165,0.04739677696488798,90.46108737400209,137.3625229380268,0.13347871298901737,228.0174021999992,0.1403401656682856,12.015014912,2026-01-06T12:06:51.050047
23992,0.06392950130182255,0.004480696080037205,1.9945592209712404e-05,0.003367603989318013,0.04269009197014384,89.55636138102273,135.28301448198908,0.13259571501112077,225.02603383199312,0.1422057681729908,11.996654592,2026-01-06T12:10:36.076961
23993,0.06408972561586221,0.009639059286808305,1.9945078242014e-05,0.003097168024396524,0.05003239399229642,90.72601725401182,137.97668714706379,0.1334804880025331,228.8957212450041,0.13980165214948698,12.016550912,2026-01-06T12:14:24.973252
23994,0.06424994992990186,0.005581692517608872,1.9944561865525e-05,0.003086689961492084,0.046560965973185375,90.16850237404287,136.80855782801518,0.1332107089983765,227.16635985400353,0.140865927598461,12.03032832,2026-01-06T12:18:12.140371
23995,0.06441017424394152,0.018633800293496705,1.9944043080384465e-05,0.0037473010015673935,0.04779206101375166,89.49319731700234,134.90189504696173,0.13315199299540836,224.58772168599535,0.1424833012231204,12.0319616,2026-01-06T12:21:56.728917
23996,0.06457039855798118,0.007607552897638925,1.9943521886732095e-05,0.004197611982817762,0.045623338999575935,91.34247319200949,139.68895225101733,0.13319544699334074,231.22169108300295,0.13839532030977483,12.008403968,2026-01-06T12:25:47.951312
23997,0.06473062287202083,0.011330575167789902,1.994299828470824e-05,0.0029380919877439737,0.049241404980421066,90.5512293180218,137.510742576982,0.13363254599971697,228.2557575700048,0.14019361588364654,12.01356288,2026-01-06T12:29:36.207666
23998,0.06489084718606049,0.009535521361016208,1.9942472274453902e-05,0.003349453050759621,0.04212652301066555,90.97030036599608,138.24724085301568,0.13405757999862544,229.40606157199363,0.13949064719877755,12.035894784,2026-01-06T12:33:25.614471
23999,0.06505107150010014,0.01518840745287875,1.9941943856110725e-05,0.0031109120027394965,0.04946285801997874,89.69772972496867,135.7493163349718,0.13463227399915922,225.64056150900433,0.14181847353151095,11.997633536,2026-01-06T12:37:11.255800
24000,0.0652112958141398,0.012278556167430565,1.9941413029821005e-05,0.0029586369782919064,0.049759816043660976,88.59074985899497,133.28654607600765,0.13261486298870295,222.07148708800378,0.14409774266661643,12.010639872,2026-01-06T12:40:53.327881
24001,0.06537152012817946,0.031260221854758186,1.9940879795727687e-05,0.003142771980492398,0.05468069600465242,90.89689231199736,138.55179988002055,0.1341311139985919,1574.6896955379925,0.02032146402600749,12.01023232,2026-01-06T13:07:08.018324
24002,0.06553174444221911,0.030401752765019552,1.9940344153974364e-05,0.004617022947059013,0.04130988198448904,92.5044077430066,142.05592072904983,0.1336466369975824,234.7462518609973,0.136317405480657,11.99734272,2026-01-06T13:11:02.775566
24003,0.06569196875625877,0.011269525477718645,1.9939806104705278e-05,0.0031171870068646967,0.0400275940191932,90.13715887101716,136.78365995796048,0.1342065979988547,227.10717266199936,0.14090263915893658,12.010409472,2026-01-06T13:14:49.884280
24004,0.06585219307029842,0.009842892519085211,1.9939265648065313e-05,0.003412790028960444,0.048150786038604565,90.53468437795527,137.7104848590534,0.1345034159894567,228.43855841799814,0.14008143030497602,12.012898816,2026-01-06T13:18:38.323407
24005,0.06601241738433808,0.025951223926526268,1.9938722784200012e-05,0.0031503879581578076,0.046877718981704675,88.49891659198329,133.11180902898195,0.1346477729966864,221.80169134600146,0.14427302066908643,12.013968384,2026-01-06T13:22:20.125691
24006,0.06617264169837773,0.012176132383183713,1.9938177513255564e-05,0.0027443989674793556,0.04429274101858027,90.46260938601336,137.46948677199543,0.13268124200112652,228.12214535499515,0.14027572794479376,12.010714112,2026-01-06T13:26:08.248581
24007,0.06633286601241739,0.02354841658524265,1.99376298353788e-05,0.0037537359894486144,0.04557248899072874,92.81086331400729,142.53436459196382,0.13392994800233282,235.5379747190018,0.13585919654007467,12.017895936,2026-01-06T13:30:03.787220
24008,0.06649309032645705,0.011805698225664685,1.99370797507172e-05,0.0028435179556254297,0.049913376991753466,90.04350110096857,136.47023796499707,0.13280539300467353,226.7065895179985,0.1411516095232842,12.021537792,2026-01-06T13:33:50.494406
24009,0.06665331464049669,0.0077087043415318135,1.99365272594189e-05,0.002755075038294308,0.052291604020865634,91.06396861199755,138.86040513098123,0.13445208899793215,230.12196974799735,0.13905669256630585,12.00898304,2026-01-06T13:37:40.617103
24010,0.06681353895453634,0.0028924386725712736,1.993597236163267e-05,0.0037245489802444354,0.0473252389638219,89.7441289069975,135.87557859698427,0.1347792099986691,225.81380320400058,0.14170967206593277,12.017323008,2026-01-06T13:41:26.431474
24011,0.066973763268576,0.012471715864947441,1.9935415057507943e-05,0.0029944920097477734,0.04312967702571768,92.25297413300723,140.92629322095308,0.13446268301049713,233.36827689199708,0.13712232196327873,12.01134336,2026-01-06T13:45:19.800570
24012,0.06713398758261566,1.546960134390929e-05,1.9934855347194795e-05,0.003125901013845578,0.053248267984599806,89.99839779600734,136.25501919798262,0.1344828800065443,226.45256794699526,0.14130994534577368,12.018512384,2026-01-06T13:49:06.253737
24013,0.06729421189665531,0.010179193114929319,1.9934293230843946e-05,0.0025488099636277184,0.05076963001920376,90.94243210899003,138.0239662459644,0.133661629006383,229.15932107600383,0.139640839612135,12.0121216,2026-01-06T13:52:55.413649
24014,0.06745443621069497,0.03164457052984915,1.9933728708606763e-05,0.0030563029868062586,0.05428968997148331,91.77006270903803,140.33900522797194,0.1320731949963374,232.31125820800662,0.13774622997972777,12.011021824,2026-01-06T13:56:47.725832
24015,0.06761466052473462,0.025433685956851804,1.993316178063527e-05,0.00281515100505203,0.04718168197723571,92.0519908649876,140.80628019903088,0.1333369269996183,233.04792264399293,0.13731081417483226,12.01608192,2026-01-06T14:00:40.774410
24016,0.06777488483877428,0.012049324367652048,1.9932592447082127e-05,0.003199717029929161,0.0554747790156398,91.88577251801325,140.71587912601535,0.13310408299730625,232.80403217099956,0.1374546639144777,12.014353408,2026-01-06T14:04:33.579189
24017,0.06793510915281394,0.013178518241957704,1.9932020708100655e-05,0.0038113829941721633,0.048696795041905716,90.71116518700728,138.0529754839663,0.13356723199831322,228.9585728230013,0.139763275100155,11.997254656,2026-01-06T14:08:22.538450
24018,0.06809533346685359,0.014355188561932408,1.993144656384481e-05,0.003664452044176869,0.05393266996543389,90.37611582405225,137.29104445801931,0.1335705230012536,227.86479230300756,0.14043415692516195,12.012557824,2026-01-06T14:12:10.403922
24019,0.06825555778089325,0.00043712765948455967,1.9930870014469207e-05,0.003130793003947474,0.04913138096162584,90.63612191501306,137.62665194703732,0.13544464801088907,228.45714188700367,0.14007003561231365,11.996683776,2026-01-06T14:15:58.861736
24020,0.0684157820949329,0.023633788354249674,1.9930291060129097e-05,0.003246726977522485,0.05081815794983413,90.02276970502862,136.63711245299783,0.13450782600557432,226.85571055200126,0.14105882511017842,11.998364672,2026-01-06T14:19:45.718131
24021,0.06857600640897256,0.018796617527726767,1.992970970098039e-05,0.00316350904176943,0.043467587980558164,90.34357099802583,137.2368159799953,0.1343734999973094,227.7683969149948,0.14049359100482534,12.02327808,2026-01-06T14:23:33.487106
24022,0.06873623072301221,0.0007647341619403392,1.9929125937179635e-05,0.0033544360048836097,0.051890444970922545,89.31173802001285,135.21760870798607,0.13462423600140028,224.72791957900336,0.14239441214045664,12.01050368,2026-01-06T14:27:18.215733
24023,0.06889645503705187,0.013040611901899979,1.992853976888403e-05,0.0028538089827634394,0.053960143006406724,90.41618280900002,137.55410270897846,0.13379481600713916,228.16821949700534,0.1402474019850078,12.01229824,2026-01-06T14:31:06.384535
24024,0.06905667935109153,0.006417521884131361,1.992795119625143e-05,0.0027838270034408197,0.04835252999328077,91.28399098900263,139.13352352802758,0.13412405300186947,230.61132148999604,0.13876161757040262,11.997902848,2026-01-06T14:34:56.996436
24025,0.06921690366513118,0.005222277702223721,1.9927360219440323e-05,0.00305323202337604,0.05603134899865836,90.80792568500328,138.3804786640103,0.13276501699874643,229.38776894500188,0.1395017709408575,11.996834816,2026-01-06T14:38:46.384898
24026,0.06937712797917084,0.02235726933320592,1.9926766838609852e-05,0.0035379139881115407,0.05110330901516136,90.28941257699626,136.80327647100785,0.135034232007456,227.2894448070001,0.1407896439149314,11.997344768,2026-01-06T14:42:33.674923
24027,0.0695373522932105,0.006433830652312622,1.992617105391981e-05,0.003048279002541676,0.05776269800844602,88.89901681497577,133.9904188630171,0.13461850000021514,223.09328853599436,0.1434377529238718,11.997819904,2026-01-06T14:46:16.768821
24028,0.06969757660725015,0.002630343569514082,1.992557286553063e-05,0.003007606021128595,0.05088165200140793,89.3639697359904,135.2044017250155,0.13335629701032303,224.76344647099904,0.14237190478447714,12.020904448,2026-01-06T14:50:01.532845
24029,0.0698578009212898,0.008186526842898445,1.99249722736034e-05,0.002821774993208237,0.049183074981556274,89.90559825299715,136.3921464059822,0.13422198499029037,226.49091235600645,0.14128602188551065,11.996768256,2026-01-06T14:53:48.024558
24030,0.07001802523532946,0.0003337311217741501,1.9924369278299845e-05,0.00300734699703753,0.045987659017555416,90.61888509598793,137.80924390198197,0.1345926179928938,228.61792781300028,0.13997152500732415,12.023771648,2026-01-06T14:57:36.643107
24031,0.07017824954936912,0.0417325686915504,1.9923763879782347e-05,0.003090211976086721,0.0510892849706579,90.49732439703075,138.01579580797988,0.13451090001035482,228.70936907999567,0.13991556239572922,12.009908736,2026-01-06T15:01:25.353184
24032,0.07033847386340877,0.001989598373977941,1.9923156078213937e-05,0.0024555489944759756,0.05147112798294984,90.07103873399319,136.19400642401888,0.13458435201027896,226.4618302040035,0.14130416578888133,12.014025728,2026-01-06T15:05:11.815616
24033,0.07049869817744843,0.020200867192812666,1.992254587375828e-05,0.00308384197705891,0.04993294404994231,90.40033224396757,137.44007166300435,0.1329580680030631,228.03370787898893,0.14033013056552804,11.997389824,2026-01-06T15:08:59.850205
24034,0.07065892249148809,0.02294685893794224,1.9921933266579703e-05,0.0039993520331336185,0.04723067801387515,91.09529938097694,138.82838327203353,0.13339448800252285,230.11839649699687,0.1390588518220342,11.996812288,2026-01-06T15:12:49.969187
24035,0.07081914680552774,0.02045204615503593,1.9921318256843166e-05,0.0027926939947064966,0.056016556001850404,90.21287571301218,136.4320904169872,0.13424360699718818,226.84578464800143,0.14106499730490774,12.012411392,2026-01-06T15:16:36.815804
24036,0.0709793711195674,0.015321492099936052,1.9920700844714283e-05,0.003146439019474201,0.05177516501862556,90.07549500300956,136.52538719199947,0.13274823500250932,226.7958277560101,0.14109607004951613,11.997774848,2026-01-06T15:20:23.612200
24037,0.07113959543360705,0.014207563471359208,1.992008103035932e-05,0.002719946962315589,0.05018498399294913,90.59515637299046,137.93093296297593,0.1333587190019898,228.72071213800518,0.13990862349489314,12.021602304,2026-01-06T15:24:12.333650
24038,0.07129981974764671,0.015145777257014714,1.9919458813945187e-05,0.0034938059834530577,0.048510578024433926,89.12543125195953,134.35885569101083,0.1343396159936674,223.67810233800265,0.14306273017125484,11.998362624,2026-01-06T15:27:56.012354
24039,0.07146004406168636,0.01649120730654019,1.991883419563943e-05,0.0034498730237828568,0.04837123496690765,90.53178521401423,137.29861658500158,0.13345448499603663,228.0242662140081,0.14033594113166434,12.014254592,2026-01-06T15:31:44.037182
24040,0.07162026837572602,0.017681220806945674,1.991820717561026e-05,0.0026898859650827944,0.05329066497506574,91.0134339400247,138.58333289099392,0.13395688199670985,229.79506230300467,0.1392545152158458,12.01612288,2026-01-06T15:35:33.833052
24041,0.07178049268976568,0.023914799338381698,1.9917577754026515e-05,0.0025457250012550503,0.052625951007939875,90.98351351896417,138.24810171603167,0.13519424900005106,229.42975895699055,0.13947623946202548,12.03484928,2026-01-06T15:39:23.263390
24042,0.07194071700380533,0.00014836834204245974,1.9916945931057696e-05,0.0044166809966554865,0.05140642501646653,90.62659559999884,137.95883858695743,0.13336532199173234,228.78205479800818,0.13987111020684215,11.9967232,2026-01-06T15:43:12.046121
24043,0.07210094131784499,0.002255005068931837,1.9916311706873942e-05,0.003967890981584787,0.05124473798787221,90.44027478898352,137.40634106002108,0.13446723400556948,228.0452737339947,0.14032301339130873,12.012025344,2026-01-06T15:47:00.091986
24044,0.07226116563188464,0.006988086996642551,1.9915675081646046e-05,0.003024595047463663,0.05942586896708235,90.20183620399621,136.3270552480244,0.1354292440082645,226.7352544359892,0.14113376448493187,11.997453824,2026-01-06T15:50:46.828082
24045,0.0724213899459243,0.03077007489646988,1.9915036055545436e-05,0.0030500069697154686,0.046326231968123466,89.56913860901841,135.31673376601248,0.13343921200430486,225.0760223899997,0.14217418479411417,11.99673088,2026-01-06T15:54:31.904724
24046,0.07258161425996396,0.0032113378547506954,1.99143946287442e-05,0.0037057969748275355,0.045432049009832554,90.26568706598482,136.99573428202712,0.13467782500083558,227.45166051699198,0.14068923448289977,12.010956288,2026-01-06T15:58:19.357124
24047,0.07274183857400361,0.018507752303065672,1.991375080141506e-05,0.003314524015877396,0.052760291000595316,89.30420606002735,134.79045500201755,0.1333886659995187,224.29218090999348,0.14267104573226885,12.015427584,2026-01-06T16:02:03.649887
24048,0.07290206288804325,0.030108015163051505,1.9913104573731392e-05,0.003543662009178661,0.04659996497503016,90.22939353002585,136.62076564099698,0.1351338329986902,227.04388079700584,0.14094191786921748,12.016243712,2026-01-06T16:05:50.694423
24049,0.07306228720208291,0.0002204483048409145,1.9912455945867218e-05,0.002940378006314859,0.05003296901122667,89.30084318801528,134.6947226659977,0.1349665760062635,224.18991162900056,0.14273612834530675,11.996552192,2026-01-06T16:09:34.884972
24050,0.07322251151612257,0.023112581753188977,1.9911804917997204e-05,0.003794929027208127,0.047651220025727525,89.42361859501398,135.04207390200463,0.13377991699962877,224.65973111600033,0.1424376315285323,11.997495296,2026-01-06T16:13:19.545275
24051,0.07338273583016222,0.00024266884836521285,1.9911151490296662e-05,0.003159343046718277,0.04617276800854597,90.66037299900199,137.73655751200567,0.13401032800902613,228.58666345800157,0.1399906692538928,12.01554432,2026-01-06T16:17:08.132762
24052,0.07354296014420188,0.005384542431201567,1.9910495662941552e-05,0.0030692620057379827,0.05250920500839129,90.18488437900669,136.74176238196378,0.1347524229931878,227.12405771900376,0.14089216405067123,11.996601344,2026-01-06T16:20:55.257679
24053,0.07370318445824153,0.009788818374900643,1.990983743610848e-05,0.00283844699151814,0.05246881600760389,90.13604613000643,136.4091664539883,0.13329765301023144,226.74269073500182,0.14112913583352932,12.014599168,2026-01-06T16:24:42.001060
24054,0.07386340877228119,0.03109024314450437,1.99091768099747e-05,0.003186065994668752,0.05235363301471807,90.39796716396813,137.24532233498758,0.13410858699353412,227.84198637699592,0.14044821373287888,12.009472,2026-01-06T16:28:29.843761
24055,0.07402363308632084,0.006676691657261813,1.9908513784718102e-05,0.0028936219750903547,0.050844373006839305,90.6999824159866,137.55181717898813,0.13383888400858268,228.4469576140109,0.14007628000048886,11.997558272,2026-01-06T16:32:18.291331
24056,0.0741838574003605,0.009338684761758032,1.990784836051724e-05,0.004289291988243349,0.04780114900495391,92.57910810697649,142.09002003299247,0.13343714299844578,234.86206064300495,0.13625018835477495,12.031465984,2026-01-06T16:36:13.154085
24057,0.07434408171440016,0.0011448083294531841,1.9907180537551296e-05,0.0027392089687054977,0.049939397009438835,89.38853141001891,135.11548579602095,0.13359261000005063,224.6987601639994,0.14241289082611924,11.997428736,2026-01-06T16:39:57.853446
24058,0.07450430602843981,0.03638927210698739,1.9906510316000112e-05,0.0037241899844957516,0.05976914100756403,90.64883076302067,138.41148535300454,0.13339476499822922,229.2642784780037,0.13957691190461743,12.016991232,2026-01-06T16:43:47.118320
24059,0.07466453034247947,0.012063656847772108,1.9905837696044167e-05,0.0037000789743615314,0.044450486995629035,91.75200781998865,139.84059648099355,0.13557044000481255,231.78367083599733,0.13805976876879378,12.014527488,2026-01-06T16:47:38.902691
24060,0.07482475465651912,0.0010418962901361795,1.9905162677864584e-05,0.003013246998307295,0.04232404900540132,89.9872553130117,136.42220529496262,0.13310458399064373,226.59459963299742,0.14122137090569947,12.021718016,2026-01-06T16:51:25.497890
24061,0.07498497897055878,0.0001678244159073472,1.9904485261643142e-05,0.0033169079979415983,0.049812756973551586,89.54563949198928,135.01887170103146,0.13361840099969413,224.76077961499686,0.1423735940710576,12.0181504,2026-01-06T16:55:10.259285
24062,0.07514520328459844,0.020427100346349647,1.990380544756226e-05,0.003710220000357367,0.038891037038411014,90.21584105097281,136.4865957469883,0.13408458400226664,226.88731918300618,0.14103917360929705,12.021178368,2026-01-06T16:58:57.147369
24063,0.07530542759863809,0.0009591739038654623,1.9903123235805003e-05,0.0029649890202563256,0.04982899701280985,89.56648826201854,135.5481367219909,0.13480735800112598,225.30869585899927,0.14202736329371843,11.997514752,2026-01-06T17:02:42.456918
24064,0.07546565191267775,0.012681499287062081,1.9902438626555077e-05,0.0028225050191394985,0.04613537203113083,90.76994457999535,137.76986317498086,0.13320186399505474,228.72980784700485,0.13990305986443397,12.003379712,2026-01-06T17:06:31.187298
24065,0.0756258762267174,0.0023540077453461095,1.9901751619996844e-05,0.003860573982819915,0.04592842400597874,89.35288541100454,135.52992374102178,0.13481593600590713,225.0747098110005,0.14217501391813858,12.017408512,2026-01-06T17:10:16.262875
24066,0.07578610054075706,0.012117835032785962,1.9901062216315302e-05,0.003744462999748066,0.04669145501975436,89.20317106197763,134.9446869090316,0.13393991701013874,224.3390681380115,0.14264122725299844,12.014439424,2026-01-06T17:14:00.602690
24067,0.07594632485479672,9.568697935691262e-05,1.99003704156961e-05,0.0028836119890911505,0.046353544952580705,90.24043630798406,136.8394198409951,0.13381250800739508,227.27155714399123,0.14080072492188686,11.99672064,2026-01-06T17:17:47.874841
24068,0.07610654916883637,0.0016173765058216105,1.989967621832553e-05,0.0031136930192587897,0.045350839995080605,91.16802279300464,139.23826869399636,0.13500742698670365,230.5961981750006,0.13877071804850416,12.018397696,2026-01-06T17:21:38.471644
24069,0.07626677348287603,0.008106908294870152,1.9898979624390533e-05,0.0028249060706002638,0.04959789903659839,90.28167977600242,137.17960806193878,0.13397187099326402,227.6546943190042,0.1405637608120638,11.997723648,2026-01-06T17:25:26.126932
24070,0.07642699779691568,0.009379574653877398,1.9898280634078687e-05,0.0029594219813589007,0.05413868300092872,89.12535076399217,134.3790242410323,0.13486275900504552,223.70270947199606,0.14304699337584859,11.996644352,2026-01-06T17:29:09.830278
24071,0.07658722211095534,0.015187200493286923,1.9897579247578223e-05,0.0025935659796232358,0.04760144399187993,92.37345183400612,141.59212410301552,0.13530797199928202,234.15713120599685,0.13666036919391703,12.026624,2026-01-06T17:33:03.987985
24072,0.076747446424995,0.004144664843835244,1.9896875465078016e-05,0.003459465006017126,0.048926048053544946,90.03262107798946,136.2279345299903,0.13358783899457194,226.45420205900155,0.1413089256416737,11.996853248,2026-01-06T17:36:50.442774
24073,0.07690767073903465,0.010644251237067692,1.9896169286767585e-05,0.0026200060092378408,0.04602750098274555,89.48877110799367,135.1791653130058,0.13490666200232226,224.85891252600413,0.14231145939700884,11.997965312,2026-01-06T17:40:35.302474
24074,0.0770678950530743,0.009495144364981556,1.9895460712837094e-05,0.003180694955517538,0.04541013698326424,91.26918554199801,139.05754113600415,0.13496493999264203,230.51987917399674,0.1388166613424535,11.997400064,2026-01-06T17:44:25.822968
24075,0.07722811936711396,0.0034435499487699417,1.9894749743477354e-05,0.003155066035105847,0.04832731596252415,90.65590940901893,137.77821653800493,0.1327256490039872,228.62774511499447,0.13996551461374357,12.033154048,2026-01-06T17:48:14.451287
24076,0.07738834368115362,0.02182785161885903,1.9894036378879817e-05,0.0032911769958445802,0.05227678299706895,90.20282404999307,137.16411953301576,0.1339404220052529,227.56261658099538,0.1406206365561383,12.015141888,2026-01-06T17:52:02.014487
24077,0.07754856799519327,0.007258101942966277,1.9893320619236585e-05,0.00343931996030733,0.05248205999669153,89.2161877460021,134.8411906749534,0.1341536609979812,224.2560455220082,0.14269403496129857,11.997398016,2026-01-06T17:55:46.271254
24078,0.07770879230923293,0.007381960181405134,1.9892602464740404e-05,0.002827518022968434,0.047443987990845926,90.52224300803209,137.46447820898902,0.13343003000773024,228.17745165899396,0.140241727512249,12.020709888,2026-01-06T17:59:34.449504
24079,0.07786901662327259,0.01895877855821837,1.989188191558466e-05,0.002890348987421021,0.04628150998905767,89.18585647901637,135.169235697962,0.1338738890044624,224.54421254299814,0.14251090971170008,12.017766912,2026-01-06T18:03:18.994310
24080,0.07802924093731224,0.01974960642935386,1.9891158971963387e-05,0.002955347968963906,0.0502572940022219,89.69524776597973,135.92219133597973,0.1348184970120201,225.81360840800335,0.14170979431045594,11.998069248,2026-01-06T18:07:04.808522
24081,0.0781894652513519,0.035188211673212066,1.9890433634071265e-05,0.0029769440152449533,0.050015351007459685,91.51867799700995,139.56124657701002,0.13432816301065031,231.27366715000244,0.13836421757106065,11.997580288,2026-01-06T18:10:56.082973
24082,0.07834968956539155,0.004343510651683147,1.988970590210362e-05,0.003278261996456422,0.04884399902948644,90.64808358198206,137.82540374201199,0.13418266200460494,228.666902588011,0.13994154658076766,12.01529856,2026-01-06T18:14:44.750563
24083,0.07850991387943121,0.006736974466576839,1.9888975776256413e-05,0.0026413069863338023,0.052003007993334904,90.83136048603046,138.26165211599437,0.1328249060024973,229.2876496359968,0.13956268491042262,12.011654144,2026-01-06T18:18:34.038807
24084,0.07867013819347086,0.016232410734811964,1.9888243256726265e-05,0.0036744380049640313,0.041346405021613464,93.76938023000548,144.52389062898874,0.13508582400390878,238.48097332900215,0.13418261236234402,11.996874752,2026-01-06T18:22:32.520364
24085,0.07883036250751052,0.016776214158614522,1.9887508343710433e-05,0.0035280550218885764,0.04949401998601388,90.446049502003,137.78315458298312,0.1350829870061716,228.42420619800396,0.14009023182184807,12.01460224,2026-01-06T18:26:20.945137
24086,0.07899058682155018,0.008088614411910555,1.988677103740682e-05,0.0035919289803132415,0.04741596399981063,89.77576783602126,135.58606340698316,0.13278385199373588,225.55398581299232,0.14187290853964923,12.015565824,2026-01-06T18:30:06.499709
24087,0.07915081113558983,0.0005958741978808746,1.988603133801397e-05,0.003895978952641599,0.04764913200051524,90.90220633002173,138.144720871991,0.1344944390002638,229.24143261599238,0.1395908219331535,11.997539328,2026-01-06T18:33:55.741949
24088,0.07931103544962947,0.011262715460830464,1.9885289245731076e-05,0.0029278410074766725,0.04831698696943931,90.26737836599932,136.83580864901887,0.13475895499868784,227.29652737200377,0.14078525690639943,11.99661568,2026-01-06T18:37:43.039061
24089,0.07947125976366913,0.00815779648998749,1.9884544760757976e-05,0.003319793991977349,0.05808977401466109,90.29057133702736,136.9754773019813,0.13440327999705914,227.4708987769991,0.1406773357473352,11.998022656,2026-01-06T18:41:30.510636
24090,0.07963148407770879,0.00020383899813936068,1.988379788329514e-05,0.003098903995123692,0.04738745900976937,91.1454700689792,138.99867225904018,0.1357459869905142,230.33898444999068,0.13892567980366163,12.019175936,2026-01-06T18:45:20.850247
24091,0.07979170839174844,0.010020505575322858,1.98830486135437e-05,0.003364716045325622,0.05194461801147554,90.99146818699955,138.73346850399685,0.13400242099305615,229.9230634090054,0.1391769904486522,11.996630016,2026-01-06T18:49:10.774125
24092,0.0799519327057881,0.02709718127141869,1.9882296951705423e-05,0.003263057049480267,0.053015779005363584,91.72648381402541,140.18509702298616,0.13337480500922538,232.11032944799808,0.13786547145963735,12.013520384,2026-01-06T18:53:02.885016
24093,0.08011215701982775,0.024224283782633194,1.9881542897982722e-05,0.0028596480115083978,0.0582933229743503,90.49657567699614,137.28698479601007,0.13377235499501694,227.98611584199534,0.14035942444046656,11.997111296,2026-01-06T18:56:50.871722
24094,0.08027238133386741,0.00012364954745081036,1.9880786452578655e-05,0.0029686890629818663,0.047007201981614344,90.8321742759872,138.0015863700246,0.13471356699301396,229.02534211199963,0.13972252897826096,12.016331776,2026-01-06T19:00:39.897678
24095,0.08043260564790707,0.0019834178405098157,1.988002761569692e-05,0.0036810450110351667,0.05198567399929743,90.24836002697702,136.52115526705165,0.13434962400060613,226.96782597299898,0.1409891462052725,12.018952704,2026-01-06T19:04:26.866286
24096,0.08059282996194672,0.023726289924075772,1.9879266387541864e-05,0.003273714959505014,0.04875940702913795,92.2102291269839,141.51812633800728,0.13350229000207037,233.92256579498644,0.1367974051209977,12.01484288,2026-01-06T19:08:20.789424
24097,0.08075305427598638,0.01402764369995424,1.9878502768318472e-05,0.0031601169903296977,0.053208317011012696,90.95097924402216,138.33838612299587,0.13235577300656587,229.48658556600276,0.13944170166232422,12.02130944,2026-01-06T19:12:10.276631
24098,0.08091327859002603,5.9962999898743874e-05,1.987773675823238e-05,0.003224453015718609,0.048113304015714675,90.27480484593252,137.42408180603525,0.13382320900564082,227.89147066199803,0.14041771685023466,12.01476096,2026-01-06T19:15:58.168711
24099,0.08107350290406569,0.023668033348126727,1.9876968357489864e-05,0.002786115001072176,0.05223395902430639,91.4499431609438,139.56129944902204,0.13489871700585354,231.20755912900495,0.1384037793597623,12.018539008,2026-01-06T19:19:49.376877
24100,0.08123372721810534,0.046801395048895245,1.9876197566297842e-05,0.003402052985620685,0.05273719104297925,91.33922621098463,139.52099294000072,0.1326823840063298,231.05627394799376,0.13849439988460374,12.011791872,2026-01-06T19:23:40.433760
24101,0.081393951532145,0.00014027577127606605,1.9875424384863882e-05,0.002832932019373402,0.04956031800247729,88.75617237800907,133.98517466298654,0.1355569570005173,222.93909815700317,0.14353695814030898,12.023259648,2026-01-06T19:27:23.373437
24102,0.08155417584618466,1.4760856409168355e-05,1.9874648813396184e-05,0.0035436400648904964,0.04991183699166868,90.16046872900915,137.01712712203152,0.13401562799117528,227.3714014760044,0.14073889588694433,12.013728768,2026-01-06T19:31:10.745424
24103,0.08171440016022431,0.006734049389599761,1.9873870852103606e-05,0.00307694697403349,0.05764257699775044,89.30032668597414,134.46455948804214,0.13207042799331248,223.9663398309931,0.14287861302795532,12.01415168,2026-01-06T19:34:54.712560
24104,0.08187462447426397,0.013542135895455942,1.987309050119564e-05,0.0030203400237951428,0.05206746599287726,91.6047678800096,139.61949543602532,0.13412922399584204,231.42082927300362,0.13827623079792048,12.011538944,2026-01-06T19:38:46.134147
24105,0.08203484878830362,0.005876147901236806,1.9872307760882424e-05,0.0041228590125683695,0.05482698598643765,89.99471200401604,135.93807201796153,0.13438826499623246,226.1323272449954,0.14151006355376464,12.019145216,2026-01-06T19:42:32.267066
24106,0.08219507310234328,0.016690602938499666,1.987152263137474e-05,0.0031862429750617594,0.05153181200148538,90.78604374000861,138.00842768595612,0.13317005599674303,228.98968226999568,0.13974428752763474,12.012064256,2026-01-06T19:46:21.257457
24107,0.08235529741638294,0.009787398550654913,1.9870735112884015e-05,0.0030171390244504437,0.05054864502744749,89.30917424200743,134.91442164496402,0.13425477800774388,224.4176704789861,0.1425912671301719,12.015281152,2026-01-06T19:50:05.675829
24108,0.08251552173042259,0.028423138626337163,1.986994520562231e-05,0.0037136120081413537,0.05194569098239299,91.09753627603641,138.77395496398094,0.13212239700078499,230.06919574200583,0.1390885898340082,11.997448192,2026-01-06T19:53:55.745807
24109,0.08267574604446225,1.5169297707728902e-05,1.9869152909802346e-05,0.002929995011072606,0.054558364005060866,90.15096042699588,136.444493322997,0.13305141899036244,226.79397516400786,0.14109722260857654,12.030172672,2026-01-06T19:57:42.540408
24110,0.0828359703585019,3.9537733059091806e-05,1.986835822563747e-05,0.0026640119758667424,0.04728977401100565,89.44567153001844,135.3049051489943,0.13476933499623556,224.94187075999798,0.14225897513825891,12.011581952,2026-01-06T20:01:27.483056
24111,0.08299619467254156,0.004801842272975421,1.9867561153341684e-05,0.003061452996917069,0.05402270799095277,89.25741006301541,134.68556119901768,0.13593044099980034,224.14482442299777,0.14276484001973114,11.996676096,2026-01-06T20:05:11.628631
24112,0.08315641898658122,0.007026427923738865,1.986676169312963e-05,0.003415957005927339,0.050050937992637046,90.53038806599216,137.30616588398698,0.13417609299358446,228.03031334000116,0.14033221956892583,12.018919936,2026-01-06T20:08:59.659626
24113,0.08331664330062087,0.023861327544569377,1.986595984521659e-05,0.002954109979327768,0.05064130300888792,90.06340596401424,136.19243291197927,0.13256843799899798,226.4503698799963,0.1413113169872846,12.013284864,2026-01-06T20:12:46.110702
24114,0.08347686761466053,0.01481087690569538,1.986515560981849e-05,0.0029840300121577457,0.04860620998078957,91.86964551202254,140.71389741098392,0.13243470499583054,232.77480258599098,0.13747192412795045,11.997348864,2026-01-06T20:16:38.886274
24115,0.08363709192870018,0.019780188144814304,1.9864348987151902e-05,0.003735578982741572,0.05202404499868862,91.10701820600661,139.18407861798187,0.13298864499665797,230.48709072099882,0.1388364090149219,11.997683712,2026-01-06T20:20:29.374232
24116,0.08379731624273984,0.012162339149472956,1.9863539977434036e-05,0.0029989089962327853,0.0545401160052279,91.01348453196988,138.91165727902262,0.13416425199829973,230.1233879650099,0.13905583558010878,11.99675648,2026-01-06T20:24:19.498211
24117,0.0839575405567795,0.013612144055446862,1.9862728580882746e-05,0.0037184029642958194,0.05023271001118701,89.9129473180219,135.99126088696357,0.1326810650061816,226.09795983300137,0.1415315734101961,11.997678592,2026-01-06T20:28:05.596757
24118,0.08411776487081915,0.04897957598538305,1.986191479771654e-05,0.004671364004025236,0.06195610800932627,89.10612127302738,134.5563570339873,0.1350494130019797,223.87042092200136,0.14293983040818561,11.997362176,2026-01-06T20:31:49.468007
24119,0.0842779891848588,0.012101213732519156,1.986109862815455e-05,0.0029511400207411498,0.05283218498516362,91.06759719799447,138.63482632800878,0.13458391299354844,229.90069382799265,0.13919053251723457,12.024171008,2026-01-06T20:35:39.369281
24120,0.08443821349889846,0.008307504755368456,1.9860280072416562e-05,0.003215318007278256,0.04547657701186836,90.36992388298677,136.84700259800593,0.1352141850074986,227.4081912059919,0.1407161273756125,12.019538432,2026-01-06T20:39:26.778163
24121,0.08459843781293812,0.014817210175401385,1.9859459130723004e-05,0.0037563309888355434,0.043648570019286126,90.51783508597873,137.35666982499242,0.1341623949992936,228.0656619999936,0.14031046900870547,12.01060608,2026-01-06T20:43:14.855230
24122,0.08475866212697777,0.016270002094884717,1.9858635803294943e-05,0.0036079579876968637,0.0526734419981949,90.0580688790069,136.27839792802115,0.13245516800088808,226.53225948900217,0.1412602340707839,12.008525312,2026-01-06T20:47:01.388066
24123,0.08491888644101743,3.410641399526071e-05,1.985781009035409e-05,0.0031630119920009747,0.053155839996179566,90.16389658402477,136.6559456739633,0.1335623829945689,227.01800444201217,0.14095798295228978,11.996667904,2026-01-06T20:50:48.406931
24124,0.08507911075505709,0.00012776097449140877,1.9856981992122797e-05,0.00394685598439537,0.05270121799549088,89.56352627201704,135.39545691401872,0.13539256699732505,225.159544463997,0.1421214458226833,11.996947456,2026-01-06T20:54:33.567081
24125,0.08523933506909674,0.025896660871964627,1.9856151508824063e-05,0.002927932975580916,0.05026234101387672,90.9880919099669,138.71528326204862,0.13440950799849816,229.90197745300247,0.13918975536668263,12.007829504,2026-01-06T20:58:23.469891
24126,0.0853995593831364,0.005640165897602856,1.9855318640681524e-05,0.0029595359665108845,0.05116378198727034,91.38010599798872,139.22897973800718,0.13445568300085142,230.8038871359895,0.1386458451678746,11.998077952,2026-01-06T21:02:14.274367
24127,0.08555978369717605,0.027756802831270022,1.985448338791946e-05,0.0026463510293979198,0.05080597499909345,92.84851843294746,142.72956857403915,0.13376754299679305,235.7739689720038,0.13572321041005056,12.01635328,2026-01-06T21:06:10.048917
24128,0.0857200080112157,0.03786126812935109,1.9853645750762796e-05,0.003093908992013894,0.051883096995879896,90.20559989503818,137.1697549129458,0.13420694699743763,227.57287728600204,0.14061429631521521,12.015002624,2026-01-06T21:09:57.622565
24129,0.08588023232525535,0.019621996994054314,1.9852805729437094e-05,0.002835153034538962,0.04764468199573457,91.02024102698488,138.534429878011,0.13418349099811167,229.74544810599764,0.13928458763298832,11.99720448,2026-01-06T21:13:47.368597
24130,0.08604045663929501,6.803906442343077e-05,1.985196332416856e-05,0.00260408096073661,0.04912605603749398,90.0845366880094,136.38078638196748,0.13377139999647625,226.6582896750042,0.14118168828452493,11.997763584,2026-01-06T21:17:34.027507
24131,0.08620068095333466,0.008055395350767824,1.9851118535184045e-05,0.0031256840156856924,0.05214430204068776,90.56559128996741,137.78330345297582,0.13387473599868827,228.54639316200337,0.14001533586800927,12.014703616,2026-01-06T21:21:22.574556
24132,0.08636090526737432,0.008993603825114604,1.985027136271104e-05,0.003498981997836381,0.052456863995757885,92.33695777099638,141.26547267798742,0.13362533200415783,233.7982598719973,0.13687013760290495,12.01670656,2026-01-06T21:25:16.373292
24133,0.08652112958141397,0.015683049817099004,1.9849421806977675e-05,0.00300083399633877,0.05358861702552531,89.36710873000266,134.91147738395375,0.1330568990088068,224.4772507350135,0.1425534208710295,11.998696448,2026-01-06T21:29:00.851271
24134,0.08668135389545363,0.019951685639497896,1.9848569868212725e-05,0.003792104995227419,0.05515587702393532,90.85598778502026,138.6824268779601,0.13467560199205764,229.73834128699673,0.1392888963188976,12.008067072,2026-01-06T21:32:50.590430
24135,0.08684157820949329,0.018647682454817627,1.984771554664561e-05,0.003001979028340429,0.049732618004782125,91.72759042101097,140.51107346800563,0.13420915500319097,232.4329771699995,0.13767409594635735,12.011776512,2026-01-06T21:36:43.024215
24136,0.08700180252353294,0.007096141884177065,1.9846858842506376e-05,0.0028191479796078056,0.05065221301629208,90.73412525000458,137.95441754694912,0.1328669750073459,228.88283823800157,0.1398095210909833,12.011653632,2026-01-06T21:40:31.907666
24137,0.0871620268375726,0.005609240274475624,1.9845999756025732e-05,0.003203120024409145,0.05059961501683574,90.50188103596156,137.33469767100178,0.13451285799965262,228.03122267899744,0.14033165995450905,12.038513664,2026-01-06T21:44:19.939466
24138,0.08732225115161225,0.014835076050410123,1.9845138287435015e-05,0.0029071969765936956,0.05519053395255469,90.8660300780466,138.1924151199928,0.13518403199850582,229.25800600201183,0.1395807307148924,12.017314304,2026-01-06T21:48:09.198172
24139,0.08748247546565191,0.009026305894984432,1.9844274436966206e-05,0.003162318986142054,0.05106407702260185,88.86917686798552,134.23528275702847,0.1337133420020109,223.29973499699554,0.14330514095966373,11.997379584,2026-01-06T21:51:52.498483
24140,0.08764269977969157,0.017963046309240838,1.9843408204851932e-05,0.002990781984408386,0.05380523201893084,89.2872923079849,134.7951999190409,0.13605859900417272,224.28492636101146,0.1426756604609819,11.997660672,2026-01-06T21:55:36.784040
24141,0.08780292409373122,0.020128975380139025,1.9842539591325456e-05,0.0032482070091646165,0.04526930401334539,90.5589446380036,137.4906907749828,0.13268777400662657,228.24646631600626,0.1401993227605817,12.017547776,2026-01-06T21:59:25.031237
24142,0.08796314840777088,0.005388906625157119,1.9841668596620683e-05,0.003640444003394805,0.04931358296016697,91.6594305690378,140.11825283395592,0.13283308599784505,231.97052919901034,0.13794855799353206,12.013372416,2026-01-06T22:03:17.002697
24143,0.08812337272181053,0.002954107650008808,1.984079522097216e-05,0.0030396470247069374,0.05221359799907077,89.39157343497209,135.241152187009,0.1335890339978505,224.82783245600876,0.1423311324511449,12.015571968,2026-01-06T22:07:01.831127
24144,0.08828359703585019,7.872093377159217e-05,1.983991946461508e-05,0.0037525279767578468,0.04786551899451297,89.59121925501677,135.09969511699455,0.13419524100027047,224.88467191600648,0.1422951583465496,11.99787008,2026-01-06T22:10:46.716603
24145,0.08844382134988985,0.00368678384642962,1.9839041327785267e-05,0.0034246840077685192,0.04284074198221788,88.94524510705378,133.8424075039802,0.1347068109898828,222.97684835200198,0.1435126571951688,11.997768704,2026-01-06T22:14:29.694040
24146,0.0886040456639295,0.012475818590395704,1.9838160810719194e-05,0.0027709929563570768,0.05091909698967356,92.68406448300811,142.3124442880071,0.13340886500373017,235.19068764999975,0.13605980882891489,12.015966208,2026-01-06T22:18:24.885438
24147,0.08876426997796916,0.00015789096285168114,1.9837277913653973e-05,0.0029419870261335745,0.055156593007268384,90.6500611439842,137.8218131279864,0.13477149000391364,228.67213386400545,0.1399383451725292,11.99686144,2026-01-06T22:22:13.558182
24148,0.08892449429200881,0.01213358712976742,1.9836392636827356e-05,0.0029143720166757703,0.05201777396723628,91.51139457902173,139.60515062799095,0.13440139598969836,231.31463707599323,0.13833971081340227,12.004238336,2026-01-06T22:26:04.873414
24149,0.08908471860604847,0.034161233568902105,1.9835504980477734e-05,0.0027098259888589382,0.047040551027748734,90.16264671896352,136.56522947801568,0.13442821199714672,226.92001646499557,0.14101885104056602,12.013622784,2026-01-06T22:29:51.794207
24150,0.08924494292008812,3.044418939168736e-05,1.9834614944844148e-05,0.0029747709922958165,0.04848253999080043,90.581762900998,137.22603903400886,0.13494015600008424,228.00208986499638,0.14034959073817133,11.99774208,2026-01-06T22:33:39.796900
24151,0.08940516723412778,0.00018441869809393552,1.9833722530166266e-05,0.0030018509860383347,0.04508454698952846,90.72168366299593,137.8754354119883,0.13574546499876305,228.78926751500694,0.13986670068735207,11.997377536,2026-01-06T22:37:28.587033
24152,0.08956539154816744,0.005795237327927083,1.9832827736684403e-05,0.0028172180464025587,0.05323928200232331,90.69807299501554,137.7388724659977,0.13329749599506613,228.63353104901034,0.13996197256447224,12.024979456,2026-01-06T22:41:17.221224
24153,0.08972561586220709,0.008489387510024926,1.983193056463952e-05,0.0033333180035697296,0.05005512302159332,89.57119292199786,135.20460903900675,0.13230596599169075,224.9749832880043,0.14223803701336354,11.996617728,2026-01-06T22:45:02.197252
24154,0.08988584017624675,0.0062518244705565,1.983103101427321e-05,0.0027859930123668164,0.04790732999390457,92.66459368498181,141.88162122004724,0.1349473209993448,234.73796953899728,0.13632221520380752,12.009910784,2026-01-06T22:48:56.935917
24155,0.0900460644902864,5.704113441140635e-05,1.983012908582771e-05,0.002856985040125437,0.05116457496478688,90.89707520500815,138.33231375699688,0.1344859670061851,229.4250502960058,0.13947910203664934,12.011593216,2026-01-06T22:52:46.361570
24156,0.09020628880432606,0.00017851599477580748,1.9829224779545894e-05,0.00293396798952017,0.048794467948027886,90.77458861302875,138.47475467597542,0.13579244799620938,229.4436171779962,0.13946781520261362,12.018917888,2026-01-06T22:56:35.806039
24157,0.09036651311836572,0.0013716531360685735,1.9828318095671284e-05,0.0038782120391260833,0.051299040045705624,89.08012661298562,134.41564573197684,0.13489268100238405,223.69504822399176,0.14305189253879932,11.996683264,2026-01-06T23:00:19.501683
24158,0.09052673743240537,0.00562263959616871,1.9827409034448044e-05,0.003008384010172449,0.04874369599565398,90.52021766001417,137.61863720495603,0.13318460999289528,228.33192080899607,0.14014685238323993,12.020740608,2026-01-06T23:04:07.834293
24159,0.09068696174644503,0.03597462792810191,1.9826497596120964e-05,0.0038586429582210258,0.0544227379723452,90.39340758201433,137.8284478260175,0.13396272300451528,228.42347325499577,0.14009068132974875,12.010392064,2026-01-06T23:07:56.258593
24160,0.09084718606048468,0.030642739761454152,1.9825583780935482e-05,0.0030198099848348647,0.05420463295013178,90.53204249702685,137.46865674701985,0.1348024299950339,228.1997791909962,0.14022800597548776,11.99719424,2026-01-06T23:11:44.459245
24161,0.09100741037452434,0.029516876418540505,1.982466758913768e-05,0.0032085279817692935,0.05177205996005796,90.36135420994833,137.0326160300756,0.13318972100387327,227.5918757529871,0.14060255839154226,12.013628416,2026-01-06T23:15:32.051808
24162,0.091167634688564,0.021654305580867117,1.9823749020974273e-05,0.002897656988352537,0.05021386899170466,91.20187209002324,138.78460340201855,0.13438377200509422,230.18265209402307,0.1390200334772792,12.01558016,2026-01-06T23:19:22.235282
24163,0.09132785900260365,0.012355531425001232,1.982282807669262e-05,0.0031739299884065986,0.04595304498798214,89.007656383008,133.98011795402272,0.1346960699884221,223.17809789499734,0.14338324549685705,11.9966464,2026-01-06T23:23:05.413985
24164,0.0914880833166433,0.0016925092943971265,1.982190475654072e-05,0.003884556033881381,0.04582194396061823,90.18491295003332,136.33436525502475,0.13412039799732156,226.7094955490029,0.14114980019918597,12.02545664,2026-01-06T23:26:52.124347
24165,0.09164830763068296,0.021644241509715556,1.9820979060767212e-05,0.0030232370481826365,0.0457064009970054,90.19647655202425,136.5742829689989,0.13440253300359473,226.96088540402707,0.14099345771864974,12.021928448,2026-01-06T23:30:39.085886
24166,0.09180853194472262,0.011039148009398758,1.982005098962137e-05,0.0034590289869811386,0.053302427084418014,90.99240188999102,138.3116829910141,0.13458133599488065,229.50251679000212,0.13943202213019926,11.997367296,2026-01-06T23:34:28.589011
24167,0.09196875625876226,8.213135795642756e-05,1.9819120543353112e-05,0.0032408029946964234,0.04724071509554051,90.78736861699144,137.5853217820404,0.1336981119820848,228.5650322069996,0.14000391788285116,11.997236224,2026-01-06T23:38:17.154633
24168,0.09212898057280192,0.0286197178333083,1.9818187722213e-05,0.002971027046442032,0.05200670409249142,90.97644140792545,138.5123462950287,0.13485095498617738,229.68706328698318,0.13931999278521623,12.020822528,2026-01-06T23:42:06.842270
24169,0.09228920488684157,0.023725587743825827,1.9817252526452223e-05,0.0029096129874233156,0.05105695402016863,89.99233064297005,136.28957848795108,0.13566478199209087,226.47960108300322,0.14129307825949508,12.02100224,2026-01-06T23:45:53.322682
24170,0.09244942920088123,0.028868112548614988,1.981631495632262e-05,0.002972712944028899,0.048075756058096886,89.94675056898268,136.19310977795976,0.13629954599309713,226.3363643430057,0.1413824954416295,11.996683264,2026-01-06T23:49:39.659843
24171,0.09260965351492088,0.036194230133268945,1.981537501207667e-05,0.002844505972461775,0.050248100014869124,90.76751793402946,137.9554312559776,0.13449255100567825,228.91682002099697,0.13978876692881223,12.018545152,2026-01-06T23:53:28.577275
24172,0.09276987782896054,0.0035513148461170374,1.981443269396748e-05,0.003165742935379967,0.04768839001189917,91.458863847045,139.74578340296284,0.13456315899384208,231.39723479599343,0.1382903301684315,11.997873152,2026-01-06T23:57:19.975139
24173,0.0929301021430002,0.0020852477284307724,1.981348800224881e-05,0.0028390060469973832,0.050749831018038094,92.14741176788812,141.11445211907267,0.1347082710126415,233.45746356001473,0.13706993776094797,12.01403904,2026-01-07T00:01:13.433190
24174,0.09309032645703985,0.03397937830533593,1.981254093717505e-05,0.0029378379695117474,0.0564432330429554,91.05373313796008,138.92048179599806,0.13345112500246614,230.1738219189865,0.13902536671291374,12.022419456,2026-01-07T00:05:03.607599
24175,0.09325055077107951,0.01857688092681009,1.981159149900123e-05,0.0034123840159736574,0.04864427601569332,89.8597793749359,135.9770860709832,0.1326141280005686,226.0288311019831,0.14157485947251464,11.99685632,2026-01-07T00:08:49.637048
24176,0.09341077508511916,0.00023881254385216266,1.9810639687983026e-05,0.0026935510977637023,0.05092291603796184,92.69245990799391,142.02200578697375,0.13358518399763852,234.9104300290055,0.1362221336704752,12.03200256,2026-01-07T00:12:44.548051
24177,0.09357099939915882,0.014265621432784314,1.9809685504376746e-05,0.0031547830440104008,0.04750378304743208,90.34868623199873,137.40386792999925,0.13485257400316186,227.9451176429866,0.14038466948048087,12.014834688,2026-01-07T00:16:32.493804
24178,0.09373122371319847,0.035925393326351696,1.9808728948439338e-05,0.0031290289480239153,0.04962519009131938,89.86604188993806,136.32999228400877,0.13308262499049306,226.39192215597723,0.1413477994058152,12.0176256,2026-01-07T00:20:18.886523
24179,0.09389144802723813,0.0009376967751997256,1.9807770020428393e-05,0.003512427065288648,0.05086452804971486,89.55661228997633,135.20813204505248,0.13469836898730136,224.96180978199118,0.14224636630995707,11.997580288,2026-01-07T00:24:03.849174
24180,0.09405167234127779,0.020959470004591196,1.9806808720602133e-05,0.0032091430039145052,0.05230854300316423,89.74119461805094,135.83159997398616,0.13500915301847272,225.77052244200604,0.1417368381570711,12.021656576,2026-01-07T00:27:49.620383
24181,0.09421189665531744,0.022031391799025357,1.9805845049219427e-05,0.0034526779782027006,0.048641905072145164,90.18532069795765,136.39859235999756,0.13356672498048283,226.7782407279883,0.1411070122833467,12.015198208,2026-01-07T00:31:36.399348
24182,0.0943721209693571,0.018736827233379216,1.9804879006539775e-05,0.0027651679411064833,0.05153621206409298,91.9474223239813,140.48197782799252,0.13393571600317955,232.62509663699893,0.13756039422493854,11.997584384,2026-01-07T00:35:29.025084
24183,0.09453234528339675,0.003636811150801833,1.9803910592823323e-05,0.0034771089267451316,0.04580496298149228,89.34245718302554,134.97469511799864,0.13383390399394557,224.50908061899827,0.14253321029052451,12.01737984,2026-01-07T00:39:13.534751
24184,0.09469256959743641,7.301009402382874e-06,1.980293980833085e-05,0.003052129002753645,0.04293658904498443,89.3524456449959,135.1674889040296,0.1335951350047253,224.70686636699247,0.14240775334269237,12.03169024,2026-01-07T00:42:58.242268
24185,0.09485279391147607,0.016191474793382454,1.9801966653323774e-05,0.002779983973596245,0.04837807404692285,90.84353183803614,138.5091439729731,0.13400668097892776,229.54640781501075,0.1394053616634615,11.997309952,2026-01-07T00:46:47.789263
24186,0.09501301822551572,0.0014016802640419712,1.9800991128064156e-05,0.004241690010530874,0.04740752006182447,89.48987260501599,135.24859175391612,0.1323906510078814,224.93053813901497,0.14226614253784817,11.997594624,2026-01-07T00:50:32.720376
24187,0.09517324253955538,0.00023475829191887954,1.9800013232814692e-05,0.003210850030882284,0.04874891592771746,90.31227923603728,137.04310798607185,0.1337491250014864,227.5494111580192,0.14062879722320154,12.02387712,2026-01-07T00:54:20.270398
24188,0.09533346685359503,0.01509804576263818,1.9799032967838713e-05,0.0026612009678501636,0.05006509693339467,89.7705082159955,136.19931089499732,0.13524667400633916,226.1645954720152,0.14148987348446218,12.020218368,2026-01-07T00:58:06.435611
24189,0.09549369116763469,7.883059319802044e-05,1.979805033340019e-05,0.003027087077498436,0.047462869028095156,89.97804620402167,136.25217631898704,0.1341384239785839,226.4245001929812,0.14132746223454817,11.99791616,2026-01-07T01:01:52.860898
24190,0.09565391548167435,0.010921742439213844,1.979706532976374e-05,0.003202900057658553,0.05053615797078237,91.27600909193279,139.1326109970396,0.1347005590214394,230.60340267099673,0.13876638258306445,12.012871168,2026-01-07T01:05:43.465003
24191,0.095814139795714,0.010421673198477421,1.979607795719461e-05,0.002989795000758022,0.047531016025459394,90.10857992997626,136.56748486097786,0.13408473899471574,226.86687269600225,0.1410518848332672,11.99712768,2026-01-07T01:09:30.332643
24192,0.09597436410975366,0.01508253176155705,1.9795088215958677e-05,0.003718629915965721,0.04932863902649842,90.09704396204324,136.750166270911,0.13337485899683088,227.0404410409974,0.14094405319720843,12.014140416,2026-01-07T01:13:17.373811
24193,0.09613458842379331,0.006658007851717329,1.9794096106322476e-05,0.0028858570440206677,0.047598260978702456,91.76453723100713,140.40171980895684,0.13477017500554211,232.35784624898224,0.13771861168703772,12.016354304,2026-01-07T01:17:09.732248
24194,0.09629481273783297,0.007467689128443311,1.9793101628553167e-05,0.002996146067744121,0.043921537027927116,91.1079506490496,139.0411267839081,0.1355276340036653,230.33770661102608,0.1389264505183199,12.025035776,2026-01-07T01:21:00.070541
24195,0.09645503705187262,0.0342743445684448,1.9792104782918547e-05,0.0036792020255234092,0.043420526024419814,89.6107144120324,135.40801519193337,0.13374127098359168,225.20841840002686,0.14209060312816524,11.997903872,2026-01-07T01:24:45.279798
24196,0.09661526136591228,0.026164059106964288,1.9791105569687057e-05,0.0028942440112587065,0.046220422053011134,91.74380899092648,140.24451186601073,0.13374443701468408,232.17829041997902,0.13782511681913215,12.014681088,2026-01-07T01:28:37.458942
24197,0.09677548567995194,0.014941932234867394,1.9790103989127763e-05,0.002989688975503668,0.04251846406259574,90.77438936100225,138.0525292479433,0.13520875398535281,229.0147793639917,0.13972897333905168,12.017355264,2026-01-07T01:32:26.474301
24198,0.09693570999399159,0.012904398360422675,1.9789100041510388e-05,0.0034621370141394436,0.04830194794340059,90.26428906506044,137.06799163902178,0.13339666201500222,227.524150303012,0.14064441052689597,12.017455616,2026-01-07T01:36:13.999058
24199,0.09709593430803125,0.019993630908647475,1.978809372710527e-05,0.0036377840442582965,0.0454354249231983,90.60190385300666,137.94712797005195,0.13391710998257622,228.74144932598574,0.1398959396921365,12.014252032,2026-01-07T01:40:02.741455
24200,0.0972561586220709,0.004927040462014531,1.978708504618341e-05,0.003187860973412171,0.04386135199456476,90.0688834390603,136.564238277002,0.13257761299610138,226.82167416697484,0.14107999210182706,12.010270208,2026-01-07T01:43:49.563807
24201,0.09741638293611056,0.007320078404831065,1.978607399901642e-05,0.0028350749344099313,0.05038005794631317,91.41780722394469,139.3425816379895,0.13543232702068053,230.95495863299584,0.13855515460419413,11.997375488,2026-01-07T01:47:40.519384
24202,0.09757660725015022,0.010267823474080728,1.9785060585876567e-05,0.00264692900236696,0.04689655403490178,90.76788616896374,138.1457555150555,0.13377936300821602,229.1045692639891,0.13967421122503904,11.997023232,2026-01-07T01:51:29.624556
24203,0.09773683156418987,0.00370111429815978,1.9784044807036752e-05,0.0036976550181861967,0.04356685100356117,90.88397095902474,138.1489317099622,0.13309826000477187,229.22145041602198,0.139602990653458,12.012529152,2026-01-07T01:55:18.846669
24204,0.09789705587822953,0.007685300265919182,1.9783026662770506e-05,0.0024221429775934666,0.05458424601238221,90.7248789051082,137.65508442692226,0.13333025499014184,228.57723696200992,0.13999644245117232,12.017478144,2026-01-07T01:59:07.424716
24205,0.09805728019226918,0.0066368669895844334,1.9782006153352006e-05,0.002560641005402431,0.05236434412654489,90.02762896585045,136.23688501605648,0.13367079599993303,226.45899529699818,0.14130593469264666,11.996768256,2026-01-07T02:02:53.884300
24206,0.09821750450630884,0.009865698612102847,1.9780983279056058e-05,0.002758158021606505,0.04280541397747584,89.2841448840627,134.66071148900664,0.13488266099011526,224.13109046698082,0.14277358814133048,11.99759104,2026-01-07T02:06:38.015985
24207,0.09837772882034848,0.005567213257947401,1.9779958040158112e-05,0.003448936069617048,0.041827941982774064,90.47094312612899,137.17629860289162,0.13324943100451492,227.8369901170081,0.14045129363570885,12.01537536,2026-01-07T02:10:25.853918
24208,0.09853795313438814,0.026617268561757612,1.977893043693425e-05,0.0030880499398335814,0.04256366303889081,89.83115047699539,135.68137790003675,0.13266033001127653,225.69865470699733,0.14178197048423924,11.99661312,2026-01-07T02:14:11.563780
24209,0.09869817744842779,0.017072285650268526,1.977790046966119e-05,0.0033664370130281895,0.04778146804892458,89.4292582050548,134.79090049196384,0.13357768399873748,224.4127937250014,0.14259436580613694,11.99682048,2026-01-07T02:17:55.977238
24210,0.09885840176246745,0.002449310904474089,1.977686813861629e-05,0.0029195080569479614,0.05029451102018356,89.93081402903772,136.38326255290303,0.1351442400191445,226.50846367698978,0.14127507414307172,12.020455936,2026-01-07T02:21:42.486372
24211,0.0990186260765071,6.421951187363106e-05,1.9775833444077546e-05,0.0031834100373089314,0.051060421916190535,90.17899440097972,136.8664864389575,0.13405047601554543,227.24174896001932,0.14081919430055984,12.01861888,2026-01-07T02:25:29.728748
24212,0.09917885039054676,0.02463243651259006,1.977479638632358e-05,0.0031575709872413427,0.05595692797214724,90.31433642902994,137.14191741103423,0.13497163500869647,227.65766477200668,0.14056192675105922,11.997228032,2026-01-07T02:29:17.387204
24213,0.09933907470458642,0.009181259370656392,1.9773756965633664e-05,0.0038613860378973186,0.051042516046436504,91.66199709000648,139.99639996903716,0.13370602900977246,231.85329542899854,0.1380183099868835,12.029609472,2026-01-07T02:33:09.241336
24214,0.09949929901862607,2.7473239818220918e-05,1.9772715182287696e-05,0.003079999005421996,0.04443942807847634,90.65636649201042,137.90812418595306,0.13321796600939706,228.75285209098365,0.13988896622487745,12.013164032,2026-01-07T02:36:57.994787
24215,0.09965952333266573,0.0034366119965660857,1.977167103656622e-05,0.004003191919764504,0.0467750659736339,89.16856204305077,134.91946003900375,0.1347906180017162,224.27991677098908,0.1426788473114827,11.99717376,2026-01-07T02:40:42.275584
24216,0.09981974764670538,0.021470735717528555,1.9770624528750406e-05,0.0036674560396932065,0.04512422802508809,91.98727380405762,140.29731975100003,0.13421725502121262,232.47425253599067,0.13764965216974254,11.996691456,2026-01-07T02:44:34.750591
24217,0.09997997196074504,0.016004574563567076,1.9769575659122062e-05,0.00284388501313515,0.05281096798717044,91.53175955801271,139.84563053198508,0.13232923598843627,231.57562033901922,0.13818380342953646,12.014089216,2026-01-07T02:48:26.326955
24218,0.1001401962747847,0.004531843624832277,1.976852442796364e-05,0.0035234069800935686,0.05379676993470639,91.18219284102088,138.902009272133,0.1329236530000344,230.2856165440171,0.13895787535598636,12.01367552,2026-01-07T02:52:16.613585
24219,0.10030042058882435,0.0012567494991913009,1.9767470835558224e-05,0.004137781070312485,0.05209733694209717,89.87036807002733,136.2276512690005,0.1337599869875703,226.29457495899987,0.14140860427519206,11.997754368,2026-01-07T02:56:02.908864
24220,0.10046064490286401,7.360530236155682e-05,1.9766414882189527e-05,0.0031510899716522545,0.0505926649493631,90.62642085104017,137.35684077296173,0.13448476200574078,228.17890334699769,0.14024083528588424,11.997674496,2026-01-07T02:59:51.088585
24221,0.10062086921690366,4.464605142473488e-05,1.9765356568141906e-05,0.0038697810377925634,0.05197378309094347,89.22316905597108,134.66825293394504,0.1342448680079542,224.08907788599026,0.14280035556342746,12.016237568,2026-01-07T03:03:35.178342
24222,0.10078109353094332,0.0026517419745095694,1.9764295893700352e-05,0.003207521978765726,0.06082666601287201,90.72575891693123,137.6004395930504,0.13442441198276356,228.53199834999396,0.1400241551775712,12.029187584,2026-01-07T03:07:23.710919
24223,0.10094131784498298,0.01870495255325011,1.9763232859150487e-05,0.0029859599890187383,0.050895681051770225,89.33689278896782,134.98117191001074,0.1347432780021336,224.51400333299534,0.14253008509468404,11.998006272,2026-01-07T03:11:08.225781
24224,0.10110154215902263,0.009955867442442923,1.9762167464778574e-05,0.003807907982263714,0.05119485000614077,89.23557204805547,134.5672749999212,0.1347259970207233,223.99907098300173,0.14285773534493068,12.013443072,2026-01-07T03:14:52.225466
24225,0.10126176647306229,0.025841903481662598,1.976109971087151e-05,0.0032448280544485897,0.051769643963780254,92.05172314704396,140.66143545796513,0.13371758899302222,232.91019271698315,0.13739201203136805,12.0118912,2026-01-07T03:18:45.136244
24226,0.10142199078710194,0.02340669845389165,1.9760029597716826e-05,0.0029218289419077337,0.05883513001026586,91.58698880800512,139.842081231036,0.13346809998620301,231.6318869460083,0.13815023666175533,12.011526144,2026-01-07T03:22:36.768965
24227,0.1015822151011416,0.00024994934379662936,1.9758957125602688e-05,0.003124583017779514,0.05323707903153263,91.1536606469599,138.82348704800825,0.13536494100117125,230.17913518397836,0.1390221575662057,12.013293056,2026-01-07T03:26:26.948710
24228,0.10174243941518125,0.003438851356392547,1.9757882294817905e-05,0.003150197007926181,0.051542697998229414,88.12306677803281,132.03478227791493,0.13341668900102377,220.35409130199696,0.1452208116986753,11.99758336,2026-01-07T03:30:07.303422
24229,0.10190266372922091,0.02178002911059096,1.9756805105651908e-05,0.003251539950724691,0.053203274961560965,90.52377081193845,137.78437895007664,0.13385121600003913,228.5055278390064,0.14004037583959722,12.012355072,2026-01-07T03:33:55.809541
24230,0.10206288804326057,0.0037049850407164797,1.975572555839477e-05,0.004029273986816406,0.05242187198018655,89.90278617298463,136.0063845590339,0.1333848459762521,226.1063754259958,0.1415263056590527,11.997279232,2026-01-07T03:37:41.916709
24231,0.10222311235730022,0.007825417507600463,1.9754643653337203e-05,0.004223463096423075,0.05245713400654495,91.10721563000698,138.34761786396848,0.13412349799182266,229.6533125359856,0.13934046779745773,11.99776256,2026-01-07T03:41:31.570626
24232,0.10238333667133988,0.010880389252335476,1.9753559390770547e-05,0.0030688139086123556,0.047932108951499686,91.02607655897737,138.30839274905156,0.13457222798024304,229.52729037599056,0.13941697280345416,12.019329536,2026-01-07T03:45:21.098530
24233,0.10254356098537953,0.005772012685447692,1.9752472770986778e-05,0.0028352710360195488,0.0534211989142932,89.75538950099144,136.02444401901448,0.1330625700065866,225.97798498600605,0.14160671448584533,11.996646912,2026-01-07T03:49:07.077267
24234,0.10270378529941919,0.002054677532328242,1.975138379427851e-05,0.004196208028588444,0.04701685393229127,90.20346546403016,136.7427330079663,0.13286190302460454,227.1379430819943,0.14088355105183087,11.996474368,2026-01-07T03:52:54.215834
24235,0.10286400961345885,0.009591341541899112,1.975029246093899e-05,0.002746685000602156,0.05727973202010617,88.5257787189621,132.95312162596383,0.1348206749826204,221.68120543600526,0.14435143447123547,12.001811968,2026-01-07T03:56:35.897636
24236,0.1030242339274985,0.018591702741439065,1.9749198771262098e-05,0.003285505954409018,0.052619301015511155,89.77502960598213,136.23215645100572,0.13311916499515064,226.20460403701873,0.14146484832272976,11.996614656,2026-01-07T04:00:22.102843
24237,0.10318445824153816,0.020214360024496614,1.9748102725542355e-05,0.0031324450974352658,0.05344039699411951,89.78208189900033,135.8972971610201,0.13379332699696533,225.87728861300275,0.1416698429332833,11.996557312,2026-01-07T04:04:07.980730
24238,0.10334468255557781,0.005948025103606369,1.97470043240749e-05,0.0027847489691339433,0.04842697308049537,88.94164755090605,133.75985747703817,0.13478997797938064,222.89384711100138,0.14356609845790838,12.020097536,2026-01-07T04:07:50.875439
24239,0.10350490686961747,0.030294744184761413,1.9745903567155533e-05,0.0033488970657344908,0.0503671660553664,91.52905979196657,139.9342951529834,0.13315484498161823,231.65764347900404,0.1381348766197748,12.019080704,2026-01-07T04:11:42.533697
24240,0.10366513118365712,0.005607619923939211,1.9744800455080663e-05,0.0027104320470243692,0.0501588660699781,90.56805816298584,138.0851643649803,0.1339315460063517,228.8462188919948,0.1398318930281412,12.039890944,2026-01-07T04:15:31.380708
24241,0.10382535549769678,0.013714712319547573,1.9743694988147344e-05,0.0038283639296423644,0.05280820495681837,92.17295387905324,140.54174973492627,0.13354705699020997,232.9113032479945,0.13739135694040447,12.025037824,2026-01-07T04:19:24.292623
24242,0.10398557981173644,0.024739748541781736,1.974258716665327e-05,0.003433260979363695,0.04906499499338679,91.74747830003616,140.12214847296127,0.13361994200386107,232.06520087600802,0.1378922814760906,12.011597312,2026-01-07T04:23:16.358522
24243,0.10414580412577609,0.0014978125380373797,1.9741476990896755e-05,0.00347372010583058,0.045608576998347417,90.0788301609864,136.1677593490167,0.13537529099266976,226.4371263459907,0.1413195818034925,11.996664832,2026-01-07T04:27:02.796237
24244,0.10430602843981575,0.01740052551526361,1.974036446117676e-05,0.0029051899909973145,0.05480546300532296,91.85264974698657,140.34063964994857,0.13589470798615366,232.39391040900955,0.13769723975847953,11.99722496,2026-01-07T04:30:55.190783
24245,0.1044662527538554,0.004794872419260798,1.9739249577792872e-05,0.002739087969530374,0.049792293983045965,90.04009344792576,136.52349758706987,0.13269130600383505,226.75626200000988,0.14112068931529045,11.997130752,2026-01-07T04:34:41.947629
24246,0.10462647706789505,0.02304935925776519,1.9738132341045315e-05,0.002952130977064371,0.04687515800469555,90.599183278071,137.7954995339678,0.1341947659966536,228.58481385197956,0.1399918019957426,12.011644416,2026-01-07T04:38:30.533025
24247,0.1047867013819347,3.577701165724534e-05,1.9737012751234944e-05,0.0031613150786142796,0.05289815092692152,91.07489767399966,139.06743126007495,0.13182199900620617,230.33983196498593,0.13892516863893664,12.01412608,2026-01-07T04:42:20.873436
24248,0.10494692569597436,0.008714209007325557,1.9735890808663254e-05,0.003273686015745625,0.05051560600986704,91.05032784806099,138.49948242097162,0.13296534199616872,229.7433125610114,0.1392858823322745,12.019839488,2026-01-07T04:46:10.617440
24249,0.10510715001001401,0.008201738967549943,1.9734766513632366e-05,0.0029579550900962204,0.050780435907654464,91.66956293501426,140.32546805997845,0.13355564398807473,232.18863916501869,0.13781897389586445,12.016315392,2026-01-07T04:50:02.806676
24250,0.10526737432405367,0.004948845064280505,1.973363986644504e-05,0.003939520043786615,0.04331422402174212,90.39837829305907,137.14897938005743,0.13348335400223732,227.737449526001,0.14051268276957904,12.01542656,2026-01-07T04:53:50.545028
24251,0.10542759863809333,0.009948784213925421,1.973251086740466e-05,0.003175319026922807,0.04800677308230661,91.04874671902508,138.54279075496015,0.13474998000310734,229.78367327302112,0.13926141724603164,12.0177792,2026-01-07T04:57:40.329507
24252,0.10558782295213298,0.03518292232232767,1.973137951681526e-05,0.003292781999334693,0.054381967056542635,91.26269764400786,139.3831429759739,0.13339220400666818,230.8433120260015,0.13862216634803617,12.013528064,2026-01-07T05:01:31.173500
24253,0.10574804726617264,0.031967970848159055,1.973024581498149e-05,0.0027788440056610852,0.048595208063488826,90.4983787680394,137.32651123593678,0.13357425699359737,228.01904030700098,0.14033915745332382,11.997156352,2026-01-07T05:05:19.193179
24254,0.1059082715802123,0.01051586811023597,1.9729109762208647e-05,0.003195629018591717,0.048183230916038156,90.76610767605598,138.13440206297673,0.1350767010007985,229.0934725010011,0.1396809767238574,12.013080064,2026-01-07T05:09:08.287503
24255,0.10606849589425195,0.02177637660426157,1.9727971358802654e-05,0.0030162539915181696,0.04608115702285431,89.40519867299008,135.34987074602395,0.13430222001625225,224.94563188799657,0.1422565965447741,11.998181376,2026-01-07T05:12:53.233843
24256,0.1062287202082916,0.013526322461645535,1.9726830605070065e-05,0.0029505459824576974,0.05102288900525309,92.08727370598353,141.19152514706366,0.13412612999673001,233.47494456800632,0.13705967490091459,12.016013312,2026-01-07T05:16:46.709664
24257,0.10638894452233126,0.007325490001441892,1.972568750131807e-05,0.003959622030379251,0.04807612605509348,90.10968326998409,136.5260900950525,0.13394422200508416,226.82814703299664,0.14107596618220827,11.997494272,2026-01-07T05:20:33.538396
24258,0.10654916883637092,0.0023842946787500097,1.9724542047854494e-05,0.0033093129459302872,0.04920008796034381,90.56062691900297,138.06507348595187,0.13345389199093916,228.81883058699896,0.13984863010578719,12.018559488,2026-01-07T05:24:22.357909
24259,0.10670939315041057,0.034916437244028486,1.9723394244987792e-05,0.002912371011916548,0.05350924204685725,90.8697231230035,138.2141260060016,0.1344320230127778,229.2821090479847,0.1395660574340886,12.030341632,2026-01-07T05:28:11.640618
24260,0.10686961746445023,0.004908800912808431,1.972224409302705e-05,0.002849330980097875,0.04633733403170481,89.90365507392562,136.27463397703832,0.13388098700670525,226.37017785999342,0.1413613767613485,11.997757952,2026-01-07T05:31:58.011441
24261,0.10702984177848988,0.011397187565853173,1.9721091592281987e-05,0.003535285999532789,0.05585147999227047,91.26312882400816,139.49760590004735,0.13285222899867222,230.96119040600024,0.13855141612211164,12.013133312,2026-01-07T05:35:48.973492
24262,0.10719006609252954,0.005031653147259618,1.9719936743062962e-05,0.002766945894109085,0.05027480304124765,90.71686694095843,138.21285187694593,0.1339694119815249,229.12301769599435,0.1396629649948934,12.010159616,2026-01-07T05:39:38.097112
24263,0.1073502904065692,0.012674053828149567,1.9718779545680957e-05,0.003138853033306077,0.0522227099572774,90.7047548450355,138.04482930299127,0.13462980897747912,228.9459658599808,0.13977097119750354,11.996709888,2026-01-07T05:43:27.043729
24264,0.10751051472060885,0.016564190332090334,1.9717620000447586e-05,0.003673235041787848,0.04834798802039586,91.20621838595252,138.7633141700935,0.13418351399013773,230.16458598698955,0.13903094545487052,11.996947456,2026-01-07T05:47:17.208899
24265,0.10767073903464851,0.018112944400641595,1.9716458107675108e-05,0.003227873967261985,0.04951557802269235,92.01094492894481,140.79559775302187,0.13335285100038163,233.00171257200418,0.13733804634638078,11.997696,2026-01-07T05:51:10.211327
24266,0.10783096334868816,2.9852568363963883e-05,1.9715293867676395e-05,0.002709839929593727,0.049198775057448074,90.42264290599269,137.18357702699723,0.1334322729962878,227.7976558599912,0.14047554562926587,11.997203456,2026-01-07T05:54:58.009639
24267,0.10799118766272782,0.00755104401513762,1.9714127280764973e-05,0.003067715937504545,0.04435111291240901,89.03400470508495,134.081874623982,0.13261180400149897,223.30361126599018,0.14330265336319573,12.009260544,2026-01-07T05:58:41.313852
24268,0.10815141197676748,0.006326024308060951,1.9712958347254978e-05,0.0035993199853692204,0.0482430370466318,89.84917151395348,136.01781668994226,0.13564712298102677,226.06131329401978,0.14155451693045848,11.99689984,2026-01-07T06:02:27.375799
24269,0.10831163629080713,0.00045675824083701855,1.9711787067461195e-05,0.0030944059835746884,0.0480665159993805,90.7972370510106,138.10413671500282,0.13466706400504336,229.0934957890131,0.13968096252488482,12.02290432,2026-01-07T06:06:16.469905
24270,0.10847186060484679,0.0003543112492785383,1.9710613441699028e-05,0.0031303389987442642,0.053549175907392055,90.9835501270718,138.14851026699762,0.13398866899660788,229.32934740299243,0.13953730895055277,12.019016192,2026-01-07T06:10:05.799835
24271,0.10863208491888644,0.0014433884344065007,1.9709437470284523e-05,0.0030272020085249096,0.04921568601275794,88.87062105900259,134.11825064601726,0.13407367901527323,223.18135894901934,0.14338115042712715,12.022876672,2026-01-07T06:13:48.981799
24272,0.1087923092329261,0.010709437260837618,1.970825915353435e-05,0.0030739550129510462,0.0598001130274497,88.5972515939502,132.828719024983,0.13314758299384266,221.62907272798475,0.1443853895435236,11.996797952,2026-01-07T06:17:30.611528
24273,0.10895253354696575,0.007349616889769095,1.9707078491765824e-05,0.003211459028534591,0.04635468698688783,90.6097690880124,137.45426609404967,0.13365884401719086,228.25501297001028,0.14019407321496322,12.02128896,2026-01-07T06:21:18.867177
24274,0.10911275786100541,0.0011512503240140859,1.9705895485296868e-05,0.0028758079861290753,0.049287473026197404,89.9687718989735,136.31889246104402,0.13451074899057858,226.48180476899142,0.14129170346659678,12.016780288,2026-01-07T06:25:05.349854
24275,0.10927298217504507,0.01598052918556192,1.970471013444606e-05,0.0035643260343931615,0.050279554998269305,91.28667323294212,139.3118563380558,0.13360696501331404,230.79324223598815,0.13865223994418222,12.022567936,2026-01-07T06:28:56.143685
24276,0.10943320648908472,0.0017343376773961694,1.9703522439532595e-05,0.0029438880155794322,0.05969154596095905,91.91911107805208,139.9430697140051,0.13254422100726515,232.06394739900134,0.13789302629150102,12.01122048,2026-01-07T06:32:48.208221
24277,0.10959343080312438,0.0017623818406065084,1.9702332400876303e-05,0.003372463077539578,0.04826276100357063,90.1653859569924,136.6144935420598,0.13352841199957766,226.9722991180024,0.1409863676067504,12.001962496,2026-01-07T06:36:35.181124
24278,0.10975365511716403,0.008635725782674797,1.9701140018797646e-05,0.003519716061418876,0.05062857799930498,90.1871437690279,136.35721695999382,0.13301009498536587,226.73858781100716,0.1411316896207931,11.997587456,2026-01-07T06:40:21.920339
24279,0.10991387943120369,0.011869065930643075,1.9699945293617717e-05,0.0031216280185617507,0.04778950396575965,90.23386102798395,137.00847408096888,0.1333747539902106,227.43380243101274,0.14070028139157778,12.008179712,2026-01-07T06:44:09.354738
24280,0.11007410374524335,0.0001783845447960175,1.9698748225658244e-05,0.002913078002166003,0.04870592011138797,88.25847588194301,132.53552382794442,0.13385288399877027,220.98543872998562,0.1448059210774502,12.009836544,2026-01-07T06:47:50.340783
24281,0.110234328059283,0.0034871294162837074,1.9697548815241575e-05,0.002862934023141861,0.05203891498968005,90.05754553002771,136.31724706100067,0.1337587329908274,226.57021243899362,0.14123657146067395,12.010243584,2026-01-07T06:51:36.911604
24282,0.11039455237332266,0.010575489247592884,1.9696347062690696e-05,0.003079927002545446,0.04320008002105169,91.50626145192655,139.39038470503874,0.13439888000721112,231.08445923999534,0.13847750777029122,12.019163648,2026-01-07T06:55:27.996685
24283,0.11055477668736231,0.0003410482842625129,1.9695142968329223e-05,0.0026267409848514944,0.04920275299809873,89.71015177408117,135.63184570800513,0.13292940700193867,225.5349220400094,0.14188490062006126,11.997600768,2026-01-07T06:59:13.532182
24284,0.11071500100140197,0.012688589421749441,1.9693936532481407e-05,0.002906531997723505,0.04898876108927652,89.83366129887872,135.97815781808458,0.13472985400585458,226.00576341798296,0.14158930956472152,12.024013312,2026-01-07T07:02:59.538524
24285,0.11087522531544163,0.013155436245350316,1.9692727755472124e-05,0.004250986967235804,0.0544662190368399,91.42692966005416,139.39842110601603,0.1341171200037934,231.02534366899636,0.13851294187813562,11.996726272,2026-01-07T07:06:50.564483
24286,0.11103544962948127,0.0007662036417137585,1.9691516637626873e-05,0.0028036099683959037,0.059737450937973335,90.71395238401601,137.93177098897286,0.1346620270051062,228.84935112300445,0.13982997916738812,12.028667392,2026-01-07T07:10:39.414637
24287,0.11119567394352092,0.005544837424725557,1.9690303179271804e-05,0.0025587580748833716,0.03945221105823293,91.70358318998478,139.64732168099727,0.13469289100612514,231.53530253699864,0.13820786570931876,12.01816832,2026-01-07T07:14:30.950516
24288,0.11135589825756058,0.018332732106294714,1.968908738073368e-05,0.00300907003111206,0.05949826000141911,90.13123597903177,136.52839814900653,0.13591991498833522,226.8643088180106,0.14105347891311645,12.022317056,2026-01-07T07:18:17.815496
24289,0.11151612257160023,1.958235722554491e-05,1.9687869242339894e-05,0.002837943029589951,0.056985492003150284,88.15293866198044,132.46461840701522,0.13405727897770703,220.82028438601992,0.14491422329689704,11.997815296,2026-01-07T07:21:58.636369
24290,0.11167634688563989,0.02867294242288443,1.9686648764418483e-05,0.003126238938421011,0.05769931001123041,90.33262971896329,137.45732791503542,0.1348962339980062,227.99281351498212,0.14035530114591607,12.028902912,2026-01-07T07:25:46.629799
24291,0.11183657119967955,0.03392671244568213,1.96854259472981e-05,0.002923022024333477,0.04935020502307452,90.71272899501491,138.03536454003188,0.13468567101517692,228.94313866901211,0.13977269721222382,12.01915136,2026-01-07T07:29:35.573765
24292,0.1119967955137192,0.012740042997945622,1.9684200791308036e-05,0.002955695992568508,0.04858048493042588,91.81906933806022,140.42240205299458,0.1327606340055354,232.4328956679965,0.13767414422142854,12.011833344,2026-01-07T07:33:28.007277
24293,0.11215701982775886,8.500884998596803e-06,1.968297329677821e-05,0.003294994094176218,0.0512265719298739,90.08971653602202,136.22954623101396,0.13438882102491334,226.51521386599052,0.14127086412364176,11.996679168,2026-01-07T07:37:14.523206
24294,0.11231724414179851,0.00560582117512054,1.968174346403917e-05,0.0028430380043573678,0.05477759396308102,89.88361073899432,136.60294621405774,0.13461005099816248,226.68540207500337,0.1411648024402214,11.996670976,2026-01-07T07:41:01.219848
24295,0.11247746845583817,0.007643139547244715,1.968051129342209e-05,0.0028812239761464298,0.048250564985210076,90.40351324703079,137.165190995991,0.13457611299236305,227.76096816698555,0.1404981734031743,11.999658496,2026-01-07T07:44:48.981559
24296,0.11263769276987783,0.018390448474690402,1.9679276785258778e-05,0.0028161999653093517,0.05225408502155915,89.38094495798578,134.68455157903372,0.1340691549994517,224.26422485199873,0.1426888306466095,12.011602944,2026-01-07T07:48:33.246508
24297,0.11279791708391748,0.02354575498205591,1.9678039939881674e-05,0.0028021650796290487,0.049449516052845865,91.16497118107509,138.71157097499236,0.13398159699863754,230.0696387779899,0.13908832199662388,11.997576192,2026-01-07T07:52:23.317075
24298,0.11295814139795714,0.017439234670671766,1.9676800757623843e-05,0.002631475101225078,0.04510314590879716,90.92651715502143,138.6535030179948,0.13301567500457168,229.76702265802305,0.13927150915659314,11.997205504,2026-01-07T07:56:13.084794
24299,0.1131183657119968,0.020686845134614273,1.967555923881898e-05,0.002744628000073135,0.05046885210322216,91.1990353410365,138.7582391790056,0.13545283101848327,230.15257733798353,0.13903819965920858,12.005458944,2026-01-07T08:00:03.238049
24300,0.11327859002603645,0.00837514022770236,1.9674315383801406e-05,0.0028084999066777527,0.049830676027340814,90.7274199500389,137.57299523294205,0.1344731439894531,228.49618055700557,0.14004610458692807,12.011831808,2026-01-07T08:03:51.734985
24301,0.1134388143400761,0.02085682568289826,1.967306919290608e-05,0.003294469934189692,0.051560839026933536,90.56893019098788,137.96714395200252,0.13416629799758084,228.73183333000634,0.13990182098453918,12.015410176,2026-01-07T08:07:40.467511
24302,0.11359903865411576,0.008058425574812844,1.967182066646858e-05,0.004523230076301843,0.05215910100378096,91.40580440801568,139.41794490005122,0.13486018401454203,231.02185380001902,0.13851503428632503,12.016543744,2026-01-07T08:11:31.490170
24303,0.11375926296815542,0.029319715005460267,1.9670569804825122e-05,0.0031527529354207218,0.05588267304119654,89.00994468602585,134.47899694394437,0.13335983199067414,223.6907907880086,0.14305461520016866,11.996620288,2026-01-07T08:15:15.181576
24304,0.11391948728219507,0.013371433355146678,1.9669316608312542e-05,0.002855246013496071,0.05913784803124145,91.62309056293452,140.1009863220388,0.1332941330038011,231.92623238399392,0.1379749055165889,11.996773888,2026-01-07T08:19:07.108505
24305,0.11407971159623473,0.007721934819471699,1.9668061077268313e-05,0.002856959996279329,0.05982737400336191,90.96521307199146,138.45880795904668,0.13418563501909375,229.6300322909956,0.1393545943478701,12.01090304,2026-01-07T08:22:56.739150
24306,0.11423993591027438,0.012696289453264953,1.966680321203053e-05,0.00312897699768655,0.050661055895034224,90.34697818604764,137.11072527899523,0.13436442500096746,227.65352059100405,0.14056448552574904,12.029994496,2026-01-07T08:26:44.393423
24307,0.11440016022431404,0.030239735843718307,1.966554301293792e-05,0.0031560670176986605,0.058082664996618405,91.8143215449818,140.6874293909932,0.13504144697799347,232.70658204401843,0.13751222556286322,12.02029312,2026-01-07T08:30:37.100598
24308,0.1145603845383537,0.007753356923899446,1.966428048032984e-05,0.0031036988948471844,0.05603621495538391,91.07692354102619,138.9046063249989,0.13237882201792672,230.18038371298462,0.13902140349153855,12.009455616,2026-01-07T08:34:27.281599
24309,0.11472060885239335,0.0008264996754387965,1.9663015614546268e-05,0.0030000009282957762,0.05250440401141532,89.84518792203744,136.17482664989075,0.1330970280105248,226.21870306000346,0.14145603156213016,12.018529792,2026-01-07T08:38:13.500882
24310,0.11488083316643301,0.025336706171611212,1.9661748415927824e-05,0.002516620937967673,0.053320128994528204,89.6676089290122,135.68879014303093,0.13375498898676597,225.55213241599267,0.14187407433143406,12.019075584,2026-01-07T08:41:59.053595
24311,0.11504105748047266,0.00024476367125458864,1.966047888481574e-05,0.0035036689951084554,0.04727175398147665,92.25325350099592,141.41100458908477,0.13355123202200048,233.8553435379872,0.13683672785010342,12.014526464,2026-01-07T08:45:52.909561
24312,0.11520128179451232,0.012441294497298472,1.9659207021551885e-05,0.003024672972969711,0.045633904956048355,89.02074836404063,134.56994176204898,0.13456723999115638,223.77989236600115,0.1429976556949214,11.997553664,2026-01-07T08:49:36.690241
24313,0.11536150610855198,0.017272819549130958,1.9657932826478755e-05,0.0036792370083276182,0.053282576001947746,91.15870438300772,139.03837259692955,0.13425637601176277,230.3945297320024,0.1388921865342149,11.99783424,2026-01-07T08:53:27.085613
24314,0.11552173042259163,0.005719389928216856,1.965665629993948e-05,0.0025021259498316795,0.05262296998989768,89.27036157608381,134.7935716799111,0.1334324819908943,224.26025967899477,0.14269135354522763,12.013892096,2026-01-07T08:57:11.346643
24315,0.11568195473663129,0.0041197172238014446,1.9655377442277805e-05,0.0030724989774171263,0.04819675805629231,89.73808538500452,135.67018323409138,0.1348716520005837,225.6004658989841,0.14184367870201325,12.01844992,2026-01-07T09:00:56.947734
24316,0.11584217905067094,1.313717730866415e-05,1.9654096253838113e-05,0.002780590089969337,0.04698142598499544,89.25283341502654,134.7445182550291,0.13472520900540985,224.18969779199688,0.14273626449012652,12.027014144,2026-01-07T09:04:41.138030
24317,0.1160024033647106,0.020221696338023065,1.9652812734965408e-05,0.003329761966597289,0.04867903998820111,89.91751820899663,136.703310101002,0.1339413189853076,226.81451642900356,0.1410844442578546,12.0124288,2026-01-07T09:08:27.953130
24318,0.11616262767875025,0.005033441231873326,1.9651526886005324e-05,0.002684239996597171,0.04276646106154658,90.30252425797516,136.56706521098386,0.13486271898727864,227.05861060600728,0.14093277464613085,11.996678144,2026-01-07T09:12:15.012342
24319,0.11632285199278991,0.015312453630667022,1.9650238707304127e-05,0.002702172991121188,0.05646145803621039,90.57560305602965,137.83880667301128,0.1347214560082648,228.61421699798666,0.1399737969939193,12.014593024,2026-01-07T09:16:03.627210
24320,0.11648307630682957,0.007207183712381493,1.9648948199208704e-05,0.0026100480754394084,0.04304651208803989,92.3253048119659,141.22308376408182,0.13479395300964825,233.73543533601332,0.13690692621765907,12.016264192,2026-01-07T09:19:57.363242
24321,0.11664330062086922,0.021923315770347784,1.964765536206657e-05,0.0029809270636178553,0.048211421963060275,91.36890743498225,139.56849131008494,0.13470249599777162,231.13026160301524,0.13845006611450372,11.997513728,2026-01-07T09:23:48.494073
24322,0.11680352493490888,0.008449450931234281,1.9646360196225875e-05,0.002741849049925804,0.04944598092697561,90.96902326101554,138.1931865309889,0.13337177797802724,229.3560234909819,0.13952107955541973,12.020713984,2026-01-07T09:27:37.850754
24323,0.11696374924894853,0.005302785851402092,1.9645062702035383e-05,0.002874425961636007,0.06007487190072425,89.78086597501533,135.66721130601945,0.13539129300625063,225.65482033599983,0.14180951221140337,12.016582656,2026-01-07T09:31:23.506159
24324,0.11712397356298819,0.01658334639658765,1.9643762879844492e-05,0.002465340046910569,0.04829620601958595,90.9234023730096,137.74848189900513,0.13528495299397036,228.86479353700997,0.1398205442849175,12.015794176,2026-01-07T09:35:12.371795
24325,0.11728419787702783,0.002979080586433369,1.964246073000323e-05,0.002699579927138984,0.05489814799511805,89.95354045293061,136.2436475289578,0.13347871901351027,226.39522022398887,0.1413457402870084,12.011668992,2026-01-07T09:38:58.767687
24326,0.11744442219106749,0.002597249568005111,1.964115625286225e-05,0.0027986859786324203,0.05236226203851402,94.12516574299661,144.92977656502626,0.13427213099203072,239.2529580249975,0.13374965251905724,12.014491648,2026-01-07T09:42:58.021448
24327,0.11760464650510714,0.017999416121387668,1.963984944877283e-05,0.0037751549971289933,0.052954453916754574,92.1320504800824,140.88590487095644,0.1330456809955649,233.21495891999803,0.13721246762295924,12.005348352,2026-01-07T09:46:51.237157
24328,0.1177648708191468,0.033881828909507306,1.9638540318086873e-05,0.003020465053850785,0.0545677320624236,90.01932325100643,136.43769864403293,0.13369966400205158,226.65631997399032,0.14118291518927037,12.017859072,2026-01-07T09:50:37.894317
24329,0.11792509513318646,0.011655352748160652,1.9637228861156912e-05,0.0028673590277321637,0.04568288699374534,90.03384400997311,136.37416213098913,0.13431697100168094,226.59686163099832,0.1412199611665867,12.013858304,2026-01-07T09:54:24.491835
24330,0.11808531944722611,0.007631494570237152,1.96359150783361e-05,0.0031227520084939897,0.047489603981375694,90.48660011499305,137.26578498003073,0.13415489500039257,227.94346657098504,0.1403856863343557,12.007961088,2026-01-07T09:58:12.435894
24331,0.11824554376126577,0.028375802255759197,1.9634598969978226e-05,0.002860968990717083,0.048452807939611375,90.49541233800119,137.17920599598438,0.13338923300034367,227.8680619649822,0.14043214184582667,12.016557056,2026-01-07T10:02:00.304785
24332,0.11840576807530542,1.4137909985834085e-05,1.9633280536437698e-05,0.003626236954005435,0.04945610091090202,90.20898982512881,136.55582654487807,0.13478183400002308,226.9622994689853,0.14099257927360243,12.006331904,2026-01-07T10:05:47.267677
24333,0.11856599238934508,0.003233844692516641,1.9631959778069556e-05,0.00391959905391559,0.047644289035815746,92.36063437297707,141.09688254800858,0.13573259999975562,233.65182553901104,0.13695591689120873,11.997133824,2026-01-07T10:09:40.920258
24334,0.11872621670338473,0.019140700262243016,1.963063669522946e-05,0.0036483940202742815,0.050336380052613094,89.81100874202093,135.69089199687005,0.1342541050107684,225.69696795399068,0.14178303009601503,11.997545472,2026-01-07T10:13:26.618065
24335,0.11888644101742439,0.00927299937803383,1.96293112882737e-05,0.003133510093903169,0.05663672700757161,89.56216188202961,135.5911107279826,0.1333330399938859,225.35457147599664,0.1419984506655923,12.012412416,2026-01-07T10:17:11.973359
24336,0.11904666533146405,0.00018606548162303227,1.9627983557559193e-05,0.0030021779239177704,0.05260345895658247,89.57089589998941,135.55322498996975,0.13264183199498802,225.31952582701342,0.14202053675795345,11.997067264,2026-01-07T10:20:57.293589
24337,0.1192068896455037,0.007719029658446175,1.9626653503443473e-05,0.0036827449803240597,0.05309777506045066,89.6853372969781,135.45824009898934,0.13293492200318724,225.33962549897842,0.14200786891848755,11.997370368,2026-01-07T10:24:42.633812
24338,0.11936711395954336,8.306037772243258e-06,1.962532112628471e-05,0.0028607559797819704,0.056110873963916674,90.08107772102812,136.58186596501037,0.13379802298732102,226.86356124200393,0.14105394372199065,12.001754112,2026-01-07T10:28:29.498228
24339,0.11952733827358301,0.03814924624360572,1.962398642644169e-05,0.0026675989211071283,0.04657295695506036,91.75590787112014,140.21967601997312,0.1325784740038216,232.16443186198012,0.13783334399398328,12.016618496,2026-01-07T10:32:21.663289
24340,0.11968756258762267,0.033996753550262326,1.9622649404273838e-05,0.003247737913625315,0.05472748199827038,90.01646969706053,136.39247544691898,0.13460217000101693,226.6081697490008,0.14121291405973724,12.018336256,2026-01-07T10:36:08.272091
24341,0.11984778690166233,0.01758309825460813,1.962131006014119e-05,0.003338585898745805,0.05658373306505382,90.70315574193955,138.25250530001358,0.13415577801060863,229.1572084579966,0.13964212697182268,12.009024512,2026-01-07T10:39:57.430139
24342,0.12000801121570198,0.01175677535002606,1.961996839440442e-05,0.003051178966416046,0.047370663000037894,89.88884106700425,135.76339058196754,0.134726274991408,225.8451376390003,0.1416900108389761,12.012875264,2026-01-07T10:43:43.275928
24343,0.12016823552974164,0.0008312667190608636,1.9618624407424814e-05,0.003309070918476209,0.04643424891401082,90.94958468200639,138.72398422603146,0.13447723299032077,229.86534213199047,0.1392119390561512,11.997346816,2026-01-07T10:47:33.141964
24344,0.1203284598437813,0.010970715573057177,1.9617278099564294e-05,0.004175491951173171,0.05078412898001261,89.37182661905535,135.06383747101063,0.1343455919995904,224.63168735502404,0.14245541391239652,12.026484736,2026-01-07T10:51:17.774348
24345,0.12048868415782095,0.003194592792404194,1.9615929471185403e-05,0.0035974080383311957,0.05650582298403606,89.96992493604193,136.0579845898901,0.1340865429956466,226.2296014679887,0.14144921704478172,12.00709376,2026-01-07T10:55:04.004697
24346,0.1206489084718606,0.032683016225568906,1.9614578522651302e-05,0.002825759002007544,0.04971688010846265,92.0175946719828,140.50463812297676,0.1348478120053187,232.71807957999408,0.13750543171271049,11.996623872,2026-01-07T10:58:56.723474
24347,0.12080913278590026,0.007855801304685883,1.9613225254325792e-05,0.003159166983095929,0.052246180013753474,90.85451115397154,138.39360680396203,0.1328590949997306,229.44444863699027,0.13946730980023836,11.9974144,2026-01-07T11:02:46.168515
24348,0.12096935709993992,0.014274281530138211,1.9611869666573286e-05,0.002632685995195061,0.053882494976278394,92.62546925296192,141.79003467806615,0.13416665900149383,234.6137757159886,0.13639437796158038,11.997643776,2026-01-07T11:06:40.782920
24349,0.12112958141397957,0.006828146378762057,1.9610511759758828e-05,0.0028401569870766252,0.05238266600645147,88.59355567605235,133.2077122470073,0.13376574500580318,222.00087803101633,0.144143574042663,12.012037632,2026-01-07T11:10:22.784517
24350,0.12128980572801923,0.012231420381230151,1.9609151534248082e-05,0.002963227918371558,0.050621691916603595,90.37178303307155,137.48949038996943,0.13557887001661584,228.05767316900892,0.14031538406640431,11.996690432,2026-01-07T11:14:10.842899
24351,0.12145003004205888,0.017457156297215448,1.960778899040734e-05,0.00302538595860824,0.04857881704811007,90.67894138797419,137.62973810199765,0.13526876497780904,228.5019405290077,0.14004257436902462,12.028663296,2026-01-07T11:17:59.345432
24352,0.12161025435609854,0.0018259145927466136,1.9606424128603516e-05,0.0031092109566088766,0.05137839796952903,91.77289513795404,140.09770296607167,0.13323890400351956,232.06462847199873,0.1378926215972684,12.027638784,2026-01-07T11:21:51.410764
24353,0.1217704786701382,0.010410104019078048,1.9605056949204148e-05,0.002855764963896945,0.05099872100981884,89.79769833301543,135.7818785169802,0.1325654050160665,225.77441222700872,0.14173439622478146,12.017644032,2026-01-07T11:25:37.185779
24354,0.12193070298417785,0.016195278861275142,1.9603687452577403e-05,0.0030335259798448533,0.04821519702090882,91.31943167495774,139.2327225029294,0.13517391798086464,230.74578308998025,0.13868075754832526,12.008677376,2026-01-07T11:29:27.932261
24355,0.12209092729821751,0.00029020881477848093,1.9602315639092066e-05,0.002973555034259334,0.05400649204966612,89.60530037098215,135.08090120297857,0.13520487101050094,224.8867985830002,0.14229381271657698,12.006342144,2026-01-07T11:33:12.819741
24356,0.12225115161225716,0.02594301019085421,1.9600941509117545e-05,0.003680057969177142,0.05011978402035311,89.95804703806061,136.22594723990187,0.13369943900033832,226.37763926500338,0.141356717491607,12.01402368,2026-01-07T11:36:59.197995
24357,0.12241137592629682,0.01653960274309796,1.959956506302388e-05,0.002949382003862411,0.04470369388582185,91.99409227410797,140.70926745192264,0.13368701399303973,232.8915349500021,0.1374030189928108,12.0148736,2026-01-07T11:40:52.090199
24358,0.12257160024033648,0.0026011336466940094,1.9598186301181728e-05,0.003376187989488244,0.05289307705243118,91.45834218294476,140.01486102998024,0.1330134489980992,231.6709332060127,0.1381269525579374,11.996976128,2026-01-07T11:44:43.761725
24359,0.12273182455437613,0.012726306227277107,1.959680522396237e-05,0.0030159019224811345,0.05116581203765236,91.83262539797579,140.86625357792946,0.13410525501240045,232.89469863197883,0.13740115248637125,12.027648,2026-01-07T11:48:36.657108
24360,0.12289204886841579,0.016724164641738426,1.9595421831737717e-05,0.002913486008765176,0.0465199850150384,90.4511519719963,137.36518264302867,0.13503605700680055,228.00852530400152,0.1403456294335254,12.016918528,2026-01-07T11:52:24.666205
24361,0.12305227318245544,0.01940629665968885,1.959403612488029e-05,0.0029399519553408027,0.05194231108180247,91.11319807902328,139.04141157792765,0.13333446500473656,230.35155307099922,0.13891809963242108,12.01183488,2026-01-07T11:56:15.018380
24362,0.1232124974964951,0.000898637834051641,1.9592648103763244e-05,0.003780983970500529,0.04909250093623996,89.37683794199256,134.46337669200148,0.13549733901163563,224.0347928510164,0.14283495698491827,11.99752192,2026-01-07T11:59:59.053822
24363,0.12337272181053476,0.009612466804082231,1.9591257768760356e-05,0.0028350570355542004,0.04544002198963426,89.35598282003775,135.0586625399883,0.13420883999788202,224.6046765439969,0.14247254550700172,12.016408576,2026-01-07T12:03:43.659171
24364,0.12353294612457441,0.0038830325734817706,1.9589865120246025e-05,0.003067874873522669,0.051741314033279195,90.95963006088277,138.59190556005342,0.13378411400481127,229.74859702397953,0.13928267860830534,12.013645824,2026-01-07T12:07:33.408470
24365,0.12369317043861405,0.012117099307011436,1.9588470158595273e-05,0.003071218030527234,0.05520260406774469,89.98439606899046,136.6740883049206,0.13528009899891913,226.8583694669942,0.14105717181686658,12.011746816,2026-01-07T12:11:20.267465
24366,0.12385339475265371,8.777727061826113e-05,1.9587072884183742e-05,0.0036358460783958435,0.04205300490139052,89.82923384313472,136.30414842796745,0.13432158599607646,226.3211954270082,0.14139197143963678,12.006024704,2026-01-07T12:15:06.589277
24367,0.12401361906669336,0.002544163384470721,1.9585673297387702e-05,0.002996464987518266,0.051385466067586094,92.8365775840357,142.54905377194518,0.13522133900551125,235.58206082400284,0.1358337722663287,12.025606144,2026-01-07T12:19:02.172082
24368,0.12417384338073302,0.004656336515331816,1.958427139858404e-05,0.003298804018413648,0.051606255903607234,90.47867921806755,137.07928479701513,0.13606820700806566,227.75531014698208,0.14050166373442083,11.996673024,2026-01-07T12:22:49.928010
24369,0.12433406769477268,0.006626240741558931,1.9582867188150275e-05,0.002739510906394571,0.04645243001868948,90.66791069196188,138.07659352300107,0.13480477198027074,228.93631754798116,0.13977686171742212,11.998365696,2026-01-07T12:26:38.864939
24370,0.12449429200881233,0.00023097041288799858,1.9581460666464536e-05,0.003348525147885084,0.048349263990530744,89.99538613093318,136.39775758006726,0.13347381001221947,226.58595014101593,0.14122676176561158,12.012406272,2026-01-07T12:30:25.451475
24371,0.12465451632285199,4.8334846173503365e-05,1.9580051833905585e-05,0.0030082710727583617,0.05551206896780059,89.74192529899301,135.95103148405906,0.1358995400078129,225.89577742101392,0.14165824773413052,11.997651968,2026-01-07T12:34:11.348148
24372,0.12481474063689164,0.04141858670816667,1.9578640690852796e-05,0.003873860987368971,0.04728179197991267,90.95128170092357,138.10235951608047,0.13270608900347725,229.24606717799907,0.1395879998898889,12.009747968,2026-01-07T12:38:00.594808
24373,0.1249749649509313,0.014756273431483002,1.9577227237686176e-05,0.003021644923137501,0.05017441196832806,91.00109604903264,138.78304816197488,0.13406525301979855,229.97917258300004,0.13914303473916154,11.997857792,2026-01-07T12:41:50.574771
24374,0.12513518926497097,1.1969489808194567e-05,1.9575811474786348e-05,0.0030946249898988754,0.05678324893233366,90.59526471106801,137.35571714796242,0.13443096601986326,228.15345816500485,0.14025647587097717,11.997822976,2026-01-07T12:45:38.728915
24375,0.1252954135790106,0.00815568974930958,1.957439340253456e-05,0.003703525959281251,0.045462073059752584,90.20612060901476,136.6285922259267,0.13381028300500475,227.02788518599118,0.14095184815638043,12.017250304,2026-01-07T12:49:25.757668
24376,0.12545563789305028,2.1464525644887544e-05,1.9572973021312677e-05,0.0030327459680847824,0.04810482691391371,89.89860130209127,136.31078797200462,0.1347363360109739,226.40146243598429,0.141341843182873,11.997324288,2026-01-07T12:53:12.159754
24377,0.12561586220708992,0.02471925971827993,1.957155033150319e-05,0.003097655135206878,0.0563812350446824,91.96006442495855,140.66089479700895,0.13448428100673482,232.82230644999072,0.1374438750647523,11.996598272,2026-01-07T12:57:04.982663
24378,0.1257760865211296,2.4573165511299067e-05,1.957012533348921e-05,0.0029842130898032337,0.05253541108686477,89.83827554693562,135.87443577000522,0.13352176701300777,225.90962541598128,0.14164956424975886,12.020475392,2026-01-07T13:00:50.893039
24379,0.12593631083516924,0.01805501739525539,1.956869802765447e-05,0.003187701920978725,0.048279340961016715,90.61130844501895,137.55890703006298,0.13526195799931884,228.36440141900675,0.1401269190870335,12.016724992,2026-01-07T13:04:39.258118
24380,0.1260965351492089,0.0433660688951214,1.9567268414383325e-05,0.0032367109379265457,0.048098992090672255,91.23760428890819,139.31952125401585,0.13460208399919793,230.7510229589825,0.13867760840084425,12.020903424,2026-01-07T13:08:30.010000
24381,0.12625675946324855,0.021165963137683264,1.956583649406075e-05,0.003752696036826819,0.05378416899475269,89.81490774196573,136.20708805602044,0.13353656898834743,226.22056114702718,0.14145486969772958,11.996735488,2026-01-07T13:12:16.231154
24382,0.12641698377728822,0.00451750266170059,1.9564402267072342e-05,0.00315857699024491,0.05091246697702445,90.55515608101268,137.59653853494092,0.13359012801083736,228.34789324802114,0.14013704941539815,12.020746752,2026-01-07T13:16:04.579691
24383,0.12657720809132786,0.03987899148189111,1.956296573380432e-05,0.002983313985168934,0.04829019101453014,90.39776291686576,137.34388116115588,0.13285867299418896,227.93477744600386,0.14039103799147357,12.011129344,2026-01-07T13:19:52.515260
24384,0.12673743240536753,0.006236625669075124,1.9561526894643524e-05,0.0030282389489002526,0.04860622502746992,88.90247264597565,134.0962497369619,0.1335865129949525,223.19245244999183,0.14337402384684075,12.021392384,2026-01-07T13:23:35.708429
24385,0.12689765671940717,0.019777755070606418,1.9560085749977413e-05,0.0032702219614293426,0.051724170945817605,90.13725354505004,136.6672827450093,0.13516937600797974,227.00182173002395,0.14096803169297026,12.018887168,2026-01-07T13:27:22.711046
24386,0.1270578810334468,0.0076938806386248615,1.9558642300194068e-05,0.0027205099759157747,0.052023944968823344,90.94967468502,138.53025769200758,0.1364151430025231,229.6782755930035,0.1393253232913718,11.997577728,2026-01-07T13:31:12.389923
24387,0.12721810534748648,0.05323570198763683,1.955719654568219e-05,0.0036965950566809624,0.051539873995352536,91.68533188503352,140.068137647002,0.1356465680000838,231.95082633401034,0.13796027591606783,12.010949632,2026-01-07T13:35:04.341377
24388,0.12737832966152612,0.026167983395055217,1.9555748486831103e-05,0.003204785956768319,0.05036564596230164,91.38953298403067,139.36867397706374,0.1348560320038814,230.95398714201292,0.13855573742627486,12.018981376,2026-01-07T13:38:55.295981
24389,0.1275385539755658,0.006908456349602687,1.955429812403075e-05,0.003213876043446362,0.04994883292238228,90.91256106205401,138.12903275503777,0.1343562469992321,229.23716983999475,0.13959341769197237,12.016620544,2026-01-07T13:42:44.533837
24390,0.12769877828960544,6.744327306762443e-05,1.9552845457671698e-05,0.0031362060108222067,0.052291185973444954,89.78680446898215,136.1355474019947,0.13475118202040903,226.12000346399145,0.1415177760029349,11.997380608,2026-01-07T13:46:30.654414
24391,0.1278590026036451,0.008896702958207214,1.955139048814512e-05,0.003732035984285176,0.04734739995910786,90.63742190101766,137.6309138010256,0.1338418189843651,228.45951217997936,0.1400685823700374,12.020826624,2026-01-07T13:50:19.114791
24392,0.12801922691768475,0.01355830623260701,1.954993321584283e-05,0.0034123250225093216,0.04526207712478936,91.53526020393474,139.492739103036,0.13437275201431476,231.2215439879801,0.13839540835201541,12.032751616,2026-01-07T13:54:10.336974
24393,0.12817945123172442,3.21608325748457e-06,1.9548473641157253e-05,0.0029245750920381397,0.055235813022591174,89.61299213397433,135.77237565405085,0.13481603702530265,225.58698162800283,0.14185215728790856,12.015638528,2026-01-07T13:57:55.924533
24394,0.12833967554576406,0.019727348562263103,1.9547011764481426e-05,0.0032516369537916034,0.04942863908945583,90.78698744796566,138.0528717589914,0.13490861098398454,229.0355716769991,0.13971628845989253,12.014406656,2026-01-07T14:01:44.960747
24395,0.12849989985980373,0.014639569915029682,1.9545547586209015e-05,0.0034414919500704855,0.0527472619432956,91.34478780406062,139.34895507400506,0.13445866599795409,230.89075762301218,0.13859368096599228,11.997550592,2026-01-07T14:05:35.852089
24396,0.12866012417384337,0.011169303774742012,1.9544081106734306e-05,0.0033127478964161128,0.05059393297415227,89.2826037480263,134.77235839900095,0.13526894099777564,224.25122355500935,0.14269710324300783,11.99795712,2026-01-07T14:09:20.104159
24397,0.12882034848788304,0.024652451727678937,1.9542612326452198e-05,0.0026916680217254907,0.04727997607551515,89.25221941800555,134.62318636695272,0.13445097699877806,224.06742323201615,0.1428141562857391,12.012308992,2026-01-07T14:13:04.172302
24398,0.12898057280192268,2.754300695428924e-05,1.9541141245758218e-05,0.003803212952334434,0.048942426074063405,90.76055438598269,137.96704753203085,0.13522902198019437,228.9219637789938,0.13978562594759797,11.997514752,2026-01-07T14:16:53.094866
24399,0.12914079711596235,0.012766068617056092,1.953966786504851e-05,0.003355032007675618,0.055249798111617565,91.25919713499025,139.14380322600482,0.13402051600860432,230.60269837701344,0.13876680639566086,12.021218304,2026-01-07T14:20:43.698360
24400,0.129301021430002,0.03602695627165886,1.9538192184719834e-05,0.004555983003228903,0.04573424893897027,89.32675911395927,134.82583522310597,0.13290617999155074,224.34418139897753,0.1426379761688165,12.015793152,2026-01-07T14:24:28.043115
24401,0.12946124574404166,0.023564809560998157,1.9536714205169568e-05,0.0030283249798230827,0.05603115903795697,89.61574174594716,135.63810481791734,0.13406134300748818,225.4542693939875,0.14193565766580862,11.997197312,2026-01-07T14:28:13.498115
24402,0.1296214700580813,0.019582459805334018,1.9535233926795715e-05,0.003032864071428776,0.04799462205846794,91.70560278202174,139.56658225195133,0.13473616301780567,231.46534512500511,0.13824963725225514,12.017312768,2026-01-07T14:32:04.964055
24403,0.12978169437212098,0.0043121580167841955,1.9533751349996896e-05,0.003147358016576618,0.04964702608413063,92.00143295989255,140.7273354520148,0.13348221601336263,232.92201605899027,0.13738503788278913,11.997387776,2026-01-07T14:35:57.886644
24404,0.12994191868616062,0.005754104444301689,1.9532266475172344e-05,0.0029460770019795746,0.05572299097548239,89.09078926904476,134.5470703339961,0.1333730679762084,223.8378480609972,0.14296063099784537,12.021292032,2026-01-07T14:39:41.725164
24405,0.1301021430002003,0.02097188115329729,1.9530779302721917e-05,0.002988447988172993,0.047336347022792324,91.62773601297522,140.0338047730038,0.13351387300645,231.85170165699674,0.13801925873867882,12.013880832,2026-01-07T14:43:33.577441
24406,0.13026236731423993,5.29052039155431e-06,1.9529289833046095e-05,0.0029174550145398825,0.049453750922111794,89.5826266950171,135.40129959804472,0.13456621000659652,225.17889498500153,0.14210923275971943,11.997539328,2026-01-07T14:47:18.756957
24407,0.1304225916282796,6.012351457584941e-06,1.952779806654597e-05,0.003113746060989797,0.050786841922672465,90.98800808103988,138.5323282169702,0.134788062016014,229.7159080579877,0.13930249877131787,11.997489152,2026-01-07T14:51:08.473664
24408,0.13058281594231924,0.018314151701513737,1.9526304003623255e-05,0.002912737982114777,0.04789243594859727,91.71394010604126,139.89683107699966,0.13460851000854746,231.80321532400558,0.1380481282594447,12.01177344,2026-01-07T14:55:00.277707
24409,0.1307430402563589,0.03800257280045294,1.9524807644680282e-05,0.0032648880151100457,0.05672327405773103,91.85851501399884,140.4545311720285,0.13306507302331738,232.5142769390077,0.13762595751655338,11.997056,2026-01-07T14:58:52.792583
24410,0.13090326457039855,0.013025600187769548,1.952330899012e-05,0.003030174964806065,0.05039181999745779,90.74916090394254,138.21714548702585,0.13383561401860788,229.1598748069955,0.13964050219067037,11.996926976,2026-01-07T15:02:41.953264
24411,0.13106348888443822,8.82119173422069e-05,1.9521808040345977e-05,0.003034607012523338,0.04505538399098441,90.51134485204238,137.7860322750348,0.13561070198193192,228.48875390700414,0.14005065655451968,11.996763136,2026-01-07T15:06:30.442633
24412,0.13122371319847786,0.006289579111561139,1.9520304795762403e-05,0.0031336709507741034,0.0480175849806983,90.11003553203773,136.2406265430036,0.1343669990019407,226.5462751710147,0.1412514947590461,11.997451264,2026-01-07T15:10:16.989587
24413,0.13138393751251753,0.01049390150845042,1.9518799256774075e-05,0.0035281550080981106,0.05296243302291259,91.14314475201536,138.81666274389136,0.1343927469861228,230.15696555702016,0.13903554872890506,12.022611968,2026-01-07T15:14:07.147179
24414,0.13154416182655718,0.008951016060844807,1.9517291423786415e-05,0.0029146179149392992,0.05239479200099595,90.47772895396338,137.23174961598124,0.133665628003655,227.9069220609963,0.14040819695434972,12.011601408,2026-01-07T15:17:55.054702
24415,0.13170438614059685,0.021733505840916933,1.9515781297205465e-05,0.003050172032089904,0.04947814499610104,89.42085944698192,135.14955134902266,0.13280892398324795,224.76513866198366,0.14237083290805017,12.023570944,2026-01-07T15:21:39.820433
24416,0.1318646104546365,0.018354619997385413,1.9514268877437882e-05,0.002785662974929437,0.047416058980161324,92.5113960269664,141.55074135301402,0.1342408859927673,234.2536105659965,0.13660408444797315,12.015314944,2026-01-07T15:25:34.074664
24417,0.13202483476867616,0.01017108520826504,1.9512754164890936e-05,0.0027532300737220794,0.054028532991651446,90.11214846401708,136.62612709694076,0.13251859400770627,226.93482269099331,0.14100965035045734,11.996804096,2026-01-07T15:29:21.010302
24418,0.1321850590827158,1.1807464185054073e-05,1.9511237159972528e-05,0.0031087019306141883,0.04461364395683631,91.79268245398998,140.31953085999703,0.13534503799746744,232.30402034599683,0.1377505217186459,12.020909568,2026-01-07T15:33:13.315201
24419,0.13234528339675547,0.0042347637152246875,1.950971786309116e-05,0.0031153620511759073,0.046545399934984744,90.40737186407205,137.19664324895712,0.13482798999757506,227.7947471960215,0.1404773393324273,12.012531712,2026-01-07T15:37:01.110754
24420,0.1325055077107951,0.024441155303730255,1.9508196274655962e-05,0.002821601985488087,0.05225107792648487,92.04987631810945,140.75644979794743,0.1352982030075509,233.00289606500883,0.13733734876441991,12.019656192,2026-01-07T15:40:54.114267
24421,0.13266573202483478,0.011018756774223704,1.9506672395076672e-05,0.003092620027018711,0.04956837193458341,92.37271520009381,141.87979993893532,0.13466752000385895,234.44754010401084,0.1364910887348336,12.023917056,2026-01-07T15:44:48.562392
24422,0.13282595633887442,0.0040460263672326136,1.950514622476366e-05,0.003874108981108293,0.04725568994763307,90.07809648200055,136.40536937006982,0.1336303840216715,226.67641835697577,0.14117039713238097,12.020969472,2026-01-07T15:48:35.239400
24423,0.1329861806529141,0.011859615269461443,1.9503617764127894e-05,0.003182230982929468,0.049053318944061175,91.12911924804212,138.90216289000819,0.13425293398904614,230.22573343402473,0.13899401914239168,11.997427712,2026-01-07T15:52:25.465767
24424,0.13314640496695374,0.015380729585146469,1.9502087013580973e-05,0.0031526640232186764,0.043333667039405555,90.64758230006555,137.86273004999384,0.13594388897763565,228.6996887930145,0.13992148467224946,11.997664256,2026-01-07T15:56:14.166025
24425,0.13330662928099338,3.962708034066509e-05,1.9500553973535105e-05,0.0034893209231086075,0.04631930802133866,91.09568921287428,138.68694501608843,0.1338260979973711,229.97380099300062,0.1391462847586449,12.018774528,2026-01-07T16:00:04.140400
24426,0.13346685359503305,0.01275113534142669,1.9499018644403117e-05,0.0030984189943410456,0.04773300592205487,89.89306649105856,136.2562395450077,0.13511447099153884,226.34281417401507,0.14137846662716677,12.020193792,2026-01-07T16:03:50.484085
24427,0.1336270779090727,0.019545962115747884,1.949748102659846e-05,0.002986115956446156,0.040093078976497054,90.1564597079414,136.5686151170521,0.13362793601118028,226.90793173501152,0.141026361464395,12.019414528,2026-01-07T16:07:37.392619
24428,0.13378730222311236,0.04437713863333581,1.9495941120535187e-05,0.0028211880126036704,0.05076595806167461,91.78190772398375,139.9217909059953,0.13361696599167772,231.89855109300697,0.13799137531983044,11.996832768,2026-01-07T16:11:29.291848
24429,0.133947526537152,0.014062732686223711,1.9494398926627975e-05,0.003319649025797844,0.05079063997254707,90.07273238702328,136.84229960496305,0.13400483300210908,227.11028271800024,0.14090070963336332,11.997459456,2026-01-07T16:15:16.402886
24430,0.13410775085119167,0.004873469267728581,1.9492854445292117e-05,0.003141420049360022,0.04965467596775852,90.15391409004224,136.84472550696228,0.13415267699747346,227.19342746402253,0.1408491449651086,12.011881984,2026-01-07T16:19:03.596913
24431,0.1342679751652313,0.007359663749195278,1.9491307676943524e-05,0.003077759058214724,0.05212058499455452,90.75725695103756,138.27634071098873,0.13537284100311808,229.23162892099936,0.1395967919026926,12.014329856,2026-01-07T16:22:52.829264
24432,0.13442819947927098,0.029096068493020155,1.948975862199872e-05,0.003150097036268562,0.05401719402289018,90.84758535106084,138.1416096049652,0.13487911102129146,229.18872176099103,0.13962292626847114,12.019716608,2026-01-07T16:26:42.018580
24433,0.13458842379331062,0.0805705721455805,1.9488207280874838e-05,0.0036527699849102646,0.04373832498094998,92.1477733249776,141.02054148894968,0.1332943070156034,233.35605520900572,0.13712950354486902,12.01286912,2026-01-07T16:30:35.375315
24434,0.1347486481073503,0.002337177898795062,1.9486653653989638e-05,0.0029539520328398794,0.05270883208140731,91.36495072994148,139.02955906806164,0.13351154001429677,230.590060284012,0.13877441187441644,12.01388032,2026-01-07T16:34:25.966047
24435,0.13490887242138994,0.012017262056570388,1.9485097741761493e-05,0.0031383199675474316,0.045547158049885184,88.90582954496494,134.21531667202362,0.13332568798796274,223.31123160300194,0.14329776326203303,12.00845824,2026-01-07T16:38:09.277962
24436,0.1350690967354296,0.007631933684308478,1.948353954460939e-05,0.0029326899675652385,0.052173487027175725,90.92539557401324,138.11299981191405,0.13398836099077016,229.23641944199335,0.13959387464650821,12.019409408,2026-01-07T16:41:58.514968
24437,0.13522932104946925,0.02733936480595034,1.9481979062952925e-05,0.0032825309899635613,0.05261440601316281,90.9821313849825,138.83730598402326,0.13489071099320427,230.02015775998007,0.1391182421211586,12.023793152,2026-01-07T16:45:48.535761
24438,0.13538954536350892,0.01025702842620646,1.948041629721232e-05,0.00291412603110075,0.04980688402429223,88.60553436703049,133.00578104300075,0.13444724201690406,221.80471951901563,0.1442710509920263,11.99686144,2026-01-07T16:49:30.341116
24439,0.13554976967754856,0.0011857745494783245,1.9478851247808403e-05,0.0028091509302612394,0.05130770895630121,89.93249158607796,136.4091949739959,0.1336427649948746,226.5365800760046,0.1412575399048744,11.99774208,2026-01-07T16:53:16.878292
24440,0.13570999399158823,0.006814782359239047,1.9477283915162624e-05,0.004131748049985617,0.05508906897739507,90.80001276708208,138.1007057959505,0.1365862759994343,229.1030539329804,0.13967513505673726,11.998364672,2026-01-07T16:57:05.981959
24441,0.13587021830562787,1.924269863984307e-05,1.9475714299697047e-05,0.002785632968880236,0.05269226699601859,92.03776539905812,140.6403555298748,0.13455437700031325,232.87558702100068,0.13741242871076154,12.013679616,2026-01-07T17:00:58.858178
24442,0.13603044261966754,0.01460760704405395,1.947414240183434e-05,0.0024575330317020416,0.056322228017961606,90.74787349699182,137.59073880096548,0.13496157398913056,228.54179558900069,0.14001815255511235,11.997600256,2026-01-07T17:04:47.400776
24443,0.13619066693370718,0.028477021687944415,1.9472568221997804e-05,0.00316062499769032,0.05122809199383482,89.07470792692038,133.97163320699474,0.13430663201143034,223.24404537898954,0.1433408893199158,12.006327808,2026-01-07T17:08:30.645671
24444,0.13635089124774685,0.007194807828808436,1.947099176061134e-05,0.002671166032087058,0.05261949493433349,89.13508217199706,134.03575175997685,0.13466527799027972,223.36902714899043,0.1432606857290717,12.015459328,2026-01-07T17:12:14.015322
24445,0.1365111155617865,0.002847111133359448,1.946941301809947e-05,0.0027474419912323356,0.03910676098894328,90.38123984602862,137.1784790669626,0.13253800399252214,227.7400203520083,0.14051109660277947,12.013741056,2026-01-07T17:16:01.755941
24446,0.13667133987582616,0.0076710862524649315,1.9467831994887327e-05,0.002996222930960357,0.05135165006504394,90.66132478401414,137.61722790799104,0.13385105397901498,228.47425478199148,0.14005954426039893,12.014309888,2026-01-07T17:19:50.230783
24447,0.1368315641898658,1.0659599855245006e-05,1.946624869140066e-05,0.0025432479742448777,0.058232941024471074,91.39699619598105,139.48275012898375,0.13326286699157208,231.0823857249925,0.1384787503366124,12.022156288,2026-01-07T17:23:41.313759
24448,0.13699178850390548,0.025778020673197233,1.9464663108065828e-05,0.002398853044724092,0.046784317994024605,89.71468733105576,136.1221178440028,0.1344462060078513,226.02870037799585,0.14157494135251522,12.012781056,2026-01-07T17:27:27.343035
24449,0.13715201281794512,0.043819737521650026,1.9463075245309817e-05,0.0027486589970067143,0.04351767592015676,90.85452246206114,138.24054852695554,0.1335686189995613,229.28220003200113,0.1395660020513312,12.010287104,2026-01-07T17:31:16.625826
24450,0.1373122371319848,0.011642501245397341,1.9461485103560205e-05,0.0032390770211350173,0.04363547801040113,91.08628246199805,138.71530725204502,0.13366614500409923,229.99066680698888,0.13913608079955178,12.023372288,2026-01-07T17:35:06.617119
24451,0.13747246144602443,0.04927515374110847,1.9459892683245203e-05,0.003234821022488177,0.05386458401335403,89.3808524379856,135.21851655497449,0.13419710099697113,224.79795585098327,0.14235004886437908,11.997750272,2026-01-07T17:38:51.426030
24452,0.1376326857600641,0.033344082687081666,1.945829798479363e-05,0.0029987889574840665,0.05867620094795711,90.2441982869932,136.32395451999037,0.13402782901539467,226.77067413300392,0.14111172056238447,11.997626368,2026-01-07T17:42:38.197601
24453,0.13779291007410374,0.004296531287232952,1.945670100863491e-05,0.002989328990224749,0.05039049396873452,93.90774924398283,144.5426710610045,0.13317516801180318,238.6440005270124,0.1340909468888068,12.008099328,2026-01-07T17:46:36.842181
24454,0.1379531343881434,0.013571824661738674,1.9455101755199098e-05,0.0039036220405250788,0.0481567490787711,89.39207933988655,134.90285636804765,0.13523435400566086,224.48920276600984,0.14254583118349046,12.011707904,2026-01-07T17:50:21.332190
24455,0.13811335870218305,0.02511870341790967,1.9453500224916842e-05,0.002899424987845123,0.05051533301593736,90.56668874999741,137.12343221594347,0.13485906599089503,227.88511459200527,0.14042163331857496,12.034084864,2026-01-07T17:54:09.218114
24456,0.13827358301622272,0.015761256297354365,1.945189641821942e-05,0.0031704599678050727,0.05191432300489396,91.03432204492856,139.0128597751318,0.13342972099781036,230.24325694999425,0.13898344048768374,12.016263168,2026-01-07T17:57:59.462099
24457,0.13843380733026237,0.03639918775690987,1.945029033553871e-05,0.002984516031574458,0.05098689001169987,90.5913918769802,137.66700290798326,0.13385291400481947,228.45373583000037,0.14007212394115634,12.0171264,2026-01-07T18:01:47.916415
24458,0.13859403164430203,0.016491396918953072,1.9448681977307215e-05,0.00290274596773088,0.04595296300249174,90.83616013202118,138.4904931350029,0.13246942797559313,229.51532225200208,0.13942424273036028,12.00926208,2026-01-07T18:05:37.432410
24459,0.13875425595834168,0.018263882030129963,1.9447071343958036e-05,0.0029323300113901496,0.04684253703453578,90.21535572194261,137.2344825550681,0.13403989298967645,227.6414583690057,0.14057193372978727,12.024492032,2026-01-07T18:09:25.074489
24460,0.13891448027238135,0.007987992738787142,1.9445458435924904e-05,0.0029464279650710523,0.04798803696758114,91.7963610640727,140.28219213796547,0.13508212298620492,232.27168902000994,0.13776969606159464,12.017586688,2026-01-07T18:13:17.346793
24461,0.139074704586421,0.02170039614399144,1.9443843253642145e-05,0.0028646699793171138,0.04966600798070431,89.88125023496104,135.48317120305728,0.1327618069772143,225.55701555800624,0.1418710028630016,11.996716032,2026-01-07T18:17:02.904405
24462,0.13923492890046066,0.0131832730965602,1.9442225797544712e-05,0.0030685589590575546,0.05816697102272883,91.5532396340277,139.8511292540352,0.13395602500531822,231.60711935997824,0.13816501016216,11.99770112,2026-01-07T18:20:54.512341
24463,0.1393951532145003,0.04659998385858444,1.9440606068068165e-05,0.0032154559739865363,0.047519246028969064,90.52388876597979,137.7363657420501,0.133170960994903,228.45451836800203,0.140071644144299,12.02722816,2026-01-07T18:24:42.967841
24464,0.13955537752853994,0.008081347190891819,1.9438984065648673e-05,0.003533632931066677,0.034479085938073695,90.77193811498,137.83559610505472,0.13105995100340806,228.7878252530063,0.13986758239697686,11.9973632,2026-01-07T18:28:31.756468
24465,0.1397156018425796,0.041127026205117545,1.9437359790723016e-05,0.003329497034428641,0.038844658993184566,90.96161460806616,138.100243996887,0.13432692000060342,229.2501218249963,0.13958553105776747,12.012934656,2026-01-07T18:32:21.007628
24466,0.13987582615661925,0.03236715056087469,1.94357332437286e-05,0.0038079609512351453,0.03082556600566022,89.34054790294613,134.87295041509788,0.13348398898961022,224.391905003984,0.14260763996558545,11.997641728,2026-01-07T18:36:05.400338
24467,0.14003605047065892,0.0010504304727767533,1.9434104425103422e-05,0.004041507025249302,0.041150648903567344,91.71826041399618,140.2061589320947,0.1331163800205104,232.1112392990035,0.13786493104186956,11.996814848,2026-01-07T18:39:57.512378
24468,0.14019627478469857,0.0046082377747183045,1.9432473335286107e-05,0.0029175581003073603,0.04489263496361673,92.1338715289603,141.22400709200883,0.1343962530081626,233.54742846699082,0.1370171369903258,12.023659008,2026-01-07T18:43:51.060536
24469,0.14035649909873824,0.04055255777786115,1.9430839974715883e-05,0.002787796052871272,0.046778413001447916,91.55345029200544,139.37695155496476,0.13493881400790997,231.12091256098938,0.13845566654015212,12.017618944,2026-01-07T18:47:42.182044
24470,0.14051672341277788,0.007215743808608011,1.9429204343832596e-05,0.0026054740010295063,0.05135111097479239,92.31114780707867,141.88632586295716,0.13397902101860382,234.39149459198234,0.13652372521325526,12.030643712,2026-01-07T18:51:36.574127
24471,0.14067694772681755,0.015624651314212201,1.9427566443076694e-05,0.0034337349934503436,0.04788933205418289,92.24253632093314,141.01847207304672,0.13417245098389685,233.45687141700182,0.137070285426902,11.997441024,2026-01-07T18:55:30.031857
24472,0.1408371720408572,7.0339068161118234e-06,1.9425926272889246e-05,0.003658119007013738,0.04669355691294186,89.89108302004752,135.89845601495472,0.13109902499127202,225.98142008899595,0.1416045619476051,12.021701632,2026-01-07T18:59:16.014097
24473,0.14099739635489686,0.030620021062501834,1.942428383371193e-05,0.003661365044536069,0.05239875809638761,90.62218405495514,137.67655203602044,0.13451220098068006,228.49799941200763,0.14004498981323857,12.014624768,2026-01-07T19:03:04.512779
24474,0.1411576206689365,0.03359643861107209,1.942263912598703e-05,0.0040057089645415545,0.049878155055921525,91.60204045294086,139.56102826309507,0.13286702299956232,231.3591385660111,0.13831310143329306,12.015739904,2026-01-07T19:06:55.872963
24475,0.14131784498297617,0.02574210187566983,1.9420992150157445e-05,0.003727740899194032,0.047953024972230196,91.18523905807524,139.22429479900165,0.13409171797684394,230.60365177001222,0.13876623268704583,12.035264512,2026-01-07T19:10:46.477268
24476,0.1414780692970158,0.0011528897541914773,1.9419342906666683e-05,0.002946313936263323,0.04631713597336784,91.7569436270278,140.32524377692607,0.1339158509799745,232.27337831899058,0.13776869407760145,12.018151936,2026-01-07T19:14:38.751228
24477,0.14163829361105548,9.85420482457755e-06,1.941769139595886e-05,0.0027132759569212794,0.051007764908717945,90.88960400805809,138.05648084107088,0.135727307992056,229.1418392570049,0.1396514931701708,12.014025728,2026-01-07T19:18:27.893765
24478,0.14179851792509512,3.642400685954783e-05,1.941603761847871e-05,0.0031222229881677777,0.05013456696178764,91.53977012605174,139.7787948299665,0.13466047099791467,231.51369468402117,0.13822076505528036,12.0209536,2026-01-07T19:22:19.408120
24479,0.1419587422391348,0.00044335770824943666,1.9414381574671573e-05,0.002845933981006965,0.05283808396779932,90.76390701404307,138.02195831900463,0.13453046799986623,228.9832698070095,0.13974820093612111,12.019757056,2026-01-07T19:26:08.391971
24480,0.14211896655317444,0.014348617313473255,1.94127232649834e-05,0.002955485921120271,0.05167929103481583,91.83978545098216,140.18519522598945,0.1352891480200924,232.22096637598588,0.1377997882766073,11.9968512,2026-01-07T19:30:00.613573
24481,0.1422791908672141,0.012533549262206733,1.941106268986075e-05,0.002346955006942153,0.05547473701881245,90.31584907599608,136.92403442892828,0.1354491259844508,227.43938477197662,0.1406968280013691,11.998125056,2026-01-07T19:33:48.053523
24482,0.14243941518125375,0.02110214770758123,1.9409399849750793e-05,0.0028729740297421813,0.04726761201163754,90.54308912798297,137.38396534803906,0.13450604298850521,228.11916181701235,0.14027756259103327,11.99662592,2026-01-07T19:37:36.173400
24483,0.14259963949529342,0.00014841094692918944,1.940773474510131e-05,0.0034546679235063493,0.04157590493559837,89.48578128105146,135.1729808319942,0.13262882400886156,224.84463464500732,0.142320496330823,11.99680768,2026-01-07T19:41:21.018668
24484,0.14275986380933306,0.0134616455348322,1.9406067376360693e-05,0.0029843160009477288,0.052907312026945874,88.94935408202582,133.83457349889795,0.13434140098979697,222.98070039300364,0.14351017798221988,11.997979648,2026-01-07T19:45:04.000095
24485,0.14292008812337273,0.0001930009191042359,1.940439774397794e-05,0.0028698320675175637,0.046585075004259124,89.78144770301878,135.50856138099334,0.13437971798703074,225.48088835499948,0.14191890156836204,12.01147392,2026-01-07T19:48:49.481728
24486,0.14308031243741237,0.013412739723664302,1.940272584840267e-05,0.002862354973331094,0.048731634975411,91.69436759705422,139.81649214492063,0.1338842640107032,231.70337177300826,0.13810761472797767,12.016992256,2026-01-07T19:52:41.185925
24487,0.14324053675145204,0.01814170792585834,1.940105169008509e-05,0.0031643229885958135,0.04377399507211521,90.21487701690057,136.4959688950039,0.13402661800500937,226.89931867699488,0.1410317148001399,12.011546112,2026-01-07T19:56:28.086081
24488,0.14340076106549168,0.03077250292120226,1.9399375269476035e-05,0.002737555041676387,0.04773104700143449,90.92462947795866,138.54082221302087,0.13511785698938183,229.65744823700516,0.13933795853629874,12.022591488,2026-01-07T20:00:17.744358
24489,0.14356098537953135,0.006050810308179777,1.939769658702694e-05,0.002755123015958816,0.04715922707691789,90.58109322196105,137.76469292596448,0.13295664000906982,228.5359016310249,0.14002176363372676,11.998084096,2026-01-07T20:04:06.280854
24490,0.143721209693571,0.007573293975697837,1.939601564318985e-05,0.003085061034653336,0.044611460907617584,90.2330226181075,136.67843069892842,0.1355071399884764,227.10130545200082,0.140906279408259,11.998191616,2026-01-07T20:07:53.382766
24491,0.14388143400761066,5.341532451907938e-06,1.939433243841743e-05,0.003469991061137989,0.04640786602976732,92.0414363129239,140.68490215810016,0.13408574898494408,232.91795172198908,0.1373874352037717,12.016866304,2026-01-07T20:11:46.301418
24492,0.1440416583216503,0.02817862205480992,1.9392646973162933e-05,0.0030136579589452595,0.045485137932701036,89.79456521500833,135.67614229003084,0.13238616700982675,225.65873444799217,0.14180705248692724,12.010640896,2026-01-07T20:15:31.960795
24493,0.14420188263568998,0.01634124764923861,1.939095924788024e-05,0.00298572305473499,0.04637092803022824,89.248561342014,135.01850821601693,0.1342787649773527,224.45803556600004,0.14256562443535536,11.996839936,2026-01-07T20:19:16.419496
24494,0.14436210694972962,0.014980922420775755,1.9389269263023835e-05,0.0030844750290270895,0.042767890059622005,91.70902737998404,140.28283516998636,0.13528226999915205,232.18934090001858,0.1378185573720169,12.020570624,2026-01-07T20:23:08.609753
24495,0.1445223312637693,1.8453330838497095e-05,1.93875770190488e-05,0.0031974869780242443,0.05269664607476443,91.78553523294977,140.58018279104726,0.13453836098778993,232.5647869440145,0.13759606697338658,11.997355008,2026-01-07T20:27:01.175262
24496,0.14468255557780893,0.029621880481798257,1.938588251641084e-05,0.0030714730091858655,0.05184275202918798,89.94836045010015,136.24363564295345,0.13474467900232412,226.3877529000165,0.14135040252876538,11.99806976,2026-01-07T20:30:47.563860
24497,0.1448427798918486,0.011213936710266381,1.938418575556626e-05,0.003277921030530706,0.05297162992064841,89.85463957901811,135.86399123902083,0.13497653999365866,225.91601865401026,0.14164555568327322,11.998191616,2026-01-07T20:34:33.480699
24498,0.14500300420588824,0.0110529764734828,1.938248673697197e-05,0.0032541779801249504,0.051763181923888624,90.76425931407721,137.8271129000059,0.13381942600244656,228.78757343799225,0.1398677363422139,12.0165632,2026-01-07T20:38:22.268942
24499,0.1451632285199279,0.013718735672286542,1.9380785461085503e-05,0.003325188037706539,0.04784046098939143,90.88809373608092,138.0543418690213,0.1333911269903183,229.13372558300034,0.13965643825927523,12.026732544,2026-01-07T20:42:11.403364
24500,0.14532345283396755,0.01927340929028709,1.937908192836499e-05,0.0029406040848698467,0.048239173978799954,89.97847067003022,136.39489703593426,0.13344862099620514,226.56530681700679,0.14123962953359798,12.034407424,2026-01-07T20:45:57.969407
24501,0.14548367714800722,1.128665438976384e-05,1.937737613926916e-05,0.0029588300094474107,0.048417690937640145,89.27640019406681,134.75171560797025,0.13449974998366088,1569.054164606001,0.02039445209849425,12.00804864,2026-01-07T21:12:07.024165
24502,0.14564390146204687,0.012298886412146715,1.9375668094257363e-05,0.0030254890443757176,0.04843959794379771,90.10203857402666,136.62717784004053,0.13479745399672538,226.92173362598987,0.1410177839234301,11.9974144,2026-01-07T21:15:53.956423
24503,0.1458041257760865,0.007675375682818952,1.9373957793789558e-05,0.0028398230497259647,0.047519500949420035,90.80353817995638,138.14881279401015,0.1325044720142614,229.1430500090064,0.1396507552759826,12.012341248,2026-01-07T21:19:43.100142
24504,0.14596435009012618,0.018396495806699775,1.93722452383263e-05,0.0024950410006567836,0.04903064403333701,90.91259274701588,138.7113669559476,0.13556646401411854,229.8175087979762,0.1392409140947132,11.996549632,2026-01-07T21:23:32.918239
24505,0.14612457440416582,3.1796141115592036e-06,1.9370530428328758e-05,0.003016208065673709,0.058131428057095036,89.97290563894785,136.2381578630011,0.13319244000012986,226.41275438299635,0.14133479400135424,11.996708864,2026-01-07T21:27:19.331832
24506,0.1462847987182055,2.448664337428852e-05,1.9368813364258715e-05,0.002586421964224428,0.04782665707170963,90.09981928000343,136.62086353293853,0.1338673559948802,226.91242597898236,0.14102356828604876,12.01718784,2026-01-07T21:31:06.244858
24507,0.14644502303224513,0.006500105866778405,1.9367094046578545e-05,0.0029432550363708287,0.04828008098411374,91.89181383897085,140.15085701897624,0.1349973040050827,232.23504684201907,0.13779143344272415,12.017365504,2026-01-07T21:34:58.480718
24508,0.1466052473462848,1.5921639658245113e-05,1.9365372475751236e-05,0.0027282120136078447,0.052102156943874434,89.49118898803135,135.5278166140488,0.1339080780162476,225.21483945698128,0.14208655201031894,11.997535232,2026-01-07T21:38:43.696134
24509,0.14676547166032444,0.008553145612212987,1.9363648652240394e-05,0.003323861019453034,0.04786705208243802,90.85607363897725,138.3196096479951,0.1340618770045694,229.36846364699886,0.1395135124122749,12.015127552,2026-01-07T21:42:33.065407
24510,0.1469256959743641,0.008430452147772272,1.9361922576510216e-05,0.002631986979395151,0.047110043989960104,90.09056360594695,136.7947366760054,0.13431476199184544,227.0764981410175,0.14092167292507557,12.012560896,2026-01-07T21:46:20.142734
24511,0.14708592028840375,0.011255606020734277,1.936019424902551e-05,0.0027281780494377017,0.04269354502321221,90.73727298399899,137.61988233303418,0.13342729897703975,228.5443787270051,0.14001656999065293,12.013264384,2026-01-07T21:50:08.687852
24512,0.14724614460244342,0.003708307964174651,1.9358463670251692e-05,0.0035431260766927153,0.049502895039040595,90.97960969796986,138.86028494001948,0.13554525101790205,230.03497940298985,0.13910927843691273,12.021895168,2026-01-07T21:53:58.723643
24513,0.14740636891648307,0.010699842054457065,1.9356730840654785e-05,0.0029414510063361377,0.057416209048824385,90.72534920996986,137.98830860300222,0.13458138197893277,228.91484122001566,0.139789975300221,11.997509632,2026-01-07T21:57:47.639099
24514,0.14756659323052274,0.02567660831795493,1.9354995760701414e-05,0.00278571795206517,0.0475572569121141,91.17542150907684,138.43988889598404,0.13258675698307343,229.80561318498803,0.13924812173426226,12.01558016,2026-01-07T22:01:37.445421
24515,0.14772681754456238,0.021029009855823233,1.9353258430858818e-05,0.0035742860345635563,0.04754484005388804,90.24175047199242,137.11703420698177,0.13414745999034494,227.55153378800605,0.14062748541968598,11.997505536,2026-01-07T22:05:24.997864
24516,0.14788704185860205,0.0009886131908682927,1.9351518851594838e-05,0.003045116987777874,0.050667637086007744,89.67071858595591,135.85547433799366,0.13441624797997065,225.72386044700397,0.141766138221409,12.017508352,2026-01-07T22:09:10.722403
24517,0.1480472661726417,0.02327185816684363,1.9349777023377912e-05,0.003083312971284613,0.04558341100346297,92.04847004599287,140.5704327869753,0.13342336000641808,232.81002807800542,0.1374511238376642,12.015320064,2026-01-07T22:13:03.533008
24518,0.14820749048668136,0.008992611416418939,1.9348032946677096e-05,0.0029520450334530324,0.04427559595205821,91.16253429904464,138.3894683290273,0.13330783598939888,229.74011510200216,0.13928782087443606,12.035234816,2026-01-07T22:16:53.273943
24519,0.148367714800721,0.02335901598103618,1.9346286621962046e-05,0.002780140086542815,0.049800767010310665,89.92597332902369,135.83404790691566,0.133430044981651,225.95452389499405,0.14162141765690467,12.014900224,2026-01-07T22:20:39.229127
24520,0.14852793911476067,0.01957338750996307,1.9344538049703024e-05,0.002888958028052002,0.047108932019909844,90.45253254196723,137.2712485960219,0.13469787099165842,227.91790118900826,0.14040143329269678,12.015355904,2026-01-07T22:24:27.147726
24521,0.1486881634288003,0.0011366776498800135,1.93427872303709e-05,0.00332900692592375,0.0486122059810441,90.35435367096215,136.96998534203158,0.1354550020187162,227.5190546310041,0.14064756049509072,11.997504512,2026-01-07T22:28:14.667475
24522,0.14884838774283998,0.001113694662173259,1.934103416443714e-05,0.003321141004562378,0.0501921380055137,89.77935943997,135.8948166220216,0.13444884700584225,225.87021547800396,0.14167427933018584,12.010909184,2026-01-07T22:32:00.538481
24523,0.14900861205687962,0.01693372340600874,1.9339278852373825e-05,0.0029533820343203843,0.049129632039694116,89.70395280400408,135.8622924219817,0.13521683198632672,225.76085273799254,0.1417429089760646,12.014365696,2026-01-07T22:35:46.299941
24524,0.1491688363709193,0.012067447008321963,1.9337521294653638e-05,0.003020212025148794,0.05535894900094718,90.85949994396651,138.42052454210352,0.1362012260069605,229.48282315200777,0.13944398783521775,12.02011904,2026-01-07T22:39:35.783444
24525,0.14932906068495894,0.002492141706119,1.9335761491749865e-05,0.0029534580826293677,0.051005465909838676,89.11634996300563,134.3268557759584,0.13293125701602548,223.63750607700786,0.14308869992934478,12.008481792,2026-01-07T22:43:19.421566
24526,0.1494892849989986,0.031107669535401783,1.9333999444136395e-05,0.002900403953390196,0.05023527698358521,91.39169823107659,139.5826423020044,0.13431182299973443,231.16963984098402,0.13842648205020358,12.018805248,2026-01-07T22:47:10.592025
24527,0.14964950931303825,0.0060088955665627,1.9332235152287732e-05,0.0029004169919062406,0.055762695119483396,91.17175872190273,138.87297607894288,0.13350835102028213,230.24453098300728,0.1389826714379665,12.03739904,2026-01-07T22:51:00.837267
24528,0.14980973362707792,0.0030425590448697193,1.9330468616678966e-05,0.003121089976048097,0.051529770891647786,89.6447873111174,135.3392871869728,0.13361232698662207,225.1807999779994,0.14210803053868917,12.01712128,2026-01-07T22:54:46.018714
24529,0.14996995794111756,0.0011843087693268473,1.9328699837785808e-05,0.0031398739956784993,0.04606303499895148,90.9521702749189,138.60959322802955,0.13386797098792158,229.75117769901408,0.13928111411869085,12.01305344,2026-01-07T22:58:35.770472
24530,0.15013018225515723,0.007529791286989607,1.9326928816084565e-05,0.003321393975056708,0.051283572043757886,91.07335744594457,138.5876874019741,0.1329408609890379,229.85913755200454,0.13921569679935022,12.018119168,2026-01-07T23:02:25.630341
24531,0.15029040656919687,0.010409381337359802,1.9325155552052147e-05,0.0043939059833064675,0.03815610401215963,90.86168669699691,138.57987018491258,0.1336539449985139,229.6245938659995,0.13935789481972488,11.99777792,2026-01-07T23:06:15.255639
24532,0.15045063088323654,0.007030694941636995,1.9323380046166075e-05,0.0029722609906457365,0.04226823503267951,88.62114676804049,133.45349244194222,0.13406117301201448,222.26446570898406,0.14397263142322683,12.023540224,2026-01-07T23:09:57.521130
24533,0.15061085519727618,0.026725664110831104,1.9321602298904466e-05,0.004667313041863963,0.03669026301940903,89.50337188795675,135.342756253056,0.1333779979904648,225.02878052499727,0.1422040324146239,11.99660032,2026-01-07T23:13:42.550592
24534,0.15077107951131585,0.054106015835969856,1.9319822310746045e-05,0.003516791941365227,0.03944861903437413,90.84711393501493,138.05720265602577,0.13179620099253953,229.0909627120127,0.1396825069884,12.012457472,2026-01-07T23:17:31.642264
24535,0.1509313038253555,0.017425759229862336,1.9318040082170137e-05,0.0037690979952458292,0.04142076498828828,91.29344641391071,138.75558111802093,0.13356952901813202,230.2372831600078,0.1389870465842884,12.011832832,2026-01-07T23:21:21.880376
24536,0.15109152813939516,0.007977094981180599,1.9316255613656678e-05,0.003708664036821574,0.04444706402136944,90.95552102697548,138.62149726302596,0.13427937097731046,229.7659038619895,0.13927218730948446,11.996672,2026-01-07T23:25:11.647058
24537,0.1512517524534348,0.014254328404257777,1.9314468905686196e-05,0.0029654099489562213,0.05482583100092597,91.13004427799024,139.03693495498737,0.13504794100299478,230.36821443701047,0.1389080523899696,11.996660736,2026-01-07T23:29:02.015876
24538,0.15141197676747448,5.2099731266963545e-06,1.9312679958739833e-05,0.0030561309831682593,0.04909911804134026,89.81151182003669,136.0523786979902,0.1344070179911796,226.0595088249829,0.14155564685745936,11.997621248,2026-01-07T23:32:48.076032
24539,0.15157220108151412,0.02598670931503655,1.931088877329932e-05,0.002750944026047364,0.04396134099806659,91.78737058103434,140.67678367899498,0.1319596710090991,232.65058842499275,0.1375453215770262,12.031462912,2026-01-07T23:36:40.727423
24540,0.1517324253955538,0.008898131573559453,1.930909534984701e-05,0.002754412911599502,0.041848554013995454,89.57795553700998,135.46374458802165,0.13354205401265062,225.22646024098503,0.14207922091285827,11.997955072,2026-01-07T23:40:25.954470
24541,0.15189264970959343,0.013005408712759348,1.930729968886584e-05,0.0030607669905293733,0.04982722701970488,90.56210415097303,137.53487434299313,0.13409345300169662,228.29130132502178,0.14017178847494113,12.010618368,2026-01-07T23:44:14.246528
24542,0.1520528740236331,0.0008302676229252626,1.9305501790839358e-05,0.003136417915811762,0.04991605010582134,94.70907596487086,146.6704528790724,0.133541873015929,241.5745397110004,0.13246429047648037,12.016800768,2026-01-07T23:48:15.821868
24543,0.15221309833767274,0.007625607863702477,1.9303701656251717e-05,0.002867025090381503,0.048172082111705095,91.29626417488907,139.44013444214943,0.13271191401872784,230.9278473769955,0.13857142117537344,12.018674176,2026-01-07T23:52:06.750408
24544,0.15237332265171238,0.020123974214515172,1.930189928558767e-05,0.0030609619279857725,0.04656722903018817,90.50890079294913,137.36250903003383,0.134058602998266,228.0631519749877,0.14031201324232126,12.012013056,2026-01-07T23:55:54.814303
24545,0.15253354696575205,0.005697303015132604,1.9300094679332572e-05,0.002913346019340679,0.05085346396663226,89.53125390195055,134.89077208202798,0.13408432100550272,224.61791842797538,0.14246414633328072,12.01551872,2026-01-07T23:59:39.432961
24546,0.1526937712797917,0.018542951454330492,1.9298287837972377e-05,0.0028965290111955255,0.046661312982905656,90.54004453506786,137.44106872397242,0.13417323800968006,228.1736177339917,0.14024408394710247,11.997605376,2026-01-08T00:03:27.607253
24547,0.15285399559383137,0.011392046385704901,1.9296478761993645e-05,0.0032423219236079603,0.05296650397940539,90.6003929580329,137.6038293929887,0.13243495699134655,228.40374043700285,0.14010278438862114,12.017124352,2026-01-08T00:07:16.011841
24548,0.153014219907871,0.053045502132698985,1.9294667451883532e-05,0.002945024985820055,0.04627344003529288,90.1748308929673,136.78090265300125,0.1345654829929117,227.1460658040014,0.14087851306925997,12.00930816,2026-01-08T00:11:03.158585
24549,0.15317444422191068,0.020371579894440828,1.9292853908129804e-05,0.0031040470930747688,0.053149508021306247,92.51261641198653,141.84625002395478,0.13535076400148682,234.55860314000165,0.13642646047350507,12.027568128,2026-01-08T00:14:57.717872
24550,0.15333466853595032,0.024322919066019466,1.9291038131220822e-05,0.0027545930352061987,0.04369956304435618,90.60960022197105,137.77377461097785,0.13294778601266444,228.56990894200862,0.1400009307792079,12.020447744,2026-01-08T00:18:46.288609
24551,0.15349489284999,0.004587451983912416,1.9289220121645556e-05,0.0032357640156988055,0.04132622305769473,89.86168183400878,136.55892566795228,0.132777362014167,226.605622750998,0.14121450126223342,12.011286016,2026-01-08T00:22:32.895117
24552,0.15365511716402963,0.006917212532636441,1.9287399879893565e-05,0.0032098280207719654,0.05002001908724196,89.43164425090072,134.74589523504255,0.13459977600723505,224.37172567099333,0.14262046567722658,11.99774208,2026-01-08T00:26:17.267435
24553,0.1538153414780693,0.010984712008689002,1.928557740645502e-05,0.0028049740358255804,0.05460960092023015,91.92301950705587,140.70236056108843,0.13320613899850287,232.8241057730047,0.13744281286405485,12.013131264,2026-01-08T00:30:10.092130
24554,0.15397556579210894,0.012282315356431539,1.928375270182068e-05,0.0033142419124487787,0.0386526079964824,91.21886747103417,138.8515364539344,0.13303852500393987,230.25476486198022,0.13897649422882305,12.033031168,2026-01-08T00:34:00.347914
24555,0.1541357901061486,6.359861863103333e-05,1.9281925766481928e-05,0.003223586012609303,0.04296369108487852,90.8912502619205,137.95922325295396,0.13239882598281838,229.03830155998003,0.13971462319641728,11.996771328,2026-01-08T00:37:49.387201
24556,0.15429601442018825,0.01531711747744069,1.9280096600930724e-05,0.0030585449712816626,0.04540783603442833,89.63960871403106,135.61638862793916,0.13266698800725862,225.44742565299384,0.14193996630174008,12.012486144,2026-01-08T00:41:34.835317
24557,0.15445623873422792,2.8997234709393638e-05,1.927826520565964e-05,0.003939173009712249,0.04013015705277212,89.25359907993698,134.71242794103455,0.13523341997643,224.15299696900183,0.14275963485969045,12.015010816,2026-01-08T00:45:18.989241
24558,0.15461646304826757,3.197144662436813e-05,1.9276431581161843e-05,0.003954523068387061,0.040207102021668106,90.1542746250052,136.1928195739456,0.13283094100188464,226.53265624301275,0.14125998666466888,12.012102144,2026-01-08T00:49:05.522649
24559,0.15477668736230724,0.008568189209672283,1.9274595727931112e-05,0.002864112990209833,0.048025411990238354,90.89582461101236,138.38476280402392,0.13456929501262493,229.47466432402143,0.13944894567888136,12.01694208,2026-01-08T00:52:54.997910
24560,0.15493691167634688,0.01950514416549254,1.9272757646461812e-05,0.00278286705724895,0.04448928503552452,91.50530849894858,139.74805158106028,0.1338058529945556,231.44176087900996,0.13826372508774912,11.997744128,2026-01-08T00:56:46.440277
24561,0.15509713599038655,0.023817555004452373,1.9270917337248914e-05,0.0027007379685528576,0.04667292794329114,90.91112237802008,138.11734711600002,0.13366909098112956,229.21850390799227,0.13960478519153374,12.036280832,2026-01-08T01:00:35.659372
24562,0.1552573603044262,0.009810698103422055,1.9269074800787988e-05,0.0030047999462112784,0.04847994490410201,89.39490535313962,135.10262640396832,0.13497522100806236,224.69012147301692,0.14241836619347276,12.02229248,2026-01-08T01:04:20.350258
24563,0.15541758461846586,0.014053364111504152,1.9267230037575208e-05,0.0035421790089458227,0.05723343591671437,90.95482104003895,138.74255454100785,0.1347032310150098,229.89920597101445,0.13919143332767553,11.996771328,2026-01-08T01:08:10.250094
24564,0.1555778089325055,0.026177698105792402,1.9265383048107345e-05,0.00307179510127753,0.05222014000173658,89.46565332898172,134.9540787830192,0.1347477569943294,224.61697637397447,0.14246474383450797,12.014861312,2026-01-08T01:11:54.867696
24565,0.15573803324654517,0.004879032740973344,1.9263533832881764e-05,0.0026973130006808788,0.05016039701877162,91.95370826596627,140.68284613298601,0.1355494730232749,232.83119502899353,0.1374386279983452,12.035805184,2026-01-08T01:15:47.699464
24566,0.1558982575605848,0.025744198042925603,1.926168239239644e-05,0.003149620024487376,0.04638101498130709,91.99162601708667,140.60564802697627,0.13543687900528312,232.7908288250037,0.13746246001836876,12.006753792,2026-01-08T01:19:40.490914
24567,0.15605848187462448,0.00033719649124464013,1.9259828727149933e-05,0.002969951048726216,0.05381770397070795,91.57856513594743,140.17867830902105,0.13252617701073177,231.95394524899893,0.13795842086517865,11.99762176,2026-01-08T01:23:32.445665
24568,0.15621870618866412,0.004183529732049607,1.9257972837641416e-05,0.0029869769932702184,0.05351071001496166,91.98009548292612,140.76337872905424,0.13401511698612012,232.94144962899736,0.1373735762826494,12.02067712,2026-01-08T01:27:25.387820
24569,0.1563789305027038,0.004557442391121214,1.9256114724370652e-05,0.0028907530358992517,0.05333258197060786,90.63139082310954,137.2514471129398,0.13491736401920207,228.08069665401126,0.14030122000435066,11.998485504,2026-01-08T01:31:13.469121
24570,0.15653915481674344,0.06165153275777158,1.9254254387838013e-05,0.0029828959377482533,0.047668674058513716,90.47681929895771,137.20485264601302,0.13309654500335455,227.8733184869925,0.1404289023939704,12.02068736,2026-01-08T01:35:01.343291
24571,0.1566993791307831,0.01690051745611143,1.9252391828544455e-05,0.0030960310250520706,0.051266032038256526,88.5353666539595,132.8591495830333,0.13598023800295778,221.59297263500048,0.1444089116161151,11.996877824,2026-01-08T01:38:42.936889
24572,0.15685960344482275,0.023199750106272177,1.9250527046991543e-05,0.003999910986749455,0.04611637399648316,90.60060141197755,137.51996312395204,0.1340338830195833,228.31476360899978,0.14015738401745043,12.021372928,2026-01-08T01:42:31.252241
24573,0.15701982775886242,0.007406265994244876,1.924866004368144e-05,0.0031160821090452373,0.058064012991962954,90.54532808801741,137.3782922970131,0.13535823300480843,228.1263899479818,0.1402731179294809,12.009365504,2026-01-08T01:46:19.379237
24574,0.15718005207290206,0.07417806490833811,1.9246790819116902e-05,0.0030568820366170257,0.0440326519892551,91.65985178097617,140.0902986730507,0.13406525398022495,231.93860962198232,0.13796754258445443,12.011052544,2026-01-08T01:50:11.318520
24575,0.15734027638694173,0.004584728122733139,1.9244919373801292e-05,0.0030845119908917695,0.0532633000111673,90.52873546796036,137.27526561301784,0.13466527598211542,228.0044908139971,0.14034811281899334,12.013933056,2026-01-08T01:53:59.323615
24576,0.15750050070098137,0.015340312896906738,1.924304570823856e-05,0.0031194940384011716,0.05059586503193714,92.22184085901245,141.28251074097352,0.1343727060011588,233.69860755698755,0.1369285009205576,12.013317632,2026-01-08T01:57:53.022874
24577,0.15766072501502104,0.0003800628529955219,1.924116982293326e-05,0.003086713986704126,0.05730040089110844,89.53330784410355,135.5731486120203,0.13358071199036203,225.30665808499907,0.14202864785259783,11.9974144,2026-01-08T02:01:38.330156
24578,0.15782094932906068,0.005998109596728085,1.9239291718390546e-05,0.0030374920170288533,0.05446844903053716,89.8760154999909,135.7864979240694,0.1335055860108696,225.86173745398992,0.1416795972647589,11.997242368,2026-01-08T02:05:24.192476
24579,0.15798117364310035,0.01959737190214028,1.9237411395116164e-05,0.0035723620385397226,0.05034880302264355,89.86370672498015,136.1372955609404,0.13542954801232554,226.19806466597947,0.14146893806210734,11.997595648,2026-01-08T02:09:10.391188
24580,0.15814139795714,0.015363445261382225,1.9235528853616456e-05,0.0031266919686459005,0.05334092298289761,90.52162982907612,137.36763886595145,0.1336879490118008,228.08780480502173,0.1402968476431909,12.019431936,2026-01-08T02:12:58.479613
24581,0.15830162227117967,0.010750556198924954,1.9233644094398375e-05,0.002967669104691595,0.05392087102518417,91.97871652300819,140.81215933294152,0.1340799669851549,232.98953144898405,0.13734522663309787,12.009784832,2026-01-08T02:16:51.469772
24582,0.1584618465852193,0.019177721231201872,1.9231757117969453e-05,0.0031317639513872564,0.048187026084633544,89.75620968895964,135.54314056001022,0.13468920899322256,225.4918083520024,0.14191202879550563,12.033335296,2026-01-08T02:20:36.962271
24583,0.15862207089925895,0.019396712663095173,1.9229867924837833e-05,0.0031084019574336708,0.05535021796822548,91.80822220703703,140.53924522694433,0.13290972300455905,232.54603057098575,0.13760716500483053,12.020585984,2026-01-08T02:24:29.508963
24584,0.15878229521329862,0.03504667335473677,1.9227976515512245e-05,0.0029123220301698893,0.04605764491134323,90.7003352890315,137.56113468503463,0.13349922499037348,228.45313688900205,0.14007249117156031,11.997561856,2026-01-08T02:28:17.962784
24585,0.15894251952733826,0.03100268609917478,1.9226082890502024e-05,0.0030405740544665605,0.04716350603848696,90.63200388598489,137.84426708397223,0.1335202899936121,228.6662643640011,0.13994193716770123,12.015589376,2026-01-08T02:32:06.629752
24586,0.15910274384137793,0.025908785858842265,1.9224187050317097e-05,0.003211678034858778,0.04798987501999363,90.02075853396673,136.7160904839984,0.13256237099994905,226.92809680700884,0.141013829711948,12.029308928,2026-01-08T02:35:53.558523
24587,0.15926296815541757,0.016824515830194287,1.9222288995467988e-05,0.002766832069028169,0.05055538905435242,91.58148024397087,140.04485686999396,0.1336960910120979,231.82069725598558,0.13803771785167368,12.015678464,2026-01-08T02:39:45.379840
24588,0.15942319246945724,0.05781475761741284,1.922038872646582e-05,0.0029310730460565537,0.05628055104170926,91.46415298301145,139.5910290479078,0.13508495298447087,231.2557969490008,0.1383749096117016,12.012662272,2026-01-08T02:43:36.636463
24589,0.15958341678349688,0.006920449369403059,1.9218486243822307e-05,0.002977070980705321,0.051353235001442954,91.46182627597591,139.83061036400613,0.13321228401036933,231.4875145079859,0.13823639718977612,11.9977856,2026-01-08T02:47:28.124602
24590,0.15974364109753655,0.02502073353727674,1.9216581548049764e-05,0.0030881940328981727,0.051756043976638466,90.36197236800217,137.0316042000195,0.13461466899025254,227.5903410379833,0.14060350651989845,12.017081344,2026-01-08T02:51:15.715592
24591,0.1599038654115762,0.010628433442725793,1.9214674639661104e-05,0.003220451093511656,0.05026639098650776,92.14834316199995,141.28332254107227,0.13515578402439132,233.62660441399203,0.13697070194666366,12.012158464,2026-01-08T02:55:09.342909
24592,0.16006408972561587,0.008832310709312452,1.9212765519169825e-05,0.003001361998030916,0.05048152606468648,91.4778833189921,139.3521832479746,0.13197335199220106,231.02733615701436,0.13851174727761076,12.046381056,2026-01-08T02:59:00.371301
24593,0.1602243140396555,0.009687675682581443,1.921085418709003e-05,0.003013216977706179,0.0458408459671773,91.36421026301105,139.2743454539741,0.13468919502338395,230.82833403500263,0.13863116126440328,12.011961856,2026-01-08T03:02:51.200328
24594,0.16038453835369518,0.05381106595642393,1.9208940643936416e-05,0.00325510001857765,0.04097546698176302,91.14053499800502,138.53750473001855,0.13429429900133982,229.86473674999434,0.13921230569090667,12.0248832,2026-01-08T03:06:41.065755
24595,0.16054476266773482,0.007249786601258634,1.9207024890224275e-05,0.0032596800883766264,0.045476096973288804,91.19964438697207,139.32077856606338,0.13324078600271605,230.71157326397952,0.1387013210793101,12.017560064,2026-01-08T03:10:31.778320
24596,0.1607049869817745,0.025231730798671137,1.9205106926469496e-05,0.0030779169755987823,0.04551495399209671,90.00305950903567,136.4235127758584,0.13475304099847563,226.61648773099296,0.14120773082488983,12.021008384,2026-01-08T03:14:18.395576
24597,0.16086521129581413,0.013234103600698433,1.920318675318856e-05,0.003515327989589423,0.0516741830506362,90.65751350298524,137.45782175500062,0.13484426299692132,228.31409384301514,0.14015779517318214,11.997997056,2026-01-08T03:18:06.710260
24598,0.1610254356098538,0.0038402832763111405,1.920126437089854e-05,0.002333388983970508,0.051030897040618584,92.37856371991802,141.3011888260662,0.13490217499202117,233.8751847850217,0.13682511904550468,12.0114304,2026-01-08T03:22:00.586241
24599,0.16118565992389344,0.0018480843214412346,1.919933978011711e-05,0.0031243979174178094,0.05203817196888849,91.66890395511291,140.0645705589559,0.13537984000868164,231.93093268899247,0.1379721093214865,11.99668736,2026-01-08T03:25:52.517857
24600,0.1613458842379331,0.012354456132726455,1.919741298136254e-05,0.002733276051003486,0.05128710196004249,91.8996261889406,140.32496166205965,0.13415843600523658,232.42128357398906,0.13768102261518192,12.051889152,2026-01-08T03:29:44.939923
24601,0.16150610855197275,0.03466797134126409,1.919548397515369e-05,0.0030020459671504796,0.03830393200041726,91.07645420799963,138.44522194203455,0.1342199930222705,229.7035535320174,0.13930999110790707,12.010686976,2026-01-08T03:33:34.644123
24602,0.16166633286601242,0.02507785750350422,1.9193552762010014e-05,0.00274314999114722,0.05531869700644165,91.62573327196878,140.0583810270473,0.13393560799886473,231.8837371369882,0.1380001909366141,12.032749568,2026-01-08T03:37:26.528469
24603,0.16182655718005207,0.00014322521377785336,1.919161934245156e-05,0.0026183649606537074,0.04559523708303459,90.69982466803049,138.03841648090747,0.13375231399550103,228.92810406599892,0.1397818766313399,12.014848,2026-01-08T03:41:15.457182
24604,0.16198678149409174,0.042656220871343464,1.918968371699898e-05,0.002701884979614988,0.04664629106991924,91.33507414688938,139.1761762050446,0.13451770500978455,230.70191071598674,0.13870713034273333,11.996681216,2026-01-08T03:45:06.159773
24605,0.16214700580813138,0.004715246225119429,1.9187745886173505e-05,0.0024673558946233243,0.049501411034725606,91.13050329397083,139.0656626090058,0.1345305620052386,230.38969718897715,0.1388950998696439,12.021315584,2026-01-08T03:48:56.550100
24606,0.16230723012217105,0.009035896129056198,1.918580585049697e-05,0.004298120969906449,0.04107423001551069,90.29257645798498,136.8354132589884,0.13472957600606605,227.3153623509861,0.14077359167037037,12.027973632,2026-01-08T03:52:43.866043
24607,0.1624674544362107,0.0019337425134349218,1.91838636104918e-05,0.0028027210209984332,0.05604447203222662,93.67706638792879,143.93066696097958,0.13452922701253556,237.80970071000047,0.13456137367172727,12.0375936,2026-01-08T03:56:41.676329
24608,0.16262767875025036,0.019357157029013194,1.9181919166681012e-05,0.002898800012189895,0.046594134939368814,90.97918973004562,138.70094162903843,0.1335559099970851,229.87334000397823,0.13920709552245686,11.997176832,2026-01-08T04:00:31.550243
24609,0.16278790306429,0.005331436910765319,1.9179972519588224e-05,0.0030742599919904023,0.050322763971053064,90.01650183802121,136.1203366779373,0.13386351300869137,226.331896882999,0.14138528612492574,12.0189056,2026-01-08T04:04:17.882972
24610,0.16294812737832967,0.010204718333849172,1.917802366973764e-05,0.002908957947511226,0.046014021965675056,90.23448964807903,136.5878668979567,0.13418429999728687,227.01172121998388,0.14096188438213134,11.996644352,2026-01-08T04:08:04.895311
24611,0.1631083516923693,0.03601953860741958,1.9176072617654058e-05,0.0028960000490769744,0.04978382895933464,90.53129141998943,137.4940583630232,0.1331729099911172,228.2202307410189,0.140215439692168,12.011806208,2026-01-08T04:11:53.116319
24612,0.16326857600640898,0.01714931394997521,1.917411936386287e-05,0.003845906088827178,0.048836223024409264,89.76203692800482,135.7788873469981,0.1351884460018482,225.73849409498507,0.14175694813723355,12.024535552,2026-01-08T04:15:38.855636
24613,0.16342880032044863,0.02622993067412871,1.917216390889006e-05,0.003997987980255857,0.048565752018475905,90.92622963397298,138.4808741460438,0.13370948800002225,229.59997412899975,0.139372838003984,12.017388544,2026-01-08T04:19:28.456456
24614,0.1635890246344883,0.00010111444106186696,1.9170206253262212e-05,0.002835769992088899,0.05017415602924302,90.09176861701417,136.42165195095004,0.13446837299852632,226.70809068201925,0.14115067487769195,12.018943488,2026-01-08T04:23:15.165206
24615,0.16374924894852794,0.006506873734917207,1.9168246397506494e-05,0.003298783063655719,0.05618860697722994,90.88913584998227,138.508685392997,0.1345119499892462,229.59931113399216,0.13937324045944144,12.011099648,2026-01-08T04:27:04.765113
24616,0.1639094732625676,0.01848109470249426,1.9166284342150664e-05,0.003409312979783863,0.05690664396388456,90.09766279600444,136.1768352179497,0.13361905701458454,226.47625251099817,0.14129516735290387,11.997899776,2026-01-08T04:30:51.242042
24617,0.16406969757660725,0.008442461965422865,1.9164320087723086e-05,0.0030463369039352983,0.055934575997525826,89.8105810789857,135.91890211298596,0.13285428899689578,225.92928408097941,0.14163723897133362,12.0120704,2026-01-08T04:34:37.172012
24618,0.16422992189064692,0.02171874754724712,1.9162353634752704e-05,0.0033537920098751783,0.05652530293446034,90.60346793301869,138.25140214001294,0.1340345699863974,229.05633793899324,0.13970362177239937,11.997407232,2026-01-08T04:38:26.228950
24619,0.16439014620468656,0.01412022749980757,1.9160384983769052e-05,0.00304907193640247,0.050026708020595834,91.09941832104232,138.78322898893384,0.1341933399962727,230.0763127550017,0.13908428736892794,11.99666944,2026-01-08T04:42:16.305878
24620,0.16455037051872623,0.015525939114745313,1.9158414135302273e-05,0.002895874058594927,0.04966583399800584,91.13433737307787,138.97127346301568,0.1350743710063398,230.30080259600072,0.13894871246339155,12.014467072,2026-01-08T04:46:06.607254
24621,0.16471059483276587,0.01991479588032341,1.9156441089883078e-05,0.004159288917435333,0.04956250006216578,89.17155422392534,134.61066636705073,0.1344077579851728,223.9779874520027,0.14287118285165157,12.009901568,2026-01-08T04:49:50.586098
24622,0.16487081914680551,0.011671840115241139,1.915446584804279e-05,0.003077311994275078,0.04429543999140151,90.46478625995223,137.5159357500088,0.13344355099252425,228.17191074500442,0.1402451331345596,11.996659712,2026-01-08T04:53:38.758621
24623,0.16503104346084518,0.03922636655735445,1.915248841031331e-05,0.0030891718924976885,0.04870822199154645,90.06287726995652,136.44466486998135,0.13365475699538365,226.69915139701334,0.14115624078344735,11.997449216,2026-01-08T04:57:25.458412
24624,0.16519126777488483,0.012737221382760566,1.915050877722714e-05,0.0031539080664515495,0.05429035794804804,90.90316645303392,138.2211332359584,0.13531090901233256,229.32435725498362,0.139540345312816,11.99766016,2026-01-08T05:01:14.783603
24625,0.1653514920889245,0.00912942679540052,1.914852694931737e-05,0.0029583530267700553,0.05466157093178481,89.58257892608526,135.3183657899499,0.13308442098787054,225.0989817410009,0.14215968349789884,11.996752896,2026-01-08T05:04:59.883157
24626,0.16551171640296414,0.030802593957318436,1.9146542927117675e-05,0.0029702080064453185,0.04915240310947411,91.50628205394605,139.29300057399087,0.1337023859960027,230.99242153699743,0.13853268339747088,11.997208576,2026-01-08T05:08:50.876463
24627,0.1656719407170038,0.012170185858645155,1.914455671116233e-05,0.002883965091314167,0.05385503196157515,90.68893219201709,137.92439391693915,0.1339681099925656,228.81174324502354,0.1398529618549024,12.0229504,2026-01-08T05:12:39.689028
24628,0.16583216503104345,0.0054811596490118575,1.9142568301986193e-05,0.002936946984846145,0.05261735801468603,90.73367401905125,137.90728758490877,0.13437271799193695,228.83919188700384,0.13983618687047694,11.997636608,2026-01-08T05:16:28.528889
24629,0.16599238934508312,0.010915018458407033,1.9140577700124716e-05,0.004029428964713588,0.04421235708286986,89.96904632693622,136.39785577508155,0.13401255599455908,226.55687778399442,0.1412448843442735,12.012256768,2026-01-08T05:20:15.086361
24630,0.16615261365912276,8.094754498699785e-06,1.9138584906113946e-05,0.003293836023658514,0.05067648697877303,88.53248958996846,132.95297590701375,0.13417080699582584,221.68137348699383,0.14435132504209902,11.9976192,2026-01-08T05:23:56.768534
24631,0.16631283797316243,0.011292219789183378,1.9136589920490513e-05,0.003841899073449895,0.05390860995976254,89.63034776010318,135.3446153679979,0.1356868110015057,225.1756490599946,0.14211128127568576,12.023356928,2026-01-08T05:27:41.944812
24632,0.16647306228720207,0.008219280325395317,1.9134592743791638e-05,0.003098776040133089,0.05418597493553534,89.31794997598627,134.56176459792187,0.1346958049980458,224.0792155789968,0.1428066405771522,12.017038336,2026-01-08T05:31:26.024740
24633,0.16663328660124174,0.03408257666178116,1.913259337655514e-05,0.0031518909381702542,0.05648931791074574,92.12846107000951,141.44416238201666,0.13312660600058734,233.77275129998452,0.13688507245627013,12.014550016,2026-01-08T05:35:19.798090
24634,0.16679351091528138,0.02892292567467436,1.9130591819319413e-05,0.0033259699994232506,0.045592385926283896,90.04373447404942,136.34018949401798,0.13502303999848664,226.57503077099682,0.14123356793160027,11.996850176,2026-01-08T05:39:06.373734
24635,0.16695373522932105,0.0016406152672914232,1.912858807262346e-05,0.0036588239308912307,0.04959704409702681,91.36654142293264,139.4044065589842,0.1343113899929449,230.96559150799294,0.1385487759932959,12.036270592,2026-01-08T05:42:57.339964
24636,0.1671139595433607,0.038288679028960715,1.9126582137006856e-05,0.0038456409820355475,0.05208929401123896,91.21489265802666,139.06098869990092,0.13317508599720895,230.4735285860079,0.13884457879533993,11.997463552,2026-01-08T05:46:47.814318
24637,0.16727418385740037,0.0320624809006258,1.9124574013009778e-05,0.003250822948757559,0.05068259505787864,91.37921600291156,139.79414334401372,0.1345772479835432,231.37026095599867,0.1383064524705086,12.017499648,2026-01-08T05:50:39.185157
24638,0.16743440817144,1.5154112713133827e-05,1.9122563701172984e-05,0.0032355540606658906,0.05123159699724056,88.66501365310978,132.97745583593496,0.13530752799124457,221.83832325201365,0.14424919703187278,11.997119488,2026-01-08T05:54:21.024252
24639,0.16759463248547968,0.019113891252434456,1.9120551202037823e-05,0.0026971019979100674,0.04761674697510898,89.40383173004375,135.03294209003798,0.13259480200940743,224.62679365699296,0.14245851743253868,12.010164736,2026-01-08T05:58:05.651760
24640,0.16775485679951932,0.005629367153641596,1.9118536516146237e-05,0.003246466047130525,0.04806786996778101,91.00989127895446,138.65011474510538,0.13362083697575144,229.85153607997927,0.13922030083307887,12.034417664,2026-01-08T06:01:55.503988
24641,0.167915081113559,0.014117013956383317,1.9116519644040754e-05,0.002997920091729611,0.05269736601621844,90.79342638206435,137.82064772796002,0.13524649100145325,228.81157292998978,0.13985306595392857,12.014811136,2026-01-08T06:05:44.316160
24642,0.16807530542759863,0.0015357114125578164,1.9114500586264488e-05,0.0034849940275307745,0.05009373297798447,90.34650570401573,137.31592528198962,0.1339445990161039,227.85807317198487,0.14043829807972938,12.011134464,2026-01-08T06:09:32.175032
24643,0.1682355297416383,0.005502949206737995,1.9112479343361146e-05,0.002684781909920275,0.049611925962381065,91.15684768601204,139.04340031798347,0.1349929999851156,230.3944538460055,0.13889223228172254,11.997391872,2026-01-08T06:13:22.570304
24644,0.16839575405567794,0.009245860611100554,1.9110455915875025e-05,0.0028816319536417723,0.04768017496098764,88.91136389609892,133.945615443954,0.13497816000017338,223.0511875640077,0.1434648268385352,12.010982912,2026-01-08T06:17:05.622185
24645,0.1685559783697176,3.4727675437551397e-06,1.9108430304351003e-05,0.002813842031173408,0.05264228297164664,91.203812867956,138.4371592969983,0.13531829600105993,229.83951189400977,0.13922758422301543,11.998001152,2026-01-08T06:20:55.462556
24646,0.16871620268375725,0.029945516097003022,1.910640250933455e-05,0.0027508130588103086,0.043769997952040285,91.44103616700158,139.4822579829779,0.13501896802335978,231.11217124998802,0.13846090332207744,12.039520768,2026-01-08T06:24:46.575444
24647,0.16887642699779692,0.026559573869299413,1.9104372531371726e-05,0.003146591945551336,0.05439295101677999,90.33746830598102,137.26479527604533,0.13332969200564548,227.80069239600562,0.14047367311935838,12.01411328,2026-01-08T06:28:34.376845
24648,0.16903665131183657,0.007195441806835845,1.910234037100918e-05,0.003085220087086782,0.050425658992026,90.20097164294566,136.77551981795114,0.13326208799844608,227.17125514900545,0.14086289208998146,11.997232128,2026-01-08T06:32:21.548731
24649,0.16919687562587624,0.01323347730539215,1.910030602879414e-05,0.0034678010269999504,0.04731982192606665,90.55491767905187,138.07897593901725,0.13436744001228362,228.82833685801597,0.13984282034027737,12.008820736,2026-01-08T06:36:10.377674
24650,0.16935709993991588,0.010725062920890593,1.909826950527443e-05,0.002807131997542456,0.050748449051752687,89.68183103695628,135.50839046109468,0.13351345699629746,225.3856467109872,0.14197887251016347,12.0105856,2026-01-08T06:39:55.764057
24651,0.16951732425395555,0.004716453935841969,1.909623080099846e-05,0.003919889946701005,0.05454260407714173,90.06943440600298,136.81700909297797,0.13518337500863709,227.0892034540011,0.14091378856098669,12.017191424,2026-01-08T06:43:42.853967
24652,0.1696775485679952,0.0011206233555203227,1.909418991651522e-05,0.003560033976100385,0.0559211689978838,92.65363255800912,142.0620472569135,0.13557792399660684,234.9182380150014,0.13621760605047847,11.99753728,2026-01-08T06:47:37.772803
24653,0.16983777288203486,0.008588779018081638,1.90921468523743e-05,0.002983754937304184,0.04703520401380956,90.27646937902318,136.87827531798393,0.1349025520030409,227.34801975500886,0.14075337024920354,12.01074432,2026-01-08T06:51:25.121424
24654,0.1699979971960745,5.422401859078718e-06,1.9090101609125866e-05,0.003028623992577195,0.05013576804776676,90.98211609697319,138.0564599710051,0.13454761999309994,229.23442766899825,0.1395950875503143,11.997103104,2026-01-08T06:55:14.356521
24655,0.17015822151011417,0.021654932794939796,1.9088054187320678e-05,0.003619315044488758,0.05246152888867073,91.61181349708932,139.78445012995508,0.13285403599729761,231.5916868429922,0.1381742170291908,11.996895744,2026-01-08T06:59:05.948842
24656,0.1703184458241538,0.0173806422925864,1.9086004587510076e-05,0.0031196279742289335,0.04920544908964075,90.71880820792285,138.57124036701862,0.13604198701796122,229.485859619017,0.1394421427669883,12.026878976,2026-01-08T07:02:55.435306
24657,0.17047867013819348,0.007659355253021971,1.9083952810245992e-05,0.0029080630629323423,0.04296806195634417,89.7387251710461,135.6444242739526,0.13438150999718346,225.57102960700286,0.1418621888446909,12.021710848,2026-01-08T07:06:41.007103
24658,0.17063889445223313,0.03413698564448886,1.9081898856080942e-05,0.003292447072453797,0.04480134305777028,90.69729108494357,137.6620185340289,0.1330653860059101,228.54773485299665,0.1400145139070514,12.011468288,2026-01-08T07:10:29.555415
24659,0.1707991187662728,0.030221638160320197,1.9079842725568028e-05,0.003907830017851666,0.06185907803592272,88.86991145598586,133.85604610000155,0.13426104100653902,222.93319258399424,0.14354076048116254,11.997108224,2026-01-08T07:14:12.489389
24660,0.17095934308031244,0.0020812428178853537,1.907778441926094e-05,0.0027577889850363135,0.0478634629980661,90.53191683100886,137.662651652965,0.13405493600293994,228.3862094640208,0.14011353870751628,12.008708096,2026-01-08T07:18:00.876250
24661,0.1711195673943521,0.015200883487462846,1.9075723937713954e-05,0.002964655024698004,0.050704579072771594,91.61879118694924,139.58988768901327,0.13331148601719178,231.4025487700128,0.13828715444186518,12.017901056,2026-01-08T07:21:52.279499
24662,0.17127979170839175,0.015063078757821202,1.9073661281481927e-05,0.002837840933352709,0.04663948100642301,90.99417750097928,138.23809590004385,0.13408140698447824,229.4234908889921,0.13948005008555722,12.01898752,2026-01-08T07:25:41.703617
24663,0.1714400160224314,0.011508712967117418,1.9071596451120303e-05,0.002938014979008585,0.051204259012592956,89.69353079498978,135.88504831999307,0.1357466769986786,225.77700310299406,0.1417327697693036,12.018491904,2026-01-08T07:29:27.481238
24664,0.17160024033647106,0.0024761029004913837,1.906952944718512e-05,0.002589116047602147,0.046726617962121964,91.01787614502246,138.56551755798864,0.13333202301873825,229.7729635439755,0.13926790822748658,11.997472768,2026-01-08T07:33:17.254950
24665,0.1717604646505107,0.00785692246708436,1.906746027023299e-05,0.002963042992632836,0.05002568298368715,88.87660063107614,133.7267096079886,0.13574664801126346,222.7982544460101,0.143627696184462,12.012078592,2026-01-08T07:37:00.053808
24666,0.17192068896455037,0.014152165957751706,1.9065388920821117e-05,0.0027211499982513487,0.05229478899855167,91.23529693103046,139.11266649598838,0.13501921098213643,230.54394519599737,0.13880217054841817,12.036135424,2026-01-08T07:40:50.598465
24667,0.17208091327859001,0.02058327389930703,1.9063315399507283e-05,0.0031803459860384464,0.053336330951424316,90.54426679597236,138.02226426405832,0.13372063299175352,228.76380898000207,0.13988226609217438,12.006657536,2026-01-08T07:44:39.362870
24668,0.17224113759262968,0.02521763706418234,1.9061239706849865e-05,0.0029913999896962196,0.052229656983399764,91.29023713900824,139.42159306796384,0.13607363498886116,230.91083910301677,0.13858162797513274,11.997604864,2026-01-08T07:48:30.274523
24669,0.17240136190666933,2.0720716776168047e-05,1.9059161843407818e-05,0.0031180399819277227,0.0484157890023198,91.22143203098676,138.82286469702376,0.13374455898883753,230.23794784699567,0.13898664533470198,11.99749632,2026-01-08T07:52:20.513241
24670,0.172561586220709,0.02132840183389284,1.905708180974068e-05,0.0031768850167281926,0.04465867092949338,89.29508958599763,134.71093048810144,0.13288265399751253,224.19497215002775,0.14273290651043727,11.997647872,2026-01-08T07:56:04.708811
24671,0.17272181053474864,0.006398801332503368,1.9054999606408583e-05,0.0024003680155146867,0.049984006996965036,91.15720808404149,138.666817188001,0.13406944900634699,230.01727674200083,0.13911998460834243,11.996853248,2026-01-08T07:59:54.726671
24672,0.1728820348487883,0.024763057853999015,1.9052915233972234e-05,0.0029172349895816296,0.04677593207452446,90.71801381796831,138.00922583794454,0.13502571199205704,228.91868293000152,0.13978762934690184,12.020237824,2026-01-08T08:03:43.646159
24673,0.17304225916282795,0.02561893447313679,1.9050828692992922e-05,0.002494158979970962,0.048112157033756375,91.15465688004042,138.50372265698388,0.1352398470044136,229.85161067798617,0.13922025564933216,12.006628864,2026-01-08T08:07:33.498364
24674,0.17320248347686762,0.019909905942428807,1.9048739984032527e-05,0.0034578609629534185,0.05460440300521441,89.63698608693085,134.88047117908718,0.13434951301314868,224.71623956799158,0.14240181333364593,11.996659712,2026-01-08T08:11:18.215183
24675,0.17336270779090726,6.094485890173473e-05,1.9046649107653516e-05,0.0028943869401700795,0.05270848696818575,91.82601092010736,140.63207953301026,0.13476543201250024,232.65585034200922,0.13754221075016723,11.99652608,2026-01-08T08:15:10.871657
24676,0.17352293210494693,0.02144052046452849,1.9044556064418926e-05,0.0026848340057767928,0.0446698400483001,91.39067012394662,139.36939045600593,0.13432275399100035,230.94908755700453,0.13855867688631385,12.018043392,2026-01-08T08:19:01.821497
24677,0.17368315641898657,0.007957113318529885,1.904246085489239e-05,0.0030738260538782924,0.062020223936997354,90.79053911904339,137.68395190004958,0.1352321820158977,228.68227976199705,0.13993213655777903,11.997113856,2026-01-08T08:22:50.504410
24678,0.17384338073302624,0.036299338178161555,1.904036347963812e-05,0.003843417012831196,0.0563846189470496,90.46609415806597,137.62114453996764,0.13328288699267432,228.29032619402278,0.14017238721190212,12.02689024,2026-01-08T08:26:38.795598
24679,0.17400360504706588,0.01853228608811719,1.9038263939220912e-05,0.003250420035328716,0.043267222965369,89.66516743300599,135.783438290091,0.13401306699961424,225.63638116698712,0.14182110098777778,12.008189952,2026-01-08T08:30:24.432587
24680,0.17416382936110555,0.007973751788058259,1.9036162234206143e-05,0.002958850935101509,0.04913793198647909,90.8253583238984,137.92000827204902,0.13308170202071778,228.93994450301398,0.13977464731838757,12.01626624,2026-01-08T08:34:13.373284
24681,0.1743240536751452,1.0366941189055012e-05,1.9034058365159776e-05,0.0030229150725062937,0.054142380045959726,90.98635724402266,138.1901220169966,0.1336722320120316,229.37465616400004,0.13950974591159887,11.998067712,2026-01-08T08:38:02.748840
24682,0.17448427798918487,2.5375619646439418e-05,1.903195233264835e-05,0.0034309170150663704,0.051510011951904744,91.44205081803375,139.29879256000277,0.13461334200110286,230.9374996460101,0.13856562944108614,11.99877888,2026-01-08T08:41:53.686933
24683,0.1746445023032245,0.007790012232534949,1.9029844137238998e-05,0.0029988890164531767,0.05696252401685342,91.10110138502205,138.48417928005802,0.13380672602215782,229.7889750940085,0.13925820412797674,11.996681216,2026-01-08T08:45:43.476500
24684,0.17480472661726418,0.024802953458459953,1.9027733779499425e-05,0.0025895550497807562,0.05912097802502103,91.33627843597787,139.2817946940777,0.1347976929973811,230.82066126100835,0.13863576954150958,12.01728512,2026-01-08T08:49:34.298048
24685,0.17496495093130382,0.01356526960212534,1.9025621259997922e-05,0.002921134000644088,0.05847773497225717,90.00336850603344,136.1659860360669,0.13493528799153864,226.37250156200025,0.14135992569413583,12.02048768,2026-01-08T08:53:20.671392
24686,0.1751251752453435,0.01593620667076756,1.9023506579303368e-05,0.0032151540217455477,0.045734393963357434,92.1118061010784,140.5737289399258,0.1331029419961851,232.87751869799104,0.1374112888994641,12.015857152,2026-01-08T08:57:13.549633
24687,0.17528539955938313,0.003468700474554609,1.902138973798521e-05,0.0027611560362856835,0.05217371802427806,90.87421279796399,138.44313469601911,0.13433323899516836,229.51546677900478,0.13942415493423835,12.01375744,2026-01-08T09:01:03.065778
24688,0.1754456238734228,0.005173696031440578,1.901927073661349e-05,0.0032238629646599293,0.05063795897876844,89.13354722093209,134.56830797801376,0.13467887800652534,223.89719707300537,0.14292273605178663,11.997494272,2026-01-08T09:04:46.963564
24689,0.17560584818746244,0.0001637148148825318,1.9017149575758827e-05,0.0031821400043554604,0.051915764895966277,89.75135588695412,135.80654201708967,0.13352175999898463,225.75481961501646,0.14174669694569597,12.015868928,2026-01-08T09:08:32.718967
24690,0.1757660725015021,0.005933239897370157,1.901502625599242e-05,0.0035095190396532416,0.05367524505709298,89.41899955205736,135.19847569896956,0.13371121999807656,224.81588292698143,0.14233869770844157,12.010458624,2026-01-08T09:12:17.535483
24691,0.17592629681554176,0.0014302179746188415,1.9012900777886052e-05,0.002843756112270057,0.050285305973375216,91.70045471697813,139.95741108199582,0.1354142589843832,231.85253568799817,0.13801876224921736,12.009632768,2026-01-08T09:16:09.388859
24692,0.17608652112958142,1.3605595266419357e-05,1.9010773142012084e-05,0.0029091369942761958,0.04618902402580716,90.13095787304337,136.53307197295362,0.13359047201811336,226.8537501230021,0.14106004411498296,11.99711744,2026-01-08T09:19:56.243280
24693,0.17624674544362107,0.0056308100553179585,1.9008643348943463e-05,0.003672166058095172,0.05163679798715748,89.29372227904969,134.80869560598512,0.1344970829959493,224.2985222330026,0.14266701216496744,11.997903872,2026-01-08T09:23:40.542502
24694,0.17640696975766074,0.01583387300924155,1.900651139925371e-05,0.0028904080390930176,0.05189122990122996,88.96977507206611,134.10054022894474,0.1339585350069683,223.26645819100668,0.14332649991080917,11.996804608,2026-01-08T09:27:23.809667
24695,0.17656719407170038,0.0014183614531479982,1.9004377293516934e-05,0.0031844870245549828,0.050762556900735945,92.09902510108077,140.64832586201373,0.13431762799154967,232.94334205801715,0.13737246026130268,12.010614272,2026-01-08T09:31:16.753660
24696,0.17672741838574005,0.012381244357872134,1.900224103230782e-05,0.0027547549398150295,0.0431486559973564,89.508461608988,135.16209275007714,0.1337458019843325,224.85923554902547,0.14231125495854105,12.022102016,2026-01-08T09:35:01.613488
24697,0.1768876426997797,0.019308854546101095,1.9000102616201636e-05,0.0037222030805423856,0.04727835304220207,89.97832635694067,136.56919457705226,0.13329322100616992,226.7392867389717,0.1411312545797996,12.018425344,2026-01-08T09:38:48.353368
24698,0.17704786701381936,0.008811947032528522,1.8997962045774226e-05,0.003177413047524169,0.04852356397896074,90.21457804206875,137.08959934092127,0.13401912900735624,227.49618045298848,0.14066170225927252,12.006920192,2026-01-08T09:42:35.850132
24699,0.177208091327859,0.028017390715257662,1.899581932160202e-05,0.0035554289643187076,0.0451044469664339,90.79232772899559,138.1172731090046,0.1347887440060731,229.1024486630049,0.13967550406704715,12.017916416,2026-01-08T09:46:24.953160
24700,0.17736831564189867,0.033084494647058094,1.8993674444262025e-05,0.0031339840788859874,0.052151893032714725,91.18420430406695,139.15118137095124,0.13421412001480348,230.53339622999192,0.1388085219899123,12.01016576,2026-01-08T09:50:15.487362
24701,0.1775285399559383,0.019161493955479614,1.8991527414331824e-05,0.0037930259422864765,0.057538018067134544,91.63381969495094,139.84621382903424,0.13433743300265633,231.68234272199334,0.1381201503059658,12.008685568,2026-01-08T09:54:07.170389
24702,0.17768876426997796,0.012131150467702412,1.8989378232389592e-05,0.0036034889926668257,0.05228646798059344,90.80907629997819,138.05787385202711,0.13471762399422005,229.06665887898998,0.13969732721733535,12.006162944,2026-01-08T09:57:56.237893
24703,0.17784898858401763,0.036263675888614344,1.898722689901407e-05,0.002991007117088884,0.04989012106670998,90.36125874496065,137.097524650977,0.1319999439874664,227.65194145098212,0.1405654605712652,12.029031936,2026-01-08T10:01:43.890400
24704,0.17800921289805727,0.023850410644017828,1.898507341478458e-05,0.0029285080381669104,0.04946216297685169,89.87832613202045,136.46203057997627,0.1332819999952335,226.5331564579974,0.14125967474405132,12.011923968,2026-01-08T10:05:30.424212
24705,0.17816943721209694,5.014573878803219e-06,1.898291778028103e-05,0.0031367699266411364,0.05350943305529654,90.90012025795295,138.4197295369231,0.13397958199493587,229.51770388599834,0.13942279596825538,12.011512832,2026-01-08T10:09:19.942691
24706,0.17832966152613658,1.580256299238414e-05,1.8980759996083903e-05,0.0029804490332026035,0.04528704404947348,90.04585898196092,136.76920676106238,0.13422346400329843,227.00597554200795,0.14096545222475138,12.011904512,2026-01-08T10:13:06.949282
24707,0.17848988584017625,0.019109089539489865,1.8978600062774267e-05,0.003545012034010142,0.043501997948624194,90.8886266919726,137.95134879401303,0.13505196801270358,229.02843862300506,0.1397206399012918,11.997826048,2026-01-08T10:16:55.978308
24708,0.1786501101542159,0.027631462599869927,1.8976437980933757e-05,0.0029842219373676926,0.05283590406179428,91.4159467050049,139.4328304619412,0.13306788200861774,231.04604452999774,0.1385005316368673,12.011167232,2026-01-08T10:20:47.025163
24709,0.17881033446825556,0.01008114790226955,1.8974273751144594e-05,0.0028238550876267254,0.05024214199511334,92.24548743100604,141.16453970302246,0.13396955200005323,233.60331890999805,0.13698435514235505,12.017023488,2026-01-08T10:24:40.629241
24710,0.1789705587822952,0.04191171409563843,1.8972107373989576e-05,0.003881589975208044,0.05010588586446829,89.59215179708553,135.20835158298723,0.13466855400474742,224.99901807500282,0.1422228428985094,11.99665664,2026-01-08T10:28:25.628892
24711,0.17913078309633487,0.016060192613764457,1.8969938850052078e-05,0.0032971229520626366,0.04787221201695502,89.7743948539719,136.03616403002525,0.1326203040080145,226.00266250700224,0.14159125226681143,12.011861504,2026-01-08T10:32:11.632167
24712,0.17929100741037451,0.020230782109992518,1.896776817991606e-05,0.002971586014609784,0.05177273799199611,91.38603980003973,139.26131551602157,0.1342927889782004,230.8426034389995,0.13862259185816211,12.013739008,2026-01-08T10:36:02.475403
24713,0.17945123172441418,0.0021517789486402705,1.896559536416605e-05,0.0036718930350616574,0.05063706199871376,91.7263579229766,140.26141498499783,0.13502383598824963,232.18468343600398,0.13782132191686974,12.015028224,2026-01-08T10:39:54.660952
24714,0.17961145603845383,0.017882720517214068,1.8963420403387163e-05,0.0031864639604464173,0.05143669300014153,89.8830233720073,136.17708450800274,0.1334273079992272,226.25592272699578,0.14143276169000774,11.997651968,2026-01-08T10:43:40.917658
24715,0.1797716803524935,0.005689520599435838,1.8961243298165082e-05,0.0034240009845234454,0.04547576411277987,89.77564540092135,135.72222933999728,0.1343518670182675,225.68852647999302,0.14178833323561424,12.012312064,2026-01-08T10:47:26.607048
24716,0.17993190466653314,0.023751526145652235,1.8959064049086075e-05,0.004323331930208951,0.054782052990049124,92.66285495093325,142.42009751102887,0.1354194860032294,235.28434490799555,0.13600564887779987,12.015350272,2026-01-08T10:51:21.892040
24717,0.1800921289805728,0.03164686862737831,1.8956882656736983e-05,0.002797804947476834,0.046956984006101266,89.74043152591912,135.81436726709944,0.13302220799960196,225.7461883990036,0.14175211651166575,11.997699072,2026-01-08T10:55:07.638811
24718,0.18025235329461245,0.02595777246892972,1.8954699121705225e-05,0.0027986030327156186,0.04999682604102418,91.05073325501871,138.55053388897795,0.13410378000116907,229.7942952339945,0.13925498005690307,12.008841216,2026-01-08T10:58:57.433790
24719,0.18041257760865212,0.019756672256947994,1.8952513444578802e-05,0.0028129199927207083,0.05043504695640877,90.70534577101353,137.70908085993142,0.13510581199079752,228.60885397699894,0.13997708069180742,12.007775744,2026-01-08T11:02:46.043398
24720,0.18057280192269176,0.025843916747339435,1.8950325625946288e-05,0.002838379965396598,0.051593168056569993,90.29804229194997,136.70511178401648,0.1334555640059989,227.19886508400668,0.14084577397940792,12.009097216,2026-01-08T11:06:33.242944
24721,0.18073302623673143,0.025490756732462927,1.894813566639683e-05,0.003782177052926272,0.05113788996823132,91.85034665002604,140.28497926300042,0.13424607599154115,232.33134659097414,0.13773431983905685,11.99637248,2026-01-08T11:10:25.574913
24722,0.18089325055077107,0.006274967543297372,1.8945943566520157e-05,0.002730611973674968,0.057528390956576914,89.85410814208444,135.72877279802924,0.1336617539927829,225.7862551129947,0.14172696200654733,12.016720896,2026-01-08T11:14:11.361858
24723,0.18105347486481074,0.005885667905066505,1.894374932690657e-05,0.003208165057003498,0.054215694923186675,90.31591590604512,136.9704551869363,0.1333411159866955,227.48491089200252,0.14066867061434182,11.9967232,2026-01-08T11:17:58.847408
24724,0.18121369917885038,0.020592090210918457,1.8941552948146953e-05,0.003063267969992012,0.04536665300838649,90.82703679506085,138.42391881992808,0.13376578301540576,229.43968403397594,0.1394702060139752,11.997021184,2026-01-08T11:21:48.287925
24725,0.18137392349289005,0.03164256151980993,1.8939354430832756e-05,0.003708824107889086,0.054843296034960076,89.50693936605239,135.20602246394265,0.13429004899808206,224.91400467502535,0.1422766005444449,12.013541376,2026-01-08T11:25:33.202569
24726,0.1815341478069297,0.019099903717901157,1.8937153775556015e-05,0.00315238896291703,0.045952237938763574,90.17409588603186,136.47014460904757,0.1351503419864457,226.83490355100366,0.14107176408504005,11.997768704,2026-01-08T11:29:20.038282
24727,0.18169437212096937,0.013430049766753882,1.8934950982909335e-05,0.002911567920818925,0.0517056479875464,89.61376259900862,135.6061505259422,0.1351345730072353,225.4161667950102,0.1419596493675641,12.020034048,2026-01-08T11:33:05.455039
24728,0.181854596435009,0.03671725950568083,1.89327460534859e-05,0.0030671129934489727,0.05388809906435199,90.66332739888458,138.17188266818994,0.13397557701682672,229.03456380503485,0.13971690328469344,12.010214912,2026-01-08T11:36:54.490238
24729,0.18201482074904868,0.016752195589992525,1.8930538987879468e-05,0.003329110040795058,0.058769455063156784,89.47063494997565,135.16860240104143,0.13460942800156772,224.8428018760169,0.14232165643285963,12.00951296,2026-01-08T11:40:39.333636
24730,0.18217504506308832,0.011124394778123659,1.892832978668437e-05,0.0030179460300132632,0.05065962491789833,91.09656066208845,139.25619154516608,0.13505263900151476,230.55057539598783,0.1387981788596173,12.03141376,2026-01-08T11:44:29.884874
24731,0.182335269377128,0.019903086698459305,1.8926118450495517e-05,0.0032076459610834718,0.04652179015101865,89.84534762596013,136.2827359389048,0.1338245359947905,226.32096989598358,0.1413921123380971,12.009635328,2026-01-08T11:48:16.206440
24732,0.18249549369116763,0.006296849059379994,1.8923904979908393e-05,0.0038219219422899187,0.05733075592434034,90.39353937091073,137.813759693061,0.1351946240174584,228.41024519497296,0.14009879448570497,12.018226688,2026-01-08T11:52:04.617461
24733,0.1826557180052073,0.00010326865602472424,1.8921689375519052e-05,0.0028215970378369093,0.05475293786730617,89.89142444595927,135.98419884010218,0.13401469797827303,226.07484449399635,0.14154604450407923,12.012854784,2026-01-08T11:55:50.692921
24734,0.18281594231924694,0.017140978873076307,1.8919471637924133e-05,0.0031012959079816937,0.05159635626478121,89.67624352080747,135.8532919601421,0.1344847219879739,225.72500476799905,0.1417654195328945,12.021487616,2026-01-08T11:59:36.418522
24735,0.1829761666332866,0.019468150835958653,1.8917251767720836e-05,0.003012350993230939,0.047148502024356276,90.8365125390701,138.02559014287544,0.13366149802459404,229.05321879900293,0.139705524191216,12.012989952,2026-01-08T12:03:25.472329
24736,0.18313639094732626,0.025842689252987938,1.8915029765506948e-05,0.003220719867385924,0.048432510113343596,91.62126601388445,140.38514263997786,0.13287215901073068,232.19830586004537,0.13781323632605486,12.027527168,2026-01-08T12:07:17.671516
24737,0.18329661526136592,0.04960152484594893,1.8912805631880822e-05,0.0031568301492370665,0.04343504790449515,91.62862452311674,140.29297314194264,0.13417591498000547,232.1086936860229,0.1378664430522663,11.997431808,2026-01-08T12:11:09.781110
24738,0.18345683957540557,0.0069015341622986615,1.891057936744139e-05,0.003056349989492446,0.05059676879318431,89.66337097692303,135.61660743202083,0.1340440459898673,225.4741118660313,0.14192316685568435,12.012755456,2026-01-08T12:14:55.255822
24739,0.18361706388944524,0.02660320279942141,1.8908350972788155e-05,0.0031330580241046846,0.05198342993389815,91.22883940197062,138.97880799905397,0.13186101202154532,230.4023103810032,0.13888749616739268,12.018213888,2026-01-08T12:18:45.658855
24740,0.18377728820348488,0.009248723953877658,1.890612044852119e-05,0.003201677114702761,0.04769485001452267,91.31460000399966,138.8898025979288,0.13452362001407892,230.39606806403026,0.13889125916466055,12.020955648,2026-01-08T12:22:36.055517
24741,0.18393751251752452,0.012800758900933573,1.890388779524115e-05,0.0026818380574695766,0.04928521189140156,89.54917739401571,135.4682537219487,0.13535199197940528,225.21198102796916,0.1420883553971576,11.997584384,2026-01-08T12:26:21.268103
24742,0.1840977368315642,0.021845980040723134,1.890165301354926e-05,0.0032760690664872527,0.049910555011592805,91.3357504470041,139.1387037760578,0.1329303000238724,230.6678731010179,0.1387275981254053,12.032718848,2026-01-08T12:30:11.936770
24743,0.18425796114560383,0.026753269835385396,1.8899416104047316e-05,0.0035736841382458806,0.0539201139472425,90.42281563818688,137.3256564460462,0.13422942702891305,227.94805757398717,0.14038285888711058,11.996822528,2026-01-08T12:33:59.885570
24744,0.1844181854596435,0.010034453246170472,1.8897177067337682e-05,0.0033126408234238625,0.051578967133536935,91.35988576803356,139.1328544729622,0.13431355502689257,230.68945787701523,0.13871461788713285,11.996650496,2026-01-08T12:37:50.575677
24745,0.18457840977368314,0.004313272508877475,1.889493590402331e-05,0.0036211240221746266,0.05137515801470727,89.5384509760188,135.27584929112345,0.13383744296152145,225.00966196099762,0.14221611517085328,12.018112,2026-01-08T12:41:35.585948
24746,0.18473863408772281,0.011524482977936401,1.8892692614707708e-05,0.004343826847616583,0.05511634220601991,91.47564690897707,139.85684600198874,0.13470225897617638,231.53391714498866,0.13820869268134614,12.018739712,2026-01-08T12:45:27.120463
24747,0.18489885840176246,0.011658147570249966,1.889044719999497e-05,0.002600184816401452,0.05139507120475173,89.81766312988475,135.97258648998104,0.13296426698798314,225.98449931899086,0.14160263246564558,12.014534656,2026-01-08T12:49:13.105814
24748,0.18505908271580213,0.015162734051884286,1.8888199660489747e-05,0.0029744290513917804,0.04547725821612403,89.75687885383377,135.76077014603652,0.13415360695216805,225.7097180020064,0.14177502095729674,11.9972608,2026-01-08T12:52:58.816297
24749,0.18521930702984177,0.019423181998512007,1.8885949996797282e-05,0.0031275811488740146,0.05601032782578841,88.97642778995214,133.98822485201526,0.13482261402532458,223.16670686902944,0.14339056416143625,11.99737344,2026-01-08T12:56:41.983614
24750,0.18537953134388144,0.004911409757184515,1.8883698209523372e-05,0.0034655690542422235,0.04609689605422318,90.4806041069096,137.2972586429678,0.13202597602503374,227.97284210502403,0.14036759687918454,11.997758464,2026-01-08T13:00:29.957209
24751,0.18553975565792108,0.025101192557237084,1.8881444299274398e-05,0.002939501020591706,0.04773067106725648,90.70347081497312,137.92258368997136,0.1333387290360406,228.81967006402556,0.13984811703926567,11.996663808,2026-01-08T13:04:18.777720
24752,0.18569997997196075,0.010237930320485589,1.8879188266657306e-05,0.0029472632450051606,0.052250834938604385,90.78156011813553,137.78093567088945,0.13517498597502708,228.7605133440229,0.13988428130459998,12.010599424,2026-01-08T13:08:07.539044
24753,0.1858602042860004,0.002851768747969885,1.8876930112279615e-05,0.0037062749033793807,0.042499223025515676,91.01777853595559,138.32107288896805,0.13459765899460763,229.52691231598146,0.13941720244093533,11.998079488,2026-01-08T13:11:57.066664
24754,0.18602042860004006,0.0007916841444384204,1.887466983674942e-05,0.0033148490474559367,0.052019675029441714,90.72750375600299,137.5998377779033,0.13442623702576384,228.52444457099773,0.14002878361688031,12.020509184,2026-01-08T13:15:45.591977
24755,0.1861806529140797,0.008085724689660623,1.8872407440675377e-05,0.003689071105327457,0.0533184529049322,89.93473063607235,136.68780898407567,0.1344562009908259,226.8205079259933,0.1410807174915635,12.009035776,2026-01-08T13:19:32.413114
24756,0.18634087722811937,0.006069561509271182,1.8870142924666724e-05,0.0034639592049643397,0.044839169015176594,90.49033167399466,137.08293773187324,0.13380100397625938,227.763103573001,0.140496856154507,12.01382656,2026-01-08T13:23:20.176850
24757,0.18650110154215901,0.013783074381997551,1.8867876289333265e-05,0.00263735483167693,0.05401448794873431,90.13579871627735,136.2166704297415,0.1346052040462382,226.55179856199538,0.14124805101135965,12.016855552,2026-01-08T13:27:06.729236
24758,0.18666132585619868,0.0016605906155078287,1.8865607535285368e-05,0.0036697619943879545,0.04992614116054028,89.82516115397448,135.88847392000025,0.13354522897861898,225.90813922602683,0.14165049612481287,11.99716352,2026-01-08T13:30:52.638000
24759,0.18682155017023833,0.007351082437708101,1.8863336663133985e-05,0.0029312779661267996,0.054577988921664655,90.33848336507799,136.91574680490885,0.13341096497606486,227.4514455620083,0.14068936744249486,11.996804096,2026-01-08T13:34:40.090069
24760,0.186981774484278,0.025163743850050935,1.886106367349063e-05,0.0029602700960822403,0.05359781114384532,88.78326043090783,133.9886604929925,0.13374133402248845,222.9696559709846,0.1435172865143776,12.013713408,2026-01-08T13:38:23.060330
24761,0.18714199879831764,0.02695769929907499,1.8858788566967392e-05,0.002930703980382532,0.048489922017324716,90.4151007020846,137.29065414698562,0.13306184503016993,227.89851532800822,0.1404133763396539,12.026090496,2026-01-08T13:42:10.959631
24762,0.1873022231123573,0.007046702943824812,1.885651134417692e-05,0.0032691569649614394,0.045662473945412785,91.81825505598681,140.5382133158855,0.13520475797122344,232.5487222909578,0.1376055722205284,12.018743808,2026-01-08T13:46:03.509055
24763,0.18746244742639695,0.0017393951023709775,1.8854232005732445e-05,0.003109921992290765,0.04576912894845009,90.01307261514012,136.42345262889285,0.13395813904935494,226.6281293790089,0.1412004771326677,12.018051584,2026-01-08T13:49:50.137781
24764,0.18762267174043662,0.0031906879308323255,1.885195055224776e-05,0.002538910019211471,0.05004451499553397,90.55827410594793,137.32498177612433,0.13394885801244527,228.07880767103052,0.14030238200015147,12.019311104,2026-01-08T13:53:38.217149
24765,0.18778289605447626,0.008249206966951306,1.8849666984337232e-05,0.003171950054820627,0.04758184403181076,90.73288466501981,137.85063243302284,0.1345580699853599,228.7761089319829,0.13987474544168366,12.033385472,2026-01-08T13:57:26.993918
24766,0.18794312036851593,0.00640043722657424,1.88473813026158e-05,0.003217080084141344,0.04736843321006745,91.30016438878374,139.1990364541416,0.13473319401964545,230.69085863803048,0.13871377560829212,12.021078016,2026-01-08T14:01:17.685678
24767,0.18810334468255557,0.0026070133243152327,1.8845093507698956e-05,0.003080724854953587,0.050496195210143924,92.08975175704109,140.71171258785762,0.13410990400006995,232.99736659805058,0.13734060803873366,12.018817536,2026-01-08T14:05:10.683863
24768,0.18826356899659524,0.012827062075274398,1.884280360020278e-05,0.0031238648225553334,0.050887153134681284,89.30424976308132,134.69864924490685,0.13376115198479965,224.19874722597888,0.14273050316265112,12.009866752,2026-01-08T14:08:54.883200
24769,0.18842379331063489,0.01944575200244003,1.8840511580743912e-05,0.0029986820300109684,0.04745805490529165,90.68192591995467,137.74173734214855,0.13314367202110589,228.61509774101432,0.13997325774280694,12.01310464,2026-01-08T14:12:43.499167
24770,0.18858401762467455,0.008645141924890964,1.8838217449939563e-05,0.003017787996213883,0.049793349811807275,90.24415490514366,136.99439235095633,0.13229738699737936,227.43080044997623,0.14070213857000627,12.012924416,2026-01-08T14:16:30.930684
24771,0.1887442419387142,0.04436722886022437,1.8835921208407515e-05,0.0030112460372038186,0.05404427886242047,91.55998320120852,139.97070888895541,0.13460450095590204,231.7299434580491,0.13809177839718015,12.028560896,2026-01-08T14:20:22.661264
24772,0.18890446625275387,0.03234529553707688,1.883362285676611e-05,0.0028868159279227257,0.047925651946570724,89.69902130699484,135.6296883750474,0.13398734404472634,225.52060206903843,0.14189390994177936,12.01691904,2026-01-08T14:24:08.182458
24773,0.1890646905667935,0.004915600336715897,1.8831322395634267e-05,0.004108576918952167,0.05330374708864838,89.69402617297601,135.33390425890684,0.13426411803811789,225.22681900998577,0.1420789945915865,12.010177024,2026-01-08T14:27:53.410010
24774,0.18922491488083318,0.023077058402460437,1.882901982563147e-05,0.0036840070388279855,0.052280852978583425,91.62066758214496,139.7762182878796,0.13481555198086426,231.59633373003453,0.13817144461924652,12.010132992,2026-01-08T14:31:45.007003
24775,0.18938513919487282,0.01229646374752491,1.8826715147377768e-05,0.002915889141149819,0.053416515002027154,89.37893083115341,135.02866733598057,0.13281232595909387,224.60470100899693,0.1424725299882222,11.99653632,2026-01-08T14:35:29.612327
24776,0.1895453635089125,0.01718998258868254,1.882440836149378e-05,0.003077783912885934,0.05162390990881249,91.13877633708762,139.12870392698096,0.13427245296770707,230.46488826698624,0.13884978419328248,12.024309248,2026-01-08T14:39:20.077942
24777,0.18970558782295213,0.0014121749937032746,1.8822099468600695e-05,0.00312675820896402,0.04804659594083205,90.53508510417305,137.70957151486073,0.13403394899796695,228.43726990302093,0.14008222044320984,12.010763776,2026-01-08T14:43:08.515946
24778,0.1898658121369918,0.0014078606984604392,1.8819788469320264e-05,0.002899535931646824,0.046927750925533473,90.18781642703107,136.90408160502557,0.13341426302213222,227.2830722310464,0.14079359138312839,11.99787008,2026-01-08T14:46:55.799667
24779,0.19002603645103144,0.021173116761517008,1.8817475364274812e-05,0.0035692320088855922,0.04662730096606538,89.99500511609949,136.18536425498314,0.13424923201091588,226.372898489004,0.1413596778306675,11.996976128,2026-01-08T14:50:42.173284
24780,0.19018626076507109,0.006910146710218612,1.8815160154087226e-05,0.004014240810647607,0.04654424008913338,89.4068590880488,135.0127310938551,0.1351682470412925,224.6143531090347,0.1424664076763884,11.997288448,2026-01-08T14:54:26.788420
24781,0.19034648507911076,0.009984381418568944,1.881284283938096e-05,0.0029272589599713683,0.051041300874203444,90.22665759100346,137.2131624891772,0.13438750902423635,227.6362594650127,0.14057514420244788,12.01807616,2026-01-08T14:58:14.425389
24782,0.1905067093931504,0.0012983987803920627,1.8810523420780034e-05,0.003604743047617376,0.05299128108890727,89.30735417699907,135.0875104968436,0.1336166170076467,224.59237285301788,0.14248035048341587,11.997968384,2026-01-08T15:01:59.018346
24783,0.19066693370719007,0.006116689440904821,1.8808201898909043e-05,0.0030160080059431493,0.050158165977336466,89.8703841829556,135.9499823448714,0.13240876700729132,226.01365066104336,0.14158436849458692,12.015997952,2026-01-08T15:05:45.032611
24784,0.1908271580212297,0.002209924678389541,1.8805878274393137e-05,0.002912420139182359,0.04867135686799884,89.63778457808075,135.4365028240136,0.13526748301228508,225.2704706529621,0.1420514633242687,12.012465664,2026-01-08T15:09:30.303813
24785,0.19098738233526938,0.021416121285584566,1.8803552547858043e-05,0.00453684211242944,0.049525955982971936,90.12384140200447,136.32796839496586,0.13381151796784252,226.64862756599905,0.14118770690849097,12.01071872,2026-01-08T15:13:16.953026
24786,0.19114760664930902,0.04285219881873559,1.880122471993004e-05,0.003811242990195751,0.040548488905187696,89.50881204294274,135.59355664002942,0.13324323704000562,225.28903855703538,0.14203975570652858,12.030751232,2026-01-08T15:17:02.242754
24787,0.1913078309633487,0.006797273863472952,1.8798894791235988e-05,0.003314371104352176,0.05273257597582415,89.08418543892913,134.13570949499262,0.13448205700842664,223.41803063999396,0.14322926358420643,11.997715968,2026-01-08T15:20:45.661390
24788,0.19146805527738833,0.0055134313371638655,1.8796562762403302e-05,0.0031597500201314688,0.053939432895276695,90.08995630510617,136.9573837950593,0.13415486796293408,227.247183733969,0.14081582651189806,12.023839232,2026-01-08T15:24:32.909344
24789,0.191628279591428,0.017042232668536883,1.8794228634059967e-05,0.0028024299535900354,0.05304898298345506,91.9541688800673,140.41766983293928,0.13256225700024515,232.56843962304993,0.1375939059137432,12.01234688,2026-01-08T15:28:25.478351
24790,0.19178850390546764,0.006029238877943044,1.8791892406834533e-05,0.004035000165458769,0.048018393863458186,90.70871574810008,138.2490367279388,0.13542029197560623,229.15211696201004,0.13964522965897416,12.021420032,2026-01-08T15:32:14.631153
24791,0.19194872821950731,0.00037817105547333085,1.8789554081356113e-05,0.0032082811230793595,0.0483082290738821,90.01612923794892,136.84031499701086,0.13423045398667455,227.05006415600656,0.14093807953303522,12.008972288,2026-01-08T15:36:01.681871
24792,0.19210895253354696,0.009936992795282151,1.8787213658254393e-05,0.00266748305875808,0.051412008178886026,90.97299813193968,138.65197542810347,0.13322589598828927,229.81951352697797,0.1392396994881098,12.012351488,2026-01-08T15:39:51.501961
24793,0.19226917684758663,0.036736519376329824,1.878487113815961e-05,0.0031611109734512866,0.05025776114780456,92.45212473394349,141.79078356502578,0.13483348401496187,234.44004039402353,0.1364954550690982,12.013108736,2026-01-08T15:43:45.942592
24794,0.19242940116162627,0.018310742684526815,1.8782526521702578e-05,0.003009302949067205,0.03888621891383082,90.32173712505028,137.15331914101262,0.13429272698704153,227.65861781698186,0.14056133831808323,12.03056896,2026-01-08T15:47:33.601915
24795,0.19258962547566594,0.025825130506419214,1.878017980951467e-05,0.0031669078744016588,0.0520994829130359,91.16087936394615,138.6943496861495,0.13561214902438223,230.05323086696444,0.1390982420868717,12.019436032,2026-01-08T15:51:23.655857
24796,0.19274984978970558,0.019825578941606636,1.877783100222783e-05,0.002881027990952134,0.04567876004148275,88.93378025095444,134.0793964950135,0.1344554300303571,223.2041663089767,0.14336649951104896,12.011204096,2026-01-08T15:55:06.860628
24797,0.19291007410374525,0.021095170712925437,1.877548010047455e-05,0.0037726478767581284,0.057495392160490155,91.86719956190791,140.30632686789613,0.133859607973136,232.3765230299905,0.1377075428393,12.023505408,2026-01-08T15:58:59.237803
24798,0.1930702984177849,0.010786252909852578,1.8773127104887902e-05,0.003029333835002035,0.04646997794043273,91.16025483806152,138.67102433595574,0.13440801604883745,230.0215938760084,0.13911737355080403,12.015340032,2026-01-08T16:02:49.260176
24799,0.19323052273182456,0.004917232206310018,1.8770772016101514e-05,0.0032096580835059285,0.0457605310366489,90.109841250116,136.9673460276681,0.1346371970139444,227.26730297296308,0.1408033605423957,12.00937472,2026-01-08T16:06:36.528105
24800,0.1933907470458642,0.02519553060140467,1.8768414834749587e-05,0.0033933869563043118,0.046597821987234056,91.53270184400026,139.5080605710391,0.1325151090277359,231.23252939700615,0.13838883345456462,12.014896128,2026-01-08T16:10:27.761242
24801,0.19355097135990387,0.016586537698298542,1.8766055561466875e-05,0.004156797018367797,0.05210785806411877,91.05740154598607,139.06330085196532,0.13419065496418625,230.31857847300125,0.13893798846865996,12.027265536,2026-01-08T16:14:18.080425
24802,0.19371119567394351,0.016555822185909008,1.8763694196888694e-05,0.003347287012729794,0.05252732086228207,91.22049918805715,138.50206899107434,0.1339410439832136,229.920173874998,0.13917873956287813,11.997508608,2026-01-08T16:18:08.001223
24803,0.19387141998798318,0.014422808413897314,1.8761330741650934e-05,0.00416227790992707,0.043333394976798445,90.20205646305112,137.0868198480457,0.13374368601944298,227.4784595099627,0.14067266003530554,12.010505728,2026-01-08T16:21:55.480266
24804,0.19403164430202283,3.269235181591057e-05,1.8758965196390036e-05,0.002943503961432725,0.04487082891864702,90.40727056795731,137.42642662808066,0.1346211609779857,228.02235545398435,0.14033711710542215,12.018432512,2026-01-08T16:25:43.503223
24805,0.1941918686160625,0.0016456849216126557,1.875659756174302e-05,0.003409257100429386,0.05569999519502744,91.2080292699975,139.22227925388142,0.13340354803949594,230.6295886929729,0.13875062684433004,12.013407744,2026-01-08T16:29:34.133484
24806,0.19435209293010214,0.007355048696624067,1.8754227838347446e-05,0.00295136688509956,0.04914339096285403,88.86945852503413,133.72283895977307,0.1343768640072085,222.78832108300412,0.14363410004816984,11.997659136,2026-01-08T16:33:16.922499
24807,0.1945123172441418,0.0032448121183890066,1.8751856026841456e-05,0.0031334131490439177,0.04956465493887663,92.25164405698888,141.37161795794964,0.1334654989768751,233.8158384319977,0.1368598475389715,12.029814272,2026-01-08T16:37:10.738941
24808,0.19467254155818145,0.01755417766401024,1.8749482127863748e-05,0.0030658048344776034,0.04385587910655886,89.37213427794632,134.94462286488852,0.13344428897835314,224.5065808360232,0.14253479733572888,12.016722944,2026-01-08T16:40:55.246156
24809,0.19483276587222112,0.01078960073351709,1.874710614205358e-05,0.003050060127861798,0.04670260695274919,90.30366033007158,136.87352090975037,0.13583826000103727,227.36945275298785,0.1407401021225332,11.99796736,2026-01-08T16:44:42.616191
24810,0.19499299018626076,0.003925364610743998,1.8744728070050774e-05,0.003010347078088671,0.043807300040498376,89.86112062312895,135.70655736589106,0.13436160900164396,225.75560247700196,0.14174620540484653,11.997197312,2026-01-08T16:48:28.372618
24811,0.19515321450030043,0.0026743871827505927,1.874234791249571e-05,0.003279307100456208,0.047552856092806906,89.361581975827,135.238945928053,0.13244560500606894,224.79245076904772,0.14235353496313305,11.997297664,2026-01-08T16:52:13.165861
24812,0.19531343881434007,0.022143250222979916,1.8739965670029337e-05,0.0038654128438793123,0.05069502617698163,89.67645698512206,135.91863452579128,0.13347889098804444,225.79068556101993,0.14172418105064835,12.010427904,2026-01-08T16:55:58.957137
24813,0.19547366312837974,0.055072376639742515,1.873758134329316e-05,0.002713130845222622,0.04955184902064502,90.97537672705948,138.63163792394334,0.13381750899134204,229.80013270600466,0.13925144264794345,12.01810688,2026-01-08T16:59:48.757860
24814,0.19563388744241939,0.014800935975262774,1.8735194932929244e-05,0.0038216839893721044,0.05355579900788143,91.36016738892067,139.38131780317053,0.13381762703647837,230.9400934309815,0.138564073152432,12.023712256,2026-01-08T17:03:39.698782
24815,0.19579411175645905,0.02192012205193805,1.8732806439580224e-05,0.003110193065367639,0.05015847983304411,90.62152566114673,137.61901813390432,0.13370557798771188,228.43475458800094,0.14008376290076516,11.997846528,2026-01-08T17:07:28.134292
24816,0.1959543360704987,0.020314258341144864,1.8730415863889283e-05,0.003467349917627871,0.057768735161516815,90.27733216289198,136.95854259305634,0.13327157095773146,227.43775987101253,0.14069783319246662,12.024155136,2026-01-08T17:11:15.572798
24817,0.19611456038453837,0.006209744494483971,1.8728023206500172e-05,0.0039965869509615,0.05152942013228312,91.74819926888449,140.1146504630451,0.13247473997762427,232.0582993630087,0.1378963824514736,11.997891072,2026-01-08T17:15:07.631757
24818,0.196274784698578,0.020775197194641493,1.8725628468057205e-05,0.003024532867129892,0.0486398569191806,90.11717829189729,136.47292087203823,0.13497367803938687,226.78319481096696,0.14110392979811975,12.01963776,2026-01-08T17:18:54.415542
24819,0.19643500901261768,0.0198120875563923,1.872323164920525e-05,0.0031293099746108055,0.04500866698799655,89.75455097592203,136.06464119406883,0.1344946519820951,226.0092832709779,0.14158710446257652,11.997457408,2026-01-08T17:22:40.425436
24820,0.19659523332665732,1.943242370483489e-05,1.8720832750589738e-05,0.0033952229423448443,0.051785785937681794,88.96098070504377,134.2500726331491,0.1334875850006938,223.40868253499502,0.14323525673621695,12.012248576,2026-01-08T17:26:23.834864
24821,0.19675545764069696,0.01600384258543386,1.8718431772856664e-05,0.0034085369552485645,0.04714268213137984,90.86982594698202,138.7638609528658,0.13414262101287022,229.82589690200984,0.13923583212923885,12.019137024,2026-01-08T17:30:13.661597
24822,0.19691568195473663,0.035383296860558744,1.8716028716652576e-05,0.002859117172192782,0.04482910881051794,89.82470935292076,135.65227344905725,0.13342664897209033,225.6669401070103,0.14180189612543928,12.014594048,2026-01-08T17:33:59.329170
24823,0.19707590626877627,0.021194854983697553,1.871362358262459e-05,0.003375041822437197,0.051906405948102474,90.49824122095015,137.83468410902424,0.13405157899251208,228.5306600210024,0.14002497519177137,11.997625344,2026-01-08T17:37:47.860418
24824,0.19723613058281594,6.840750763359438e-05,1.8711216371420368e-05,0.003105666080955416,0.05117517278995365,89.3108126281295,134.67312359105563,0.13361363200237975,224.17914884595666,0.1427429810699683,11.99654656,2026-01-08T17:41:32.040192
24825,0.19739635489685559,0.015452839092844783,1.8708807083688148e-05,0.00307838391745463,0.04345230897888541,90.57630265800981,137.4379347069189,0.13431137602310628,228.20348360098433,0.14022572966481206,12.019313152,2026-01-08T17:45:20.244263
24826,0.19755657921089526,0.017375318748682034,1.8706395720076716e-05,0.0029149588663131,0.050732791831251234,90.35859323915793,137.1960420651012,0.13456117000896484,227.74901471403427,0.14050554747812968,11.997780992,2026-01-08T17:49:07.993880
24827,0.1977168035249349,0.004615529467240975,1.8703982281235423e-05,0.003140848712064326,0.04695209808414802,90.53449250286212,136.83408765296917,0.1335591429960914,227.56021174701164,0.14062212262122414,12.025914368,2026-01-08T17:52:55.554691
24828,0.19787702783897457,0.012407477314930304,1.8701566767814168e-05,0.002905675151851028,0.047243129927664995,89.23680579697248,134.6145863040001,0.13348905299790204,224.04354188399157,0.14282937919527006,11.997385728,2026-01-08T17:56:39.598847
24829,0.1980372521530142,0.01152989341654198,1.8699149180463425e-05,0.0035958089865744114,0.04992712999228388,89.73589243018068,135.67212632892188,0.13490576000185683,225.60457780200522,0.14184109343775725,12.022462464,2026-01-08T18:00:25.204032
24830,0.19819747646705388,0.004737100600197053,1.8696729519834216e-05,0.002996157913003117,0.04224575503030792,91.22503478603903,139.0958652300178,0.13440254499437287,230.50791764701717,0.13882386482273654,12.0150784,2026-01-08T18:04:15.712560
24831,0.19835770078109352,0.003200287764578036,1.869430778657812e-05,0.0029454600298777223,0.052932141930796206,89.7619873531512,135.78094491298543,0.13556011801119894,225.74174488999415,0.14175490676566654,12.021265408,2026-01-08T18:08:01.454999
24832,0.1985179250951332,0.007856964489764806,1.869188398134728e-05,0.002951424103230238,0.051975960028357804,91.85891504387837,140.54037366702687,0.13450928399106488,232.59509778302163,0.13757813601837593,12.024640512,2026-01-08T18:11:54.050758
24833,0.19867814940917283,0.004916476051048946,1.8689458104794397e-05,0.0026937440270558,0.05284784105606377,90.16077366902027,136.76496266090544,0.1330545840319246,227.12330099899555,0.14089263346934852,12.012286464,2026-01-08T18:15:41.174817
24834,0.1988383737232125,2.752409045569948e-05,1.8687030157572727e-05,0.002835182996932417,0.05005419789813459,88.89165754412534,133.46597683103755,0.1334494279581122,222.55225536198122,0.14378645567061094,11.996928,2026-01-08T18:19:23.727722
24835,0.19899859803725214,0.00016101880471808272,1.868460014033608e-05,0.002813059196341783,0.05418208095943555,91.18081952707144,138.82014068285935,0.13479403196834028,230.20097897900268,0.13900896573910232,12.010894848,2026-01-08T18:23:13.929353
24836,0.19915882235129181,0.0102913385220198,1.8682168053738828e-05,0.003270590037573129,0.050721467880066484,90.20330615685089,136.8191637082491,0.13317963597364724,227.21741052600555,0.14083427817402014,12.01808128,2026-01-08T18:27:01.147362
24837,0.19931904666533146,2.0541396899886877e-05,1.86797338984359e-05,0.0032214890816248953,0.04437335697002709,91.46207935194252,139.43049667199375,0.1334996380028315,231.08162429201184,0.1384792066354979,12.041025024,2026-01-08T18:30:52.229698
24838,0.19947927097937113,0.0015707484832319096,1.8677297675082786e-05,0.0032909459550864995,0.05057802994269878,89.9151030779467,136.06041268305853,0.13471895502880216,226.17101089801872,0.14148586007085104,11.996736512,2026-01-08T18:34:38.401330
24839,0.19963949529341077,0.008505622732728924,1.8674859384335522e-05,0.0034828680800274014,0.04553492204286158,88.78720785299083,133.7265906909015,0.13239156996132806,222.70445009804098,0.14368819296566668,11.997475328,2026-01-08T18:38:21.106372
24840,0.19979971960745044,0.025080355124940112,1.867241902685071e-05,0.0032959519885480404,0.052300808019936085,91.52399113203865,139.61460011999588,0.13495962898014113,231.33592843596125,0.1383269785041552,12.020833792,2026-01-08T18:42:12.443177
24841,0.19995994392149008,0.020650132740973604,1.866997660328551e-05,0.004281192959751934,0.05158064706483856,91.0629284659517,138.66738245199667,0.13435536297038198,229.92693359800614,0.1391746477859238,12.019031552,2026-01-08T18:46:02.370882
24842,0.20012016823552975,0.009803508146347895,1.8667532114297624e-05,0.00271452683955431,0.05034021113533527,90.184309754055,136.79287265287712,0.13382954197004437,227.17179649398895,0.1408625564170627,11.996954112,2026-01-08T18:49:49.543366
24843,0.2002803925495694,0.017270395801184613,1.866508556054533e-05,0.0024994551204144955,0.05296187486965209,90.93687514506746,138.48257773701334,0.13431423500878736,229.61620636098087,0.13936298533602906,11.996814336,2026-01-08T18:53:39.160320
24844,0.20044061686360906,0.009089554111056941,1.866263694268745e-05,0.0028806281625293195,0.05217807705048472,90.17786106310086,136.85343731788453,0.13513321796199307,227.2276960030431,0.14082790330088743,11.997033472,2026-01-08T18:57:26.388847
24845,0.2006008411776487,0.0033850762366718357,1.8660186261383363e-05,0.003922568052075803,0.05019179999362677,89.91207617300097,136.29488413291983,0.13531199895078316,226.40439473302104,0.14134001258118162,12.014656512,2026-01-08T19:01:12.793944
24846,0.20076106549168837,0.018660990026109436,1.8657733517293005e-05,0.003044834069442004,0.04970541305374354,91.49876419914654,139.51248992589535,0.135435693024192,231.20569109503413,0.13840489759764094,12.01282304,2026-01-08T19:05:04.000244
24847,0.20092128980572801,0.012910312998503315,1.8655278711076865e-05,0.0025887020165100694,0.053549499076325446,91.09525499190204,138.90448602411197,0.1333529429975897,230.1971917609917,0.1390112527229474,12.01621504,2026-01-08T19:08:54.198086
24848,0.20108151411976768,0.0052497050097919384,1.8652821843395994e-05,0.003254661860410124,0.04536226607160643,91.50429010298103,139.49191229685675,0.1328508920269087,231.1856643759529,0.13841688707809222,12.0124288,2026-01-08T19:12:45.384342
24849,0.20124173843380733,0.005167866205052718,1.8650362914911992e-05,0.0032300989259965718,0.056459258834365755,91.94741898705252,140.63337420701282,0.13443798798834905,232.78538792801555,0.1374656729308774,12.010515456,2026-01-08T19:16:38.170451
24850,0.201401962747847,0.03267356093274287,1.8647901926287016e-05,0.0027225110679864883,0.045972811873070896,91.96724518301198,140.95257665106328,0.13297097099712119,233.1114693870186,0.13727338291910746,12.022663168,2026-01-08T19:20:31.282656
24851,0.20156218706188664,0.005573350735609495,1.8645438878183777e-05,0.002655633899848908,0.04922668595099822,89.88019623106811,136.1765421529417,0.13354258897015825,226.24940485297702,0.14143683613574348,11.997641728,2026-01-08T19:24:17.532659
24852,0.2017224113759263,0.014171475748563367,1.8642973771265542e-05,0.0036255278973840177,0.057717697869520634,89.4264209670946,134.68951030506287,0.13411120203090832,224.3187337060226,0.14265415764131897,11.997543424,2026-01-08T19:28:01.852207
24853,0.20188263568996595,0.043384033183905046,1.864050660619613e-05,0.0028285609441809356,0.045561897044535726,92.52780386788072,141.68070532317506,0.13291685900185257,234.39830316603184,0.13651975960480128,12.015258624,2026-01-08T19:31:56.251272
24854,0.20204286000400562,5.7149465030548185e-05,1.8638037383639915e-05,0.0029247519560158253,0.05416339891962707,90.29013874509837,137.0041795661091,0.1357762329862453,227.4933673570049,0.14066344162809136,12.018136576,2026-01-08T19:35:43.745226
24855,0.20220308431804526,0.011216693520321286,1.863556610426183e-05,0.003060162009205669,0.05187467992072925,90.42434779007453,137.3200378450565,0.13392008299706504,227.94213393895188,0.14038650707977637,12.010958336,2026-01-08T19:39:31.688171
24856,0.20236330863208493,0.021277933690639017,1.8633092768727354e-05,0.0028612478054128587,0.049750688078347594,92.26191149605438,141.22255163203226,0.13612933200784028,233.68067336501554,0.1369390097144026,12.014748672,2026-01-08T19:43:25.369698
24857,0.20252353294612457,0.04809858555331914,1.8630617377702522e-05,0.0027296310290694237,0.04272653709631413,89.82665566803189,135.80791170988232,0.13484577398048714,225.82106957997894,0.14170511219134305,12.021338112,2026-01-08T19:47:11.191653
24858,0.20268375726016424,0.005152741756649704,1.8628139931853927e-05,0.0027889609918929636,0.04691713798092678,90.53690476500196,137.33123238297412,0.1336947919917293,228.0588124160422,0.14031468313367856,12.021786624,2026-01-08T19:50:59.251077
24859,0.20284398157420389,0.0037954407293625536,1.8625660431848714e-05,0.0026831981958821416,0.046934913902077824,90.15145732712699,136.50969492597505,0.1350241620093584,226.8522644530167,0.14106096792623163,11.997036032,2026-01-08T19:54:46.104225
24860,0.20300420588824353,0.016382130473846956,1.8623178878354574e-05,0.002640385995618999,0.04551340109901503,92.65944537293399,142.07622599805472,0.13487550598802045,234.92623973096488,0.13621296640445985,12.015287296,2026-01-08T19:58:41.031082
24861,0.2031644302022832,0.01221476124484866,1.862069527203976e-05,0.0028989139827899635,0.052248272055294365,91.3685317900381,138.9003280508914,0.13226486899657175,230.46820444701007,0.1388477862999863,11.997162496,2026-01-08T20:02:31.500187
24862,0.20332465451632284,0.008180319473156672,1.8618209613573074e-05,0.0030415210057981312,0.04655484907561913,89.90455099887913,135.917820382223,0.13551031099632382,226.01392486703116,0.14158419672073871,11.996890112,2026-01-08T20:06:17.514877
24863,0.2034848788303625,0.020286222161171708,1.861572190362387e-05,0.003505373024381697,0.05235838599037379,91.31223727500765,139.11586385493865,0.13517217396292835,230.62561216799077,0.13875301922967156,12.010557952,2026-01-08T20:10:08.141182
24864,0.20364510314440215,0.015080627078980058,1.861323214286205e-05,0.0029024051618762314,0.05661955301184207,91.51656056410866,139.3996775628184,0.13471231801668182,231.11810012196656,0.13845735138491028,12.011707904,2026-01-08T20:13:59.259883
24865,0.20380532745844182,0.03862928859918924,1.8610740331958084e-05,0.002984742110129446,0.05824995588045567,91.40351372404257,140.00844141305424,0.13430418603820726,231.6152759460383,0.13816014452973885,12.022224896,2026-01-08T20:17:50.875782
24866,0.20396555177248146,0.008151169493618937,1.860824647158298e-05,0.00277155201183632,0.05964325997047126,91.11960747407284,139.24580602394417,0.13411669799825177,230.56804332503816,0.13878766345294744,12.023300096,2026-01-08T20:21:41.444584
24867,0.20412577608652113,0.007960470643674,1.86057505624083e-05,0.003080821130424738,0.056346268102061,90.49942953593563,137.57821910991333,0.13339435495436192,228.27850114699686,0.140179648277058,12.01052928,2026-01-08T20:25:29.723689
24868,0.20428600040056077,0.014599604883535733,1.8603252605106152e-05,0.0029727069777436554,0.05054615798871964,89.82974526897306,135.76282374112634,0.13501835096394643,225.78830206702696,0.14172567713672146,11.997499392,2026-01-08T20:29:15.512605
24869,0.20444622471460044,0.009783085350363763,1.8600752600349213e-05,0.003022886114194989,0.04865017207339406,89.36227170593338,135.0508981680614,0.13512335298582911,224.60634494601982,0.14247148720438257,11.996569088,2026-01-08T20:33:00.119584
24870,0.20460644902864009,0.0056839902279506305,1.85982505488107e-05,0.0029952171025797725,0.05477763811359182,89.24715366191231,134.78827713808278,0.13365149800665677,224.2372661770205,0.14270598525197017,12.014713856,2026-01-08T20:36:44.357443
24871,0.20476667334267976,0.002630529913448143,1.8595746451164376e-05,0.00324494787491858,0.04557043983368203,90.33979766612174,137.37402111390838,0.13243641500594094,227.90128967701457,0.1404116670219415,12.018061824,2026-01-08T20:40:32.259340
24872,0.2049268976567194,0.004512103597448913,1.8593240308084565e-05,0.0029604568844661117,0.05123765906319022,90.81847021891735,138.24046467902372,0.1349180020042695,229.25435918796575,0.1395829510651232,12.019544576,2026-01-08T20:44:21.514511
24873,0.20508712197075907,1.4697280654729639e-05,1.859073212024614e-05,0.0029286021017469466,0.05313626799033955,91.99486862897174,140.17080029996578,0.13353959296364337,232.36237334902398,0.13771592852485562,11.997688832,2026-01-08T20:48:13.877491
24874,0.2052473462847987,0.005163126922115069,1.858822188832452e-05,0.0033437261590734124,0.04843376099597663,90.48960393801099,136.97416716098087,0.13383401901228353,227.6572082019993,0.1405622086501497,12.019198464,2026-01-08T20:52:01.535330
24875,0.20540757059883838,0.036560897284578786,1.858570961299568e-05,0.0030746828415431082,0.052580759045667946,90.60884601104772,137.72509557585,0.1342817849945277,228.53267877502367,0.14002373827465622,12.016719872,2026-01-08T20:55:50.068744
24876,0.20556779491287802,0.021777325231104427,1.8583195294936132e-05,0.003441423876211047,0.04352337698219344,91.3370274240151,139.32196492207004,0.13350697804708034,230.84687793802004,0.13862002503924556,12.017496576,2026-01-08T20:59:40.916210
24877,0.2057280192269177,0.024566671650307015,1.8580678934822965e-05,0.0027121399180032313,0.05205981608014554,90.58931195095647,137.37647593091242,0.1340531029854901,228.1618894909625,0.14025129293675279,12.011337216,2026-01-08T21:03:29.078945
24878,0.20588824354095733,0.0012908223248757622,1.857816053333379e-05,0.0032690909574739635,0.050916569016408175,91.69421331299236,139.77633040503133,0.13334186997963116,231.66603983199457,0.13812987014931738,12.010837504,2026-01-08T21:07:20.745784
24879,0.206048467854997,0.018751323376610785,1.8575640091146778e-05,0.0034932178095914423,0.049361318175215274,90.29895928682527,136.81449843512382,0.13393157901009545,227.3094127990189,0.1407772762507357,12.01123072,2026-01-08T21:11:08.055804
24880,0.20620869216903664,0.01199538936091038,1.8573117608940656e-05,0.0035105471033602953,0.04603904689429328,91.41263228404569,139.84857405087678,0.1340231720241718,231.45232318900526,0.13825741543267475,12.031438336,2026-01-08T21:14:59.508904
24881,0.20636891648307631,0.012704975314779432,1.8570593087394693e-05,0.0037179620121605694,0.05440694000571966,90.68645177606959,137.6717277619755,0.13410266203572974,228.55767403397476,0.1400084251611838,12.011912704,2026-01-08T21:18:48.067280
24882,0.20652914079711596,0.012817207370144246,1.8568066527188712e-05,0.0033095739781856537,0.05319822102319449,89.95054491702467,135.84193075605435,0.13356095098424703,225.99246200796915,0.14159764319427426,11.99774208,2026-01-08T21:22:34.060468
24883,0.20668936511115563,1.255673678812741e-05,1.8565537929003075e-05,0.0029165149899199605,0.05348884506383911,89.65687036007876,135.3034923360101,0.13434688601410016,225.15737219701987,0.1421228169779801,11.997775872,2026-01-08T21:26:19.218676
24884,0.20684958942519527,2.8089659377172893e-05,1.8563007293518706e-05,0.0028400980518199503,0.043124957010149956,90.74829140206566,137.71303506498225,0.1345395190292038,228.6498475880362,0.13995198482552743,12.014575616,2026-01-08T21:30:07.869155
24885,0.20700981373923494,1.351224313062005e-05,1.856047462141707e-05,0.002980931894853711,0.05003984103677794,90.5176115038339,137.330686187197,0.13327079004375264,228.04344159498578,0.1403241407697805,12.009754624,2026-01-08T21:33:55.913276
24886,0.20717003805327458,0.003134527584681024,1.855793991338018e-05,0.003871672961395234,0.050887603021692485,92.71525947505143,141.69262930605328,0.134291777969338,234.60500933800358,0.13639947454786222,12.019476992,2026-01-08T21:37:50.518916
24887,0.20733026236731425,0.04315100091658053,1.8555403170090603e-05,0.0032635751995258033,0.048556237074080855,90.17759412399027,136.52701868693111,0.13480927899945527,226.898348807008,0.1410323176358507,12.01723904,2026-01-08T21:41:37.417895
24888,0.2074904866813539,0.009173759207655507,1.8552864392231445e-05,0.003004159894771874,0.051312576921191067,89.6716686321306,135.19230056507513,0.13370278797810897,225.06013654801063,0.14218422014141827,12.019378688,2026-01-08T21:45:22.478629
24889,0.20765071099539356,0.02600188184717034,1.855032358048637e-05,0.0030329461442306638,0.04867980582639575,89.31438364699716,134.43746004195418,0.13383605104172602,223.9445906149922,0.14289248921852604,11.997615104,2026-01-08T21:49:06.423895
24890,0.2078109353094332,0.0528071339093259,1.854778073553958e-05,0.0027456519892439246,0.050375294988043606,91.13784664520063,138.2409512338345,0.1353207750362344,229.57390841195593,0.13938866233255923,12.01206272,2026-01-08T21:52:55.998626
24891,0.20797115962347287,0.022431870881092664,1.8545235858075833e-05,0.0031365661416202784,0.054694908030796796,89.03641025401885,134.04604390496388,0.13376561598852277,223.28340652101906,0.1433156207108818,11.997003264,2026-01-08T21:56:39.282682
24892,0.20813138393751252,0.0013774782251445572,1.8542688948780427e-05,0.0033731310395523906,0.045344181009568274,90.4755629489664,137.20935890392866,0.1339385430328548,227.87747814302566,0.14042633901677387,12.022575104,2026-01-08T22:00:27.160768
24893,0.20829160825155218,0.02722206947243322,1.854014000833922e-05,0.0026483170804567635,0.059657419042196125,91.73374622687697,140.4100633111666,0.1345201869844459,232.3481552999583,0.13772435575693914,12.01328384,2026-01-08T22:04:19.509505
24894,0.20845183256559183,0.006930050043838065,1.8537589037438595e-05,0.0029363350477069616,0.05065419292077422,92.26868122210726,141.37822511891136,0.13370211701840162,233.84216622199165,0.136844438781078,12.021699584,2026-01-08T22:08:13.352263
24895,0.2086120568796315,0.005506332527502877,1.8535036036765505e-05,0.00316710292827338,0.04977416811743751,91.01824647886679,138.2428010990261,0.13391110696829855,229.4559617699706,0.13946031191850214,12.014466048,2026-01-08T22:12:02.808839
24896,0.20877228119367114,0.008135717664753628,1.8532481007007433e-05,0.0029529109597206116,0.05374301096890122,89.63341105286963,135.30843338510022,0.13521189900347963,225.14128871099092,0.142132969848448,11.997700096,2026-01-08T22:15:47.950756
24897,0.2089325055077108,0.010485426812955723,1.8529923948852416e-05,0.0030302859959192574,0.04714356403565034,90.63017599709565,137.48895564686973,0.1335936330142431,228.3111196650425,0.14015962098975956,12.013204992,2026-01-08T22:19:36.262515
24898,0.20909272982175045,0.02390051493147638,1.8527364862989035e-05,0.002799756941385567,0.05655943788588047,90.92231889814138,138.2098791070166,0.1336322950082831,229.33289520000108,0.1395351502979667,12.014009344,2026-01-08T22:23:25.596026
24899,0.2092529541357901,0.007790238642094494,1.8524803750106422e-05,0.002920730970799923,0.0538029299932532,91.96601671993267,140.44801058090525,0.13460489601129666,232.61233242898015,0.13756794261873478,12.015978496,2026-01-08T22:27:18.209041
24900,0.20941317844982976,0.00831339517559826,1.852224061089425e-05,0.0031000609742477536,0.05060915189096704,90.19265381194418,136.83654903818388,0.1347785799880512,227.22508216102142,0.14082952328882176,11.997541376,2026-01-08T22:31:05.434973
24901,0.2095734027638694,0.016921890994302302,1.851967544604273e-05,0.003933985019102693,0.05502592591801658,89.26340028311824,134.86363301397068,0.13504410296445712,224.32950640300987,0.142647307138062,11.99680768,2026-01-08T22:34:49.765116
24902,0.20973362707790907,0.01647948899020868,1.8517108256242636e-05,0.003027053957339376,0.05597502796445042,107.98925427690847,137.94668729312252,0.13345125201158226,246.13484194298508,0.1300100373737925,12.009513984,2026-01-08T22:38:55.900745
24903,0.20989385139194872,0.030485981122534866,1.8514539042185274e-05,0.002820171066559851,0.054356898996047676,89.67311929102289,136.0542589018587,0.13407546101370826,225.92540614999598,0.14163967012525638,11.996695552,2026-01-08T22:42:41.826878
24904,0.21005407570598839,0.008691178905001706,1.85119678045625e-05,0.0033832790213637054,0.05450885806931183,90.34852921607671,137.11151763086673,0.13533272198401392,227.66016511700582,0.140560382988186,12.021397504,2026-01-08T22:46:29.487883
24905,0.21021430002002803,0.0011953007266143345,1.8509394544066714e-05,0.003090736921876669,0.05109176994301379,89.50572479504626,134.94913820701186,0.1331090210005641,224.6517479980248,0.1424426931246551,12.013434368,2026-01-08T22:50:14.140374
24906,0.2103745243340677,0.011325322809932814,1.850681926139086e-05,0.0043231131276115775,0.047661658201832324,90.31938094890211,136.9979972129804,0.134277863020543,227.51154648000374,0.14065220203148027,11.997049856,2026-01-08T22:54:01.652657
24907,0.21053474864810734,0.020211180623758374,1.8504241957228427e-05,0.0028920139302499592,0.049028898938558996,90.8976674671867,138.04817434493452,0.1348475320264697,229.1421358550433,0.1396513124074369,12.01592832,2026-01-08T22:57:50.795474
24908,0.210694972962147,1.570958055108207e-05,1.8501662632273455e-05,0.0026265832129865885,0.050752200942952186,90.48480971116805,137.25866811885498,0.13509245996829122,227.93809464899823,0.14038899486843912,12.012467712,2026-01-08T23:01:38.734218
24909,0.21085519727618665,0.020899842325876605,1.8499081287220512e-05,0.00286030990537256,0.04893511609407142,89.5107703290414,134.91871289396659,0.13483584596542642,224.62213010399137,0.14246147512351182,11.997514752,2026-01-08T23:05:23.356965
24910,0.21101542159022632,0.005087024840547016,1.8496497922764726e-05,0.0033024540753103793,0.05640730413142592,90.71347371477168,137.72965270705754,0.13234408001881093,228.64223083702382,0.13995664704133157,12.010003968,2026-01-08T23:09:11.999866
24911,0.21117564590426596,0.006900573500576712,1.8493912539601762e-05,0.0034258810337632895,0.0469063498894684,89.5055252450984,135.18886251398362,0.13355083402711898,224.88593960599974,0.14229435622371062,12.009053184,2026-01-08T23:12:56.886435
24912,0.21133587021830563,0.003025455275828648,1.849132513842783e-05,0.0028652469045482576,0.046257866953965276,89.2973606759333,134.4897896570037,0.13470221497118473,223.97883159900084,0.14287064438880104,12.012596736,2026-01-08T23:16:40.865935
24913,0.21149609453234527,0.004202908894786361,1.848873571993968e-05,0.0036425680154934525,0.0499348709709011,90.0246372281108,136.34076315182028,0.1347494719666429,226.56153266195906,0.14124198236134627,11.997277184,2026-01-08T23:20:27.428144
24914,0.21165631884638494,0.009395351609072122,1.8486144284834608e-05,0.002975983021315187,0.051474039151798934,90.3930674608564,137.42980293207802,0.13481683301506564,228.01968522998504,0.14033876052290917,12.02060544,2026-01-08T23:24:15.448449
24915,0.2118165431604246,0.025017905889710867,1.8483550833810455e-05,0.0041878329939208925,0.04533924889983609,89.48556472099153,135.2332971849828,0.13313686300534755,224.90896951197647,0.14227978577037584,12.016802816,2026-01-08T23:28:00.358035
24916,0.21197676747446426,0.00990084665236779,1.8480955367565602e-05,0.0028456160216592252,0.05351487692678347,90.71710185613483,138.15739207185106,0.1334337219595909,229.07194377097767,0.13969410427665935,12.010222592,2026-01-08T23:31:49.430604
24917,0.2121369917885039,0.051317966554968564,1.8478357886798977e-05,0.003939452872145921,0.050722737854812294,92.07357975805644,140.80283106706338,0.13347355398582295,233.07098357600626,0.13729722811919465,12.023903744,2026-01-08T23:35:42.502391
24918,0.21229721610254357,0.0015718130819823983,1.8475758392210043e-05,0.0032924290280789137,0.05366314691491425,89.03877791913692,134.12834346899763,0.13343676598742604,223.3673763970146,0.1432617444685521,12.010249728,2026-01-08T23:39:25.870446
24919,0.2124574404165832,0.0011126720743064311,1.8473156884498808e-05,0.003792945994064212,0.04627018887549639,90.6490251448704,137.75728488032473,0.13295755704166368,228.59837095002877,0.13998349973804122,12.020632064,2026-01-08T23:43:14.469429
24920,0.21261766473062288,0.010860610142282567,1.8470553364365826e-05,0.0035026370314881206,0.05512442113831639,90.37423994182609,136.92959229112603,0.1341106600011699,227.50507453799946,0.14065620322967848,11.996765184,2026-01-08T23:47:01.975191
24921,0.21277788904466252,0.018576651257684262,1.8467947832512192e-05,0.003580913005862385,0.047508068033494055,90.26787430996774,137.25206932792207,0.13455099798738956,227.712874312012,0.14052784717017636,12.024290816,2026-01-08T23:50:49.688683
24922,0.2129381133587022,1.14192636697652e-05,1.846534028963954e-05,0.0027934222016483545,0.04707332100952044,88.65154103399254,133.1887556950678,0.13247371895704418,222.03153845400084,0.14412366919949784,12.015381504,2026-01-08T23:54:31.721022
24923,0.21309833767274183,0.010371396279428069,1.8462730736450042e-05,0.0027823489508591592,0.04411772411549464,90.63272046484053,137.718292302161,0.1352255159872584,228.5393423079513,0.14001965559558127,12.030903808,2026-01-08T23:58:20.261084
24924,0.2132585619867815,0.0014575006191641648,1.8460119173646418e-05,0.0028785569593310356,0.04188179812626913,90.21336864394834,136.88083945703693,0.13403445697622374,227.27944576303707,0.14079583788392108,12.01341952,2026-01-09T00:02:07.541390
24925,0.21341878630082114,0.007439892146122062,1.8457505601931934e-05,0.002817947883158922,0.046087083173915744,91.38363621098688,139.21828492090572,0.13464276702143252,230.79305938701145,0.138652349793327,12.02104576,2026-01-09T00:05:58.335035
24926,0.21357901061486081,0.023583088317110423,1.8454890022010383e-05,0.0031907660886645317,0.04660302196862176,90.61527295014821,137.13309154484887,0.13375586998881772,227.9403102719807,0.14038763026082254,11.997451264,2026-01-09T00:09:46.276225
24927,0.21373923492890046,0.02016108642748904,1.8452272434586106e-05,0.004656433942727745,0.05095796490786597,90.06897610909073,136.40417368191993,0.1329707860131748,226.6712295190082,0.14117362873048936,11.997196288,2026-01-09T00:13:32.948031
24928,0.21389945924294013,0.007107118341124874,1.8449652840363985e-05,0.003304336918517947,0.04999428486917168,90.76720678701531,138.1400747980806,0.13236755097750574,229.10023894702317,0.1396768512642173,12.011208192,2026-01-09T00:17:22.048874
24929,0.21405968355697977,0.022722435300966737,1.8447031240049445e-05,0.002903057145886123,0.043855573050677776,91.38768886605976,139.20356493094005,0.1336249120067805,230.77839055500226,0.13866116287163083,12.015473664,2026-01-09T00:21:12.827895
24930,0.21421990787101944,4.3021778227014806e-05,1.8444407634348444e-05,0.0026320298784412444,0.0497966140974313,90.10979091189802,136.64701830706326,0.13548913499107584,226.95216223195894,0.14099887696727054,11.998278656,2026-01-09T00:24:59.780693
24931,0.21438013218505908,0.011492150924485856,1.844178202396749e-05,0.0026408759295009077,0.04142718290677294,90.00972834113054,136.37567907990888,0.13479484902927652,226.57160203100648,0.1412357052390916,12.01028864,2026-01-09T00:28:46.352968
24932,0.21454035649909875,4.891907218862457e-06,1.843915440961362e-05,0.0029826698591932654,0.04713186796288937,87.67354329593945,131.35717833798844,0.13358466897625476,219.2213876459864,0.14597115885278392,11.99714816,2026-01-09T00:32:25.575089
24933,0.2147005808131384,0.010897125806515362,1.8436524791994418e-05,0.003570482018403709,0.04882399085909128,91.42207791894907,139.39487782301148,0.13380046503152698,231.01005183300003,0.13852211081764176,12.032377856,2026-01-09T00:36:16.585845
24934,0.21486080512717806,0.009723495848055208,1.8433893171817998e-05,0.0029261900344863534,0.04361289192456752,89.4348606999265,135.55085126386257,0.134585972991772,225.17560555797536,0.1421113087303813,12.014951424,2026-01-09T00:40:01.762198
24935,0.2150210294412177,0.018916020132973443,1.8431259549793032e-05,0.0033276539179496467,0.045564171916339546,92.12445646809647,140.76822552690282,0.1342337359674275,233.08213379001245,0.13729066007620014,12.019966976,2026-01-09T00:43:54.845041
24936,0.21518125375525737,0.018823570604050488,1.8428623926628713e-05,0.003460516862105578,0.04831537674181163,91.78485075617209,139.90360991901252,0.13427868398139253,231.88188217603602,0.13800129488213658,12.014898176,2026-01-09T00:47:46.727630
24937,0.21534147806929702,0.058496888383892554,1.842598630303478e-05,0.0029082110268063843,0.04782620299374685,90.53186893003294,137.77847929304698,0.13537580496631563,228.50291508500231,0.1400419770929229,12.00982528,2026-01-09T00:51:35.231365
24938,0.21550170238333669,0.016056490544951174,1.8423346679721507e-05,0.003269412962254137,0.045651007851120085,91.1970113319694,138.8811038371059,0.1326681649661623,230.26703852898208,0.13896908651983375,12.01562112,2026-01-09T00:55:25.499010
24939,0.21566192669737633,0.0001463760663007463,1.842070505739971e-05,0.0037105779047124088,0.04630208318121731,91.65543056989554,140.0184237990179,0.13312143104849383,231.86692325398326,0.13801019805204265,12.0099968,2026-01-09T00:59:17.366798
24940,0.21582215101141597,0.0010616138136683162,1.8418061436780748e-05,0.0031734919757582247,0.045396021916531026,90.96509453409817,138.55463524605148,0.13407304498832673,229.7105238850345,0.13930576387529967,11.997524992,2026-01-09T01:03:07.078095
24941,0.21598237532545564,0.0006970318752870241,1.841541581857651e-05,0.0028432319522835314,0.04348739987472072,90.7427477100282,137.91853918501874,0.13445835298625752,228.84822711197194,0.13983066595636282,12.019712512,2026-01-09T01:06:55.926952
24942,0.21614259963949528,0.008996594439766525,1.8412768203499425e-05,0.003919268841855228,0.05033438099781051,91.45183382986579,139.4630201201071,0.1335801999666728,231.11029387201415,0.13846202808136784,12.011736576,2026-01-09T01:10:47.037838
24943,0.21630282395353495,0.007764649044444738,1.8410118592262463e-05,0.0033736969926394522,0.042452580004464835,90.66691539908061,137.97313622490037,0.13337384001351893,228.82663527701516,0.13984386022746492,12.002049536,2026-01-09T01:14:35.865076
24944,0.2164630482675746,0.020116075076217044,1.8407466985579128e-05,0.003067331970669329,0.04992170707555488,91.1075307969586,138.57739980804035,0.13546237599803135,229.8819723679917,0.13920186811680416,11.997723648,2026-01-09T01:18:25.747633
24945,0.21662327258161426,0.006599157821787216,1.8404813384163458e-05,0.0031870799721218646,0.054220214078668505,91.74957021401497,140.10856258188142,0.1345340140396729,232.05632284097373,0.1378975569733962,11.99673344,2026-01-09T01:22:17.804574
24946,0.2167834968956539,0.004845220698110886,1.8402157788730037e-05,0.003096425090916455,0.04547424602787942,89.30449698900338,134.7376392800943,0.13508070801617578,224.23422215599567,0.14270792251210515,11.997361152,2026-01-09T01:26:02.039601
24947,0.21694372120969357,1.1676705023333511e-05,1.8399500199993978e-05,0.00433587416773662,0.05234526906860992,91.0424891859875,138.53606254811166,0.1324935209704563,229.77627415995812,0.13926590165581365,11.996670976,2026-01-09T01:29:51.816571
24948,0.21710394552373322,0.034714643278583424,1.8396840618670943e-05,0.0036379211232997477,0.04552713397424668,91.32984649587888,138.93284519104054,0.1330077809980139,230.4524317670148,0.1388572893531091,12.0123008,2026-01-09T01:33:42.269794
24949,0.21726416983777289,0.02800183701010006,1.8394179045477114e-05,0.004322335997130722,0.04964445601217449,92.64096265175613,141.79312415415188,0.13455819699447602,234.63045050296932,0.136384684645163,12.019285504,2026-01-09T01:37:36.900968
24950,0.21742439415181253,0.02167016160298907,1.8391515481129218e-05,0.002892733202315867,0.04410597210517153,90.3149961080635,136.9266777029261,0.13424027198925614,227.43116132199066,0.1407019153135981,12.021956608,2026-01-09T01:41:24.332760
24951,0.2175846184658522,0.0072434924250739385,1.838884992634452e-05,0.002916495082899928,0.04551926185376942,91.28998315316858,139.1722527529928,0.13303552300203592,230.65172622998944,0.13873730980921375,12.02924288,2026-01-09T01:45:14.985256
24952,0.21774484277989184,0.011031574623309837,1.8386182381840817e-05,0.003818242985289544,0.04331858403747901,91.02104602393229,138.84185971703846,0.1336449079681188,230.0542462100275,0.13909762817759805,11.9964928,2026-01-09T01:49:05.040527
24953,0.2179050670939315,0.020273427448715964,1.8383512848336443e-05,0.0035943520488217473,0.05047057196497917,92.42036197404377,141.55507179512642,0.13429329998325557,234.17172287899302,0.13665185363365084,12.023696896,2026-01-09T01:52:59.213180
24954,0.21806529140797115,0.002469537309394809,1.8380841326550267e-05,0.0028999358764849603,0.051380558987148106,90.44491338293301,137.41153521911474,0.13243633299134672,228.0511711150175,0.14031938465188068,11.997019136,2026-01-09T01:56:47.265104
24955,0.21822551572201082,0.012085945593568681,1.8378167817201696e-05,0.003032684966456145,0.05379961204016581,88.83199637185317,133.65474093006924,0.13297577801859006,222.68522789998678,0.14370059613640812,11.997392896,2026-01-09T02:00:29.951016
24956,0.21838574003605046,0.007535351985605843,1.837549232101067e-05,0.0029317409498617053,0.04312934307381511,91.56104124890408,139.88939852907788,0.13372280698968098,231.63786621496547,0.13814667058926902,12.010757632,2026-01-09T02:04:21.589600
24957,0.21854596435009013,0.014820194908251594,1.837281483869766e-05,0.003764929948374629,0.04871334880590439,88.69800813816255,133.4168422339717,0.13320227595977485,222.3095883789938,0.14394340897904206,11.997064192,2026-01-09T02:08:03.899815
24958,0.21870618866412977,0.026320996883242742,1.8370135370983688e-05,0.003049745049793273,0.04764386994065717,91.17122317891335,138.9938216340379,0.13355266099097207,230.35656124999514,0.13891507941582748,12.01475584,2026-01-09T02:11:54.257006
24959,0.21886641297816944,0.005956423488564511,1.836745391859029e-05,0.0027778060757555068,0.046097337908577174,91.52219288208289,139.4921568231075,0.13297872297698632,231.20432168798288,0.13840571736018392,12.023659008,2026-01-09T02:15:45.461928
24960,0.2190266372922091,0.022786642940619828,1.8364770482239545e-05,0.0028480630135163665,0.04633181693498045,90.94129912601784,137.87651673698565,0.13441130600403994,229.01163595996331,0.13973089125302943,12.016088064,2026-01-09T02:19:34.474456
24961,0.21918686160624876,0.021997930708085534,1.836208506265407e-05,0.0036089479690417647,0.04903930291766301,89.32652322010836,134.93192887987243,0.13492088398197666,224.45246770401718,0.14256916097798497,12.018606592,2026-01-09T02:23:18.927790
24962,0.2193470859202884,0.010970993694313869,1.8359397660557012e-05,0.0033062701113522053,0.04840123187750578,91.59304479311686,139.63638128706953,0.13443362497491762,231.42292178299977,0.1382749805138391,12.012625408,2026-01-09T02:27:10.351336
24963,0.21950731023432807,0.0074716873423685826,1.8356708276672052e-05,0.003679160843603313,0.050849023973569274,89.041342203971,134.24199778796174,0.13339946704218164,223.48054522799794,0.14318919782190956,12.013745152,2026-01-09T02:30:53.832695
24964,0.2196675345483677,0.032975142054390894,1.8354016911723406e-05,0.003496769117191434,0.05255781498271972,89.82011178100947,136.02423658187035,0.13281684898538515,226.04232355800923,0.14156640887558317,12.014898176,2026-01-09T02:34:39.875874
24965,0.21982775886240738,0.007053397194498601,1.8351323566435822e-05,0.003909409104380757,0.04882838507182896,92.28766788297798,141.04845389083494,0.1346911289729178,233.52996321005048,0.13702738423855843,11.99656448,2026-01-09T02:38:33.406442
24966,0.21998798317644702,1.6473624722124214e-05,1.834862824153458e-05,0.0031049190438352525,0.0477875440265052,91.3381825829274,138.94063355895923,0.13561392499832436,230.47173529601423,0.13884565913863456,11.997620224,2026-01-09T02:42:23.878954
24967,0.2201482074904867,0.011700121918442719,1.8345930937745502e-05,0.003323526994790882,0.04800636996515095,89.22181482403539,134.64780184911797,0.13316435797605664,224.0613043240155,0.14281805640890466,12.013958144,2026-01-09T02:46:07.940977
24968,0.22030843180452633,0.0008396680949953605,1.8343231655794933e-05,0.003292582230642438,0.047956996073480695,91.33639457006939,139.1612427958753,0.13449684798251837,230.68995713198092,0.1387143176835061,12.013174272,2026-01-09T02:49:58.631525
24969,0.220468656118566,0.013255582060299531,1.834053039640975e-05,0.003527113003656268,0.04977060097735375,90.31114981800783,137.22112385986838,0.1331956039648503,227.72605686599854,0.14051971232624402,12.012969472,2026-01-09T02:53:46.358180
24970,0.22062888043260565,1.694068756563638e-05,1.8337827160317367e-05,0.0031272159540094435,0.04967099498026073,88.38540000701323,132.72810263797874,0.1327192010357976,221.31184770399705,0.14459234935673107,11.997641728,2026-01-09T02:57:27.670913
24971,0.22078910474664531,0.006296561534361089,1.8335121948245735e-05,0.0029131450573913753,0.04330393113195896,91.18739181890851,138.7904834949877,0.13305273599689826,230.16458155802684,0.13903094813018602,12.016915456,2026-01-09T03:01:17.836459
24972,0.22094932906068496,0.017474855319438376,1.8332414760923323e-05,0.003075669927056879,0.04721875116229057,89.51227233279496,135.42940263310447,0.13394036900717765,225.13243979896652,0.14213855643626752,12.008822784,2026-01-09T03:05:02.969518
24973,0.22110955337472463,0.025463800740400888,1.832970559907915e-05,0.0035513858892954886,0.04830481298267841,91.50422081607394,139.2874563598889,0.13491133198840544,230.98619743296877,0.1385364162691421,12.015059968,2026-01-09T03:08:53.956354
24974,0.22126977768876427,0.007721400376487608,1.832699446344275e-05,0.0039203319465741515,0.051980569027364254,89.4360608519055,134.89710842398927,0.1343739900039509,224.53240724198986,0.14251840254628362,11.996587008,2026-01-09T03:12:38.489367
24975,0.22143000200280394,0.025740414831039615,1.83242813547442e-05,0.0032117890077643096,0.04645929398247972,89.07998532493366,134.56079014303396,0.13335635303519666,223.83126733795507,0.14296483409390837,11.99708416,2026-01-09T03:16:22.321207
24976,0.22159022631684358,0.008250030498516026,1.83215662737141e-05,0.003634257009252906,0.04824786214157939,90.63680560601642,137.34074291377328,0.1343680139980279,228.1723487090203,0.1402448639418986,11.996935168,2026-01-09T03:20:10.494170
24977,0.22175045063088325,0.03132620410659914,1.831884922108359e-05,0.0033100638538599014,0.04705119592836127,89.42746205505682,135.2325181509368,0.1339920559548773,224.85085900995182,0.14231655658733192,11.99660032,2026-01-09T03:23:55.345795
24978,0.2219106749449229,0.0073942218804781135,1.8316130197584334e-05,0.0029378050821833313,0.04543391789775342,90.58615874598036,137.4817842041375,0.13271977903787047,228.25797553703887,0.14019225363193252,12.020611584,2026-01-09T03:27:43.604385
24979,0.22207089925896253,0.015452075303892698,1.831340920394853e-05,0.0031477900920435786,0.05034787894692272,91.00747297820635,138.3986799219274,0.1351187740219757,229.60210249200463,0.13937154604720714,12.006244864,2026-01-09T03:31:33.207230
24980,0.2222311235730022,0.005631993386995049,1.8310686240908902e-05,0.0030331708840094507,0.043834284879267216,89.95057947502937,135.99282795091858,0.13427915202919394,226.132988915022,0.1415096494922517,12.010919424,2026-01-09T03:35:19.340858
24981,0.22239134788704185,0.05920656912869049,1.830796130919871e-05,0.0029426729306578636,0.05037346406606957,90.06025340099586,136.72514261392644,0.13547135097905993,226.98205252597108,0.1409803094292602,11.997602816,2026-01-09T03:39:06.323764
24982,0.22255157220108152,0.023326034167340026,1.830523440955174e-05,0.0027123670442961156,0.046814872010145336,88.75190635805484,133.22389685799135,0.134639456984587,222.16809101600666,0.14403508556813624,12.014898176,2026-01-09T03:42:48.503076
24983,0.22271179651512116,0.02878184504949921,1.8302505542702314e-05,0.0031676809885539114,0.04757285409141332,91.57422557496466,139.68610436009476,0.13308413798222318,231.45149433001643,0.13825791055110934,11.996619776,2026-01-09T03:46:39.955159
24984,0.22287202082916083,0.002942481686323717,1.8299774709385275e-05,0.002884287154302001,0.04740864399354905,88.84722939704079,134.05916145886295,0.135800065996591,223.0987478879979,0.1434342429212778,12.011390464,2026-01-09T03:50:23.054767
24985,0.22303224514320047,0.009877894604608528,1.8297041910336005e-05,0.0026084769633598626,0.04739123419858515,90.71230096183717,137.7941996800946,0.13465320703107864,228.69747437699698,0.13992283949428105,11.997760512,2026-01-09T03:54:11.752852
24986,0.22319246945724014,0.04965579403124387,1.8294307146290404e-05,0.0027477259864099324,0.04963679605862126,90.39746922097402,137.38343480299227,0.13404888100922108,227.975229277974,0.1403661270627866,12.024125952,2026-01-09T03:57:59.728941
24987,0.22335269377127978,0.008308506831534501,1.8291570417984916e-05,0.0029349440010264516,0.047518462990410626,91.86984330392443,140.0514505020692,0.13509393896674737,232.11421860201517,0.13786316147597769,12.016372736,2026-01-09T04:01:51.843874
24988,0.22351291808531945,0.0054052088094262984,1.82888317261565e-05,0.0037121029454283416,0.044885928044095635,90.55655675497837,137.5888489439967,0.13395490898983553,228.33545337599935,0.14014468417791295,12.02690048,2026-01-09T04:05:40.180216
24989,0.2236731423993591,0.029397630760460203,1.8286091071542645e-05,0.0031641708919778466,0.0486541980644688,90.62096265185392,138.15075681894086,0.1333615300245583,228.96429081301903,0.13975978475234122,12.012023296,2026-01-09T04:09:29.145132
24990,0.22383336671339876,0.0019174088598941097,1.828334845488138e-05,0.003612862026784569,0.04720339394407347,90.28846767696086,137.08929498004727,0.13317347399424762,227.5689319120138,0.14061673415232415,12.011480576,2026-01-09T04:13:16.714770
24991,0.2239935910274384,0.009391327177434405,1.8280603876911256e-05,0.0030002290732227266,0.04955718503333628,90.07903660892043,136.55429258593358,0.13399295398266986,226.8264150500181,0.1410770433987752,11.996668928,2026-01-09T04:17:03.541931
24992,0.22415381534147807,0.02503189616112067,1.8277857338371345e-05,0.003351945022586733,0.04419462801888585,90.87354219180997,138.0514243930811,0.13373144797515124,229.11589919799007,0.1396673042421524,12.020317696,2026-01-09T04:20:52.658420
24993,0.22431403965551772,0.030663603061732658,1.827510884000126e-05,0.003185332869179547,0.04366062511689961,90.13089736684924,136.7874379848945,0.13451209297636524,227.10704605904175,0.14090271770643725,12.01527296,2026-01-09T04:24:39.766059
24994,0.22447426396955739,0.028849903411291677,1.827235838254113e-05,0.0033545190235599875,0.04520819598110393,90.36245258094277,137.07696551608387,0.13455266499659047,227.62991987197893,0.140579059281825,12.020726272,2026-01-09T04:28:27.396591
24995,0.22463448828359703,0.022013922561603394,1.8269605966731614e-05,0.00285403203452006,0.045946724188979715,91.27531723107677,139.07398753083544,0.13366800697986037,230.53932254802203,0.13880495373336713,11.997917184,2026-01-09T04:32:17.936492
24996,0.2247947125976367,0.009401623185654628,1.826685159331391e-05,0.0029453947208821774,0.0462890230701305,90.53705995797645,137.56974369793897,0.1343316650018096,228.29872879805043,0.14016722812463275,12.012074496,2026-01-09T04:36:06.235955
24997,0.22495493691167634,0.04045847789938328,1.8264095263029727e-05,0.003117139043752104,0.05188284796895459,89.54724459396675,135.27288241306087,0.1323673909646459,225.01831346197287,0.14221064724764218,11.99723008,2026-01-09T04:39:51.255067
24998,0.225115161225716,0.021372647126597144,1.8261336976621313e-05,0.003385404241271317,0.051462569972500205,90.48518366500502,137.11290918802842,0.13483584503410384,227.79621980601223,0.14047643120351475,11.997479936,2026-01-09T04:43:39.052215
24999,0.22527538553975565,5.8758456411567295e-05,1.8258576734831435e-05,0.0029876270564273,0.04599741892889142,90.60458175610984,137.59967169596348,0.13268105196766555,228.39431013300782,0.14010856917304318,12.014531584,2026-01-09T04:47:27.447125
25000,0.22543560985379532,0.0061840766312499795,1.8255814538403388e-05,0.0032979369279928505,0.0455733590060845,91.00053371401737,138.267015656922,0.1342460080049932,229.4582820259966,0.13945890171170436,12.011707904,2026-01-09T04:51:16.906243
25001,0.22559583416783496,0.003069452730144917,1.8253050388081e-05,0.004447370010893792,0.05056441394845024,89.4091380640748,135.06993221386801,0.13506840297486633,1570.0846988650155,0.02038106608078672,11.997376512,2026-01-09T05:17:26.991811
25002,0.22575605848187463,0.015640643896553286,1.8250284284608613e-05,0.002978920063469559,0.044773976027499884,90.35437814088073,137.19745089008939,0.13408445002278313,227.7433365599718,0.14050905059772592,11.996754944,2026-01-09T05:21:14.746238
25003,0.22591628279591427,0.009048082882708641,1.8247516228731105e-05,0.002870636060833931,0.051138350972905755,90.53891750209732,137.420792107936,0.13354879699181765,228.15442872198764,0.14025587922727928,11.99681792,2026-01-09T05:25:02.901281
25004,0.22607650710995394,0.024324284672573526,1.8244746221193876e-05,0.0028173571336083114,0.053919837868306786,91.29696736903861,139.01976549008396,0.13554095797007903,230.51708745100768,0.13881834250921218,11.996685312,2026-01-09T05:28:53.418990
25005,0.2262367314239936,0.012256218574625777,1.8241974262742856e-05,0.0033236989402212203,0.0518789921188727,91.24551849387353,139.140340640035,0.13458104396704584,230.58199078694452,0.13877926845365685,12.01873152,2026-01-09T05:32:44.001592
25006,0.22639695573803326,0.02715076750763501,1.823920035412449e-05,0.003210974915418774,0.05026062409160659,91.29472290090052,139.45508128608344,0.1332405240391381,230.94443528098054,0.13856146809108832,12.024284672,2026-01-09T05:36:34.946717
25007,0.2265571800520729,0.00037916777836422,1.823642449608576e-05,0.003020268923137337,0.04847906983923167,89.79680952784838,135.53409607318463,0.13366501702694222,225.52265476004686,0.14189261843360074,12.018366976,2026-01-09T05:40:20.470019
25008,0.22671740436611257,0.006241509183340099,1.8233646689374166e-05,0.0032338090240955353,0.045767968927975744,90.12699668196728,136.6762546680402,0.13531800801865757,226.9952468209667,0.14097211482687433,12.018776576,2026-01-09T05:44:07.465952
25009,0.2268776286801522,2.7338786738440035e-05,1.8230866934737736e-05,0.0035973311169072986,0.0499687198898755,92.29776248708367,141.14677613781532,0.1344450570177287,233.64098379103234,0.13696227211840833,12.012615168,2026-01-09T05:48:01.107593
25010,0.22703785299419188,0.017227786171137183,1.822808523292502e-05,0.0029867569683119655,0.04584602895192802,90.61189121805364,137.71292006905423,0.13363052200293168,228.5158539499971,0.1400340477339577,12.034262016,2026-01-09T05:51:49.624062
25011,0.22719807730823152,0.007202946602824056,1.8225301584685087e-05,0.0027645290247164667,0.044820524170063436,90.09705351287266,137.0997140922118,0.13385302101960406,227.38582060905173,0.14072997126332754,12.014692864,2026-01-09T05:55:37.010692
25012,0.2273583016222712,0.02161688221669955,1.8222515990767545e-05,0.004002298053819686,0.04769932298222557,89.1301212561084,134.5728009409504,0.13399072701577097,223.89705187897198,0.14292282873513523,12.01484288,2026-01-09T05:59:20.908372
25013,0.22751852593631083,1.087936898969133e-05,1.8219728451922514e-05,0.0030462900176644325,0.05731897411169484,91.64752476883586,139.57402683602413,0.1338504120358266,231.4253429689561,0.13827353387261718,12.0096128,2026-01-09T06:03:12.334564
25014,0.2276787502503505,0.012187788208899875,1.8216938968900645e-05,0.002992802008520812,0.05218304507434368,89.41446831886424,135.09109574521426,0.13302520901197568,224.70303373096976,0.14241018231339345,12.01085184,2026-01-09T06:06:57.038418
25015,0.22783897456439015,0.03160422271173147,1.8214147542453104e-05,0.003916408226359636,0.04669066990027204,92.01440634712344,140.3976294499007,0.1330856760032475,232.60204428003635,0.13757402734377636,12.011756544,2026-01-09T06:10:49.641203
25016,0.22799919887842982,0.024837344531091432,1.8211354173331585e-05,0.0029948169831186533,0.05055636999895796,91.63630398007808,140.0886102350196,0.1332719110068865,231.9187148869969,0.13797937788501502,11.996781568,2026-01-09T06:14:41.560635
25017,0.22815942319246946,0.03228784072473978,1.8208558862288308e-05,0.0028795849066227674,0.04640874802134931,90.60084395192098,137.66396240820177,0.13292624201858416,228.45500742801232,0.14007134428902115,12.016210944,2026-01-09T06:18:30.016374
25018,0.2283196475065091,4.874733462933989e-05,1.820576161007601e-05,0.003574164118617773,0.052213067072443664,90.69571835303213,137.64634059893433,0.13402739801676944,228.53883815999143,0.1400199644736008,12.010586624,2026-01-09T06:22:18.556079
25019,0.22847987182054877,0.024439378478462004,1.8202962417447955e-05,0.003018026996869594,0.04939775203820318,90.2502418748918,136.97508127003675,0.13458946702303365,227.4188421870349,0.14070953704742903,12.014221312,2026-01-09T06:26:05.975621
25020,0.2286400961345884,0.019642747411872108,1.820016128515793e-05,0.0029900590307079256,0.04136802104767412,91.04340216814307,138.63439117383678,0.13489276997279376,229.86420417099725,0.13921262823590846,12.010692096,2026-01-09T06:29:55.840515
25021,0.22880032044862808,9.188010204752572e-05,1.819735821396024e-05,0.0028910540277138352,0.04972372413612902,91.5601058928878,139.37842651817482,0.13474245701218024,231.13422036904376,0.13844769480220948,11.99667712,2026-01-09T06:33:46.975348
25022,0.22896054476266772,0.005729780657384609,1.8194553204609718e-05,0.0041305950726382434,0.04968215787084773,91.00386358308606,138.35230450797826,0.13347959105158225,229.5509523419896,0.1394026017906724,11.997213696,2026-01-09T06:37:36.526901
25023,0.2291207690767074,0.01297932053498485,1.819174625786171e-05,0.003036206995602697,0.04813868802739307,89.68867085903184,135.72204463806702,0.13489101198501885,225.60371836600825,0.14184163378054254,12.017421824,2026-01-09T06:41:22.131217
25024,0.22928099339074703,0.02359052300027642,1.8188937374472096e-05,0.0027919179992750287,0.04864602710586041,91.62865332805086,140.22728264401667,0.13429497397737578,232.0490820769919,0.1379018598719674,12.01739008,2026-01-09T06:45:14.181133
25025,0.2294412177047867,0.009428991341987825,1.818612655519727e-05,0.003669890924356878,0.04432831110898405,88.612504932913,133.2631014189683,0.13296254602028057,222.06746148801176,0.14410035484522127,12.015840256,2026-01-09T06:48:56.249213
25026,0.22960144201882635,0.009457240994423799,1.8183313800794142e-05,0.0032239648862741888,0.052291043917648494,89.19090009498177,134.81947172584478,0.1347428309964016,224.2070369119756,0.14272522593732553,11.996765696,2026-01-09T06:52:40.456861
25027,0.22976166633286602,4.218964557267668e-06,1.8180499112020155e-05,0.003492095915134996,0.05427492898888886,89.05101426906185,134.06950064795092,0.13511713995831087,223.31992632703623,0.143292184115887,11.99774464,2026-01-09T06:56:23.777621
25028,0.22992189064690566,0.022990669315706924,1.8177682489633268e-05,0.0033573618275113404,0.04774445603834465,92.05066237889696,140.8177222929662,0.13368481799261644,233.06159058201592,0.13730276155795387,11.997783552,2026-01-09T07:00:16.839809
25029,0.23008211496094533,0.04153743535201393,1.8174863934391954e-05,0.002898352046031505,0.0468528721248731,90.57229880685918,137.39876229409128,0.13490937696769834,228.1630356030073,0.14025058842431629,12.024875008,2026-01-09T07:04:05.003690
25030,0.23024233927498497,0.016100607631551966,1.817204344705522e-05,0.0027861269772984087,0.04653629305539653,90.71459122898523,137.61774088896345,0.13631923595676199,228.52428003802197,0.14002888443484354,12.014941184,2026-01-09T07:07:53.528743
25031,0.23040256358902464,0.00198751033989808,1.8169221028382583e-05,0.0030436828965321183,0.053307519177906215,89.24934252392268,134.84367080492666,0.13453648303402588,224.29378546599764,0.14267002509015622,12.014198784,2026-01-09T07:11:37.823125
25032,0.23056278790306428,0.007113584685496832,1.816639667913408e-05,0.002945744141470641,0.049529763986356556,90.65138074598508,137.77730868698563,0.13484655000502244,228.62351295503322,0.1399681055827968,12.019304448,2026-01-09T07:15:26.447235
25033,0.23072301221710395,0.02334776198592614,1.8163570400070274e-05,0.003028850012924522,0.05170413991436362,89.58833806909388,135.3286701258039,0.13336049998179078,225.113828816975,0.14215030754959554,11.997651968,2026-01-09T07:19:11.561658
25034,0.2308832365311436,0.0010033890498402087,1.816074219195224e-05,0.0028040470788255334,0.04424371087225154,90.80014813912567,137.82332463900093,0.13525338500039652,228.81210808403557,0.13985273886051255,11.996609536,2026-01-09T07:23:00.374630
25035,0.23104346084518326,0.005250978574064646,1.815791205554158e-05,0.0030995060224086046,0.04328514396911487,90.6331269320799,137.39531602198258,0.13490638800431043,228.21605173603166,0.14021800726363068,11.997550592,2026-01-09T07:26:48.591310
25036,0.2312036851592229,0.014242108931115993,1.8155079991600415e-05,0.013566535897552967,0.05618439696263522,89.58596164197661,135.35691475699423,0.13381682697217911,225.159302946995,0.1421215982691737,11.997451264,2026-01-09T07:30:33.751387
25037,0.23136390947326257,0.010971725195894066,1.8152246000891375e-05,0.002963002072647214,0.051163378986530006,89.09480756294215,134.07808103901334,0.13439934904454276,223.36797408602433,0.1432613611281447,12.01336064,2026-01-09T07:34:17.120154
25038,0.23152413378730222,0.004252399249008221,1.8149410084177623e-05,0.0030192118138074875,0.050053059007041156,90.64995957521023,137.95532442681724,0.13531479600351304,228.80119233299047,0.1398594110184013,11.997758464,2026-01-09T07:38:05.921968
25039,0.2316843581013419,0.006552912151455814,1.814657224222283e-05,0.002900752180721611,0.05565382307395339,91.1695723090088,138.88621683587553,0.1333821609732695,230.2563014519983,0.13897556678452538,12.026427392,2026-01-09T07:41:56.179083
25040,0.23184458241538153,0.01711754856366632,1.8143732475791188e-05,0.003174109966494143,0.04570688313106075,91.43186941999011,139.3572865528986,0.13518263003788888,230.98078526300378,0.13853966235140963,12.027836416,2026-01-09T07:45:47.160569
25041,0.2320048067294212,6.92060200080391e-06,1.8140890785647413e-05,0.002670573303475976,0.052213395887520164,89.14974229317158,134.55596823693486,0.1346459380001761,223.90239685605047,0.14291941689473375,12.017684992,2026-01-09T07:49:31.063618
25042,0.23216503104346084,0.005282939077275728,1.8138047172556732e-05,0.003506686072796583,0.04895198403391987,91.18952514586272,138.863398481044,0.13261312403483316,230.2469677690533,0.1389812005346244,12.014381056,2026-01-09T07:53:21.311339
25043,0.2323252553575005,0.003999809351284966,1.813520163728489e-05,0.003320176969282329,0.049749506171792746,89.32834188005654,134.76952802605228,0.133978724014014,224.2921394329751,0.14267107211558128,12.010307072,2026-01-09T07:57:05.604190
25044,0.23248547967154015,0.006029811450893874,1.8132354180598155e-05,0.0027734870673157275,0.04898496391251683,88.67341190995649,133.50474095408572,0.13473057199735194,222.3707944760099,0.14390378950349195,11.996818944,2026-01-09T08:00:47.975606
25045,0.23264570398557982,0.01996491997251404,1.8129504803263307e-05,0.0027820170507766306,0.046760078927036375,90.36546318605542,137.19213641103124,0.1346002719947137,227.74871460301802,0.14050573262632127,12.033129472,2026-01-09T08:04:35.725018
25046,0.23280592829961946,0.004400143512528487,1.8126653506047646e-05,0.0031441108440048993,0.05032103409757838,89.35249398875749,135.1661654941854,0.13452063803561032,224.71520841500023,0.14240246677431348,12.00872704,2026-01-09T08:08:20.440819
25047,0.23296615261365913,0.004735203923759812,1.8123800289718988e-05,0.003940098045859486,0.051028092799242586,90.82285417517414,137.99214710399974,0.13310785597423092,229.01029878703412,0.1397317071305954,12.023090688,2026-01-09T08:12:09.451863
25048,0.23312637692769878,0.0018314116554609683,1.8120945155045665e-05,0.0026487550348974764,0.04809212510008365,89.629679097794,135.8235002711299,0.13394172198604792,225.64389522495912,0.14181637827204283,12.022687744,2026-01-09T08:15:55.096602
25049,0.23328660124173844,0.029749860966704844,1.811808810279653e-05,0.004087707027792931,0.051775575964711607,91.83912190614501,140.36503037781222,0.13472664298024029,232.40317973901983,0.13769174774602833,12.032601088,2026-01-09T08:19:47.500405
25050,0.2334468255557781,0.004080810525149303,1.8115229133740947e-05,0.002961956080980599,0.048156571050640196,88.94369848183123,133.81317363114795,0.1338676550076343,222.9504322190187,0.14352966119645968,11.996728832,2026-01-09T08:23:30.451684
25051,0.23360704986981776,0.020864766806889534,1.8112368248648797e-05,0.0028937598690390587,0.04920597904128954,87.69654186099069,131.28689932497218,0.13481658097589388,219.1768314979854,0.1460008331231585,11.998464,2026-01-09T08:27:09.629219
25052,0.2337672741838574,0.002772784123996175,1.8109505448290487e-05,0.0027945279143750668,0.05694117007078603,91.57544999587117,139.9768076731125,0.13375497399829328,231.75229271798162,0.1380784613809222,12.016366592,2026-01-09T08:31:01.382240
25053,0.23392749849789707,0.019930450906288755,1.8106640733436918e-05,0.002795892010908574,0.04992718604626134,90.27398742793594,137.29131438420154,0.1346959289512597,227.76120331301354,0.14049802834955263,11.997646336,2026-01-09T08:34:49.144030
25054,0.2340877228119367,0.0016870469079339756,1.8103774104859528e-05,0.00284132914384827,0.04991824977332726,90.43775594211183,136.96158648608252,0.13471745396964252,227.59401790297125,0.14060123501858632,11.99757824,2026-01-09T08:38:36.738917
25055,0.23424794712597638,0.00014051706875406467,1.8100905563330258e-05,0.004355285898782313,0.043197700986638665,92.05965207109693,140.96539859706536,0.13397024403093383,233.21581118000904,0.13721196619598233,11.996593664,2026-01-09T08:42:29.955515
25056,0.23440817144001602,2.7771441153845444e-05,1.8098035109621572e-05,0.0030424391152337193,0.04469784611137584,89.81160322390497,135.76157795503968,0.13385159999597818,225.76299186400138,0.14174156594840245,12.011355136,2026-01-09T08:46:15.719114
25057,0.23456839575405566,0.004258756064013269,1.809516274450644e-05,0.0039056790992617607,0.04808875487651676,90.24259253113996,137.00457921379711,0.13526496797567233,227.44261771597667,0.14069482809048836,11.997651968,2026-01-09T08:50:03.162327
25058,0.23472862006809533,0.0065968756948429075,1.809228846875836e-05,0.004286270006559789,0.04597648198250681,91.76274038490374,140.01024049107218,0.13351588899968192,231.96399025601568,0.13795244669089374,12.01734144,2026-01-09T08:53:55.126949
25059,0.23488884438213498,7.151621662870866e-06,1.8089412283151326e-05,0.002803330949973315,0.055755126115400344,89.15095766284503,134.39267100713914,0.1349762580357492,223.7441936400137,0.14302047118811678,12.010827264,2026-01-09T08:57:38.871903
25060,0.23504906869617465,0.00014941345351893176,1.808653418845986e-05,0.003280790871940553,0.04533412208547816,91.04162561800331,138.4983291720273,0.13468737300718203,229.73019366600784,0.13929383634492143,11.997784064,2026-01-09T09:01:28.602705
25061,0.2352092930102143,0.011352919760337699,1.8083654185459004e-05,0.0028060469776391983,0.04119575518416241,89.72222450788831,135.70097937900573,0.132936840003822,225.60836160497274,0.1418387145421062,11.997805568,2026-01-09T09:05:14.211859
25062,0.23536951732425396,0.013103169617028954,1.8080772274924294e-05,0.00296245189383626,0.04878744902089238,90.76875962206395,138.6253741470282,0.1354096310096793,229.58863553695846,0.13937972114847444,12.022427648,2026-01-09T09:09:03.801163
25063,0.2355297416382936,0.05659962762617532,1.8077888457631792e-05,0.0032372029963880777,0.04339427506783977,90.2520895039197,136.66700974007836,0.1336276579531841,227.1080928450101,0.14090206825803603,12.016970752,2026-01-09T09:12:50.909882
25064,0.23568996595233327,0.013748159727601461,1.8075002734358068e-05,0.0030519999563694,0.0518861390883103,90.2139616208733,137.11496734200045,0.1336602930095978,227.52505613298854,0.14064385058890383,12.021044224,2026-01-09T09:16:38.435796
25065,0.2358501902663729,6.844584080845095e-05,1.807211510588022e-05,0.002914066950324923,0.04439744009869173,91.13113595801406,139.05015838897089,0.13490828400244936,230.37165073200595,0.13890598039437577,12.017486336,2026-01-09T09:20:28.808286
25066,0.23601041458041258,0.0285988101363035,1.8069225572975835e-05,0.0031070790719240904,0.04880906408652663,91.9638653031434,140.80241018597735,0.13298742403276265,232.96064194099745,0.13736225884930692,12.013049344,2026-01-09T09:24:21.769675
25067,0.23617063889445222,0.003351908233508283,1.8066334136423035e-05,0.002919386955909431,0.045367457903921604,90.65073898801347,138.085635872907,0.13351864699507132,228.92534001497552,0.13978356436166772,11.996578816,2026-01-09T09:28:10.695689
25068,0.2363308632084919,0.026261173786640057,1.8063440797000442e-05,0.013618427037727088,0.05654165893793106,91.18433295510476,138.85566535691032,0.1343351220129989,230.25085923203733,0.13897885161745138,12.016868352,2026-01-09T09:32:00.947249
25069,0.23649108752253153,0.007814135468283467,1.8060545555487192e-05,0.0029378048493526876,0.038108341104816645,90.23980126692913,136.91702008602442,0.13293308799620718,227.3379685439868,0.1407595933268333,11.996966912,2026-01-09T09:35:48.285854
25070,0.2366513118365712,0.00023208405867336523,1.8057648412662942e-05,0.0028188128490000963,0.05419009400065988,91.12838656204985,139.01386251399526,0.1347278849571012,230.34147886600113,0.13892417534844292,11.996706816,2026-01-09T09:39:38.628048
25071,0.23681153615061085,0.004948566136764754,1.8054749369307848e-05,0.003426099952775985,0.04645439895102754,89.52440017310437,134.99050993891433,0.1340954169863835,224.707492534013,0.14240735651107095,11.997868032,2026-01-09T09:43:23.336144
25072,0.23697176046465052,0.013312940192356848,1.8051848426202585e-05,0.002726303064264357,0.05126586015103385,90.12221715692431,136.71560053696157,0.13335987302707508,227.03631155000767,0.14094661678359582,12.014354432,2026-01-09T09:47:10.373032
25073,0.23713198477869016,0.0036916788003722445,1.804894558412834e-05,0.0030886391177773476,0.042199018120300025,90.88126488996204,138.56120207812637,0.1345394350355491,229.6293307049782,0.1393550201176729,11.996784128,2026-01-09T09:51:00.003088
25074,0.23729220909272983,0.023165837445917603,1.8046040843866805e-05,0.002702068944927305,0.0540212020277977,91.62202275497839,139.742796784034,0.1337785859941505,231.56175397796324,0.13819207814018072,12.01306368,2026-01-09T09:54:51.565471
25075,0.23745243340676947,0.017514148447958178,1.8043134206200193e-05,0.002962712896987796,0.04449069395195693,88.56217072205618,132.8958206269308,0.13194570800988004,221.64965213701362,0.1443719838559416,12.019147264,2026-01-09T09:58:33.216161
25076,0.23761265772080914,0.0037616490450425033,1.8040225671911222e-05,0.00294315698556602,0.04558073991211131,90.98526291514281,138.40758869575802,0.13442987098824233,229.58322851796402,0.13938300374365595,12.011662848,2026-01-09T10:02:22.800055
25077,0.23777288203484878,0.013295021269145835,1.8037315241783117e-05,0.0028034739661961794,0.04777649691095576,90.91691144317156,138.2886594789452,0.1334998559905216,229.3971988480189,0.13949603639755323,12.012037632,2026-01-09T10:06:12.197879
25078,0.23793310634888845,0.013726821700920766,1.8034402916599624e-05,0.0030750438454560935,0.04887873405823484,90.5590922262054,137.39278010994894,0.13540989201283082,228.14631995296804,0.1402608641971378,11.99732224,2026-01-09T10:10:00.344960
25079,0.2380933306629281,0.010055936240453534,1.803148869714499e-05,0.0030920690624043345,0.04932794184423983,90.36024256190285,137.38685862114653,0.13492059102281928,227.9438052349724,0.14038547775849092,11.997144064,2026-01-09T10:13:48.289349
25080,0.23825355497696776,0.008613792639369677,1.802857258420398e-05,0.004261786118149757,0.05793973780237138,90.94114118930884,138.5796573078842,0.13521629298338667,229.72536854998907,0.13929676205106048,12.015176704,2026-01-09T10:17:38.015387
25081,0.2384137792910074,0.0015089215584058735,1.8025654578561857e-05,0.003512260038405657,0.04778025101404637,90.7690149549162,138.30280920193763,0.13406586303608492,229.26460324204527,0.1395767141873886,12.014386176,2026-01-09T10:21:27.280680
25082,0.23857400360504707,1.2175128803804114e-05,1.8022734681004406e-05,0.0027644610381685197,0.052452112024184316,90.17582762090024,137.06210229999851,0.1343107700231485,227.43501455202932,0.14069953152565037,12.02341632,2026-01-09T10:25:14.716363
25083,0.23873422791908672,0.004134442412047079,1.8019812892317916e-05,0.00308526394655928,0.05030487303156406,88.59984745894326,133.0065781159792,0.1332716469769366,221.80053496704204,0.14427377285070556,11.99682304,2026-01-09T10:28:56.517515
25084,0.2388944522331264,0.019846622873846087,1.8016889213289188e-05,0.0029601441347040236,0.04885276418644935,92.21512959495885,140.98346117691835,0.13367040996672586,233.39109971601283,0.13710891306025452,12.024238592,2026-01-09T10:32:49.909262
25085,0.23905467654716603,0.017772449997032425,1.8013963644705527e-05,0.0032954447669908404,0.0482619489193894,91.72356512601255,140.12358511297498,0.13425366103183478,232.04392183502205,0.13790492656278786,12.019155968,2026-01-09T10:36:41.953809
25086,0.2392149008612057,0.014429728759669302,1.8011036187354753e-05,0.003246692009270191,0.04188782413257286,92.71551561186789,142.405449044134,0.1329015190131031,235.30616457300493,0.13599303723329287,12.008300544,2026-01-09T10:40:37.260710
25087,0.23937512517524534,0.02793636216928519,1.8008106842025184e-05,0.0029517770744860172,0.05004076799377799,89.54110210208455,135.1288225548342,0.13440493994858116,224.86434050399112,0.1423080241548216,11.996686336,2026-01-09T10:44:22.125798
25088,0.239535349489285,0.023745499965066585,1.8005175609505657e-05,0.003336547000799328,0.04005631397012621,89.85739014903083,136.17298042285256,0.1346135219791904,226.2159165830235,0.1414577739858357,11.997541376,2026-01-09T10:48:08.342475
25089,0.23969557380332465,3.5551107723463815e-05,1.800224249058552e-05,0.002661501814145595,0.0492065449943766,92.43141869013198,141.3894710658351,0.13360670302063227,234.01495156396413,0.13674339945434352,12.025981952,2026-01-09T10:52:02.358029
25090,0.23985579811736432,0.009457826989986984,1.7999307486054615e-05,0.0037610139697790146,0.04573603696189821,91.1084540160955,138.42452210880583,0.1362247409997508,229.72706577100325,0.13929573292812727,12.016850944,2026-01-09T10:55:52.085696
25091,0.24001602243140396,0.0031121248278953573,1.7996370596703304e-05,0.00324318406637758,0.05242455011466518,91.16384828597074,138.44232203799766,0.13391770102316514,229.80213366699172,0.1392502301409067,12.035912192,2026-01-09T10:59:41.888425
25092,0.24017624674544363,0.005360300293174802,1.799343182332245e-05,0.00275012495694682,0.06242128799203783,90.81875745789148,138.0787097712746,0.13315422600135207,229.1027730650385,0.13967530629110164,12.025448448,2026-01-09T11:03:30.992018
25093,0.24033647105948328,0.00945248251897901,1.7990491166703428e-05,0.002776765904854983,0.04857652785722166,91.27367118507391,139.60609613888664,0.13354334403993562,231.0710804159753,0.1384855255032064,11.99737344,2026-01-09T11:07:22.063811
25094,0.24049669537352295,0.004071423235982863,1.7987548627638114e-05,0.0032284011249430478,0.04798726295121014,89.66731797915418,135.82496519992128,0.1342161539942026,225.6846662380267,0.14179075846584108,12.01240832,2026-01-09T11:11:07.749086
25095,0.2406569196875626,0.018048607083395396,1.79846042069189e-05,0.0030618602177128196,0.04763358097989112,91.6984034810448,139.8340907319798,0.13437468599295244,231.72638045600615,0.13809390168278782,12.009997824,2026-01-09T11:14:59.476274
25096,0.24081714400160226,0.001419229137095357,1.798165790533867e-05,0.004836748004890978,0.045867860957514495,90.45044086693088,137.5385897870874,0.13294665003195405,228.18395594600588,0.14023772998120873,12.01732096,2026-01-09T11:18:47.661024
25097,0.2409773683156419,0.009624177460182182,1.7978709723690834e-05,0.003615702094975859,0.05000914813717827,89.31187761580804,135.2383598581655,0.13315633201273158,224.74463597900467,0.1423838209112559,11.997314048,2026-01-09T11:22:32.406483
25098,0.24113759262968154,0.02903491012770587,1.7975759662769298e-05,0.003921094001270831,0.04690674814628437,91.14233214099659,138.71044353791513,0.1355723490123637,230.04853610001737,0.13910108076535413,11.997509632,2026-01-09T11:26:22.455637
25099,0.2412978169437212,0.015143455621501545,1.797280772336847e-05,0.0031397902057506144,0.04529422405175865,90.89123646396911,138.63147282385034,0.13451259199064225,229.71422773599625,0.13930351774630456,11.996898304,2026-01-09T11:30:12.170574
25100,0.24145804125776085,0.02121239738314884,1.7969853906283265e-05,0.0035805299412459135,0.05340102507034317,90.77342334197601,137.8800282331067,0.13372009398881346,228.85188046697294,0.1398284337218637,12.01483264,2026-01-09T11:34:01.023130
25101,0.24161826557180052,0.02142674236518971,1.796689821230911e-05,0.002762623131275177,0.05391613591928035,90.59694893204141,137.88021260494133,0.13432290899800137,228.67577972705476,0.1399361140834193,12.001705472,2026-01-09T11:37:49.699488
25102,0.24177848988584016,0.0001669919947424603,1.7963940642241935e-05,0.003454578050877899,0.04397602193057537,88.82873626908986,133.68495384103153,0.13595962902763858,222.70478244900005,0.14368797853421975,11.997493248,2026-01-09T11:41:32.405119
25103,0.24193871419987983,0.014104024010896055,1.7960981196878173e-05,0.0030496190302073956,0.056573451205622405,90.8239427008084,137.9451814420754,0.13246706896461546,228.96932999201817,0.13975670890557926,12.019843584,2026-01-09T11:45:21.375121
25104,0.24209893851391948,0.009844238282930462,1.795801987701476e-05,0.003287746920250356,0.048767109925393015,89.78063983604079,136.0008253159467,0.13364520604955032,225.97726474300725,0.14160716581994218,11.996654592,2026-01-09T11:49:07.353139
25105,0.24225916282795915,0.016248266288110713,1.795505668344915e-05,0.004217879089992493,0.04749225691193715,90.38948404503753,136.7220793789602,0.13332138303667307,227.3040134179755,0.1407806202750901,11.99734272,2026-01-09T11:52:54.657942
25106,0.2424193871419988,0.02084043219112175,1.7952091616979282e-05,0.0035662931040860713,0.04246971401153132,90.60385263193166,137.76008781592827,0.13307341298786923,228.55052739899838,0.14001280313886616,11.9972864,2026-01-09T11:56:43.209051
25107,0.24257961145603846,0.019598946090436442,1.7949124678403612e-05,0.0034154760069213808,0.04503574391128495,88.92617699503899,134.08305830211611,0.13438614399638027,223.1992160459631,0.14336967919013785,12.017643008,2026-01-09T12:00:26.408915
25108,0.2427398357700781,0.010371823139946557,1.79461558685211e-05,0.0030454890220426023,0.045857112971134484,90.0679251520778,136.26608911989024,0.13435375300468877,226.52367024699925,0.14126559032487646,11.99698432,2026-01-09T12:04:12.933209
25109,0.24290006008411777,0.00013493895161253988,1.7943185188131205e-05,0.003450947056990117,0.04711488087195903,90.33724089100724,136.82749153813347,0.13426427799277008,227.35692451399518,0.1407478574422316,12.016012288,2026-01-09T12:08:00.290830
25110,0.2430602843981574,0.0254901045576581,1.7940212638033887e-05,0.004239272966515273,0.04862223204690963,90.7175164569635,137.82753087911988,0.13334280002163723,228.742684249999,0.1398951844292705,12.03126528,2026-01-09T12:11:49.034268
25111,0.24322050871219708,0.022949342708812992,1.793723821902962e-05,0.00393256702227518,0.03884367714636028,92.12941257684724,141.50947092688875,0.13354318303754553,233.82426586101064,0.13685491487449544,12.01324288,2026-01-09T12:15:42.859239
25112,0.24338073302623672,0.035075745844427075,1.7934261931919376e-05,0.0033421319676563144,0.0455338770407252,90.65630716498708,138.32107582309982,0.13399172900244594,229.16665223502787,0.13963637242988375,12.024512,2026-01-09T12:19:32.026509
25113,0.2435409573402764,0.03714736970441734,1.7931283777504623e-05,0.003000225988216698,0.048180098994635046,91.77926152612781,140.22710954694776,0.13442560198018327,232.19820885796798,0.13781329389829144,12.012345856,2026-01-09T12:23:24.225326
25114,0.24370118165431603,0.020026210513414355,1.792830375658735e-05,0.003974903025664389,0.049630798981525004,91.59225067810621,139.3875344779808,0.133167945954483,231.17384977301117,0.1384239611505397,11.996849152,2026-01-09T12:27:15.399929
25115,0.2438614059683557,0.012302677103194881,1.7925321869970027e-05,0.0029878399218432605,0.0506764980382286,90.47657927399268,137.15843223099364,0.1334973739576526,227.82943108299514,0.14045595359601648,11.997078528,2026-01-09T12:31:03.229993
25116,0.24402163028239535,0.000595826306970082,1.7922338118455637e-05,0.013201978930737823,0.0615778878564015,90.23421659209998,136.67137212509988,0.134249729977455,227.12247386504896,0.14089314657172006,12.01408,2026-01-09T12:34:50.353120
25117,0.24418185459643502,0.031581608240378145,1.7919352502847667e-05,0.0029685250483453274,0.05174450599588454,91.65485542005626,139.94122815900482,0.13164339400827885,231.79303049802547,0.13805419399904084,12.013980672,2026-01-09T12:38:42.146897
25118,0.24434207891047466,0.008480903951487484,1.7916365023950105e-05,0.0032034278847277164,0.04711431689793244,90.097335466824,136.57670957606751,0.13450665900018066,226.86725255002966,0.1410516486637631,11.997607424,2026-01-09T12:42:29.014867
25119,0.24450230322451433,0.001131628520793626,1.7913375682567435e-05,0.003071793937124312,0.04764097597217187,90.50204063794808,137.7374559570453,0.1344477310194634,228.43151747097727,0.14008574803634824,12.00885248,2026-01-09T12:46:17.447012
25120,0.24466252753855397,0.015028676558955567,1.7910384479504654e-05,0.004061816027387977,0.04455044708447531,91.12325656291796,139.0675915190368,0.13462905801134184,230.38087416096823,0.13890041921466728,12.026238976,2026-01-09T12:50:07.828476
25121,0.24482275185259364,0.0021161345600813064,1.7907391415567245e-05,0.0028443499468266964,0.04484800307545811,89.32793605502229,135.09688934596488,0.13583685900084674,224.61695898202015,0.1424647548654663,11.997174784,2026-01-09T12:53:52.446063
25122,0.24498297616663328,0.03898871108995827,1.7904396491561205e-05,0.004593545978423208,0.04644594492856413,91.0202029159991,138.74809686199296,0.13332633202662691,229.96171611896716,0.13915359712938172,12.02292736,2026-01-09T12:57:42.408467
25123,0.24514320048067295,0.04909146910908824,1.7901399708293025e-05,0.0029714730917476118,0.04945879615843296,89.99423932185164,136.3024539181497,0.13347487803548574,226.48879247001605,0.14128734429204196,11.997568,2026-01-09T13:01:28.897908
25124,0.2453034247947126,0.008712155257059706,1.78984010665697e-05,0.003215651959180832,0.0595968680572696,89.9469962749863,136.7629532291321,0.1338460139813833,226.91332375700586,0.1410230103291236,12.014834688,2026-01-09T13:05:15.811837
25125,0.24546364910875226,0.007735216035996473,1.7895400567198725e-05,0.003492326010018587,0.051834550977218896,89.88670781010296,136.14202707190998,0.13262293505249545,226.2270509119844,0.14145081178841817,11.997500416,2026-01-09T13:09:02.039486
25126,0.2456238734227919,0.005048212393031548,1.7892398210988094e-05,0.0034568948904052377,0.04729660484008491,88.66201389703201,133.31559513602406,0.13367537298472598,222.1688033459941,0.14403462375482515,11.997462528,2026-01-09T13:12:44.209025
25127,0.24578409773683157,0.005299011469529269,1.7889393998746302e-05,0.003526182088535279,0.047955023939721286,90.33891199604841,137.45303491083905,0.13185868604341522,227.98646157898474,0.14035921158815723,12.01381888,2026-01-09T13:16:32.196224
25128,0.24594432205087122,0.004867886505099506,1.7886387931282344e-05,0.0036101729492656887,0.04461525200167671,89.8575519649894,136.58062953007175,0.13364868401549757,226.62824322999222,0.14120040619793803,11.997391872,2026-01-09T13:20:18.825152
25129,0.2461045463649109,2.433041533578262e-06,1.7883380009405712e-05,0.003509967995341867,0.0475020261364989,90.18049682391575,136.69596532807918,0.13434745802078396,227.0681711329962,0.1409268407823537,12.029158912,2026-01-09T13:24:05.893960
25130,0.24626477067895053,0.01083760611661333,1.78803702339264e-05,0.0029577111126855016,0.0575021710828878,89.79558127501514,135.81376287993044,0.133470298955217,225.8105250390363,0.14171172931141318,12.014050304,2026-01-09T13:27:51.705270
25131,0.2464249949929902,0.04090282432828474,1.78773586056549e-05,0.0034266069415025413,0.04215651785489172,90.07168910105247,136.19600204308517,0.13429954595630988,226.4542017490021,0.14130892583511542,11.997210624,2026-01-09T13:31:38.160146
25132,0.24658521930702984,0.005364677800434592,1.7874345125402207e-05,0.013100960059091449,0.0480505169252865,89.88187239598483,135.8914474620251,0.13323173398384824,225.9741688449867,0.14160910587064177,11.997600768,2026-01-09T13:35:24.135097
25133,0.2467454436210695,0.0209187671705493,1.7871329793979806e-05,0.003137886815238744,0.04930457699811086,90.31467607291415,137.37278810195858,0.13321429101051763,227.8807933210046,0.1404242961139913,12.023611904,2026-01-09T13:39:12.016652
25134,0.24690566793510915,0.00371794242088086,1.786831261219969e-05,0.003342063049785793,0.04935749695869163,90.83610321499873,138.23579341592267,0.13466641696868464,229.26595043495763,0.13957589401867307,12.013796352,2026-01-09T13:43:01.283191
25135,0.24706589224914882,0.007297518848083939,1.7865293580874342e-05,0.003599426941946149,0.04540402605198324,90.36950759292813,137.0221235040808,0.13437893096124753,227.58309902600013,0.1406079807197993,12.016260096,2026-01-09T13:46:48.866987
25136,0.24722611656318846,2.6368640521634568e-06,1.786227270081675e-05,0.0028853779658675194,0.053630909183993936,91.26593783672433,139.34916774206795,0.13370602001668885,230.81476468598703,0.1386393112396191,11.997705216,2026-01-09T13:50:39.682397
25137,0.2473863408772281,0.020685213513274903,1.7859249972840397e-05,0.0033656510058790445,0.04646779509494081,89.91861481399974,135.99757648492232,0.13363114703679457,226.10678669594927,0.14152604823415185,12.00971008,2026-01-09T13:54:25.789814
25138,0.24754656519126778,0.012464084562637368,1.785622539775926e-05,0.002975921961478889,0.05333694798173383,89.9496654200484,135.91181356093148,0.13417367299553007,226.05836755700875,0.14155636150884815,12.011613696,2026-01-09T13:58:11.848895
25139,0.24770678950530742,0.024188817038126587,1.785319897638782e-05,0.0034318570978939533,0.051184010051656514,89.94103980704676,136.1002596699982,0.13436940003884956,226.23863640398486,0.14144356821024567,12.009547776,2026-01-09T14:01:58.088264
25140,0.2478670138193471,0.0008975365256223,1.785017070954105e-05,0.003190909919794649,0.03915063611930236,90.02011990803294,136.5278964979807,0.13419034000253305,226.73167449200992,0.1411359928942248,11.99851008,2026-01-09T14:05:44.820732
25141,0.24802723813338673,0.004350782332795511,1.7847140598034422e-05,0.0026248780195601285,0.04652451100992039,91.28693869698327,138.99181031406624,0.13301662099547684,230.47011500695953,0.1388466352743118,12.017844736,2026-01-09T14:09:35.291906
25142,0.2481874624474264,0.01919603165133843,1.784410864268391e-05,0.0034398911520838737,0.045971755927894264,93.09037311008433,143.03842143097427,0.13291543599916622,236.3204943590099,0.13540933081913203,12.016636928,2026-01-09T14:13:31.613079
25143,0.24834768676146604,0.009942932938990623,1.7841074844305972e-05,0.0028895019204355776,0.03874931903555989,90.18576824502088,136.88713635789463,0.1347040529944934,227.25561773695517,0.14081060049762775,12.000344576,2026-01-09T14:17:18.869356
25144,0.2485079110755057,1.2002654324660966e-05,1.783803920371757e-05,0.0028505909722298384,0.05870209296699613,90.69301133899717,137.7690583250369,0.1338292000000365,228.66364367702045,0.13994354102569495,12.010804736,2026-01-09T14:21:07.533607
25145,0.24866813538954535,0.002312009325935449,1.783500172173617e-05,0.002800127025693655,0.04424678802024573,90.7804142870591,138.2059083317872,0.13458294700831175,229.1744540820364,0.13963161875164815,12.013796352,2026-01-09T14:24:56.708681
25146,0.24882835970358502,0.0301451946770932,1.7831962399179717e-05,0.0035293810069561005,0.04777057591127232,90.63786325702677,137.6248083380633,0.13356940500671044,228.4538896290469,0.14007202964221863,12.017734144,2026-01-09T14:28:45.163208
25147,0.24898858401762466,0.05023272086123853,1.7828921236866667e-05,0.0029876971966587007,0.05106009804876521,91.20745868294034,139.11057275690837,0.13350338797317818,230.5138805860188,0.13882027372342487,12.01758464,2026-01-09T14:32:35.677784
25148,0.24914880833166433,0.015828933877008566,1.7825878235615955e-05,0.02395063400035724,0.04892909777117893,90.68135148013243,137.58175171614857,0.13513288699323311,228.48020040604752,0.14005589956210932,12.015721472,2026-01-09T14:36:24.158666
25149,0.24930903264570398,0.030239702244585942,1.7822833396247026e-05,0.0026197880506515503,0.043594110931735486,89.82978109206306,136.0103410729207,0.13411632197676226,226.02850364503684,0.14157506457793453,11.997536256,2026-01-09T14:40:10.187850
25150,0.24946925695974365,5.757658552596467e-06,1.781978671957982e-05,0.0031872460385784507,0.049340795958414674,92.2697616579826,141.49834584107157,0.1336611660080962,233.96441302000312,0.13677293733241438,12.020496896,2026-01-09T14:44:04.152885
25151,0.2496294812737833,0.006820566761143176,1.7816738206434756e-05,0.0029056290513835847,0.04399825999280438,92.3549773269915,141.64975947898347,0.13380537397461012,234.19481419801014,0.1366383799298998,12.019108352,2026-01-09T14:47:58.348316
25152,0.24978970558782296,0.005651418623956239,1.7813687857632765e-05,0.0028638867661356926,0.05367805005516857,90.16578545287484,136.53408818814205,0.13365726300980896,226.89817368297372,0.14103242648709455,11.996829696,2026-01-09T14:51:45.247109
25153,0.2499499299018626,0.011561265617872074,1.7810635673995264e-05,0.003271792025770992,0.04307324695400894,89.09283891809173,134.3615245000692,0.13355654099723324,223.64307858300162,0.143085134593708,11.99748096,2026-01-09T14:55:28.890820
25154,0.25011015421590227,0.019125232743824938,1.7807581656344164e-05,0.0030480800196528435,0.04390497412532568,89.86137957085157,136.09525474207476,0.1332440419937484,226.14488114597043,0.1415022079555489,11.997953024,2026-01-09T14:59:15.036331
25155,0.25027037852994194,0.004191990237705667,1.780452580550188e-05,0.002525301941204816,0.05214813997736201,90.82362229109276,138.134993907006,0.13558352302061394,229.1548531060107,0.13964356227357003,12.015131648,2026-01-09T15:03:04.192061
25156,0.25043060284398155,1.698828315355172e-06,1.7801468122291295e-05,0.003356523928232491,0.06589084106963128,90.09603788005188,136.54740177484928,0.13384758098982275,226.85273074696306,0.14106067797655722,11.998478336,2026-01-09T15:06:51.045586
25157,0.2505908271580212,0.011592933054637378,1.7798408607535815e-05,0.0031370162032544613,0.040929914044681937,89.99398319091415,136.53912891203072,0.13530874799471349,226.72142282302957,0.14114237464440238,12.015167488,2026-01-09T15:10:37.767738
25158,0.2507510514720609,0.022384010281353284,1.7795347262059326e-05,0.0033859271206893027,0.04730315099004656,90.40816098102368,137.52957303397125,0.13261242402950302,228.13105009996798,0.14027025249731445,12.031552,2026-01-09T15:14:25.899428
25159,0.25091127578610056,0.012511982049753456,1.7792284086686204e-05,0.0037316250381991267,0.05341377109289169,90.91276627179468,138.20923955127364,0.13395692995982245,229.32183393801097,0.1395418807292901,11.997694464,2026-01-09T15:18:15.222001
25160,0.2510715001001402,0.010701180269240496,1.778921908224132e-05,0.0029005457763560116,0.04759751592064276,91.37619825609727,139.2390363359591,0.13467460899846628,230.80861544201616,0.1386430048926794,12.027128832,2026-01-09T15:22:06.031419
25161,0.25123172441417985,0.04318160763665979,1.7786152249550046e-05,0.003148708085063845,0.04613690881524235,90.7841151720495,137.75446820195066,0.1337086540297605,228.72859720897395,0.13990380035760788,12.009439744,2026-01-09T15:25:54.760884
25162,0.2513919487282195,0.009086667369481383,1.778308358943823e-05,0.003072628052905202,0.04795985098462552,90.99580253410386,138.19811128510628,0.13436898199142888,229.38564172497718,0.13950306461799614,12.02977024,2026-01-09T15:29:44.147126
25163,0.2515521730422592,0.003710735248910524,1.778001310273223e-05,0.0027478740084916353,0.04470639687497169,89.39303694211412,135.0760217899806,0.13554911297978833,224.65915904397843,0.14243799423167874,11.997268992,2026-01-09T15:33:28.807002
25164,0.2517123973562988,0.009893023814631974,1.7776940790258882e-05,0.013132822990883142,0.04796518397051841,92.54789837903809,141.82503535307478,0.13373729499289766,234.5749836729956,0.13641693371962008,12.014908416,2026-01-09T15:37:23.382626
25165,0.25187262167033847,0.004052191363339119,1.7773866652845518e-05,0.0034452370018698275,0.052476294920779765,90.58047076192452,137.62484628520906,0.13373827701434493,228.40157811704557,0.14010411076757726,12.014557184,2026-01-09T15:41:11.785144
25166,0.25203284598437814,0.0041798358207501,1.777079069131997e-05,0.002838018990587443,0.04654156696051359,89.45326982188271,135.38380283804145,0.13473747903481126,225.02953865402378,0.14220355332638818,11.997431808,2026-01-09T15:44:56.815271
25167,0.2521930702984178,0.020210209832466575,1.7767712906510543e-05,0.003010819957125932,0.046455943782348186,90.860415638017,138.28495880006813,0.13216878601815552,229.33610273699742,0.13953319873364026,12.020685312,2026-01-09T15:48:46.151987
25168,0.2523532946124574,0.014632402924895871,1.776463329924605e-05,0.00322658009827137,0.049958819116000086,90.93479467084398,138.60637927305652,0.13466923305531964,229.73637315101223,0.13929008959746,11.997377536,2026-01-09T15:52:35.889100
25169,0.2525135189264971,0.007993517504869985,1.7761551870355788e-05,0.002887024951633066,0.043365545803681016,90.05774899601238,136.2486471941229,0.13416382001014426,226.49621039902559,0.14128271702040657,12.01956608,2026-01-09T15:56:22.386220
25170,0.25267374324053676,0.005594928709406588,1.775846862066954e-05,0.003049893246497959,0.044073337980080396,90.69069007009966,137.79586550104432,0.1344358209753409,228.67440298298607,0.13993695657480684,12.023980544,2026-01-09T16:00:11.061208
25171,0.25283396755457643,0.01461278801049204,1.775538355101759e-05,0.002672970003914088,0.04844890901586041,90.09874730202137,136.79327393288258,0.13372778799384832,227.08311610703822,0.14091756599339791,12.01430016,2026-01-09T16:03:58.145233
25172,0.25299419186861605,0.0001480818030934472,1.7752296662230706e-05,0.003746276081074029,0.05981785408221185,90.4170788929332,137.1758932119701,0.13380595698254183,227.80022867105436,0.1404739590766974,11.997645824,2026-01-09T16:07:45.946041
25173,0.2531544161826557,0.00026478438559340844,1.774920795514014e-05,0.00304953521117568,0.04480937100015581,92.39517078798963,141.23662531288574,0.13461450400063768,233.82106439198833,0.1368567886867273,12.01456128,2026-01-09T16:11:39.767716
25174,0.2533146404966954,0.027573281327212484,1.7746117430577648e-05,0.0027978300931863487,0.05050522001693025,89.41442084294977,134.8882691100007,0.13434264797251672,224.49757670401596,0.1425405141107145,12.025120768,2026-01-09T16:15:24.265924
25175,0.25347486481073506,0.00027937068713690394,1.7743025089375462e-05,0.002721309952903539,0.05000601609935984,89.56750905286754,135.4065011831117,0.13395154901081696,225.1681220959872,0.14211603179938,12.017746432,2026-01-09T16:19:09.434992
25176,0.25363508912477467,0.016153347271037788,1.7739930932366307e-05,0.0029501047683879733,0.051193488121498376,91.29789574880851,139.0131083650631,0.13330203399527818,230.5047850270057,0.13882575147518483,12.019431936,2026-01-09T16:22:59.940378
25177,0.25379531343881434,0.019186313381587716,1.7736834960383403e-05,0.0028974429587833583,0.048881710856221616,90.12205499102129,136.24827645899495,0.13446885900339112,226.56410621403484,0.14124037798718936,12.015624192,2026-01-09T16:26:46.505293
25178,0.253955537752854,0.027556253340122794,1.773373717426045e-05,0.0027776239439845085,0.04501818196149543,90.22677211504197,136.3656541230739,0.13334456097800285,226.78114012099104,0.14110520823260495,12.019828224,2026-01-09T16:30:33.287124
25179,0.2541157620668936,0.006960949394481553,1.7730637574831646e-05,0.0026227360358461738,0.04661080479854718,91.4528768461314,139.92560066195438,0.13475439097965136,231.57048879697686,0.13818686554682333,12.009662464,2026-01-09T16:34:24.858241
25180,0.2542759863809333,0.00212957416770454,1.7727536162931667e-05,0.002738240989856422,0.04925196699332446,90.29189104400575,136.6863573959563,0.13344226399203762,227.1705383779481,0.14086333654217506,12.024017408,2026-01-09T16:38:12.029699
25181,0.25443621069497296,0.012436039677878874,1.7724432939395687e-05,0.003982398135121912,0.05261488596443087,91.53554057801375,140.00120755902026,0.13436106900917366,231.73639715200989,0.1380879326392965,12.013802496,2026-01-09T16:42:03.766721
25182,0.25459643500901263,0.00010990814270250837,1.7721327905059352e-05,0.0038164639845490456,0.04924285807646811,91.45728173485259,139.71289628912928,0.13411259703570977,231.36610464000842,0.13830893704067004,12.03372544,2026-01-09T16:45:55.133499
25183,0.25475665932305225,0.02150492687624528,1.771822106075882e-05,0.0030505949398502707,0.047839311067946255,91.38454780000029,139.42213287996128,0.1322179880226031,231.0024857840035,0.13852664784707672,11.997546496,2026-01-09T16:49:46.136764
25184,0.2549168836370919,0.006815542207414538,1.771511240733071e-05,0.013484579918440431,0.04584892897401005,90.55995647906093,137.63663612294476,0.13373120198957622,228.39665597502608,0.1401071301302197,12.01087232,2026-01-09T16:53:34.534369
25185,0.2550771079511316,0.010866822542969778,1.7712001945612148e-05,0.003103455062955618,0.04366401908919215,90.52286906389054,137.52401168708457,0.1339325449662283,228.23391435097437,0.1402070331703242,12.010807808,2026-01-09T16:57:22.769031
25186,0.25523733226517126,0.005728170202610627,1.770888967644074e-05,0.002768540056422353,0.04858917504316196,89.2939088519779,134.7945250691264,0.13390016002813354,224.28103130700765,0.1426781382871239,11.9976448,2026-01-09T17:01:07.050668
25187,0.25539755657921087,0.018520651304748448,1.770577560065458e-05,0.003413152997381985,0.04874460503924638,93.2198471390875,143.20226106897462,0.13444944901857525,236.61650612199446,0.13523993116313482,12.015611392,2026-01-09T17:05:03.667893
25188,0.25555778089325054,0.00899004422871208,1.7702659719092243e-05,0.003869299136567861,0.05431376985507086,89.98201984202024,136.09457941690926,0.1346846729866229,226.27585736702895,0.1414203016280904,12.011533824,2026-01-09T17:08:49.944385
25189,0.2557180052072902,0.0064424673510394825,1.76995420325928e-05,0.0030486639006994665,0.04116989503381774,89.56936183100333,135.31003753998084,0.1333951799897477,225.06424250401324,0.14218162620581273,12.015162368,2026-01-09T17:12:35.009302
25190,0.2558782295213299,0.07492804227663719,1.76964225419958e-05,0.0029354559956118464,0.04977337102172896,91.90507229900686,140.52341725904262,0.134292276983615,232.6238177040359,0.13756115051259782,12.014879744,2026-01-09T17:16:27.633916
25191,0.2560384538353695,2.5169548756309723e-06,1.7693301248141278e-05,0.0033689539413899183,0.04384264297550544,91.28936797601636,139.22753936093068,0.13432241400005296,230.70521823700983,0.1387051417585428,12.016559104,2026-01-09T17:20:18.339778
25192,0.25619867814940916,0.011003369931486873,1.7690178151869757e-05,0.0028370130457915366,0.04788944317260757,90.37824309704592,137.0092239518417,0.1331314260023646,227.57983155100374,0.14060999949737799,12.010663936,2026-01-09T17:24:05.920305
25193,0.25635890246344883,3.196949337347377e-05,1.7687053254022247e-05,0.0029870750149711967,0.04322134569520131,90.87466464808676,138.55578830011655,0.13460379600292072,229.61846863199025,0.13936161228949936,12.01448448,2026-01-09T17:27:55.539366
25194,0.2565191267774885,0.0039039834832346187,1.7683926555440242e-05,0.003000232041813433,0.04638775996863842,90.32451889791992,137.11259699618677,0.1345229010330513,227.62842917401576,0.1405799799089984,11.99757824,2026-01-09T17:31:43.168437
25195,0.2566793510915281,1.6089260679308381e-06,1.7680798056965717e-05,0.0027824179851450026,0.04493292095139623,89.56447947083507,135.37274352717213,0.13445954996859655,225.12658216001,0.14214225478382564,11.999079424,2026-01-09T17:35:28.295654
25196,0.2568395754055678,2.4658323738435683e-05,1.767766775944114e-05,0.0031640970264561474,0.048613582039251924,92.11482618388254,141.08288950199494,0.13416282297112048,233.3913543780218,0.13710876345560727,12.028360192,2026-01-09T17:39:21.687717
25197,0.25699979971960746,0.010363460718647133,1.7674535663709455e-05,0.0027508230414241552,0.052144426095765084,89.96311433776282,136.15698265709216,0.13353292999090627,226.31743078998988,0.14139432339921815,12.013883392,2026-01-09T17:43:08.005766
25198,0.2571600240336471,0.004285849094330274,1.7671401770614093e-05,0.0030696679023094475,0.04583109187660739,91.13259621307952,138.87078882887727,0.13423852703999728,230.1963378530345,0.13901176838195373,12.024958976,2026-01-09T17:46:58.202750
25199,0.25732024834768674,0.002590560993154689,1.7668266080998974e-05,0.0029119409155100584,0.04446619882946834,91.04773911903612,138.51194638904417,0.13522521901177242,229.75033742701635,0.13928162351520063,12.01542656,2026-01-09T17:50:47.953962
25200,0.2574804726617264,0.007409650673769974,1.76651285957085e-05,0.002815389074385166,0.04745465604355559,89.94682981201913,136.30158936901717,0.13360568799544126,226.44128331699176,0.14131698748237387,11.99800832,2026-01-09T17:54:34.395936
25201,0.2576406969757661,1.7227972284317161e-06,1.766198931558754e-05,0.0030671210261061788,0.052765821979846805,90.44454564788612,137.23221564211417,0.1347142609884031,227.87456710502738,0.14042813292652884,12.012228096,2026-01-09T17:58:22.271144
25202,0.25780092128980575,0.006138826288557553,1.7658848241481472e-05,0.0032573561184108257,0.046753918984904885,89.88857013406232,136.27602348884102,0.13469333498505875,226.357730860007,0.14136914996638966,12.009020928,2026-01-09T18:02:08.629763
25203,0.25796114560384537,0.009466290634781771,1.7655705374236146e-05,0.00300894194515422,0.0558673930936493,89.56381544400938,135.61206052894704,0.13346486899536103,225.3781371380319,0.14198360322945494,12.018665984,2026-01-09T18:05:54.008694
25204,0.25812136991788504,0.006625086565724914,1.7652560714697888e-05,0.002872173034120351,0.051052867027465254,90.36987309885444,137.50638618814992,0.13346547295805067,228.07257423200645,0.14030621659686296,11.997832192,2026-01-09T18:09:42.081921
25205,0.2582815942319247,2.0510107585636206e-05,1.764941426371352e-05,0.0028689641621895134,0.04638664604863152,90.83738333289512,138.2418213331257,0.1344258169992827,229.2706671510241,0.13957302256603593,12.034916352,2026-01-09T18:13:31.353215
25206,0.2584418185459644,0.01657420863849879,1.7646266022130333e-05,0.0036003910354338586,0.049440410104580224,90.75527836784022,138.35933176917024,0.13355898502049968,229.30941847601207,0.1395494359223082,11.997618688,2026-01-09T18:17:20.663386
25207,0.258602042860004,0.003891828470598213,1.764311599079611e-05,0.002879296080209315,0.044337998202536255,90.08683908596868,136.48831501189852,0.13484035397414118,226.76402073801728,0.14111586086652572,11.996846592,2026-01-09T18:21:07.428025
25208,0.25876226717404366,0.020691294347262357,1.7639964170559112e-05,0.0030977060087025166,0.05128130206139758,90.67052982695168,137.5452408620622,0.13436692103277892,228.41102702199714,0.1400983149422039,12.019823104,2026-01-09T18:24:55.839677
25209,0.25892249148808333,0.006993791035029062,1.763681056226808e-05,0.0038104031700640917,0.04228135402081534,90.39675502001774,137.47656390687916,0.13404563796939328,228.06035416503437,0.1403137345688914,11.997432832,2026-01-09T18:28:43.900644
25210,0.259082715802123,0.008715635170304381,1.7633655166772243e-05,0.0031606421107426286,0.04330419300822541,90.33311052597128,137.18432827905053,0.13509115896886215,227.70630250801332,0.14053190292734155,12.00925184,2026-01-09T18:32:31.607737
25211,0.2592429401161626,0.013428724601087794,1.7630497984921304e-05,0.003322094853501767,0.04375782300485298,89.8826129019144,136.10007707000477,0.1335653620189987,226.17461508198176,0.14148360543644972,12.008374784,2026-01-09T18:36:17.782970
25212,0.2594031644302023,0.02281187468916457,1.762733901756545e-05,0.02322867384646088,0.048872037266846746,89.7214034938952,135.1951372488984,0.13389786100015044,225.1289552419912,0.14214075646379287,11.997768704,2026-01-09T18:40:02.912633
25213,0.25956338874424195,0.059662236600871665,1.7624178265555352e-05,0.0028073250432498753,0.04557331895921379,91.40435449394863,139.0186855799402,0.13422518002334982,230.61367812700337,0.13876019956794144,12.036797952,2026-01-09T18:43:53.526947
25214,0.2597236130582816,0.023288929727925733,1.7621015729742158e-05,0.0035943971015512943,0.042893386096693575,92.72143553599017,141.99320026609348,0.13432314503006637,234.90366455499316,0.1362260570120161,12.010591744,2026-01-09T18:47:48.431329
25215,0.25988383737232124,0.011598586779135722,1.761785141097749e-05,0.0031381280277855694,0.04279310500714928,89.55117912602145,135.37524124101037,0.1362082000123337,225.11767682700884,0.14214787772792417,11.996657664,2026-01-09T18:51:33.549781
25216,0.2600440616863609,0.006753190745614646,1.7614685310113465e-05,0.0032209150376729667,0.04682081477949396,90.5243664419977,137.72691276407568,0.1341933530056849,228.4425609029713,0.14007897597327182,12.01854208,2026-01-09T18:55:21.992989
25217,0.2602042860004006,1.6441167369762866e-06,1.7611517428002667e-05,0.0029231898952275515,0.04958147316938266,90.04576891695615,136.6369008119218,0.13402029999997467,226.8763094349997,0.14104601789270568,11.99758848,2026-01-09T18:59:08.870124
25218,0.2603645103144402,0.004382028561670026,1.7608347765498166e-05,0.00294850388308987,0.04922801104839891,89.80880449595861,135.65656332107028,0.13443692802684382,225.65980710100848,0.1418063784202224,12.016155648,2026-01-09T19:02:54.530629
25219,0.26052473462847986,0.0033813884560824903,1.7605176323453514e-05,0.0032551761250942945,0.04704343591583893,88.19309352315031,131.93227667891188,0.1343762640026398,220.31853594002314,0.1452442476683455,11.997637632,2026-01-09T19:06:34.849808
25220,0.26068495894251953,0.007639512140413807,1.760200310272273e-05,0.003313415974844247,0.04986148892203346,89.59663030318916,135.12923226994462,0.13387010898441076,224.91970883199247,0.14227299228767423,12.008500224,2026-01-09T19:10:19.770158
25221,0.2608451832565592,2.5505649023926935e-06,1.7598828104160328e-05,0.002901107887737453,0.04300823906669393,89.95225071097957,136.04337219899753,0.1341624630149454,226.18215541302925,0.14147888873711137,12.017354752,2026-01-09T19:14:05.953025
25222,0.2610054075705988,0.009654458734887683,1.759565132862129e-05,0.002638758916873485,0.046609069977421314,89.59564554301323,135.64842948602745,0.1341314369929023,225.43648390599992,0.14194685547589989,12.022690304,2026-01-09T19:17:51.390191
25223,0.2611656318846385,0.0014074058015154378,1.7592472776961078e-05,0.0028146718977950513,0.046604283968918025,91.0916947730584,138.60701194696594,0.1342564340448007,229.88946555700386,0.13919733086710412,12.022168576,2026-01-09T19:21:41.280349
25224,0.26132585619867815,1.1725275335550123e-05,1.7589292450035634e-05,0.003651898878160864,0.0461413610028103,91.27083498006687,139.18963214202086,0.13474502903409302,230.65378493902972,0.1387360715041324,12.039369728,2026-01-09T19:25:31.934755
25225,0.2614860805127178,0.0051038709083464084,1.7586110348701375e-05,0.00268609105842188,0.040327342227101326,93.08306341082789,143.46282338601304,0.13233037100872025,236.7284686990315,0.13517596838208634,12.012370432,2026-01-09T19:29:28.663821
25226,0.26164630482675744,5.683555207802726e-06,1.7582926473815203e-05,0.0028364461613819003,0.05659041105536744,90.16943625296699,137.00651742698392,0.13381232100073248,227.37540873198304,0.14073641550973415,11.996775424,2026-01-09T19:33:16.040086
25227,0.2618065291407971,0.01107127089290394,1.7579740826234494e-05,0.01306071411818266,0.040017345803789794,89.94984688906698,136.59500816697255,0.13517940102610737,226.73975412599975,0.14113096366073297,12.017520128,2026-01-09T19:37:02.780669
25228,0.2619667534548368,0.03228127907514988,1.7576553406817096e-05,0.002629855996929109,0.05188031506258994,89.89524138398701,136.05449334305013,0.13339692098088562,226.14709755801596,0.14150082112723422,11.997129728,2026-01-09T19:40:48.928479
25229,0.26212697776887645,0.009877853251852642,1.7573364216421345e-05,0.0028195991762913764,0.04656421398976818,90.45022659696406,137.5859124629642,0.13439061801182106,228.22782980202464,0.1402107710867613,12.016134144,2026-01-09T19:44:37.156935
25230,0.26228720208291606,0.006042459916585585,1.757017325590604e-05,0.0031320361304096878,0.05626686289906502,90.46410381211899,137.71354311791947,0.13538810797035694,228.37916382501135,0.14011786129718487,12.0295808,2026-01-09T19:48:25.536741
25231,0.26244742639695573,0.0071122254410553865,1.756698052613047e-05,0.0027243599761277437,0.061497601913288236,89.89706280402606,135.93799167504767,0.1337644309969619,226.04518581199227,0.14156461631797476,12.006399488,2026-01-09T19:52:11.582913
25232,0.2626076507109954,0.0536268044711008,1.7563786027954392e-05,0.0029531639884226024,0.05540235503576696,91.91694392089266,140.48793528712122,0.1348868240020238,232.60435011901427,0.13757266355348424,12.01295104,2026-01-09T19:56:04.187939
25233,0.26276787502503507,0.010732768945032944,1.7560589762238047e-05,0.0024647649843245745,0.05524510802933946,89.2236872370122,134.4716361198807,0.13349606201518327,223.89348865201464,0.1429251033277517,11.997146112,2026-01-09T19:59:48.082032
25234,0.2629280993390747,9.789412983352008e-06,1.755739172984214e-05,0.0028114389861002564,0.050018637848552316,90.97436002624454,138.56479470297927,0.1356368510168977,229.7343989229994,0.1392912865901528,12.011663872,2026-01-09T20:03:37.817050
25235,0.26308832365311435,0.0003938969783874313,1.755419193162786e-05,0.0033563189790584147,0.053106540988665074,89.88372493087081,135.98941159900278,0.13438035699073225,226.07246484799543,0.14154753442227416,11.997626368,2026-01-09T20:07:23.890207
25236,0.263248547967154,1.4324377559660206e-06,1.755099036845687e-05,0.003075397224165499,0.04607071413192898,89.43108078895602,134.95218659198144,0.13229709898587316,224.57294613600243,0.1424926757679024,12.013650944,2026-01-09T20:11:08.463783
25237,0.2634087722811937,0.0017681557026376638,1.754778704119131e-05,0.0038032368756830692,0.04723674390697852,90.31848341895966,137.10787284601247,0.1335936919786036,227.62041349499486,0.1405849304491473,12.017271808,2026-01-09T20:14:56.084892
25238,0.2635689965952333,0.013835947589059927,1.7544581950693794e-05,0.002884564222767949,0.05271000188076869,89.43681459192885,134.8038102820865,0.13440990098752081,224.43691345100524,0.14257904151308703,12.016928768,2026-01-09T20:18:40.522407
25239,0.263729220909273,0.040412289528381606,1.7541375097827412e-05,0.003002143115736544,0.05185114493360743,90.55899587203749,137.6309660920524,0.13462494302075356,228.38758020597743,0.14011269777078048,11.996642816,2026-01-09T20:22:28.910634
25240,0.26388944522331265,0.024299126529360393,1.753816648345572e-05,0.0032664830214343965,0.05070274800527841,90.77410737797618,137.9542300879839,0.13478131697047502,228.92752567102434,0.13978222979610128,12.021346816,2026-01-09T20:26:17.838775
25241,0.2640496695373523,0.002080462697559682,1.7534956108442762e-05,0.0031792170484550297,0.04687612701673061,90.47002900508232,137.42372119089123,0.1337318680016324,228.08404032496037,0.14029916321373617,11.997119488,2026-01-09T20:30:05.923580
25242,0.26420989385139193,0.02145883374945967,1.7531743973653044e-05,0.003177889040671289,0.04719659505644813,90.7183485039277,137.8718895680504,0.1336189319845289,228.78485103696585,0.13986940068348147,12.02246144,2026-01-09T20:33:54.709135
25243,0.2643701181654316,0.02384372070597074,1.7528530079951554e-05,0.0029010089347139,0.057588465919252485,89.83959411806427,135.8523924871115,0.1334368570242077,225.89824879803928,0.14165669796143082,12.018940416,2026-01-09T20:37:40.608155
25244,0.26453034247947127,0.021152508447395135,1.752531442820375e-05,0.013644459948409349,0.04402352514443919,89.30132661084644,134.95711644913536,0.13432966504478827,224.45688593096565,0.14256635463543754,11.997560832,2026-01-09T20:41:25.065765
25245,0.26469056679351094,0.007521057717800872,1.7522097019275564e-05,0.0029830881394445896,0.05067612190032378,90.77067694097059,138.0332740971353,0.13396134501090273,229.0008704129723,0.1397374601340698,12.008205312,2026-01-09T20:45:14.067402
25246,0.26485079110755055,0.012302792521120764,1.7518877854033403e-05,0.003152211138512939,0.04799169400939718,92.33410427492345,141.2555773371132,0.1351301220129244,233.78221932100132,0.1368795287038553,12.028866048,2026-01-09T20:49:07.850334
25247,0.2650110154215902,0.008370798121666745,1.7515656933344143e-05,0.0033221329213120043,0.044991019123699516,90.17411211208673,136.53837405878585,0.13318927900400013,226.90200290101347,0.14103004641153422,11.996741632,2026-01-09T20:52:54.753100
25248,0.2651712397356299,0.013418599772172968,1.751243425807514e-05,0.0027728768764063716,0.04322983301244676,91.14817378594307,138.73483940097503,0.13387912895996124,230.0703189279884,0.13908791081398006,12.00937984,2026-01-09T20:56:44.824019
25249,0.26533146404966956,0.010509758191719953,1.7509209829094212e-05,0.004626437847036868,0.04405834194039926,90.94965115207015,138.1414591910434,0.13535416702507064,229.2833499989938,0.13956530206026924,11.997274112,2026-01-09T21:00:34.108019
25250,0.2654916883637092,0.00895494961809895,1.7505983647269657e-05,0.0033794429036788642,0.04496552312048152,89.98086325300392,135.97596838488244,0.13323417701758444,226.14960888097994,0.14149924980343986,11.997289472,2026-01-09T21:04:20.258322
25251,0.26565191267774885,0.027414478990881008,1.7502755713470242e-05,0.002880173095036298,0.04689639795105904,89.7091204909375,135.71532094007125,0.1343610530020669,225.6166106169694,0.14183352862403636,12.017367552,2026-01-09T21:08:05.875531
25252,0.2658121369917885,0.0063000478802859305,1.749952602856521e-05,0.0038839380722492933,0.040314418089110404,90.29937292193063,137.27185629296582,0.13452082802541554,227.75867340399418,0.1404995889804775,11.997647872,2026-01-09T21:11:53.635028
25253,0.2659723613058282,0.008164619998865419,1.7496294593424267e-05,0.002915149030741304,0.05155329604167491,90.2021547650802,136.95268814492738,0.13403694797307253,227.3510756250471,0.14075147835577068,11.997514752,2026-01-09T21:15:40.986828
25254,0.2661325856198678,0.042371249670017264,1.7493061408917597e-05,0.0028195498744025826,0.05484662594972178,91.22405765502481,138.86869401991135,0.13404021703172475,230.29155065200757,0.13895429471641815,12.03130624,2026-01-09T21:19:31.279102
25255,0.26629280993390747,0.01636575897657,1.7489826475915857e-05,0.0036790581070818007,0.04535214905627072,89.45933679497102,135.06581627589185,0.13431202998617664,224.71694216498872,0.1424013681020338,11.997528064,2026-01-09T21:23:15.996834
25256,0.26645303424794714,0.023482304020004285,1.7486589795290167e-05,0.003362596093211323,0.04963687510462478,90.59819887590129,137.52154373505618,0.1348318710224703,228.31393384299008,0.1401578933943041,12.01828608,2026-01-09T21:27:04.311466
25257,0.26661325856198675,0.010481469330841264,1.7483351367912127e-05,0.0030219999025575817,0.04664673010120168,90.73630435788073,137.60909411904868,0.134373472945299,228.53665433399146,0.14002130246132893,11.997520896,2026-01-09T21:30:52.848829
25258,0.2667734828760264,0.011428133874648694,1.74801111946538e-05,0.0032565800356678665,0.04740568820852786,89.52194448991213,135.91067885502707,0.1330929779796861,225.6245942680398,0.1418285098918973,12.009352192,2026-01-09T21:34:38.474102
25259,0.2669337071900661,0.0239683925050187,1.7476869276387722e-05,0.003494370903354138,0.04536351503338665,90.5002924791188,137.37084525590762,0.13468874100362882,228.06101954798214,0.14031332519438933,12.027078656,2026-01-09T21:38:26.536026
25260,0.26709393150410576,0.023861631767744917,1.74736256139869e-05,0.0033052500803023577,0.04783683695131913,91.1080169021152,138.5920228920295,0.13357466796878725,229.89398338500177,0.13919459539056242,12.011905024,2026-01-09T21:42:16.430763
25261,0.2672541558181454,0.009901495876430744,1.74703802083248e-05,0.0029346380033530295,0.053619606129359454,90.35215484310174,137.39331399090588,0.13305869401665404,227.94318245805334,0.14038586131387684,12.01532416,2026-01-09T21:46:04.374558
25262,0.26741438013218505,0.019365549532606607,1.7467133060275374e-05,0.0030531391967087984,0.047360597061924636,89.80020781082567,135.58467131399084,0.135322978021577,225.57793465803843,0.1418578463736266,11.996691456,2026-01-09T21:49:49.953177
25263,0.2675746044462247,0.0055321675140938,1.7463884170713036e-05,0.013286105182487518,0.04412480304017663,90.67853866709629,137.68589954689378,0.13538187398808077,228.56535281299148,0.1400037215009656,12.017552896,2026-01-09T21:53:38.519229
25264,0.2677348287602644,2.0762736359536405e-05,1.746063354051267e-05,0.003407583979424089,0.049838273029308766,90.7728470878792,137.57737997715594,0.1326779070077464,228.54343364102533,0.14001714899524353,11.997456384,2026-01-09T21:57:27.063308
25265,0.267895053074304,0.016172879125582185,1.7457381170549624e-05,0.003407518903259188,0.044071021082345396,90.83441996399779,137.96924411295913,0.134531396033708,228.99314092297573,0.13974217686617757,12.014353408,2026-01-09T22:01:16.057083
25266,0.26805527738834367,0.03216957769735629,1.745412706169972e-05,0.0029500110540539026,0.05246178392553702,91.04075305402512,138.6575848381035,0.13358337298268452,229.89480788900983,0.13919409617745337,12.020368896,2026-01-09T22:05:05.952823
25267,0.26821550170238334,0.016100472530025556,1.7450871214839248e-05,0.0030352729954756796,0.046062101086135954,90.73457917303313,137.87462018994847,0.13388150604441762,228.7993265640107,0.13986055151717167,11.997197312,2026-01-09T22:08:54.753063
25268,0.268375726016423,0.021446984943346514,1.744761363084496e-05,0.0029867340344935656,0.04916539305122569,90.40491617709631,137.15676895400975,0.1339002110180445,227.75573028897634,0.1405014045503857,12.022061056,2026-01-09T22:12:42.509584
25269,0.2685359503304626,0.017692456102645693,1.7444354310594083e-05,0.0035116190556436777,0.045593688962981105,92.01976598991314,140.92187211016426,0.13486191700212657,233.1324960589991,0.13726100196646,12.024993792,2026-01-09T22:16:35.642926
25270,0.2686961746445023,0.0035496391481855127,1.7441093254964302e-05,0.0042081178980879486,0.047124482807703316,89.8296592751285,135.7375471300329,0.13361174700548872,225.7584566079895,0.14174441339119048,11.997213696,2026-01-09T22:20:21.401983
25271,0.26885639895854196,0.02400211563178445,1.7437830464833785e-05,0.0030926389154046774,0.04479972692206502,89.06695665913867,134.40530568099348,0.13486995396669954,223.66331065102713,0.14307219144193173,11.9964928,2026-01-09T22:24:05.066228
25272,0.26901662327258163,0.02329229481781603,1.743456594108115e-05,0.003491586016025394,0.04916053399210796,91.46235718100797,139.68394566996722,0.13257777196122333,231.33976219099713,0.13832468615395385,12.017031168,2026-01-09T22:27:56.406693
25273,0.26917684758662125,0.02854902818591576,1.74312996845855e-05,0.0035279718576930463,0.04768310394138098,91.11957343504764,138.42349393293262,0.13381843699607998,229.73473681800533,0.13929108171982818,12.024752128,2026-01-09T22:31:46.142021
25274,0.2693370719006609,0.00420708186747909,1.742803169622639e-05,0.0033124169567599893,0.04678729403531179,90.32228591607418,136.7126712720492,0.134712984028738,227.22703144303523,0.14082831517350633,12.01692672,2026-01-09T22:35:33.369982
25275,0.2694972962147006,0.024169576128612036,1.742476197688384e-05,0.002701343095395714,0.051066497864667326,90.8190628690063,138.66635005013086,0.13252211100189015,229.67998037097277,0.13932428916231393,12.027456512,2026-01-09T22:39:23.050607
25276,0.26965752052874026,3.936937500448323e-05,1.7421490527438348e-05,0.014367693045642227,0.04727464693132788,90.09262414695695,136.4998664089362,0.1342074410058558,226.79478230600944,0.14109672045639512,12.01423872,2026-01-09T22:43:09.846129
25277,0.26981774484277987,0.022571591613884223,1.741821734877087e-05,0.0030239029438234866,0.046685845125466585,90.6741670628544,137.54798043804476,0.13310978200752288,228.41199525695993,0.14009772106758447,12.011136,2026-01-09T22:46:58.258829
25278,0.26997796915681954,0.007312252552768683,1.741494244176283e-05,0.003279252036008984,0.058359743910841644,91.76859586912906,139.99339919292834,0.13344678800785914,231.9673575219931,0.13795044415663546,12.01712128,2026-01-09T22:50:50.227011
25279,0.2701381934708592,0.04950558590187626,1.7411665807296117e-05,0.003428771044127643,0.04446713987272233,91.22884806804359,138.50306147697847,0.1337428509723395,229.92326712596696,0.13917686713484423,12.020478464,2026-01-09T22:54:40.150903
25280,0.2702984177848989,0.020593559084865376,1.7408387446253083e-05,0.0029620971181429923,0.04768730193609372,89.54193675197894,134.96105203905609,0.1352474190061912,224.69582402898232,0.1424147517573468,11.997959168,2026-01-09T22:58:24.847460
25281,0.2704586420989385,0.000662131106220265,1.740510735951655e-05,0.0029704172047786415,0.0476899731438607,89.44796244398458,135.6427670470439,0.1354846659814939,225.2849899000139,0.1420423083411028,11.99670784,2026-01-09T23:02:10.133162
25282,0.27061886641297817,0.01614262915992981,1.74018255479698e-05,0.003147263894788921,0.04646891198353842,92.19175313209416,140.69315089896554,0.13415470701875165,233.07757121499162,0.1372933475889153,11.99750144,2026-01-09T23:06:03.211528
25283,0.27077909072701783,0.012957690309432834,1.739854201249658e-05,0.003999731095973402,0.05446153593948111,88.41337149514584,132.79721105081262,0.13323441200191155,221.41155092202825,0.14452723837912612,12.0102272,2026-01-09T23:09:44.623884
25284,0.2709393150410575,0.03142464211937224,1.73952567539811e-05,0.0032696379930712283,0.04767254902981222,90.63558336813003,137.35635021189228,0.13470028003212065,228.18537579796975,0.1402368573713159,12.014462976,2026-01-09T23:13:32.809881
25285,0.2710995393550971,0.006189842349789032,1.7391969773308047e-05,0.0029882140806876123,0.04856902488972992,90.68464267009404,137.54912707791664,0.13549926900304854,228.43144734902307,0.14008579103868665,12.0278784,2026-01-09T23:17:21.242024
25286,0.2712597636691368,1.6018701553655035e-05,1.7388681071362553e-05,0.003118571126833558,0.04801165504613891,90.98726226302097,138.31737974187126,0.1335727089899592,229.49693009001203,0.13943541635807127,12.014732288,2026-01-09T23:21:10.739591
25287,0.27141998798317646,0.02195187304551638,1.738539064903022e-05,0.0032302371109835804,0.050889457284938544,89.77828750177287,135.70025301503483,0.1340732760145329,225.67408479802543,0.14179740677198036,12.02155008,2026-01-09T23:24:56.414531
25288,0.27158021229721613,0.0014690856252492779,1.7382098507197124e-05,0.0027711151051335037,0.05011772399302572,88.7412720870343,133.3040302878362,0.13343060802435502,222.23872613999993,0.14398930625547912,11.996990464,2026-01-09T23:28:38.653882
25289,0.27174043661125574,0.002274574365210391,1.7378804646749786e-05,0.0029063658439554274,0.051494375977199525,89.77228990697768,135.60003220307408,0.13365048001287505,225.56835299701197,0.14186387219143234,12.013450752,2026-01-09T23:32:24.222946
25290,0.2719006609252954,0.016215302374057217,1.7375509068575202e-05,0.0029170041088946164,0.04939345800084993,90.59163572604302,137.33469897601753,0.1347008459852077,228.12264597497415,0.1402754201067373,12.029615616,2026-01-09T23:36:12.346184
25291,0.2720608852393351,0.002003043616990219,1.7372211773560828e-05,0.003508143883664161,0.04663324204739183,89.09842693305109,134.0838506158907,0.13429236999945715,223.37432854197687,0.14325728569111965,12.019907072,2026-01-09T23:39:55.721190
25292,0.27222110955337475,5.4081630560531835e-06,1.736891276259458e-05,0.0028900018660351634,0.0457383330212906,89.64764020993607,135.08922480797628,0.13376362196868286,224.9296303089941,0.1422667167328752,12.012310016,2026-01-09T23:43:40.651416
25293,0.27238133386741437,0.010817080171140248,1.7365612036564838e-05,0.0028424238553270698,0.049052943068090826,89.84951568004908,135.5359728068579,0.13474286801647395,225.5796861689887,0.14185674491996506,12.01808128,2026-01-09T23:47:26.232026
25294,0.27254155818145404,0.013456746751399962,1.7362309596360448e-05,0.002651696791872382,0.05173930205637589,90.89660179789644,138.4822029590141,0.1341552740195766,229.57497546600644,0.13938801446039267,12.013617152,2026-01-09T23:51:15.807726
25295,0.2727017824954937,0.00016511918587092111,1.7359005442870703e-05,0.002875890990253538,0.046545075019821525,91.5320940890233,139.07984587689862,0.13524119899375364,230.80378841701895,0.13864590446921968,12.021012992,2026-01-09T23:55:06.612158
25296,0.2728620068095333,0.02246406721594063,1.735569957698538e-05,0.002698864904232323,0.049557701975572854,91.7825698509696,139.45280714984983,0.1351242609671317,231.43041740899207,0.1382705020293355,12.017058816,2026-01-09T23:58:58.043420
25297,0.273022231123573,0.010724508938841026,1.73523919995947e-05,0.003584787016734481,0.05218103207880631,89.8687415321474,135.5574400688638,0.13358592300210148,225.62339237699052,0.14182926540937613,12.007310848,2026-01-10T00:02:43.667419
25298,0.27318245543761266,0.00012353533966802388,1.7349082711589344e-05,0.003070928913075477,0.046996398945339024,90.78285809297813,138.30602438590722,0.1329925910104066,229.27964975399664,0.1395675544442522,12.017795584,2026-01-10T00:06:32.947688
25299,0.27334267975165233,0.05364319183555821,1.734577171386047e-05,0.003034127992577851,0.04666209005517885,90.06153505895054,136.17542926693568,0.1355718900449574,226.43063177599106,0.14132363518579835,11.99777792,2026-01-10T00:10:19.378937
25300,0.27350290406569194,0.010534612907918017,1.7342459007299672e-05,0.002910291950684041,0.04769024904817343,91.01197183696786,138.3870915180887,0.1332797110080719,229.59233834198676,0.1393774732688804,12.023045632,2026-01-10T00:14:08.971874
25301,0.2736631283797316,0.035792527321335754,1.7339144592799032e-05,0.0030211149714887142,0.045774959959089756,91.21663559507579,138.9074492448708,0.1332925779861398,230.31380380800692,0.13894086880991155,12.009799168,2026-01-10T00:17:59.286504
25302,0.2738233526937713,0.00849331647967233,1.7335828471251067e-05,0.0027682280633598566,0.04792341100983322,90.57984884094913,137.5864716830547,0.13429179700324312,228.35859069501748,0.14013048470218206,12.013221376,2026-01-10T00:21:47.645721
25303,0.27398357700781095,0.00514819303899916,1.733251064354877e-05,0.0031103261280804873,0.05757046287180856,89.3053239499568,134.51960028416943,0.13359353895066306,224.02925265498925,0.1428384892631893,11.996765184,2026-01-10T00:25:31.675577
25304,0.27414380132185057,0.012383976638986383,1.7329191110585588e-05,0.002960841986350715,0.05057416105410084,92.4625169679639,141.99360425391933,0.13431267201667652,234.65409957099473,0.1363709394317161,12.012293632,2026-01-10T00:29:26.330370
25305,0.27430402563589024,0.026125050872819244,1.7325869873255425e-05,0.003176729893311858,0.04932077002013102,91.95589967997512,140.5998116999981,0.13434286101255566,232.7498134819907,0.13748668375399595,12.01614336,2026-01-10T00:33:19.080828
25306,0.2744642499499299,0.006396672620313737,1.7322546932452644e-05,0.002909083035774529,0.04723295400617644,91.5859359279857,139.3773943889537,0.13400284299859777,231.15672299498692,0.1384342172072321,12.019708416,2026-01-10T00:37:10.238288
25307,0.2746244742639696,2.154395601294823e-05,1.7319222289072072e-05,0.0029706349596381187,0.04412622679956257,90.12224125507055,136.4308513039141,0.1327527139801532,226.7425368630211,0.1411292316065588,11.996598784,2026-01-10T00:40:56.981600
25308,0.2747846985780092,0.006455128127083931,1.731589594400899e-05,0.012847752950619906,0.0468735380563885,90.28678538708482,136.73140381689882,0.1356719849864021,227.22185070900014,0.140831526106096,12.01919232,2026-01-10T00:44:44.204150
25309,0.27494492289204886,0.00313642169164563,1.731256789815914e-05,0.0030897589749656618,0.04270514100790024,89.95872449397575,136.44906502199592,0.1339479529997334,226.5940670510172,0.1412217028294711,12.012342784,2026-01-10T00:48:30.799004
25310,0.27510514720608853,0.014530621615524097,1.730923815241872e-05,0.0032286199857480824,0.047007403045427054,91.67109691497171,140.09750506893033,0.13323387602576986,231.95948106900323,0.137955128423833,12.01254144,2026-01-10T00:52:22.759244
25311,0.2752653715201282,0.0007091136213208671,1.7305906707684385e-05,0.0031367180636152625,0.04579808790003881,90.75526049901964,138.05782164103584,0.13398380199214444,229.00631362601416,0.13973413873758342,12.012037632,2026-01-10T00:56:11.766133
25312,0.2754255958341678,0.010804765359015533,1.730257356485325e-05,0.0027720140642486513,0.04488869302440435,89.7266476120567,135.7406071749865,0.13347783300559968,225.65559825499076,0.14180902334113604,12.009842176,2026-01-10T00:59:57.422384
25313,0.2755858201482075,0.005615014939719387,1.7299238724822884e-05,0.0036807028809562325,0.04605111596174538,89.72493936109822,135.3407536278828,0.13355975499143824,225.2561515889829,0.14206049323966652,11.99780352,2026-01-10T01:03:42.679133
25314,0.27574604446224715,0.00027467650308032887,1.7295902188491316e-05,0.0026906669954769313,0.04409501393092796,90.00507782603381,136.05989847978344,0.13389913400169462,226.25294581003254,0.14143462258771197,11.997428736,2026-01-10T01:07:28.932742
25315,0.2759062687762868,0.04869327533931411,1.7292563956757033e-05,0.0030393220367841423,0.046396125049795955,90.66202843998326,137.51906146109104,0.13237763795768842,228.37317101698136,0.14012153817148926,12.001536512,2026-01-10T01:11:17.306702
25316,0.27606649309032644,0.000402560613354197,1.7289224030518976e-05,0.0027458679396659136,0.041455717058852315,91.062300021993,138.87074163294164,0.13437764899572358,230.1199331349926,0.13905792324921373,12.013986816,2026-01-10T01:15:07.427507
25317,0.2762267174043661,0.0097018676443561,1.728588241067654e-05,0.002958250988740474,0.042275129875633866,90.0046366310562,136.25193352199858,0.13373998197494075,226.4435313930153,0.14131558452186835,12.027860992,2026-01-10T01:18:53.881673
25318,0.2763869417184058,0.008099636702501911,1.728253909812958e-05,0.002912794006988406,0.04403227486182004,92.1640435870504,140.78119264612906,0.13506515498738736,233.13334517501062,0.13726050203576823,12.012932608,2026-01-10T01:22:47.015806
25319,0.27654716603244545,0.05072037928364459,1.7279194093778408e-05,0.003472180978860706,0.04912885301746428,93.03529919998255,142.4833916259813,0.13332342996727675,235.71172127098544,0.13575905274227443,12.016519168,2026-01-10T01:26:42.728155
25320,0.27670739034648506,0.007817468811541772,1.7275847398523787e-05,0.003160056076012552,0.04732383711962029,90.50707424688153,137.36117392609594,0.1348007780034095,228.06119523599045,0.14031321710336306,11.996802048,2026-01-10T01:30:30.789963
25321,0.27686761466052473,0.024572491383925588,1.7272499013266936e-05,0.0031063848873600364,0.04216813278617337,89.93676899914863,136.1170253129094,0.13419057399732992,226.2395901500131,0.14144297193423,12.016352256,2026-01-10T01:34:17.030322
25322,0.2770278389745644,0.018947406705368763,1.7269148938909532e-05,0.003091001883149147,0.04605607403209433,90.253439955879,136.70760675007477,0.1331684869946912,227.15234189701732,0.14087462067420659,12.004868096,2026-01-10T01:38:04.183437
25323,0.27718806328860407,2.2778452720473297e-05,1.7265797176353708e-05,0.0030313191819004714,0.05037770903436467,89.86833462608047,135.87198285909835,0.1343578519881703,225.93446317897178,0.14163399221946726,11.997001728,2026-01-10T01:41:50.118528
25324,0.2773482876026437,0.01736432739619076,1.7262443726502043e-05,0.01305956399301067,0.045330812921747565,89.99175257718889,136.3932544059353,0.13530456100124866,226.58595608000178,0.1412267580639535,12.024381952,2026-01-10T01:45:36.705099
25325,0.27750851191668335,0.0018336899979409793,1.7259088590257582e-05,0.0039426820003427565,0.0487979389145039,90.53602414997295,137.8627417269745,0.13429871998960152,228.5936222600285,0.13998640768551077,12.0122752,2026-01-10T01:49:25.299403
25326,0.277668736230723,0.00863725601419496,1.7255731768523814e-05,0.003665400086902082,0.04574686614796519,90.61707344587194,137.55589414417045,0.13547593395924196,228.3674775630352,0.14012503155650607,12.020949504,2026-01-10T01:53:13.667463
25327,0.2778289605447627,0.0066645258223569925,1.7252373262204687e-05,0.002977505966555327,0.04119318397715688,90.79967526090331,137.5607033810811,0.1350396720226854,228.5461084850249,0.1400155102710784,11.997615104,2026-01-10T01:57:02.214370
25328,0.2779891848588023,0.009346635867480302,1.7249013072204608e-05,0.0034173380699940026,0.04957670788280666,91.45325065305224,139.45879470789805,0.13302314700558782,231.10841482901014,0.13846315385649544,12.016436224,2026-01-10T02:00:53.323391
25329,0.278149409172842,0.02980570990731657,1.7245651199428428e-05,0.0031672969344072044,0.04697004001354799,87.84386910591274,131.4606885279063,0.13418406300479546,219.49752864299808,0.1457875184191546,11.996614144,2026-01-10T02:04:32.821597
25330,0.27830963348688165,0.011662018283399078,1.7242287644781456e-05,0.0028196239145472646,0.057218406873289496,90.00900573295075,136.1889228510554,0.13442674902034923,226.40089063195046,0.14134220015954324,12.012411392,2026-01-10T02:08:19.223136
25331,0.2784698578009213,2.13362829803998e-05,1.723892240916945e-05,0.0027179750031791627,0.05032483191462234,89.14496010006405,134.79786306392634,0.13470748596591875,224.137076265004,0.14276977523417606,11.99744256,2026-01-10T02:12:03.360925
25332,0.27863008211496093,0.0039280848293064,1.7235555493498622e-05,0.0026764589711092412,0.04351890290854499,90.11195654893527,136.75743445410626,0.13465325499419123,227.05792091297917,0.14093320273228488,11.997302784,2026-01-10T02:15:50.419441
25333,0.2787903064290006,0.007845524987018848,1.7232186898675644e-05,0.0030611330294050276,0.05171256995527074,90.56718090508366,138.10443131695502,0.1336078410386108,228.86751880898373,0.1398188793522408,12.040246784,2026-01-10T02:19:39.287653
25334,0.27895053074304027,0.07299760554365964,1.7228816625607626e-05,0.0027896121027879417,0.04707880690693855,90.58039755397476,137.2994120431249,0.13515317399287596,228.07099105999805,0.1403071905430614,11.997705216,2026-01-10T02:23:27.359433
25335,0.2791107550570799,0.006398446422396731,1.722544467520214e-05,0.002897232014220208,0.05206038895994425,90.76089744199999,137.6979998651077,0.13574346801033244,228.65574331901735,0.13994837625991333,12.027675648,2026-01-10T02:27:16.015809
25336,0.27927097937111955,0.013653966507751747,1.722207104836721e-05,0.002657757024280727,0.05672573106130585,90.27186619275017,136.55566656013252,0.13508216495392844,227.0296358349733,0.14095076126211398,12.01531392,2026-01-10T02:31:03.046048
25337,0.2794312036851592,0.009589908374870504,1.7218695746011307e-05,0.0029632807709276676,0.05354305700166151,92.13817832898349,140.65788653312484,0.13423213397618383,232.99579048500163,0.13734153708695393,12.029512192,2026-01-10T02:34:56.042438
25338,0.2795914279991989,0.01116109673955279,1.7215318769043358e-05,0.002610458934213966,0.047331500973086804,90.6776588599896,137.6782355820178,0.13493299996480346,228.54805709602078,0.14001431649255155,12.01613312,2026-01-10T02:38:44.591357
25339,0.2797516523132385,0.020842671501963395,1.7211940118372732e-05,0.002457641065120697,0.048618307802826166,90.9478212549584,138.30721352720866,0.1333853270043619,229.4472398229991,0.13946561320452378,12.025698304,2026-01-10T02:42:34.039187
25340,0.2799118766272782,0.0034976012090570663,1.7208559794909258e-05,0.0027491970686241984,0.054066960990894586,89.42995393800084,135.24536537303356,0.13378242199542,224.8734760869993,0.14230224282929574,12.014052352,2026-01-10T02:46:18.913274
25341,0.28007210094131785,0.05586245097517839,1.7205177799563215e-05,0.0029020420042797923,0.040375372918788344,90.71338635421125,138.0397072309279,0.13513927103485912,228.9383371520089,0.13977562866088636,12.013868032,2026-01-10T02:50:07.852413
25342,0.2802323252553575,0.011322045853976448,1.7201794133245322e-05,0.003429184842389077,0.05009551689727232,89.84886719303904,135.76004090101924,0.1337843770161271,225.80365317501128,0.14171604201282825,12.014369792,2026-01-10T02:53:53.657012
25343,0.28039254956939713,0.0014247032758625267,1.7198408796866763e-05,0.014170501031912863,0.04901855188654736,89.29115062893834,135.13726422801847,0.1339123660000041,224.63325618504314,0.1424544190092663,12.010468352,2026-01-10T02:57:38.291026
25344,0.2805527738834368,0.003202011183315534,1.719502179133916e-05,0.0028775350656360388,0.0417269169120118,91.22343819693197,138.72073585394537,0.1343815089785494,230.12979623302817,0.13905196338677053,12.011928064,2026-01-10T03:01:28.421634
25345,0.28071299819747647,2.667486945906461e-05,1.719163311757459e-05,0.0025287001626566052,0.04586586798541248,91.12224308704026,138.86355552490568,0.1341032389900647,230.1761618340388,0.13902395341474408,12.01741056,2026-01-10T03:05:18.598538
25346,0.28087322251151614,0.015487713983432627,1.7188242776485576e-05,0.0028984000091440976,0.04345450486289337,88.70316817204002,133.10145931394072,0.13352929800748825,221.9925010910374,0.144149013334811,12.010014208,2026-01-10T03:09:00.591687
25347,0.28103344682555575,0.005733459887265369,1.7184850768985094e-05,0.0030108787468634546,0.048697848920710385,89.88249015214387,136.04312364093494,0.13441409001825377,226.1190386020462,0.14151837986680005,11.996949504,2026-01-10T03:12:46.711566
25348,0.2811936711395954,0.037733133975096145,1.7181457095986567e-05,0.0030828650342300534,0.044444248895160854,88.49882898811484,133.44851820211625,0.1350594509858638,222.13740286498796,0.14405498393014507,12.014367744,2026-01-10T03:16:28.849676
25349,0.2813538954536351,0.0015559234664515031,1.7178061758403862e-05,0.00333436910295859,0.04771630797768012,91.66321510804119,139.61823436495615,0.1338470330229029,231.47407922300044,0.1382444207464432,11.99678976,2026-01-10T03:20:20.324342
25350,0.28151411976767476,0.005227519620962795,1.71746647571513e-05,0.0033112360979430377,0.04932471003849059,89.05420294194482,134.25748626090353,0.13346379197901115,223.50756718299817,0.14317188631828204,11.99755776,2026-01-10T03:24:03.832605
25351,0.2816743440817144,5.281372316545685e-05,1.7171266093143653e-05,0.0037198899080976844,0.043782652996014804,90.23991367599228,136.67072404903593,0.13414353400003165,227.09947959997226,0.14090741227750445,12.01813248,2026-01-10T03:27:50.932794
25352,0.28183456839575405,0.032779187454838876,1.7167865767296128e-05,0.004143463971558958,0.04580617806641385,92.95347487780964,142.94930338306585,0.13435343600576743,236.09419686201727,0.13553912135630364,12.02674432,2026-01-10T03:31:47.027763
25353,0.2819947927097937,0.0038322808588118207,1.7164463780524395e-05,0.003447566879913211,0.0469870989327319,90.11064204212744,136.49631572695216,0.1335293980082497,226.7982832970447,0.14109454240484093,11.997540352,2026-01-10T03:35:33.826653
25354,0.2821550170238334,0.0042823142362635735,1.716106013374456e-05,0.0036057288525626063,0.05260576290311292,91.7668636329472,140.00829178409185,0.13538230099948123,231.9745157159632,0.13794618732680874,12.022065152,2026-01-10T03:39:25.801859
25355,0.282315241337873,0.025185944942852423,1.7157654827873178e-05,0.003853947971947491,0.04884251888142899,89.46727404004196,135.07049001508858,0.13503538101213053,224.73363669001264,0.14239078969802524,11.997584384,2026-01-10T03:43:10.536228
25356,0.28247546565191267,0.0149275465108758,1.7154247863827257e-05,0.012910829798784107,0.042961429920978844,91.2215949150268,139.0679768670816,0.1346608170424588,230.48753420298453,0.13883614187923243,12.016180224,2026-01-10T03:47:01.024363
25357,0.28263568996595234,0.02435927442977004,1.715083924252424e-05,0.002770054037682712,0.047165567928459495,91.71166016504867,139.77101076586405,0.13481879798928276,231.6736783980159,0.13812531583766682,12.015132672,2026-01-10T03:50:52.698657
25358,0.282795914279992,0.018707134601269715,1.714742896488203e-05,0.0032690209918655455,0.046770034939982,90.49860931298463,137.312468093005,0.13254734396468848,228.0010056559695,0.14035025814002228,12.0139008,2026-01-10T03:54:40.700260
25359,0.2829561385940316,0.020256687539985663,1.714401703181897e-05,0.0029720610473304987,0.047925848921295255,90.05636528303148,136.11635391111486,0.13481413997942582,226.36692463501822,0.14136340833182703,11.996634112,2026-01-10T03:58:27.067791
25360,0.2831163629080713,6.081186829476337e-05,1.7140603444253844e-05,0.0027776569477282465,0.0489635769627057,88.70934620598564,133.64851661107969,0.13393731199903414,222.550792146998,0.14378740103006932,11.99678464,2026-01-10T04:02:09.619190
25361,0.28327658722211096,0.0045212016576261504,1.7137188203105883e-05,0.003380748094059527,0.049106416990980506,91.08109291101573,138.98163337103324,0.13383625500136986,230.2564324749983,0.13897548770314863,12.010436096,2026-01-10T04:05:59.876204
25362,0.28343681153615063,0.003236758843460308,1.7133771309294778e-05,0.0031037579174153507,0.04671589791541919,90.61525169113884,137.91131548892008,0.13259797199862078,228.7171669540112,0.13991079212009622,12.01848576,2026-01-10T04:09:48.594072
25363,0.28359703585019025,0.014051731168378545,1.7130352763740643e-05,0.003696510975714773,0.04881771910004318,89.60975586698623,135.33001895807683,0.13346270204056054,225.1330012450344,0.14213820196520746,12.034071552,2026-01-10T04:13:33.727702
25364,0.2837572601642299,0.017823402103434915,1.712693256736405e-05,0.003076333028730005,0.047579057863913476,91.22762998897815,138.95072665211046,0.13324832601938397,230.36944824596867,0.13890730842847335,12.017107456,2026-01-10T04:17:24.097858
25365,0.2839174844782696,0.014640087173846794,1.7123510721086013e-05,0.002994978043716401,0.04630866780644283,89.19445260008797,134.75176416203612,0.13435764703899622,224.1370207379805,0.14276981060352575,12.014014976,2026-01-10T04:21:08.235619
25366,0.28407770879230926,0.014080927514541486,1.7120087225827986e-05,0.0033784060506150126,0.053808460070285946,91.73103250493295,140.2227815410006,0.13514105399372056,232.15370867896127,0.13783971051805116,11.996792832,2026-01-10T04:25:00.390229
25367,0.2842379331063489,0.009469135986348576,1.7116662082511876e-05,0.0032386098755523562,0.04609259689459577,92.07049072912196,140.55204239004524,0.13285764696775004,232.81305265700212,0.13744933814834184,11.9970816,2026-01-10T04:28:53.204194
25368,0.28439815742038854,0.022469740499385438,1.7113235292060026e-05,0.003251521906349808,0.051117859955411404,90.29027896892512,136.50571917102206,0.13328484498197213,226.9909022260108,0.14097481302637482,11.996589056,2026-01-10T04:32:40.195700
25369,0.2845583817344282,0.031524852206928244,1.710980685539522e-05,0.002839645021595061,0.04692341818008572,92.1317491158843,141.19753153098281,0.13505415403051302,233.52312157297274,0.13703139879448914,11.99656704,2026-01-10T04:36:33.719616
25370,0.2847186060484679,0.0014789836432491654,1.71063767734407e-05,0.002904782013501972,0.04495063703507185,89.97382675396511,136.22167762601748,0.13357068103505298,226.38525506597944,0.14135196212612733,11.996695552,2026-01-10T04:40:20.105592
25371,0.2848788303625075,8.13651123898751e-06,1.7102945047120136e-05,0.0032577610691078007,0.043687138997484,90.69687009695917,138.20938819803996,0.1343690640060231,229.09508095000638,0.1396799960405222,12.014523392,2026-01-10T04:44:09.201405
25372,0.28503905467654717,0.017400907506901042,1.7099511677357643e-05,0.0030104340985417366,0.048349731892813,90.85501285281498,137.655809311138,0.13293910102220252,228.7039656949928,0.13991886805616768,11.997869056,2026-01-10T04:47:57.906295
25373,0.28519927899058684,0.004679349019369283,1.709607666507779e-05,0.002974976901896298,0.04809135582763702,89.36860092211282,135.38478156289784,0.1334266040357761,224.94488007295877,0.14225707199746487,11.997543424,2026-01-10T04:51:42.851858
25374,0.28535950330462645,0.01662945495650625,1.7092640011205577e-05,0.003056068962905556,0.05380445922492072,92.16100077197189,141.17437800084008,0.13560498104197904,233.53511393995723,0.13702436203331428,12.027049984,2026-01-10T04:55:36.387585
25375,0.2855197276186661,0.012889935601320346,1.7089201716666443e-05,0.013108748069498688,0.0452786601963453,89.17656029888894,134.02511004608823,0.13354308705311269,223.40399006695952,0.14323826530765557,12.011361792,2026-01-10T04:59:19.792477
25376,0.2856799519327058,0.012080756330040465,1.7085761782386283e-05,0.003252976981457323,0.04614434886025265,89.97076497104717,136.05437121901195,0.13358483702177182,226.21550333796768,0.14145803239750443,11.996899328,2026-01-10T05:03:06.008608
25377,0.28584017624674546,0.007974777115125953,1.708232020929142e-05,0.0027975179837085307,0.04873989598127082,90.95776716893306,138.2187112570973,0.1338631880353205,229.37200796202524,0.13951135661374126,12.009148416,2026-01-10T05:06:55.381216
25378,0.2860004005607851,0.03205199009265236,1.707887699830863e-05,0.0032928010332398117,0.052937477885279804,92.24926243611844,141.07154833694221,0.13325304602039978,233.51922142400872,0.13703368744064337,12.014153216,2026-01-10T05:10:48.901164
25379,0.28616062487482474,0.01581117487494854,1.707543215036512e-05,0.0025810980587266386,0.04466463311109692,90.44049204903422,137.2280890069087,0.13395619398215786,227.85581648501102,0.1404396889824625,11.997103104,2026-01-10T05:14:36.757782
25380,0.2863208491888644,0.006657716357959309,1.707198566638854e-05,0.0030495350947603583,0.044642566004768014,89.37294985807966,135.07248998398427,0.1344146719784476,224.63508249400184,0.14245326083851778,12.024457728,2026-01-10T05:18:21.393485
25381,0.2864810735029041,6.580690586233118e-06,1.7068537547306987e-05,0.002451534033752978,0.04423553706146777,89.80249129899312,135.89683161705034,0.1345447330386378,225.88749601802556,0.14166344115588603,12.02027264,2026-01-10T05:22:07.281608
25382,0.2866412978169437,0.0189215963253222,1.7065087794048988e-05,0.003566183091606945,0.04923136899014935,91.90205217595212,140.66610661701998,0.13369925203733146,232.7650306330179,0.13747769548103578,12.020130304,2026-01-10T05:26:00.047416
25383,0.28680152213098337,0.003942340965482849,1.706163640754352e-05,0.003001192002557218,0.04604381194803864,91.63579786603805,139.71622718300205,0.13367954903515056,231.54203455901006,0.13820384735301522,12.011533824,2026-01-10T05:29:51.590128
25384,0.28696174644502304,0.008153583157773703,1.7058183388719993e-05,0.0027101319283246994,0.046192388981580734,91.04848525603302,138.55532027286245,0.13418299902696162,229.7938798990217,0.13925523174969567,12.01364224,2026-01-10T05:33:41.384701
25385,0.2871219707590627,0.01471541777814167,1.705472873850826e-05,0.002740707073826343,0.05673866823781282,91.28849059785716,139.0485408589593,0.13443109299987555,230.53810102801071,0.13880568919977332,12.01064704,2026-01-10T05:37:31.923576
25386,0.2872821950731023,0.04923450988212874,1.705127245783862e-05,0.0026558079989627004,0.049283846048638225,90.4401536739897,137.3966391069116,0.13339981297031045,228.03107860696036,0.14033174861728362,11.996849152,2026-01-10T05:41:19.955245
25387,0.287442419387142,0.010169620252886702,1.7047814547641788e-05,0.01299073500558734,0.04908229608554393,89.21837895299541,133.972496872826,0.1348083370248787,223.3937885769992,0.1432448064193614,11.997543424,2026-01-10T05:45:03.349658
25388,0.28760264370118166,3.5786067371645913e-06,1.7044355008848942e-05,0.0029048009891994298,0.049312820949126035,90.40186588990036,136.9236099322443,0.13561000500340015,227.52159754402237,0.14064598853657587,12.017123328,2026-01-10T05:48:50.871863
25389,0.28776286801522133,0.022871958948136317,1.7040893842391694e-05,0.0026047159917652607,0.05270021193427965,89.30037797399564,134.93928455503192,0.13166640303097665,224.43888925900683,0.14257778634375337,11.996840448,2026-01-10T05:52:35.311745
25390,0.28792309232926094,0.007398777757695818,1.7037431049202083e-05,0.002960850193630904,0.048370529897511005,90.90847740706522,138.5126960488269,0.13505049498053268,229.61488028400345,0.13936379018825001,11.997520896,2026-01-10T05:56:24.927295
25391,0.2880833166433006,0.005713950210925134,1.703396663021259e-05,0.002988769090734422,0.04656317183980718,91.69219663803233,140.18974038702436,0.13450580299831927,232.07678272598423,0.13788539992724208,12.01983744,2026-01-10T06:00:17.004700
25392,0.2882435409573403,0.030092645428329234,1.7030500586356148e-05,0.0031128620612435043,0.044918255938682705,89.75866727204993,135.68162689410383,0.13250603200867772,225.63278886600165,0.14182335892237763,11.996752896,2026-01-10T06:04:02.638220
25393,0.28840376527137995,0.020162048998980886,1.702703291856611e-05,0.003111552039626986,0.058142553898505867,91.70046214014292,140.10214247484691,0.13375002500833943,232.00383138499456,0.1379287566458253,12.00932864,2026-01-10T06:07:54.642752
25394,0.28856398958541957,0.002998790619624714,1.7023563627776273e-05,0.002982462872751057,0.04582790483254939,89.77618780802004,136.00758574099746,0.13515910203568637,225.97468192101223,0.14160878434684715,12.011060736,2026-01-10T06:11:40.618283
25395,0.28872421389945924,0.01161122066349396,1.702009271492087e-05,0.0023761249613016844,0.04939270002068952,89.88853676611325,136.10217011894565,0.13552685600006953,226.18458867800655,0.14147736672525812,11.99752704,2026-01-10T06:15:26.803751
25396,0.2888844382134989,0.01285255270717478,1.7016620180934576e-05,0.0027114078984595835,0.05707921687280759,91.01161379396217,138.5423982939683,0.13430495199281722,229.75405219302047,0.13927937154778114,12.016996864,2026-01-10T06:19:16.558412
25397,0.2890446625275386,0.006412040224041959,1.7013146026752493e-05,0.0030124480254016817,0.05083304294385016,90.54958565102424,138.0211725080153,0.13378437602659687,228.76568124996265,0.13988112126414165,12.013261312,2026-01-10T06:23:05.324738
25398,0.2892048868415782,0.0174038598559747,1.7009670253310165e-05,0.0026564120198599994,0.051810265926178545,92.89637559698895,142.6571373831248,0.1352918099728413,235.750645255961,0.1357366380281026,12.03556864,2026-01-10T06:27:01.076073
25399,0.28936511115561786,0.012465335553262236,1.7006192861543575e-05,0.003148928110022098,0.048954842786770314,91.07851304922951,138.93123404093785,0.1332472570356913,230.20136669900967,0.13900873161122576,12.010898944,2026-01-10T06:30:51.278136
25400,0.28952533546965753,0.0010344540267643865,1.7002713852389138e-05,0.0031203588587231934,0.05668014794355258,88.26992000313476,132.51415894489037,0.13276796496938914,220.98556600196753,0.14480583767953012,11.997146112,2026-01-10T06:34:32.264330
25401,0.2896855597836972,0.0023071247222770097,1.6999233226783702e-05,0.003059237089473754,0.04955242288997397,91.42155533994082,139.24033712322125,0.1351943209883757,230.85769527801313,0.13861352969613433,12.01463296,2026-01-10T06:38:23.122728
25402,0.2898457840977368,0.011837108197087609,1.6995750985664554e-05,0.0028753139777109027,0.051667609077412635,90.66800788493128,137.90143652411643,0.13470610103104264,228.7658122269786,0.13988104117694822,12.021761024,2026-01-10T06:42:11.889228
25403,0.2900060084117765,0.008743608692116212,1.699226712996942e-05,0.012993279029615223,0.05235714023001492,90.46284961490892,137.216545276111,0.13365734100807458,227.88647634303197,0.14042079421962353,12.0162304,2026-01-10T06:45:59.776296
25404,0.29016623272581615,0.01974878889095777,1.6988781660636446e-05,0.003226323053240776,0.04920043103629723,90.4162458969513,137.05708550394047,0.13554871699307114,227.6697335759527,0.14055447554395503,11.996433408,2026-01-10T06:49:47.446661
25405,0.2903264570398558,0.00444309763524231,1.698529457860423e-05,0.00293609598884359,0.05391102994326502,89.35808343603276,134.93156195996562,0.13473172899102792,224.48897959198803,0.1425459728943508,12.015137792,2026-01-10T06:53:31.936218
25406,0.29048668135389544,0.01266440464020846,1.69818058848118e-05,0.003348352969624102,0.056406530959066004,90.9809728640248,138.37949797004694,0.133954647986684,229.56210453802487,0.13939582957037883,12.018420224,2026-01-10T06:57:21.499018
25407,0.2906469056679351,0.046246591928450265,1.6978315580198603e-05,0.0033844359568320215,0.05544573802035302,90.33134023007005,137.00996563601075,0.13430304802022874,227.54037464002613,0.14063438214261845,11.997750272,2026-01-10T07:01:09.040082
25408,0.2908071299819748,3.9173672664816195e-05,1.6974823665704544e-05,0.0032920350204221904,0.05017628311179578,90.07654957094928,136.6270115079824,0.13484479201724753,226.89792897499865,0.1410325785896706,12.011646464,2026-01-10T07:04:55.938846
25409,0.29096735429601445,0.009675492125847285,1.697133014226994e-05,0.003072089864872396,0.05722875992069021,89.56325906614074,135.1550345378928,0.134634857007768,224.9214506910066,0.14227189048305167,12.014498816,2026-01-10T07:08:40.860904
25410,0.29112757861005406,1.2693572918109908e-05,1.6967835010835557e-05,0.002811509824823588,0.053925763932056725,91.32703267008765,139.30834307096666,0.13472314400132746,230.8344654450193,0.138627478952539,11.997246464,2026-01-10T07:12:31.696118
25411,0.29128780292409373,0.023057579936996753,1.696433827234258e-05,0.012688281014561653,0.04897583584534004,90.86863048101077,138.17894577007974,0.13411346497014165,229.25204563804436,0.1395843596986844,12.014705664,2026-01-10T07:16:20.948779
25412,0.2914480272381334,3.5678268321959195e-06,1.6960839927732645e-05,0.0031301890267059207,0.04982950090197846,90.10140979418065,136.4121000120067,0.13520593399880454,226.70887201698497,0.14115018841257596,11.998278656,2026-01-10T07:20:07.658268
25413,0.291608251552173,0.018492073580598678,1.69573399779478e-05,0.0030220759217627347,0.055364072031807154,90.37202840903774,137.14696856896626,0.13407849898794666,227.71905744902324,0.1405240314907041,11.997868032,2026-01-10T07:23:55.377975
25414,0.2917684758662127,0.006325633339379522,1.6953838423930538e-05,0.0024602540652267635,0.04828136402647942,91.88048125302885,140.509296745935,0.13153824297478423,232.57906694401754,0.13758761878472275,12.017715712,2026-01-10T07:27:47.957670
25415,0.29192870018025235,2.4222486576519486e-06,1.695033526662378e-05,0.0025994990719482303,0.04647517291596159,89.69370789307868,135.8860441109864,0.13455412798793986,225.77017478900962,0.14173705641103904,12.01403392,2026-01-10T07:31:33.728446
25416,0.292088924494292,0.024002613410417872,1.6946830506970887e-05,0.002515181025955826,0.0504566480522044,91.4761591439019,139.2597247909871,0.13382824702421203,230.92980358103523,0.13857024733826065,12.030602752,2026-01-10T07:35:24.658864
25417,0.29224914880833164,0.019900651565743388,1.6943324145915635e-05,0.002694798109587282,0.04664911894360557,90.82547027204419,138.3634609519504,0.13323828298598528,229.3804431949975,0.1395062262252089,12.012278272,2026-01-10T07:39:14.039947
25418,0.2924093731223713,0.007914636299395816,1.693981618440224e-05,0.0028210680466145277,0.046306051954161376,92.36964637081837,141.59780601307284,0.1351332089980133,234.15779416594887,0.1366599822738398,11.997514752,2026-01-10T07:43:08.198331
25419,0.292569597436411,5.693001741136072e-06,1.693630662337536e-05,0.0024651518324390054,0.04710348974913359,89.8291448422824,136.13674202986294,0.13722713897004724,226.159750169958,0.1414929047982771,12.01393152,2026-01-10T07:46:54.358692
25420,0.29272982175045065,0.01244521100048157,1.693279546378006e-05,0.013180427893530577,0.05405554681783542,90.52259718603455,137.68768897093832,0.13542867795331404,228.42108503897907,0.14009214602294415,12.021372928,2026-01-10T07:50:42.780372
25421,0.29289004606449026,0.001003764012723174,1.692928270656186e-05,0.0026747779338620603,0.042839687142986804,90.65952900482807,137.66131584113464,0.1344189529772848,228.50708746502642,0.14003942002410616,12.019096064,2026-01-10T07:54:31.288073
25422,0.29305027037852993,0.005344505170154612,1.692576835266669e-05,0.0029486361891031265,0.04335668694693595,91.41590993996942,139.58690958621446,0.1324600839870982,231.1920422160183,0.1384130686042396,12.029997568,2026-01-10T07:58:22.480873
25423,0.2932104946925696,0.014556393306483173,1.6922252403040924e-05,0.0027711790171451867,0.0434291351120919,91.14165797299938,138.99605755793164,0.13411726203048602,230.32461179600796,0.13893434900626903,12.018380288,2026-01-10T08:02:12.806420
25424,0.29337071900660927,0.013963241477839006,1.6918734858631357e-05,0.0032728780061006546,0.050404513196554035,89.80962333577918,135.9950637111324,0.13401749002514407,225.99905316001968,0.14159351356813982,12.014185472,2026-01-10T08:05:58.806073
25425,0.2935309433206489,0.007270427374516331,1.691521572038522e-05,0.002995964896399528,0.05215845687780529,90.40515234513441,137.48778963991208,0.13403598504373804,228.09270430001197,0.14029383402772133,12.02499072,2026-01-10T08:09:46.899588
25426,0.29369116763468855,0.015519129806966347,1.6911694989250165e-05,0.0033795369090512395,0.05759390804450959,90.28141160699306,136.71440451889066,0.13338927802396938,227.19890169001883,0.14084575128650723,12.026244096,2026-01-10T08:13:34.099107
25427,0.2938513919487282,0.0011191226871707372,1.6908172666174285e-05,0.0037668640725314617,0.045408835052512586,90.28809696005192,136.88530221499968,0.1333287800080143,227.36264231300447,0.14074431786355826,12.00939008,2026-01-10T08:17:21.462586
25428,0.2940116162627679,0.011337030614967603,1.690464875210609e-05,0.004962264036294073,0.052194870077073574,90.06254335184349,136.48958370904438,0.13247417501406744,226.7502019139938,0.14112446088201314,11.99789568,2026-01-10T08:21:08.213387
25429,0.2941718405768075,0.016907584904764406,1.6901123247994523e-05,0.002887581940740347,0.05675717809936032,90.82376921974355,137.98448546300642,0.13439059600932524,229.0089411949739,0.13973253547666423,12.014128128,2026-01-10T08:24:57.223013
25430,0.2943320648908472,0.060423499661846236,1.6897596154788957e-05,0.0029546221485361457,0.04799895512405783,92.15370404697023,140.94426731107524,0.13397775799967349,233.2893443260109,0.13716871678151532,12.019738112,2026-01-10T08:28:50.512970
25431,0.29449228920488685,0.0016679561111239138,1.6894067473439194e-05,0.013535554113332182,0.045195468002930284,89.0418346208753,134.2095722031081,0.1341026669833809,223.4539109430043,0.1432062650635913,11.996994048,2026-01-10T08:32:33.967592
25432,0.2946525135189265,0.004041417008769699,1.689053720489546e-05,0.004393508948851377,0.05484230094589293,91.6982046229532,139.83691862394335,0.13451356295263395,231.737578774977,0.13808722853306757,12.034819072,2026-01-10T08:36:25.705895
25433,0.29481273783296613,0.015685034761800054,1.6887005350108404e-05,0.0028623180114664137,0.0524303030106239,91.50535882305121,139.47068768186728,0.1325700969900936,231.17335371900117,0.1384242581820094,12.010038784,2026-01-10T08:40:16.879849
25434,0.2949729621470058,0.007682458841889783,1.688347191002911e-05,0.0038264800095930696,0.0485358209698461,89.90114742406877,136.1585900267819,0.13346187700517476,226.25201638101134,0.14143520359222603,12.01655296,2026-01-10T08:44:03.132455
25435,0.29513318646104547,0.015698081456044122,1.687993688560909e-05,0.003558372030965984,0.04999905492877588,90.4449562599184,137.16616496699862,0.13632313796551898,227.8074158700183,0.14046952720037204,12.016232448,2026-01-10T08:47:50.940600
25436,0.29529341077508514,0.0038059431319616976,1.6876400277800278e-05,0.003521860227920115,0.053410815831739455,92.02854899910744,140.6336925320211,0.13420004799263552,232.8623400629731,0.13742024576127776,12.010382848,2026-01-10T08:51:43.803514
25437,0.29545363508912476,0.010908335221337495,1.687286208755503e-05,0.002956436073873192,0.05121985700679943,90.22724696807563,136.97602916497272,0.1352339509758167,227.39895075402455,0.14072184543460853,12.021182464,2026-01-10T08:55:31.203153
25438,0.2956138594031644,0.027999942878230932,1.686932231582614e-05,0.0035702590830624104,0.047226833063177764,90.93306439527078,138.075693209772,0.1339592169970274,229.20092301501427,0.13961549359861772,12.019956224,2026-01-10T08:59:20.404676
25439,0.2957740837172041,0.015545657536215174,1.6865780963566818e-05,0.0031090760021470487,0.05502893897937611,90.51871959603159,137.15462468296755,0.13317287300014868,227.8728359810193,0.14042919974307708,11.998367744,2026-01-10T09:03:08.278189
25440,0.29593430803124376,0.008298172057498832,1.6862238031730705e-05,0.003591346903704107,0.047553432115819305,89.77329987188568,135.76153222902212,0.13366328499978408,225.72702774300706,0.1417641490253103,12.014052352,2026-01-10T09:06:54.005960
25441,0.2960945323452834,0.03656008848134995,1.6858693521271864e-05,0.002983936166856438,0.049588185094762594,89.69256272685016,135.54347375006182,0.1345573720172979,225.43116733798524,0.14195020315013906,12.000080384,2026-01-10T09:10:39.437940
25442,0.29625475665932305,1.3698365330050422e-05,1.6855147433144788e-05,0.0035549490130506456,0.05262312712147832,89.95406563085271,136.21655290899798,0.13347572402562946,226.3684499289957,0.14136245581059262,12.016181248,2026-01-10T09:14:25.807032
25443,0.2964149809733627,0.021768813761015693,1.6851599768304386e-05,0.012957301107235253,0.051066506071947515,90.72163070895476,138.15102494705934,0.1335352860041894,229.0765420140233,0.13969130020323542,12.01062144,2026-01-10T09:18:14.884152
25444,0.2965752052874024,8.150251381966456e-05,1.6848050527706e-05,0.003076446009799838,0.05372482712846249,89.12253564206185,134.5711285889265,0.13349757198011503,223.89355453301687,0.14292506127183335,12.000287232,2026-01-10T09:21:58.778307
25445,0.296735429601442,0.028559917237480192,1.6844499712305393e-05,0.0029257588903419673,0.050252075016032904,90.74851738504367,137.56435328396037,0.13491068902658299,228.50741033395752,0.14003922215578413,12.020066816,2026-01-10T09:25:47.286324
25446,0.29689565391548167,8.934889193668027e-05,1.684094732305875e-05,0.003629236889537424,0.04436415794771165,90.92140082700644,138.2826520279632,0.13522283895872533,229.39469300297787,0.13949756021419638,12.014312448,2026-01-10T09:29:36.681706
25447,0.29705587822952134,0.009867136338732152,1.6837393360922687e-05,0.0028087690589018166,0.05336776887997985,89.30524556315504,134.60242233786266,0.133442637976259,224.10503689403413,0.1427901864389192,11.997827072,2026-01-10T09:33:20.787425
25448,0.297216102543561,0.009674943911672784,1.6833837826854236e-05,0.0027902230503968894,0.05220942199230194,91.26804385299329,138.90070326800924,0.13414861500496045,230.36445242504124,0.13891032085522198,11.996705792,2026-01-10T09:37:11.152668
25449,0.2973763268576006,1.8478357021400882e-05,1.683028072181085e-05,0.0031193429604172707,0.04827699513407424,89.81527378683677,135.95085862791166,0.13382460601860657,225.9578309149947,0.14161934494776768,12.01378048,2026-01-10T09:40:57.111096
25450,0.2975365511716403,0.04689826306623157,1.682672204675042e-05,0.0028938400209881365,0.05145155591890216,89.65085791994352,135.53316983702825,0.1331146449665539,225.38004776497837,0.14198239958387504,11.996722176,2026-01-10T09:44:42.491903
25451,0.29769677548567997,0.022832466249687045,1.6823161802631245e-05,0.004238884954247624,0.04910723801003769,88.94727182702627,133.905555451056,0.13354144396726042,223.04812351299915,0.14346679763990505,12.015064064,2026-01-10T09:48:25.540685
25452,0.29785699979971964,0.017314520374148934,1.681959999041205e-05,0.0028604301624000072,0.05438566708471626,90.5970185858896,137.3237158379634,0.1337977490038611,228.11952669301536,0.1402773382177975,12.014885888,2026-01-10T09:52:13.660878
25453,0.29801722411375925,0.0051372267640070746,1.6816036611051985e-05,0.0032642100122757256,0.05003501602914184,91.55481165507808,139.750305951864,0.13266839704010636,231.50021958199795,0.13822881057210196,12.02526208,2026-01-10T09:56:05.161988
25454,0.2981774484277989,0.009092493521341893,1.681247166551062e-05,0.0037353489897213876,0.054555231996346265,90.08148910599994,136.54261625598883,0.13322448800317943,226.82222477003234,0.14107964963505565,12.013589504,2026-01-10T09:59:51.984941
25455,0.2983376727418386,0.04698297010696528,1.680890515474795e-05,0.0031383518362417817,0.047023146878927946,90.61917710996931,137.38662390294485,0.13400480995187536,228.19645172497258,0.1402300507221169,11.997468672,2026-01-10T10:03:40.182181
25456,0.2984978970558782,0.03892449189346081,1.6805337079724385e-05,0.0028374550747685134,0.047129869053605944,90.63167821097886,137.4123892749776,0.13531372603029013,228.23768352501793,0.1402047177564014,12.025114624,2026-01-10T10:07:28.420631
25457,0.2986581213699179,0.001772292415315846,1.6801767441400763e-05,0.0028552799485623837,0.053971885063219815,90.78448605485028,137.99356389901368,0.13355109200347215,228.97614146600245,0.1397525514890871,12.01744384,2026-01-10T10:11:17.397449
25458,0.29881834568395754,0.013319761308950184,1.679819624073834e-05,0.0027679670602083206,0.05824054800905287,89.459911131009,135.03019194904482,0.13385685201501474,224.69287594297202,0.14241662031208205,12.012195328,2026-01-10T10:15:02.091122
25459,0.2989785699979972,0.017692887738000707,1.679462347869879e-05,0.0029859200003556907,0.05345415510237217,89.04168184206355,134.0146959440899,0.13425848603947088,223.25336191395763,0.14333490759405842,12.012774912,2026-01-10T10:18:45.345186
25460,0.2991387943120368,0.006395223936394245,1.6791049156244212e-05,0.002738443959970027,0.052759767160750926,90.75440905091818,137.6725011370727,0.13513648899970576,228.62610019999556,0.1399665216351384,12.011913728,2026-01-10T10:22:33.972149
25461,0.2992990186260765,0.020780626677858294,1.6787473274337123e-05,0.003334734996315092,0.04780705296434462,91.17561938497238,139.77584747906076,0.13372990599600598,231.14492113603046,0.13844128541837078,12.014009344,2026-01-10T10:26:25.117957
25462,0.29945924294011617,8.932648198012316e-06,1.6783895833940464e-05,0.0034181619994342327,0.048650863813236356,90.15367446804885,136.7113077492104,0.13446082297014073,227.05782266001916,0.1409332637172101,11.996708864,2026-01-10T10:30:12.176480
25463,0.29961946725415584,0.0035928576459625106,1.6780316836017585e-05,0.012844000943005085,0.0498444089316763,89.60841047711438,135.25072764593642,0.1343797899899073,225.06548648700118,0.14218084033887704,12.019958272,2026-01-10T10:33:57.243082
25464,0.29977969156819545,0.00694666763597418,1.677673628153227e-05,0.0026984569267369807,0.0500868150847964,90.75035124702845,138.0528947758139,0.13374283601297066,228.99767454602988,0.13973941029505002,11.996667392,2026-01-10T10:37:46.241440
25465,0.2999399158822351,0.021417399784136038,1.6773154171448713e-05,0.003464080102276057,0.04968656518030912,90.69164552493021,137.88281295006163,0.13467090198537335,228.76857304101577,0.13987935307120503,12.006798848,2026-01-10T10:41:35.010923
25466,0.3001001401962748,0.00705050617736358,1.6769570506731525e-05,0.0028489730320870876,0.05053571914322674,90.69307676894823,137.60435529705137,0.13392305496381596,228.49257043999387,0.14004831727517267,12.00959488,2026-01-10T10:45:23.504083
25467,0.30026036451031446,0.011829142854766772,1.6765985288345744e-05,0.0037762928986921906,0.0508783491095528,91.3662908518454,139.30443781218491,0.13240906596183777,230.86624816799304,0.1386083944878541,12.008955904,2026-01-10T10:49:14.371039
25468,0.3004205888243541,0.0007514264309431695,1.6762398517256816e-05,0.0028489760006777942,0.04991329903714359,89.89680846704869,135.6346693908563,0.13463990500895306,225.72725426999386,0.14176400675890288,11.99667712,2026-01-10T10:53:00.098927
25469,0.30058081313839374,0.009849470644844871,1.6758810194430616e-05,0.0032901769736781716,0.04725053405854851,91.4314497950254,140.13248813094106,0.13531554798828438,231.75807675300166,0.13807501532774757,12.012058624,2026-01-10T10:56:51.857645
25470,0.3007410374524334,0.007785348868451614,1.6755220320833427e-05,0.004055991070345044,0.049270982039161026,90.14670019218465,136.2465620188741,0.1339759940165095,226.5880981410155,0.14122542297029664,11.997492224,2026-01-10T11:00:38.446346
25471,0.3009012617664731,0.015582533775485352,1.6751628897431957e-05,0.014011109946295619,0.047111038176808506,90.33041413378669,136.9744185829768,0.1335514189559035,227.51134962402284,0.140652323731902,12.014318592,2026-01-10T11:04:25.958472
25472,0.3010614860805127,0.003720845336729006,1.6748035925193328e-05,0.0030919789569452405,0.04618798597948626,90.66936226002872,138.0767158291419,0.13354116497794166,228.93804924498545,0.13977580443937898,11.996611584,2026-01-10T11:08:14.897201
25473,0.30122171039455237,0.028456969922205033,1.674444140508508e-05,0.0030158781446516514,0.04421014088438824,90.83227700105635,138.03066166100325,0.13454544998239726,229.05200056999456,0.13970626722477075,12.0289664,2026-01-10T11:12:03.949802
25474,0.30138193470859204,0.027270135584703148,1.674084533807517e-05,0.004050814022775739,0.047284603875596076,90.40545845887391,137.1022467300645,0.13446165097411722,227.70174971799133,0.14053471279703386,11.99749632,2026-01-10T11:15:51.652263
25475,0.3015421590226317,3.373158046660052e-05,1.673724772513197e-05,0.0038298508734442294,0.05021153995767236,88.97227991593536,133.6984723469359,0.1339404719765298,222.86628005898092,0.14358385661362183,11.9979264,2026-01-10T11:19:34.519131
25476,0.3017023833366713,0.021326668920241154,1.673364856722427e-05,0.0030019559781067073,0.04602320911362767,89.74926098098513,135.64666183595546,0.1345077829901129,225.58575741801178,0.14185292709195202,12.01056512,2026-01-10T11:23:20.105497
25477,0.301862607650711,0.0003593810526174579,1.6730047865321276e-05,0.0027471170760691166,0.048543632961809635,90.08184236695524,136.46443891403032,0.13454353500856087,226.73924282501685,0.14113128191353977,12.01163008,2026-01-10T11:27:06.845347
25478,0.30202283196475066,0.01696537122317565,1.6726445620392605e-05,0.002969025867059827,0.05216646014014259,89.91279848391423,135.9667124901316,0.1335312919691205,226.07647421298316,0.1415450241401646,11.996849152,2026-01-10T11:30:52.922483
25479,0.30218305627879033,0.02180885165069313,1.6722841833408298e-05,0.0033315701875835657,0.04839590488700196,91.41818311007228,139.3350791730918,0.1373490459518507,230.94924302300205,0.1385585836140319,11.997741056,2026-01-10T11:34:43.872334
25480,0.30234328059282994,0.008955069835339557,1.6719236505338805e-05,0.002849931945092976,0.049498457985464483,92.07530008780304,141.01467990514357,0.1341110389912501,233.2828522119671,0.1371725341000372,12.010998272,2026-01-10T11:38:37.155936
25481,0.3025035049068696,0.01966496100776105,1.6715629637154994e-05,0.004099530109670013,0.04429255012655631,91.1164444979513,138.54283501999453,0.13486547098727897,229.850060502009,0.13922119459142063,12.01637888,2026-01-10T11:42:27.006630
25482,0.3026637292209093,6.229493505927053e-06,1.6712021229828146e-05,0.004344664863310754,0.04810989595716819,89.4555673111463,134.95260395784862,0.13426021701889113,224.6019049360184,0.1424743036311991,11.997750272,2026-01-10T11:46:11.609227
25483,0.30282395353494895,0.008868582221515986,1.670841128432996e-05,0.0038216389948502183,0.04772376699838787,89.91787341301097,136.17141447716858,0.13395626202691346,226.28328643803252,0.14141565868040004,12.0145152,2026-01-10T11:49:57.893142
25484,0.30298417784898857,0.0071802563430809485,1.670479980163254e-05,0.002947154047433287,0.04883730784058571,89.65755216020625,135.84157234383747,0.1349025060189888,225.69343503401615,0.14178524951413413,12.021563392,2026-01-10T11:53:43.587409
25485,0.30314440216302824,0.011256859317303913,1.6701186782708415e-05,0.002784336043987423,0.04922167904442176,89.58356079587247,135.75920328008942,0.13344584102742374,225.53419223800302,0.14188535974284047,11.997367296,2026-01-10T11:57:29.122199
25486,0.3033046264770679,0.01342519192255942,1.6697572228530523e-05,0.002870475931558758,0.04418607091065496,88.77194337802939,133.4832703040447,0.13209028099663556,222.4414418459637,0.14385808568063216,11.996726272,2026-01-10T12:01:11.564464
25487,0.3034648507911076,0.00016542055463375505,1.669395614007221e-05,0.013817177037708461,0.049528478004503995,89.84463638195302,135.90893275808776,0.13588231801986694,225.95944750698982,0.14161833175402022,12.023425536,2026-01-10T12:04:57.524665
25488,0.3036250751051472,0.023461139294358446,1.669033851830725e-05,0.0027730059227906168,0.0445912218419835,91.57224295812193,139.9115602588863,0.13425978098530322,231.67290618200786,0.13812577623928118,12.014464,2026-01-10T12:08:49.198421
25489,0.30378529941918686,0.025682271252396305,1.6686719364209814e-05,0.0028728489414788783,0.04841903207125142,89.47422760591144,134.89878096414031,0.13446426199516281,224.5674451920204,0.14249616623031816,11.99662592,2026-01-10T12:12:33.766470
25490,0.30394552373322653,0.009840688701928002,1.6683098678754488e-05,0.0027083299355581403,0.04449445696081966,90.82619431609055,138.3159951058915,0.1342792280483991,229.3299096939736,0.13953696682086517,11.996761088,2026-01-10T12:16:23.097157
25491,0.3041057480472662,0.004141703371356442,1.6679476462916285e-05,0.0033496241085231304,0.05508408596506342,90.92883050593082,138.35667619627202,0.1339888150105253,229.48553464602446,0.13944234023011157,11.99729664,2026-01-10T12:20:12.583398
25492,0.3042659723613058,0.017488947665142973,1.6675852717670612e-05,0.002838806889485568,0.04319443384883925,90.98562435712665,138.48398428491782,0.13330624799709767,229.65932857600274,0.13933681770479453,11.996673536,2026-01-10T12:24:02.243322
25493,0.3044261966753455,0.01736297066648973,1.66722274439933e-05,0.003152219927869737,0.045990080980118364,92.33495104016038,141.0845388729358,0.13309842301532626,233.6099950110074,0.1369804404066367,11.997621248,2026-01-10T12:27:55.854191
25494,0.30458642098938515,0.030394382100308093,1.666860064286058e-05,0.0048026940785348415,0.04229823884088546,89.52305010909913,135.3116952579585,0.13567412900738418,225.02499488001922,0.14220642474433579,11.996642304,2026-01-10T12:31:40.879799
25495,0.30474664530342477,2.4341161998009397e-05,1.6664972315249106e-05,0.003001228906214237,0.04538368689827621,90.35537635302171,137.16675636090804,0.13487283198628575,227.71303253003862,0.1405277495295696,11.99666688,2026-01-10T12:35:28.593673
25496,0.30490686961746444,0.02505383328804811,1.6661342462135942e-05,0.002433836052659899,0.04524149897042662,90.7786024629022,138.11600624606945,0.1344468260067515,229.08415909699397,0.139686655446356,11.998184448,2026-01-10T12:39:17.678629
25497,0.3050670939315041,0.001756384412614942,1.6657711084498555e-05,0.0037683378905057907,0.047453303064685315,90.07281130604679,136.46699191397056,0.13281578797614202,226.73286104400177,0.1411352542928914,12.012303872,2026-01-10T12:43:04.412207
25498,0.3052273182455438,0.002096919593510549,1.6654078183314827e-05,0.0037840810255147517,0.052783541090320796,92.6175487988512,142.07617571012815,0.13428525597555563,234.89402151695685,0.13623164946192529,11.996655104,2026-01-10T12:46:59.306894
25499,0.3053875425595834,0.011130884532715157,1.665044375956305e-05,0.013071634049993008,0.052449287089984864,90.32491794682574,136.8706317700562,0.1342570119886659,227.40144481597235,0.1407203020451186,12.025254912,2026-01-10T12:50:46.708976
25500,0.30554776687362306,0.02953599327153711,1.6646807814221927e-05,0.0038471680600196123,0.04264959297142923,90.86631897091866,138.50224359397544,0.1334986070287414,229.5592474139994,0.13939756450886726,11.997280256,2026-01-10T12:54:36.269199
25501,0.30570799118766273,8.669616054390872e-06,1.6643170348270567e-05,0.0037689958699047565,0.048054017999675125,90.3112058400875,137.14427571097622,0.13548677595099434,1574.0060684760101,0.020330290105541434,12.008323072,2026-01-10T13:20:50.275943
25502,0.3058682155017024,0.0002461933881754419,1.6639531362688494e-05,0.0030987680074758828,0.04444487713044509,90.81287278694799,137.93214567017276,0.1350509210024029,228.9348437130102,0.1397777615718243,11.996754432,2026-01-10T13:24:39.221524
25503,0.306028439815742,0.003545428802622652,1.6635890858455638e-05,0.003458319988567382,0.04859528015367687,91.03323808300775,138.69392151583452,0.1326642720378004,229.92003571998794,0.13917882319299807,12.016475136,2026-01-10T13:28:29.142487
25504,0.3061886641297817,0.009113324596844663,1.6632248836552335e-05,0.003987073956523091,0.052911910926923156,89.71211315516848,135.4858750400599,0.13582005200441927,225.3987425689702,0.14197062341733455,11.997679616,2026-01-10T13:32:14.541898
25505,0.30634888844382135,0.009347036536492936,1.662860529795934e-05,0.003500145045109093,0.05013316200347617,90.37649666704237,137.26618825807236,0.1334941529785283,227.8373399580014,0.14045107797474615,12.014062592,2026-01-10T13:36:02.380130
25506,0.306509112757861,0.02347500360564858,1.6624960243657797e-05,0.003054909117054194,0.04866310890065506,90.96347008895827,138.08769235207,0.1344168310170062,229.24476528196828,0.13958879261927917,11.997494272,2026-01-10T13:39:51.625629
25507,0.30666933707190064,0.007051939353504899,1.6621313674629283e-05,0.0032497430802322924,0.045353507914114743,90.07701560505666,136.4431362390169,0.135358804021962,226.7106456779875,0.14114908413013727,11.997514752,2026-01-10T13:43:38.337074
25508,0.3068295613859403,0.015486821407312945,1.6617665591855767e-05,0.003887249156832695,0.05633247480727732,90.29503773211036,137.30991909495788,0.13366927398601547,227.8070587660186,0.14046974739649007,11.99691264,2026-01-10T13:47:26.144756
25509,0.30698978569998,0.015583922044621445,1.6614015996319626e-05,0.0034208649303764105,0.04984186595538631,90.52731252613012,137.39800238102907,0.1334410179988481,228.1193226579926,0.1402774636849853,12.019254784,2026-01-10T13:51:14.264775
25510,0.30715001001401965,0.004616833507455453,1.661036488900365e-05,0.003632000065408647,0.04975795990321785,89.84795170696452,135.8495401640539,0.13391921302536502,225.89142836199608,0.14166097506240602,12.010522112,2026-01-10T13:55:00.156838
25511,0.30731023432805926,0.005836379210785836,1.6606712270891034e-05,0.004734231915790588,0.04223893390735611,90.36770050204359,137.2347286750446,0.13320804497925565,227.79097838699818,0.14047966353449973,11.997641728,2026-01-10T13:58:47.948476
25512,0.30747045864209893,0.05030341954183015,1.6603058142965384e-05,0.0029879288049414754,0.046302806003950536,92.79903701599687,141.83162450412055,0.13449219503672794,234.82136449799873,0.13627380144225643,12.013894656,2026-01-10T14:02:42.770535
25513,0.3076306829561386,0.013738177629868176,1.65994025062107e-05,0.003228743909858167,0.04716830182587728,89.37748616503086,134.91958083910868,0.1342273959890008,224.49056691199075,0.1425449649853006,11.996921344,2026-01-10T14:06:27.261757
25514,0.30779090727017827,0.00027881469212687193,1.65957453616114e-05,0.003128059906885028,0.04573439701925963,89.95272645301884,136.021972638031,0.13360131694935262,226.1652695040102,0.14148945180742084,11.996775424,2026-01-10T14:10:13.427674
25515,0.3079511315842179,0.01362727887269699,1.6592086710152303e-05,0.0031400429434143007,0.05852116213645786,91.71291643788572,140.27257027104497,0.13461789902066812,232.18980851699598,0.1378182798133349,12.016208896,2026-01-10T14:14:05.618130
25516,0.30811135589825756,0.010817132958274911,1.6588426552818635e-05,0.013417112117167562,0.05328246607678011,91.28212950192392,139.01788755593589,0.13462609698763117,230.51092077197973,0.13882205620814922,12.017576448,2026-01-10T14:17:56.129669
25517,0.3082715802122972,0.0047794606927418215,1.658476489059603e-05,0.004670581198297441,0.04761594085721299,90.19263455714099,136.5520721168141,0.13387343601789325,226.94013417098904,0.1410063500530473,11.997693952,2026-01-10T14:21:43.070405
25518,0.3084318045263369,3.4658358540440304e-05,1.6581101724470525e-05,0.004018625942990184,0.04976507188985124,90.74318241910078,138.1877389109577,0.13392045302316546,229.12554030999308,0.13966142734112452,12.021592064,2026-01-10T14:25:32.196710
25519,0.3085920288403765,0.027199246197103122,1.6577437055428558e-05,0.0033084439346566796,0.050967515038792044,91.1176973489928,138.66169868205907,0.1339054190320894,229.974558093003,0.1391458266747012,12.033670144,2026-01-10T14:29:22.172109
25520,0.3087522531544162,0.0405297449884543,1.657377088445698e-05,0.0038975831121206284,0.05102874495787546,90.81904902489623,138.13195282616653,0.13435430399840698,229.1485771930311,0.13964738682642447,12.007962624,2026-01-10T14:33:11.321291
25521,0.30891247746845585,0.017774278357835627,1.6570103212543037e-05,0.0037885589990764856,0.05007069610292092,91.69349697808502,139.77824886492454,0.13390433602035046,231.66711145098088,0.1381292312041063,12.010654208,2026-01-10T14:37:02.989022
25522,0.3090727017824955,0.003033757418739569,1.656643404067439e-05,0.003099469991866499,0.04562733304919675,91.18978076480562,138.80512268730672,0.13449238799512386,230.1901756739826,0.13901548971977618,12.014854144,2026-01-10T14:40:53.179802
25523,0.30923292609653513,0.012792490982963756,1.65627633698391e-05,0.0031345420284196734,0.056338130903895944,90.15711632400053,136.90407135605346,0.1339217940112576,227.26075004402082,0.1408074205237884,12.017311744,2026-01-10T14:44:40.441145
25524,0.3093931504105748,3.130000636275554e-05,1.6559091201025622e-05,0.0034719841205514967,0.04656740109203383,91.06777891685488,138.49482386524323,0.13415232399711385,229.7531268519815,0.13927993250170653,11.997759488,2026-01-10T14:48:30.194879
25525,0.30955337472461447,0.0016217729393943614,1.6555417535222827e-05,0.0035598381073214114,0.049794777180068195,90.98982662177878,138.26094277593074,0.1324448129744269,229.4449335670215,0.13946701503719502,12.016638976,2026-01-10T14:52:19.640460
25526,0.30971359903865414,0.028744413341923014,1.655174237341998e-05,0.002922506828326732,0.04847785917809233,89.86495514697162,135.8902496949304,0.13351760199293494,225.94641171797412,0.14162650230507903,12.021659648,2026-01-10T14:56:05.587488
25527,0.30987382335269376,0.0017208506388666223,1.654806571660676e-05,0.0029118519742041826,0.047687679005321115,90.0135141130304,136.08636320300866,0.13405248400522396,226.29235339700244,0.14140999251468248,12.016846336,2026-01-10T14:59:51.880643
25528,0.3100340476667334,0.007811531073416589,1.6544387565773236e-05,0.0031252430635504425,0.043729007069487125,89.98188337287866,136.1925108890282,0.13264084700495005,226.36114475200884,0.1413670178910686,11.9975168,2026-01-10T15:03:38.242483
25529,0.3101942719807731,0.0063185180403113606,1.654070792190989e-05,0.0034735440276563168,0.04202168702613562,90.05978444206994,136.83204737398773,0.13404115795856342,227.07927582401317,0.14091994914058145,12.0147712,2026-01-10T15:07:25.322459
25530,0.31035449629481277,0.04500635894161675,1.6537026786007597e-05,0.0033597699366509914,0.05206529999850318,90.81946386297932,137.93453910795506,0.1351826679892838,228.95110410504276,0.1397678343814337,12.01292288,2026-01-10T15:11:14.274423
25531,0.3105147206088524,0.004150010966489148,1.653334415905764e-05,0.0032532571349292994,0.04389983008150011,90.57267033896642,137.52534993604058,0.1345980089972727,228.28850515303202,0.14017350535695594,11.997449216,2026-01-10T15:15:02.563642
25532,0.31067494492289205,0.005659375971734271,1.65296600420517e-05,0.013674784917384386,0.050310777965933084,89.67578420304926,135.85033266601386,0.13420409802347422,225.73200451099547,0.1417610235168991,12.016413696,2026-01-10T15:18:48.296538
25533,0.3108351692369317,5.404270611730766e-05,1.652597443598186e-05,0.002884312067180872,0.050147693895269185,90.75640001916327,137.39990247396054,0.13304106099531054,228.35160149098374,0.14013477370450364,12.01014528,2026-01-10T15:22:36.648857
25534,0.31099539355097133,0.007605380854970534,1.6522287341840607e-05,0.0032388289691880345,0.04953825304983184,91.21919716597768,138.79166697798064,0.13473208399955183,230.2069066480035,0.1390053863541523,12.007824384,2026-01-10T15:26:26.856432
25535,0.311155617865011,0.0013469302523700932,1.6518598760620827e-05,0.0035195560776628554,0.048003637115471065,90.84290809294907,138.58884455199586,0.13476898201042786,229.62548850197345,0.13935735187222034,12.017773056,2026-01-10T15:30:16.482824
25536,0.3113158421790507,0.016633119928548545,1.6514908693315805e-05,0.0027336611528880894,0.040697407035622746,91.2413915329962,139.04711455001961,0.1328630750067532,230.47354520100635,0.13884456878593748,12.012424704,2026-01-10T15:34:06.956988
25537,0.31147606649309034,0.005087959361972594,1.6511217140919227e-05,0.0032878659549169242,0.050534867914393544,91.06749343319098,139.2732608029619,0.13538572803372517,230.53612875402905,0.13880687670496306,12.010823168,2026-01-10T15:37:57.493781
25538,0.31163629080712996,0.0033937730296074164,1.6507524104425176e-05,0.0030325590050779283,0.04987310501746833,91.42248981096782,139.29777491395362,0.13615209999261424,230.9158921780181,0.13857859542785606,11.99661568,2026-01-10T15:41:48.410390
25539,0.3117965151211696,0.006478453579908283,1.6503829584828137e-05,0.0043171250727027655,0.04856141994241625,89.7255952580017,135.88794724701438,0.13373549800598994,225.80814138700953,0.14171322523378654,11.996822528,2026-01-10T15:45:34.219124
25540,0.3119567394352093,0.014591529341556608,1.6500133583123002e-05,0.0031555989990010858,0.04521954682422802,89.87138328811852,135.950834252988,0.13278814899967983,226.01266785600455,0.14158498416729276,11.997451264,2026-01-10T15:49:20.232530
25541,0.31211696374924897,0.0391785044421642,1.649643610030505e-05,0.003265789884608239,0.04907994705718011,93.71504774485948,144.28410007595085,0.1342132450081408,238.19273212802364,0.13434498909396053,12.013254144,2026-01-10T15:53:18.426123
25542,0.3122771880632886,0.0017390182248906427,1.6492737137369967e-05,0.0036622988991439342,0.04717811109730974,87.98075893399073,132.15468024095753,0.1321250600158237,220.32902757101692,0.1452373314255458,12.0176768,2026-01-10T15:56:58.755877
25543,0.31243741237732825,0.025246514574115864,1.648903669531383e-05,0.003314525936730206,0.04905825492460281,90.04535326117184,136.49393422395224,0.1355210900073871,226.73528969899053,0.141133742535106,12.012885504,2026-01-10T16:00:45.491798
25544,0.3125976366913679,0.013746737056014702,1.6485334775133127e-05,0.0034417699207551777,0.054021155985537916,90.95949242496863,138.45172695198562,0.13375294499564916,229.61117152502993,0.13936604124033955,12.03584256,2026-01-10T16:04:35.103605
25545,0.3127578610054076,0.005680545722102082,1.6481631377824728e-05,0.002997281902935356,0.05632191908080131,90.7105090660043,137.66051775199594,0.13481641502585262,228.5744576510042,0.1399981447133466,12.009491456,2026-01-10T16:08:23.678693
25546,0.3129180853194472,0.004914069162444967,1.6477926504385912e-05,0.00316097802715376,0.04833325301297009,90.38948958099354,137.1803795999731,0.13481565401889384,227.76381009700708,0.14049642033284768,11.996874752,2026-01-10T16:12:11.443124
25547,0.3130783096334869,0.00924303532975479,1.6474220155814347e-05,0.01317076216218993,0.05767008208204061,90.30665420001606,137.16909124195809,0.13456789898918942,227.68889230798231,0.14054264868009173,11.996693504,2026-01-10T16:15:59.132873
25548,0.31323853394752654,3.6738887634335526e-05,1.6470512333108108e-05,0.0028978270129300654,0.048966946080327034,91.11690057208762,138.8192935627303,0.134096120018512,230.13099015399348,0.1390512419843456,12.011197952,2026-01-10T16:19:49.264539
25549,0.3133987582615662,0.01072872353296539,1.6466803037265663e-05,0.003414585953578353,0.054315739951562136,91.1458117570146,139.2139657320804,0.13444839703151956,230.55888888897607,0.1387931740745392,12.009306112,2026-01-10T16:23:39.824038
25550,0.3135589825756058,0.033329316283195354,1.6463092269285875e-05,0.004052930104080588,0.05051992001244798,92.09866339509608,141.05899988795863,0.1333821649895981,233.35545135301072,0.13712985839611558,12.017102848,2026-01-10T16:27:33.180338
25551,0.3137192068896455,0.0044511973971825824,1.6459380030168002e-05,0.0033870460465550423,0.04841435811249539,91.42217178409919,139.06023256795015,0.1341059259721078,230.67557754699374,0.13872296469478174,11.99741696,2026-01-10T16:31:23.856561
25552,0.31387943120368517,0.006062491854967433,1.6455666320911706e-05,0.0038683369057253003,0.04333783790934831,91.95875321800122,140.72429614292923,0.13504783099051565,232.873353848001,0.1374137464472932,12.013098496,2026-01-10T16:35:16.730612
25553,0.31403965551772484,0.013843900878473647,1.6451951142517034e-05,0.0034531409619376063,0.046102321066427976,89.21555832499871,134.7755804878543,0.1338281959760934,224.18195124296471,0.1427411967046309,12.01528576,2026-01-10T16:39:00.913320
25554,0.31419987983176445,0.0003880482317870637,1.6448234495984438e-05,0.003079000918660313,0.05245416710386053,90.46951123082545,137.31634641607525,0.13447797996923327,227.9823146929848,0.14036176465307493,12.015229952,2026-01-10T16:42:48.896378
25555,0.3143601041458041,0.024103259781487196,1.6444516382314757e-05,0.0027613950078375638,0.040779472910799086,91.18260714598,138.95614035514882,0.13410431798547506,230.32465495401993,0.13893432297288455,12.023036416,2026-01-10T16:46:39.221875
25556,0.3145203284598438,0.00047985288726160036,1.6440796802509236e-05,0.003225901979021728,0.047485562099609524,91.39090528694214,139.2396073838463,0.13516181602608413,230.82263416302158,0.13863458458497432,11.997157376,2026-01-10T16:50:30.045194
25557,0.31468055277388346,0.019263723006961442,1.6437075757569504e-05,0.0032817009487189353,0.044909347081556916,92.60519244987518,141.724207132007,0.13423055299790576,234.5202244220418,0.136448786363145,12.039294976,2026-01-10T16:54:24.566007
25558,0.3148407770879231,1.6415252150459025e-05,1.643335324849759e-05,0.003194505115970969,0.05661769985454157,90.51377399615012,137.37193203077186,0.13287763902917504,228.08649555098964,0.14029765297019206,12.007538176,2026-01-10T16:58:12.653097
25559,0.31500100140196274,0.027734442438459794,1.6429629276295915e-05,0.003610572952311486,0.04970533098094165,90.76832389394986,137.61098195792874,0.135890064004343,228.57580495701404,0.1399973195151513,12.013088256,2026-01-10T17:02:01.229501
25560,0.3151612257160024,0.01793458543551374,1.6425903841967293e-05,0.0029649732168763876,0.05410422501154244,91.30449056898942,139.14209445397137,0.13581699499627575,230.6470637319726,0.13874011436445666,11.996883968,2026-01-10T17:05:51.877212
25561,0.3153214500300421,0.004284613320193031,1.6422176946514942e-05,0.0027887779870070517,0.041688220866490155,90.34838651726022,136.97580861009192,0.13364494300913066,227.509400637995,0.14065352864656913,12.015059968,2026-01-10T17:09:39.387202
25562,0.3154816743440817,5.3458353746371756e-05,1.641844859094246e-05,0.0032793598948046565,0.04947853705380112,90.7153114019311,137.77465522900457,0.13439726899378002,228.684901504952,0.13993053231503813,12.016753664,2026-01-10T17:13:28.072728
25563,0.31564189865812137,0.00860002563501805,1.6414718776253844e-05,0.0027083721361123025,0.04366657783975825,91.03537517599761,138.63296873110812,0.1345234580221586,229.85718866501702,0.139216877165566,11.99775744,2026-01-10T17:17:17.930516
25564,0.31580212297216104,2.915571570127895e-05,1.6410987503453484e-05,0.00304152601165697,0.05203404097119346,91.12041143194074,138.5993776001851,0.13383267301833257,229.9160342310206,0.1391812454795835,12.011318784,2026-01-10T17:21:07.847160
25565,0.3159623472862007,0.025032260496237413,1.6407254773546156e-05,0.003542463993653655,0.04384866514010355,92.24409108085092,141.2429432689678,0.13550214696442708,233.67674027296016,0.13694131458107672,12.023900672,2026-01-10T17:25:01.524498
25566,0.3161225716002403,0.014950401109349976,1.6403520587537046e-05,0.002873572986572981,0.053664429928176105,89.7911764330347,135.96460271492833,0.13535891997162253,225.95513415703317,0.1416210351642676,11.997724672,2026-01-10T17:28:47.480507
25567,0.31628279591428,0.014326441855356364,1.6399784946431713e-05,0.0038021589862182736,0.04272344219498336,91.87470298988046,140.2094206159818,0.1340907289995812,232.27487037499668,0.13776780909763303,12.014277632,2026-01-10T17:32:39.756154
25568,0.31644302022831966,0.007483692711138801,1.639604785123612e-05,0.0028519820189103484,0.04469995619729161,90.19288369483547,136.49238762405002,0.13383677398087457,226.87286655500066,0.14104815831840453,12.011316736,2026-01-10T17:36:26.629820
25569,0.31660324454235933,0.003353739797050892,1.639230930295661e-05,0.0037103238282725215,0.044504776946268976,92.08198645105585,140.80855220393278,0.13486203999491408,233.08127369196154,0.13729116669531743,12.021518336,2026-01-10T17:40:19.711698
25570,0.31676346885639894,0.004924263732272394,1.638856930259993e-05,0.0033994889236055315,0.048001698043663055,90.58580159995472,137.78287670190912,0.1344982050359249,228.5621231260011,0.14000569981737143,12.014533632,2026-01-10T17:44:08.274504
25571,0.3169236931704386,0.0035138241687135974,1.6384827851173214e-05,0.002876234007999301,0.046278830035589635,90.07946988387266,136.0929624470882,0.13515250000637025,226.36431531101698,0.14136503784191015,12.016335872,2026-01-10T17:47:54.639438
25572,0.3170839174844783,0.00026971773754169703,1.638108494968398e-05,0.0032788541284389794,0.04897054802859202,91.36676462501055,139.62998784100637,0.13249789597466588,231.18893930094782,0.13841492632285635,12.012148224,2026-01-10T17:51:45.829132
25573,0.3172441417985179,0.007940322537443478,1.6377340599140142e-05,0.003528841945808381,0.04890535288723186,90.8254929719842,138.46627000102308,0.13401817600242794,229.487954671029,0.1394408697653522,12.045563904,2026-01-10T17:55:35.317700
25574,0.31740436611255757,0.03435181059539616,1.6373594800550004e-05,0.0037700578686781228,0.04538794484687969,90.56737808411708,137.2972408249625,0.1345460619777441,228.05545148596866,0.1403167509984686,11.997641728,2026-01-10T17:59:23.374019
25575,0.31756459042659724,0.0001777241318663414,1.6369847554922264e-05,0.0033493420924060047,0.046348422998562455,89.67284141998971,135.29460344807012,0.13253521698061377,225.15819996903883,0.14212229447739533,12.013431808,2026-01-10T18:03:08.532862
25576,0.3177248147406369,0.00035868294459895367,1.6366098863266005e-05,0.002980290853884071,0.051263132016174495,90.91317526903003,137.99929951602826,0.13466694502858445,229.10956147499382,0.1396711677766126,12.024136192,2026-01-10T18:06:57.643049
25577,0.3178850390546765,0.006005164583335443,1.6362348726590695e-05,0.003241102967876941,0.05419554200489074,89.19561654189602,134.34151600196492,0.13529882801230997,223.73703656799626,0.14302504623670043,12.016206848,2026-01-10T18:10:41.380741
25578,0.3180452633687162,0.005353804793182704,1.6358597145906197e-05,0.0028083810466341674,0.043571786081884056,89.96859126188792,136.19534346199362,0.13441613601753488,226.35249710001517,0.14137241872732959,11.997882368,2026-01-10T18:14:27.733823
25579,0.31820548768275586,0.017092258727819498,1.6354844122222767e-05,0.0034839538857340813,0.053723938937764615,91.17374652822036,138.94312909099972,0.13443740998627618,230.31456517701736,0.13894040950213085,12.010564096,2026-01-10T18:18:18.048989
25580,0.31836571199679553,0.01878414408851725,1.6351089656551036e-05,0.012925724033266306,0.053548711992334574,92.57018639292801,141.52699669305002,0.13425969996023923,234.30458752799314,0.13657436389791922,12.014644224,2026-01-10T18:22:12.354232
25581,0.31852593631083514,0.003985518004977706,1.6347333749902038e-05,0.0034111951244995,0.050747704110108316,90.0725052448106,136.6385578631889,0.13589002803200856,226.90751706197625,0.14102661918978956,12.024438272,2026-01-10T18:25:59.262379
25582,0.3186861606248748,0.0069382819054908396,1.6343576403287187e-05,0.013316756987478584,0.04158690798794851,90.26336517214077,136.81931530986913,0.13480887096375227,227.28059918701183,0.1407951233605718,12.010794496,2026-01-10T18:29:46.543623
25583,0.3188463849389145,0.010978575535050439,1.6339817617718288e-05,0.0034752690116874874,0.054471810813993216,90.41620761802187,137.18216418405063,0.13366497901733965,227.79870909597958,0.14047489613524228,12.01014016,2026-01-10T18:33:34.343032
25584,0.31900660925295415,0.0011222347061465854,1.6336057394207528e-05,0.003464421897660941,0.047983646916691214,90.96197098313132,138.20128478488186,0.13357297703623772,229.35549175698543,0.1395214030187938,12.011418112,2026-01-10T18:37:23.699376
25585,0.31916683356699377,0.006359176592261484,1.633229573376749e-05,0.0031409449875354767,0.052612120867706835,92.10272279992932,140.83758054015925,0.13421703298809007,233.13944661500864,0.1372569098220548,12.017527296,2026-01-10T18:41:16.839712
25586,0.31932705788103344,0.0027599141358791712,1.6328532637411133e-05,0.0030526769696734846,0.05501458194339648,89.911593022116,136.11413538595662,0.1333452049875632,226.22465816698968,0.14145230789288638,12.013080064,2026-01-10T18:45:03.064989
25587,0.3194872821950731,0.0023780914055420155,1.6324768106151815e-05,0.0034938338794745505,0.052416372986044735,91.44756920298096,139.32426798099186,0.13380906800739467,230.97229028103175,0.1385447577329061,12.01321728,2026-01-10T18:48:54.037883
25588,0.3196475065091128,0.012143990412482708,1.632100214100327e-05,0.0037837870186194777,0.050874094129540026,91.37376258405857,139.44677357183537,0.13481032702839002,231.01655661396217,0.1385182104219191,12.018836992,2026-01-10T18:52:45.055047
25589,0.3198077308231524,0.043002869818270284,1.6317234742979625e-05,0.003081729868426919,0.05272552615497261,90.12728849903215,136.44913329579867,0.13366338197374716,226.7751530680107,0.1411089335276651,12.012804608,2026-01-10T18:56:31.830844
25590,0.31996795513719206,5.292282759405964e-05,1.631346591309539e-05,0.0034214619663544,0.052677784115076065,90.36453722091392,137.08387837413466,0.13475525699323043,227.6465251990012,0.1405688049577152,12.012905984,2026-01-10T19:00:19.478005
25591,0.32012817945123173,0.020074205845397763,1.6309695652365457e-05,0.0027630209806375206,0.04878097103210166,89.17593969294103,134.83937164099189,0.13470203801989555,224.20837953098817,0.14272437126096454,11.996597248,2026-01-10T19:04:03.687012
25592,0.3202884037652714,0.0031278183509195756,1.630592396180511e-05,0.0030034148367121816,0.04759857716271654,89.4606777218869,135.10164071200415,0.13478311797371134,224.7545570799848,0.14237753581393217,11.997340672,2026-01-10T19:07:48.442150
25593,0.320448628079311,0.020853834967581975,1.6302150842430015e-05,0.0041346360812895,0.05332723818719387,91.26605390099576,139.22345997282537,0.13450792199000716,230.6886018360383,0.1387151326303671,11.998348288,2026-01-10T19:11:39.131624
25594,0.3206088523933507,0.0017626663015182231,1.6298376295256225e-05,0.0027485669124871492,0.04864440584788099,89.95336786203552,136.33603540598415,0.13387712399708107,226.4820752540254,0.14129153472348027,12.017449472,2026-01-10T19:15:25.614296
25595,0.32076907670739035,0.014071827486130672,1.629460032130017e-05,0.003696811036206782,0.051187786797527224,89.71214229497127,135.52803996112198,0.13450820097932592,225.43924544099718,0.1419451166872148,11.996601344,2026-01-10T19:19:11.054133
25596,0.32092930102143,0.013248109139858855,1.6290822921578677e-05,0.0032890760921873152,0.049459257745184004,90.42473585804692,137.41783149400726,0.1348818899714388,228.0402404909837,0.14032611056321537,12.014926848,2026-01-10T19:22:59.095046
25597,0.32108952533546964,0.0002257778662304588,1.628704409710894e-05,0.0030941051081754267,0.04246937111020088,90.39600437384797,136.86375486117322,0.13292445201659575,227.44776998501038,0.14069164099568404,11.997732864,2026-01-10T19:26:46.543631
25598,0.3212497496495093,0.02199542450293457,1.6283263848908555e-05,0.013642948004417121,0.04687331692548469,90.78398658597143,137.83586059097433,0.13411931600421667,228.8219991850201,0.13984669356081253,12.022905344,2026-01-10T19:30:35.366319
25599,0.321409973963549,0.0035572386093161157,1.627948217799549e-05,0.003135442966595292,0.05012094206176698,90.10601203801343,136.62632335087983,0.13496833998942748,226.92813958297484,0.14101380313083386,12.014193152,2026-01-10T19:34:22.295269
25600,0.32157019827758865,0.015460036473898597,1.6275699085388092e-05,0.002798103785607964,0.045870441012084484,89.86642267002026,135.87084067304386,0.1327216979698278,225.92692569701467,0.14163871748033457,11.996874752,2026-01-10T19:38:08.222829
25601,0.32173042259162826,0.014208408888279678,1.6271914572105108e-05,0.0028186350245960057,0.036909237096551806,92.2659497988061,141.4305476041045,0.1322471119929105,233.87777059100335,0.13682360627577725,12.013811712,2026-01-10T19:42:02.101342
25602,0.32189064690566793,0.009820521536250126,1.6268128639165652e-05,0.0030532938544638455,0.041402550938073546,90.30086011509411,136.91832345188595,0.13355487200897187,227.4066052119597,0.1407171087672394,12.011441664,2026-01-10T19:45:49.509108
25603,0.3220508712197076,1.2416566150363906e-05,1.6264341287589222e-05,0.0033387550502084196,0.042445118830073625,91.24041560204932,139.2007824870525,0.1329855889780447,230.63052712898934,0.13875006226778783,12.019951104,2026-01-10T19:49:40.140446
25604,0.32221109553374727,0.026354584915074142,1.626055251839571e-05,0.0034304031869396567,0.04515898722456768,91.67458560690284,140.14933085493976,0.1334090789896436,232.01527424703818,0.13792195407759236,12.027860992,2026-01-10T19:53:32.156634
25605,0.3223713198477869,0.023123560539655585,1.6256762332605375e-05,0.005834131967276335,0.0350656901136972,90.59028253506403,137.70184985286323,0.13366658700397238,228.47652304399526,0.14005815378168243,12.028745216,2026-01-10T19:57:20.633978
25606,0.32253154416182656,0.009234995866055584,1.625297073123886e-05,0.002921041043009609,0.03785129211610183,90.03422548400704,136.54110126697924,0.13420239504193887,226.7571092500002,0.1411201620352283,11.997238272,2026-01-10T20:01:07.391909
25607,0.3226917684758662,0.014777748591344064,1.6249177715317204e-05,0.004192122025415301,0.034668701933696866,91.98743379703956,140.57657113706227,0.13319658098043874,232.74559812800726,0.13748917383348486,11.997874176,2026-01-10T20:05:00.138255
25608,0.3228519927899059,0.00684240922706536,1.6245383285861807e-05,0.003276874078437686,0.04233867203583941,89.56038898299448,134.89603393297875,0.13415270700352266,224.64427971001714,0.14244742862496793,11.996655616,2026-01-10T20:08:44.783219
25609,0.3230122171039455,1.4736558680894518e-05,1.624158744389446e-05,0.003998997970484197,0.04107892815954983,90.96706673508743,138.26564956089715,0.1346194630023092,229.41904375801096,0.13948275381076602,11.996754944,2026-01-10T20:12:34.202974
25610,0.3231724414179852,0.020955870382991293,1.6237790190437335e-05,0.002945842978078872,0.05040148994885385,90.20275189093081,136.77886121009942,0.13421646400820464,227.17778135597473,0.140858845477753,12.009871872,2026-01-10T20:16:21.381598
25611,0.32333266573202485,0.00016682262291034533,1.6233991526512976e-05,0.0030494179809466004,0.053738766931928694,91.83730755193392,140.06353682203917,0.13463352498365566,232.10257517400896,0.1378700773828527,12.0294272,2026-01-10T20:20:13.484943
25612,0.32349289004606446,0.0038646546122720338,1.6230191453144322e-05,0.003062011150177568,0.04888881411170587,91.06637804594357,138.73251361690927,0.13472635799553245,229.99213869596133,0.13913519036536495,12.014183424,2026-01-10T20:24:03.477690
25613,0.32365311436010413,0.0015085127550840127,1.6226389971354674e-05,0.0032085409620776772,0.04926694504683837,91.10578166902997,138.80024551285896,0.13517153600696474,230.1013747000252,0.1390691387294719,12.01018112,2026-01-10T20:27:53.579933
25614,0.3238133386741438,0.019847572255127233,1.6222587082167723e-05,0.013723387965001166,0.045413500047288835,91.59017732396023,140.09428695298266,0.13236351701198146,231.88624777202494,0.13799869680698038,12.013585408,2026-01-10T20:31:45.467055
25615,0.32397356298818347,0.014784597074466888,1.6218782786607543e-05,0.002887357084546238,0.04163500800495967,90.31719395186519,136.7783931660233,0.13417976500932127,227.28066921501886,0.1407950799798394,12.022806016,2026-01-10T20:35:32.748562
25616,0.3241337873022231,5.132109647476568e-06,1.621497708569857e-05,0.002878364990465343,0.05081171210622415,89.53556935186498,135.05286139802774,0.13436823501251638,224.78339821798727,0.14235926787158673,12.00883456,2026-01-10T20:39:17.532573
25617,0.32429401161626276,0.001972653692611459,1.6211169980465634e-05,0.003162647073622793,0.05837566207628697,90.2949336868478,137.2785229430301,0.1347417249926366,227.77838524000254,0.14048743021109164,12.015277056,2026-01-10T20:43:05.311598
25618,0.3244542359303024,0.07174998750748607,1.6207361471933937e-05,0.004182911012321711,0.048509164073038846,90.12474611483049,136.67055136006093,0.13414885802194476,226.99319910700433,0.14097338654148506,11.99778304,2026-01-10T20:46:52.305772
25619,0.3246144602443421,0.010406301910975913,1.6203551561129056e-05,0.003914558910764754,0.038081045961007476,91.72215124499053,140.16223391098902,0.13227112998720258,232.07035652903141,0.1378892180742476,12.017665024,2026-01-10T20:50:44.377129
25620,0.3247746845583817,0.0027702564421066,1.6199740249076953e-05,0.003701551933772862,0.03780665388330817,90.37586938304594,137.15035454090685,0.13529204798396677,227.71341508399928,0.14052751344577477,12.017609216,2026-01-10T20:54:32.091373
25621,0.3249349088724214,0.004330525414733444,1.6195927536803968e-05,0.0032343511120416224,0.04358373914146796,90.41613774589496,137.44696215796284,0.1346217259997502,228.05223533697426,0.14031872984150406,11.996775424,2026-01-10T20:58:20.144335
25622,0.32509513318646105,0.020909784590214642,1.6192113425336808e-05,0.004252370970789343,0.0448509170091711,91.45018298481591,139.6504063041648,0.1333935700240545,231.29412333195796,0.13835198032278995,12.00305664,2026-01-10T21:02:11.439217
25623,0.3252553575005007,0.021983752564272763,1.618829791570256e-05,0.003547406930010766,0.038554160040803254,91.6131308170734,139.7989953199285,0.1331034960458055,231.59680743602803,0.13817116200463636,12.014507008,2026-01-10T21:06:03.036846
25624,0.32541558181454033,0.0017339858859095614,1.6184481008928698e-05,0.003928559948690236,0.04062234592856839,90.49343051301548,137.43655515403952,0.13377064099768177,228.1180752920336,0.14027823073219448,12.012944896,2026-01-10T21:09:51.155776
25625,0.32557580612858,0.007947339617393467,1.6180662706043058e-05,0.0040109361871145666,0.0392501579481177,91.12560011912137,138.4980017117923,0.13178169104503468,229.80949324800167,0.13924577069349706,11.997080576,2026-01-10T21:13:40.966293
25626,0.3257360304426197,0.0010423108392938474,1.617684300807386e-05,0.00445178896188736,0.0419588191434741,91.04210167285055,138.39698438806226,0.1340433870209381,229.6289877439849,0.1393552282505249,11.997314048,2026-01-10T21:17:30.596516
25627,0.32589625475665934,0.002645211449355145,1.6173021916049693e-05,0.003141474910080433,0.03819093119818717,90.3983294958598,137.1930274410406,0.13315003999741748,227.77584269002546,0.14048899840334697,12.025831424,2026-01-10T21:21:18.373173
25628,0.32605647907069896,0.012003940645577416,1.6169199430999537e-05,0.014402914152015,0.043824260064866394,91.29106668685563,139.08242615993368,0.1315445859800093,230.57459477998782,0.13878371999540587,12.015050752,2026-01-10T21:25:08.948596
25629,0.3262167033847386,0.012420850701868602,1.6165375553952728e-05,0.0030374748748727143,0.04678060102742165,91.14094554510666,138.8725629199762,0.13365951599553227,230.203895531944,0.13900720457425775,12.016786432,2026-01-10T21:28:59.153442
25630,0.3263769276987783,0.012074741136848033,1.6161550285938988e-05,0.0029398079495877028,0.042116088909097016,91.09207599103684,138.8351688880357,0.1348278740188107,230.11318335001124,0.139062002159723,12.017879552,2026-01-10T21:32:49.267475
25631,0.32653715201281797,7.661165180650187e-05,1.615772362798841e-05,0.0035206230240873992,0.04202234523836523,90.33711711788783,137.05317791493144,0.13457197498064488,227.57920442102477,0.14061038697015368,12.010650112,2026-01-10T21:36:36.847565
25632,0.3266973763268576,0.00025354036175784245,1.6153895581131464e-05,0.002831295016221702,0.0478495528222993,90.9874185071094,138.15414948610123,0.13513621099991724,229.33715452399338,0.1395325588059136,12.007335936,2026-01-10T21:40:26.185338
25633,0.32685760064089725,0.02077971486552066,1.6150066146398993e-05,0.003107263008132577,0.04575925297103822,90.96311208512634,138.4479761220282,0.13341189397033304,229.60405538999476,0.13937036062209915,12.014272512,2026-01-10T21:44:15.790016
25634,0.3270178249549369,0.01366680313281421,1.6146235324822208e-05,0.013293853029608727,0.044076752034015954,91.27324879600201,139.34112083300715,0.13473873696057126,230.81516271701548,0.138639072161965,12.009294848,2026-01-10T21:48:06.605808
25635,0.3271780492689766,0.01230965171972187,1.61424031174327e-05,0.0029132490162737668,0.05436967109562829,90.8831113059423,138.54988397390116,0.13498894101940095,229.63455071498174,0.13935185232520964,12.018998784,2026-01-10T21:51:56.251465
25636,0.3273382735830162,0.0008941624360545575,1.6138569525262434e-05,0.002826784970238805,0.05109592608641833,91.1128426269861,138.95110208907863,0.13220645597903058,230.26095806900412,0.13897275625167124,12.010011136,2026-01-10T21:55:46.513177
25637,0.3274984978970559,0.002260381996052274,1.6134734549343743e-05,0.0033243551151826978,0.049849435163196176,90.46887777885422,137.18454550614115,0.13413128501269966,227.8477425389574,0.1404446655622609,12.01678592,2026-01-10T21:59:34.361732
25638,0.32765872221109554,0.010827068134235063,1.6130898190709335e-05,0.0028785449103452265,0.04057139507494867,90.24999616696732,136.77958633913659,0.13442383601795882,227.2152091829921,0.1408356426273744,12.013405696,2026-01-10T22:03:21.577533
25639,0.3278189465251352,0.019757799960860467,1.612706045039229e-05,0.0026760639739222825,0.048751454043667763,90.51816787390271,137.60097243305063,0.1331592799979262,228.31189752998762,0.14015914346205705,11.997539328,2026-01-10T22:07:09.890029
25640,0.3279791708391748,0.03573097493338295,1.6123221329426068e-05,0.0030609951936639845,0.048854845052119344,89.61025428201538,135.658317627036,0.13428944401675835,225.46112930198433,0.14193133911406502,12.000010752,2026-01-10T22:10:55.351915
25641,0.3281393951532145,0.012650529641039299,1.6119380828844482e-05,0.002849821117706597,0.047976118978112936,89.76244794012746,135.57566805003444,0.1336587659898214,225.52903784898808,0.1418886024842037,11.996559872,2026-01-10T22:14:40.881602
25642,0.32829961946725417,0.017306878107810064,1.6115538949681732e-05,0.0030320631340146065,0.05242196511244401,89.98679207882378,136.20841901400127,0.13458588998764753,226.39376500598155,0.14134664883175793,11.997423616,2026-01-10T22:18:27.276135
25643,0.32845984378129384,0.008804891925993985,1.611169569297239e-05,0.0037609749706462026,0.05261659005191177,91.21105864812853,138.59640833298909,0.13448944699484855,230.00993757101241,0.1391244236572189,12.026488832,2026-01-10T22:22:17.286690
25644,0.32862006809533345,0.002925128771579466,1.6107851059751386e-05,0.0029821728239767253,0.049711740924976766,91.64961294503883,139.89119280601153,0.13354700797935948,231.7368573360145,0.1380876584237118,12.020279808,2026-01-10T22:26:09.024284
25645,0.3287802924093731,0.009291686452797876,1.6104005051054034e-05,0.004513236228376627,0.05406021297676489,92.79902147798566,142.2037817920791,0.13598651497159153,235.20403457194334,0.1360520879594519,12.01385472,2026-01-10T22:30:04.229008
25646,0.3289405167234128,0.01537230716640181,1.6100157667916007e-05,0.003122975875157863,0.04104754299623892,91.70652812696062,139.99103020009352,0.1344194439589046,231.88324748998275,0.1380004823392099,12.011818496,2026-01-10T22:33:56.112890
25647,0.32910074103745246,0.019145081640033368,1.6096308911373362e-05,0.003001948934979737,0.04563931602751836,90.57124819193268,137.7494359940756,0.13317884702701122,228.51018166198628,0.14003752378672826,12.015570944,2026-01-10T22:37:44.633846
25648,0.3292609653514921,0.027173477746035957,1.609245878246251e-05,0.0035756148281507194,0.04580538492882624,90.2097334919381,136.81099689408438,0.13428654003655538,227.21493042301154,0.14083581541241513,12.012166656,2026-01-10T22:41:31.849568
25649,0.32942118966553174,0.0012682591634458618,1.6088607282220248e-05,0.0050150309689342976,0.03883544908603653,90.328651452146,136.58865264890483,0.13443794194608927,227.10536290501477,0.14090376198374396,12.017011712,2026-01-10T22:45:18.955759
25650,0.3295814139795714,0.03908259137267578,1.6084754411683725e-05,0.013343152997549623,0.044090452953241765,89.3550779109355,134.85523403406842,0.13401711103506386,224.4097595490166,0.14259629378111077,12.011474432,2026-01-10T22:49:03.366274
25651,0.32974163829361103,0.024004713902712638,1.6080900171890473e-05,0.0032832789001986384,0.04799538810038939,89.66603047697572,135.68283935496584,0.13442855601897463,225.54329612100264,0.14187963264858997,12.015058944,2026-01-10T22:52:48.910403
25652,0.3299018626076507,0.023646323217768384,1.6077044563878387e-05,0.0029132210183888674,0.050195768068078905,91.399115966924,139.42714987398358,0.1352713230298832,231.02095383399865,0.13851557388596783,11.996620288,2026-01-10T22:56:39.932124
25653,0.33006208692169037,0.013542053915045926,1.607318758868573e-05,0.0035787950037047267,0.04560222016880289,90.11530912789749,136.98393599392148,0.13220287597505376,227.29132519999985,0.14078847915485698,11.997688832,2026-01-10T23:00:27.224264
25654,0.33022231123573004,0.012168267122262932,1.6069329247351135e-05,0.0035733399563468993,0.033718569902703166,91.14346274605487,138.8767484020791,0.13526971300598234,230.19930244097486,0.1390099781392912,11.996631552,2026-01-10T23:04:17.424288
25655,0.33038253554976965,0.010693691602043032,1.6065469540913603e-05,0.003960829053539783,0.04950183012988418,90.11710966995452,136.56705622992013,0.13442652800586075,226.87852700200165,0.1410446392739392,12.011941376,2026-01-10T23:08:04.303606
25656,0.3305427598638093,0.004034225417484549,1.6061608470412498e-05,0.0032584110740572214,0.049082176003139466,90.50363635696704,137.37686259811744,0.13402978901285678,228.07502270798432,0.14030471035388725,11.997182976,2026-01-10T23:11:52.379432
25657,0.330702984177849,0.03141683814857288,1.6057746036887556e-05,0.003972001082729548,0.049484859860967845,91.15507495502243,138.49854829197284,0.13350407994585112,229.84690539597068,0.13922310567928567,12.007617024,2026-01-10T23:15:42.227004
25658,0.33086320849188866,0.006168776599480452,1.6053882241378877e-05,0.002992109046317637,0.0533673950121738,91.00236388097983,138.32996871205978,0.1333085079677403,229.52939541998785,0.139415694192228,12.016034816,2026-01-10T23:19:31.757187
25659,0.3310234328059283,0.0017086022830312686,1.605001708492694e-05,0.0033262241049669683,0.04862584080547094,89.8118095981772,135.95236273208866,0.13620656001148745,225.9600598679972,0.14161794796254687,12.012076544,2026-01-10T23:23:17.718099
25660,0.33118365711996794,0.0008986806424928773,1.604615056857257e-05,0.003105949959717691,0.05591842083958909,89.50073905306635,135.41959269612562,0.13427511602640152,225.1202061919612,0.1421462806084738,11.996928512,2026-01-10T23:27:02.838953
25661,0.3313438814340076,0.00409962332963687,1.604228269335697e-05,0.0035434579476714134,0.04235944413812831,88.89482068590587,133.866405606037,0.13260790304047987,222.94686761300545,0.14353195603333654,11.997453312,2026-01-10T23:30:45.786456
25662,0.3315041057480473,0.004872140683886528,1.6038413460321713e-05,0.013905571948271245,0.04801400500582531,91.70623125205748,139.79838566796388,0.13545072003034875,231.7092105849879,0.1381041345711323,12.016049152,2026-01-10T23:34:37.496314
25663,0.3316643300620869,0.04047024679999822,1.6034542870508725e-05,0.0039060000563040376,0.052982069086283445,92.70309245184762,142.23574113106588,0.1350684899953194,235.1378366900026,0.13609039042996585,12.017282048,2026-01-10T23:38:32.635036
25664,0.33182455437612657,8.101179719233187e-05,1.603067092496031e-05,0.0034431819804012775,0.04968342190841213,88.47505352087319,132.92493016115623,0.1322434560279362,221.5959471699898,0.1444069731810225,11.997200384,2026-01-10T23:42:14.231741
25665,0.33198477869016624,5.967253467531464e-05,1.6026797624719127e-05,0.003953410952817649,0.039952477090992033,88.99455136695178,134.16467386396835,0.13286153197987005,223.34675578901079,0.1432749711852966,12.012071424,2026-01-10T23:45:57.579667
25666,0.3321450030042059,0.0332393214671427,1.6022922970828204e-05,0.004670552036259323,0.03576138010248542,90.10015610093251,136.49661032808945,0.13424431800376624,226.78171663096873,0.14110484952396804,11.997832192,2026-01-10T23:49:44.362224
25667,0.3323052273182455,0.0016723780950229639,1.6019046964330937e-05,0.003453378099948168,0.04710642300779,88.85728566005128,134.0502733499743,0.13161636498989537,223.10106913303025,0.14343275056615307,11.997761536,2026-01-10T23:53:27.464119
25668,0.3324654516322852,0.009936802353905705,1.601516960627108e-05,0.00440242380136624,0.03377249010372907,90.54216921393527,137.66938090213807,0.13312173204030842,228.39333232399076,0.1401091690128936,12.014220288,2026-01-10T23:57:15.858472
25669,0.33262567594632486,0.012830717694612304,1.6011290897692754e-05,0.0038555380306206644,0.04284480313071981,89.78206225705799,136.29214892484015,0.13400638999883085,226.2619262340013,0.1414290089924605,12.017926656,2026-01-11T00:01:02.121322
25670,0.33278590026036453,0.0009485982393044878,1.600741083964045e-05,0.003587332961615175,0.04323964403010905,91.38452151295496,139.42316130106337,0.1332773199537769,230.99851936998311,0.13852902645123277,12.032191488,2026-01-11T00:04:53.120623
25671,0.33294612457440415,0.004705645340685294,1.600352943315901e-05,0.004393519018776715,0.04143473593285307,91.87937083106954,140.27799558400875,0.1332834210479632,232.34600597497774,0.13772562978098365,12.013144064,2026-01-11T00:08:45.467467
25672,0.3331063488884438,0.016758538019089997,1.5999646679293645e-05,0.002656423021107912,0.05144609702983871,90.17472423595609,137.00911995692877,0.1337444399832748,227.3789617739967,0.14073421635114333,12.014885888,2026-01-11T00:12:32.847135
25673,0.3332665732024835,0.0033648074940373363,1.599576257908993e-05,0.0025321647990494967,0.05435808788752183,91.16654856596142,138.89421654923353,0.13485025602858514,230.25872661400354,0.1389741030473234,12.031771136,2026-01-11T00:16:23.106646
25674,0.33342679751652315,0.00647253241750434,1.59918771335938e-05,0.01326153485570103,0.053438444912899286,90.78453171614092,137.9609372970299,0.13583661301527172,228.95678680198034,0.13976436535020073,12.033543168,2026-01-11T00:20:12.064047
25675,0.33358702183056277,0.02669832895335844,1.5987990343851557e-05,0.0034246641444042325,0.05256964801810682,89.96392851998098,136.0946311778389,0.13342060096329078,226.2565076459432,0.14143239605764224,12.008531456,2026-01-11T00:23:58.321142
25676,0.33374724614460244,0.017021769054977653,1.5984102210909863e-05,0.003063491953071207,0.05320411891443655,90.87641028297367,138.5509202130488,0.13362465501995757,229.62382077303482,0.13935836400714496,11.997758464,2026-01-11T00:27:47.945581
25677,0.3339074704586421,0.005082882325062599,1.5980212735815735e-05,0.004025608010124415,0.04937635705573484,92.34608638775535,141.6285527391592,0.1328779579489492,234.17107986699557,0.1366522288669265,12.00955392,2026-01-11T00:31:42.117413
25678,0.3340676947726818,0.01647644604464915,1.597632191961656e-05,0.013736501045059413,0.05320885492255911,91.34462465113029,139.22346815472702,0.13497452100273222,230.77949704398634,0.13866049805066016,12.011857408,2026-01-11T00:35:32.897625
25679,0.3342279190867214,0.015915014624745538,1.5972429763360087e-05,0.003002998128067702,0.053928243985865265,89.9648335960228,136.20117254304932,0.13563348102616146,226.36585742002353,0.14136407479783386,11.997621248,2026-01-11T00:39:19.264360
25680,0.33438814340076106,0.011775988045307884,1.5968536268094415e-05,0.003597706847358495,0.04604885389562696,90.69748279015766,137.73740439803805,0.13274179201107472,228.62697273801314,0.13996598746320824,12.023489024,2026-01-11T00:43:07.892132
25681,0.33454836771480073,0.010797537360584641,1.5964641434868015e-05,0.0037153108860366046,0.038653208990581334,90.09758847102057,136.84663161810022,0.13450767600443214,227.12789472501026,0.1408897838759226,12.018135552,2026-01-11T00:46:55.020732
25682,0.3347085920288404,1.657369554664001e-05,1.596074526472971e-05,0.003866303013637662,0.040718798933085054,88.6623230279074,133.3117821920314,0.13377754599787295,222.16181666299235,0.14403915344526685,12.014957568,2026-01-11T00:50:37.183474
25683,0.33486881634288,0.007049051996503408,1.595684775872869e-05,0.004355702956672758,0.04460953309899196,90.46741720096907,137.02452304691542,0.13314076903043315,227.6844785870053,0.14054537313474275,12.012011008,2026-01-11T00:54:24.868827
25684,0.3350290406569197,0.024387103042670333,1.5952948917914503e-05,0.004026326001621783,0.044048869982361794,89.40314693108667,135.40522317390423,0.131641315005254,224.99839285900816,0.14222323810131532,12.014063616,2026-01-11T00:58:09.868048
25685,0.33518926497095936,0.020851921626359626,1.594904874333705e-05,0.0028989760321564972,0.03192949009826407,89.62624611903448,135.89958505501272,0.13210257003083825,225.70231399900513,0.14177967178546982,12.02724864,2026-01-11T01:01:55.571167
25686,0.335349489284999,8.681527009457568e-05,1.5945147236046594e-05,0.014336873951833695,0.03439365199301392,90.50519948499277,137.2787677050801,0.1354245159891434,227.97767927404493,0.1403646185973048,12.014990336,2026-01-11T01:05:43.549696
25687,0.33550971359903864,0.019835903530044163,1.5941244397093768e-05,0.003830178000498563,0.03898732300149277,89.89143003814388,136.29857598268427,0.13469724002061412,226.37729991902597,0.14135692938932587,11.99741952,2026-01-11T01:09:29.927816
25688,0.3356699379130783,0.015798678980935676,1.5937340227529547e-05,0.004306482907850295,0.03962925897212699,90.88986254687188,138.1612597531639,0.13436753099085763,229.23610198602546,0.139594067962082,12.008910848,2026-01-11T01:13:19.164784
25689,0.335830162227118,0.0261176575738169,1.5933434728405277e-05,0.003876929054968059,0.05473967699799687,89.87218891305383,136.15646498603746,0.13304215902462602,226.23060893197544,0.14144858713447558,12.012897792,2026-01-11T01:17:05.396270
25690,0.3359903865411576,0.015227585747055628,1.5929527900772656e-05,0.0029432859737426043,0.04118600598303601,89.99686036701314,136.2945545289549,0.13343372498638928,226.4782433420187,0.14129392531394214,12.014900224,2026-01-11T01:20:51.875263
25691,0.33615061085519726,0.011379493790975914,1.5925619745683738e-05,0.0030046001193113625,0.03879841207526624,90.95109836995834,138.47962845501024,0.13445735001005232,229.61329223203938,0.13936475405640666,11.99659008,2026-01-11T01:24:41.489260
25692,0.33631083516923693,6.32002208931226e-05,1.592171026419094e-05,0.004090622824151069,0.03902421303791925,90.22867297491757,137.2337963829632,0.1327322739525698,227.64811885304516,0.14056782090370412,12.021843968,2026-01-11T01:28:29.138134
25693,0.3364710594832766,2.1362657427914655e-05,1.591779945734703e-05,0.004098879988305271,0.041723853966686875,90.9287675350788,138.30158272007247,0.13342257298063487,229.4197899060091,0.13948230016734853,12.014458368,2026-01-11T01:32:18.558784
25694,0.3366312837973162,0.017070140983143745,1.591388732620514e-05,0.013805479975417256,0.04273708403343335,91.14337312988937,138.79864256409928,0.13237339700572193,230.14114174596034,0.13904510839406095,12.01464832,2026-01-11T01:36:08.700760
25695,0.3367915081113559,0.03371340206869888,1.5909973871818752e-05,0.0035171310883015394,0.04318291996605694,91.4948731540353,139.92005677195266,0.1315331200021319,231.6027304069721,0.138167628437582,12.03036416,2026-01-11T01:40:00.304298
25696,0.33695173242539556,0.024146937973419824,1.590605909524171e-05,0.003296799259260297,0.036176825931761414,91.54353714501485,139.59224718407495,0.13288822601316497,231.31943331600633,0.13833684244023148,12.017897984,2026-01-11T01:43:51.624888
25697,0.3371119567394352,0.003499645323557843,1.590214299752821e-05,0.004278841894119978,0.04432017810177058,90.08416826790199,136.6362037350773,0.13349892100086436,226.91009219997795,0.1410250187188594,11.997140992,2026-01-11T01:47:38.535675
25698,0.33727218105347484,0.04043783347180607,1.5898225579732807e-05,0.003306866972707212,0.04958660702686757,91.83512092690216,140.188239102019,0.13311693497234955,232.22044562501833,0.13780009729062578,12.012043776,2026-01-11T01:51:30.757107
25699,0.3374324053675145,0.014256907899053317,1.58943068429104e-05,0.0032616829848848283,0.036401325138285756,91.95779059577035,140.4201307760086,0.13343871000688523,232.56013568205526,0.13759881892977918,12.014562304,2026-01-11T01:55:23.318471
25700,0.3375926296815542,0.0248253190371166,1.5890386788116267e-05,0.0032947399304248393,0.042168157058767974,89.69927903293865,135.67229648807552,0.1332503420417197,225.5580134880147,0.14187037518709286,11.99793664,2026-01-11T01:59:08.877187
25701,0.33775285399559385,0.0005711105413546136,1.588646541640602e-05,0.0044693510862998664,0.03732255904469639,91.05462063703453,138.69512652390404,0.13328796898713335,229.93480420898413,0.139169883872455,11.997688832,2026-01-11T02:02:58.812759
25702,0.33791307830963346,0.01948704547254465,1.588254272883563e-05,0.004099812998902053,0.04661532095633447,90.90320229303325,138.22328189696418,0.13361981394700706,229.3196244429564,0.13954322521559878,12.012036608,2026-01-11T02:06:48.133077
25703,0.33807330262367313,0.023812356343889007,1.5878618726461426e-05,0.003068511839956045,0.048256766982376575,91.07406558602815,138.9080971981166,0.13133942597778514,230.17599974898621,0.1390240513124607,12.009275392,2026-01-11T02:10:38.309912
25704,0.3382335269377128,0.01615105736520306,1.587469341034009e-05,0.0030344651313498616,0.050163651001639664,89.17972637002822,134.2774559429381,0.1347141259466298,223.653529282019,0.1430784486286785,12.019778048,2026-01-11T02:14:21.964113
25705,0.3383937512517525,0.02572405908232156,1.5870766781528658e-05,0.003857456089463085,0.05502772401086986,91.85225469997386,140.07825691008475,0.13389550999272615,232.13045561598847,0.1378535182515531,12.01191936,2026-01-11T02:18:14.095337
25706,0.3385539755657921,0.009149843689524317,1.586683884108452e-05,0.0035656930413097143,0.062386817822698504,90.86154113104567,138.2261519850581,0.1346159329987131,229.29460988100618,0.13955844848078458,12.00832512,2026-01-11T02:22:03.390542
25707,0.33871419987983176,0.01810223193924898,1.5862909590065413e-05,0.0030998820438981056,0.05539452412631363,91.30600055994,138.81506956805242,0.13389926200034097,230.32081672397908,0.1389366382733412,11.996885504,2026-01-11T02:25:53.711994
25708,0.3388744241938714,0.00521012342277416,1.585897902952944e-05,0.01399138692067936,0.048023578827269375,90.71432916715275,137.60100007709116,0.13484055799199268,228.52027082099812,0.14003134113676013,12.020378112,2026-01-11T02:29:42.233125
25709,0.3390346485079111,0.00037946170277081137,1.5855047160535043e-05,0.0029989469330757856,0.04903877608012408,88.57687097106827,133.0902108779992,0.13681336102308705,221.86297902604565,0.14423316652681994,11.996621824,2026-01-11T02:33:24.096795
25710,0.3391948728219507,0.015882443673376656,1.5851113984141022e-05,0.0028767510084435344,0.04770488606300205,90.62259370001266,137.7828645319678,0.13445746200159192,228.5974444610183,0.13998406708110342,12.012678656,2026-01-11T02:37:12.694963
25711,0.3393550971359904,0.00011384261467384249,1.584717950140653e-05,0.0034653620095923543,0.05507628107443452,90.48805262404494,137.25093375809956,0.13372371200239286,227.93955332098994,0.14038809646580658,11.997080576,2026-01-11T02:41:00.635103
25712,0.33951532145003005,0.004649966212891599,1.584324371339107e-05,0.002767313097137958,0.04718219878850505,89.42574662907282,135.03414159000386,0.13566793501377106,224.65192226000363,0.14244258263218604,11.99753728,2026-01-11T02:44:45.287681
25713,0.3396755457640697,0.00422764166412648,1.58393066211545e-05,0.002970048983115703,0.05773044697707519,90.36304005386773,136.55052675202023,0.13312900200253353,227.11467474099481,0.14089798484617214,12.014885888,2026-01-11T02:48:32.402970
25714,0.33983577007810933,0.02314193299212164,1.583536822575703e-05,0.0028269768808968365,0.052837552793789655,90.30048600700684,137.12704014516203,0.13332880701636896,227.62396520696348,0.14058273684365574,12.010235392,2026-01-11T02:52:20.027559
25715,0.339995994392149,0.0156319930728408,1.5831428528259208e-05,0.002714002155698836,0.04699129197979346,90.42499518493423,137.41000328102382,0.13495166000211611,228.0296574550448,0.1403326232084907,11.997922304,2026-01-11T02:56:08.058158
25716,0.3401562187061887,0.022562975202689017,1.5827487529721945e-05,0.003106115269474685,0.04919947212329134,90.27821664587827,136.99494936707197,0.1342514079879038,227.46685031597735,0.1406798395262798,12.017756672,2026-01-11T02:59:55.525703
25717,0.34031644302022834,0.003234131335325685,1.5823545231206505e-05,0.0030112649546936154,0.051414752029813826,91.0797267589951,138.94972984690685,0.13225560099817812,230.22425126604503,0.13899491397637817,11.997772288,2026-01-11T03:03:45.750805
25718,0.34047666733426796,0.004005665630074873,1.5819601633774493e-05,0.002921154082287103,0.047827321861404926,91.6077659552684,139.76047472289065,0.1334884170209989,231.55953503900673,0.1381934023775334,12.020118528,2026-01-11T03:07:37.310962
25719,0.3406368916483076,0.021435589019901613,1.5815656738487865e-05,0.003117089974693954,0.05267635395284742,89.708555757883,135.622053188039,0.13521319697611034,225.5280504740076,0.1418892236807946,11.996671488,2026-01-11T03:11:22.839712
25720,0.3407971159623473,0.009003375590232565,1.5811710546408934e-05,0.002775249071419239,0.04843760485528037,90.5939554781653,137.84532905300148,0.13442398404004052,228.63200321805198,0.13996290785888277,12.014398464,2026-01-11T03:15:11.472363
25721,0.34095734027638697,0.024173567324822898,1.580776305860035e-05,0.0031075699953362346,0.04878879006719217,91.86585836083395,140.38289890013402,0.1336256210342981,232.44479051796952,0.13766709905045685,12.023624192,2026-01-11T03:19:03.917799
25722,0.3411175645904266,0.01669614317974677,1.5803814276125125e-05,0.0034327420289628208,0.061652328935451806,90.57112924993271,137.38054384005954,0.13315417402191088,228.16322466603015,0.1402504722083913,12.033692672,2026-01-11T03:22:52.081798
25723,0.34127778890446625,0.023780216239330798,1.5799864200046613e-05,0.003032837004866451,0.05152895988430828,89.43444277113304,135.17914152698359,0.1338846239959821,224.80916990799597,0.14234294807945835,12.012026368,2026-01-11T03:26:36.891794
25724,0.3414380132185059,0.03481857148943135,1.5795912831428515e-05,0.003123364003840834,0.046758966986089945,90.102288278169,136.3900418408448,0.13508881704183295,226.68577586399624,0.14116456966933344,12.012099072,2026-01-11T03:30:23.578446
25725,0.3415982375325456,0.006631184744939844,1.5791960171334885e-05,0.0031346840551123023,0.047523105051368475,91.06671181094134,138.86888661806006,0.13323347800178453,230.12730684300186,0.13905346757406384,12.011038208,2026-01-11T03:34:13.706357
25726,0.3417584618465852,0.03788407517604497,1.5788006220830117e-05,0.0027394660282880068,0.054890913190320134,91.92073896585498,140.50053100509103,0.13369648600928485,232.620080321969,0.13756336063382346,12.011719168,2026-01-11T03:38:06.327044
25727,0.3419186861606249,0.003971408499442219,1.578405098097896e-05,0.0028264279244467616,0.04179009993094951,89.58981726522325,135.62576141388854,0.13424963998841122,225.40061404195148,0.1419694446530841,11.997328384,2026-01-11T03:41:51.728275
25728,0.34207891047466454,0.007213555866698584,1.5780094452846506e-05,0.0032238241401501,0.053157347021624446,89.09068369801389,134.4057833571569,0.1328419540077448,223.6930245179683,0.14305318670064107,11.99661824,2026-01-11T03:45:35.421924
25729,0.3422391347887042,0.00018119974901509295,1.5776136637498197e-05,0.0032243189634755254,0.04786690103355795,90.83759572095005,138.1591257090913,0.13421284401556477,229.18844237504527,0.13962309647200716,12.015725568,2026-01-11T03:49:24.611050
25730,0.3423993591027438,2.815489786200942e-05,1.577217753599982e-05,0.002998014912009239,0.04957973107229918,91.33237612387165,139.76389591302723,0.13410490402020514,231.2912000399665,0.13835372895497314,12.01040128,2026-01-11T03:53:15.902984
25731,0.3425595834167835,0.0039040569455295326,1.576821714941751e-05,0.0030084301251918077,0.0466156872571446,90.93409363884712,138.06385128793772,0.13475467602256685,229.18963847798295,0.13962236780208576,12.029175296,2026-01-11T03:57:05.093215
25732,0.34271980773082317,0.029528214034343137,1.5764255478817738e-05,0.0029620310524478555,0.050979264779016376,90.64258465002058,138.23851031798404,0.13414627796737477,229.07845601200825,0.13969013305346603,12.009146368,2026-01-11T04:00:54.172601
25733,0.3428800320448628,0.008963064787636199,1.576029252526734e-05,0.0030007449095137417,0.050482619961258024,92.5454935450689,141.93877785792574,0.13267006794922054,234.67968892602948,0.13635606961319233,12.012494336,2026-01-11T04:04:48.852996
25734,0.34304025635890245,0.003779570886337069,1.5756328289833482e-05,0.0038774057757109404,0.048432069015689194,91.48036600003252,139.7796653098776,0.13542787701589987,231.45452123996802,0.13825610244538258,12.01552384,2026-01-11T04:08:40.308099
25735,0.3432004806729421,0.05114297169247095,1.575236277358368e-05,0.0034444090561009943,0.050314914900809526,91.1200714680599,139.46170805988368,0.13357545901089907,230.77570992097026,0.13866277352568207,11.998286848,2026-01-11T04:12:31.084439
25736,0.3433607049869818,8.937835164246621e-05,1.5748395977585796e-05,0.002953394956421107,0.049479031935334206,89.8115675409208,135.8846373850247,0.13264576101209968,225.888914954965,0.14166255128712169,12.01611264,2026-01-11T04:16:16.974088
25737,0.3435209293010214,0.007817448043226705,1.5744427902908036e-05,0.0029359388863667846,0.04953033186029643,92.6052834050497,142.19484384404495,0.13428175903391093,234.99419744999614,0.1361735751233143,11.99652608,2026-01-11T04:20:11.968940
25738,0.3436811536150611,0.013302948079228827,1.5740458550618942e-05,0.002960302750580013,0.04540430009365082,89.71433722088113,135.72187639091862,0.13450215704506263,225.6265392009518,0.14182728730993632,12.01894656,2026-01-11T04:23:57.596252
25739,0.34384137792910074,0.03015234469518191,1.573648792178742e-05,0.003360689093824476,0.04679459100589156,91.48745287087513,139.26934617204824,0.1326736219925806,230.947183605982,0.1385598191775097,11.9979264,2026-01-11T04:27:48.544083
25740,0.3440016022431404,0.019237037598408335,1.57325160174827e-05,0.0033685319358482957,0.04813135997392237,91.31475230702199,138.9914324299316,0.1354432160151191,230.5009633449954,0.1388280531917125,12.0301696,2026-01-11T04:31:39.045700
25741,0.34416182655718003,0.0028197157051153,1.572854283877436e-05,0.0027438420220278203,0.0499366958392784,90.307488924067,136.79937664599856,0.13446137798018754,227.30280405195663,0.14078136929927831,11.99735296,2026-01-11T04:35:26.349212
25742,0.3443220508712197,0.030607434974619707,1.5724568386732334e-05,0.0033307591220363975,0.05582229304127395,90.95294928789372,138.27678235294297,0.1330480330507271,229.4306059909868,0.13947572453021861,12.016600064,2026-01-11T04:39:15.780736
25743,0.34448227518525937,0.05048809517091257,1.572059266242688e-05,0.003026614955160767,0.04200331401079893,90.82955206691986,138.385537627968,0.13352604204555973,229.40293337602634,0.13949254932824737,12.0151808,2026-01-11T04:43:05.184265
25744,0.34464249949929904,7.122935778625106e-05,1.5716615666928615e-05,0.0028601239318959415,0.045248367998283356,89.14239182986785,134.37511150509818,0.1343458350165747,223.70751951396232,0.14304391765428687,12.009804288,2026-01-11T04:46:48.892477
25745,0.34480272381333865,0.03053214764260659,1.5712637401308483e-05,0.0036125078331679106,0.052819955977611244,93.2550599850947,143.3343053800636,0.13523061102023348,236.7883324220311,0.13514179382354854,12.025704448,2026-01-11T04:50:45.681516
25746,0.3449629481273783,0.00022228661281076256,1.5708657866637786e-05,0.0029979509417898953,0.04411825200077146,90.6648935219855,137.59567941707792,0.13526758702937514,228.44969026301987,0.14007460444861008,11.997211648,2026-01-11T04:54:34.131978
25747,0.345123172441418,0.022401287129117264,1.5704677063988155e-05,0.003408688004128635,0.04955379088642076,91.77027221111348,140.38853186403867,0.1336011840030551,232.35373905301094,0.13772104606717467,12.04942848,2026-01-11T04:58:26.486656
25748,0.34528339675545766,0.0024654473660064014,1.5700694994431568e-05,0.003029070096090436,0.054119240026921034,92.24470727308653,141.14580771693727,0.13455723400693387,233.58998812397476,0.13699217272538422,12.02182144,2026-01-11T05:02:20.077283
25749,0.3454436210694973,3.588482649874436e-05,1.5696711659040346e-05,0.0029623330337926745,0.05545886803884059,91.31094945012592,138.84157700906508,0.13458948204061016,230.35470665601315,0.13891619782610018,12.010179072,2026-01-11T05:06:10.432592
25750,0.34560384538353695,0.018345541130976528,1.569272705888714e-05,0.0028810531948693097,0.054154900019057095,91.41939864802407,139.53654329897836,0.1328599539701827,231.1540262180497,0.1384358322611007,12.013637632,2026-01-11T05:10:01.587248
25751,0.3457640696975766,0.014290679119923766,1.5688741195044962e-05,0.0035482189268805087,0.05160687101306394,90.45319383405149,137.18170032085618,0.1349549030419439,227.8314433430205,0.1404547130565343,12.017115648,2026-01-11T05:13:49.419313
25752,0.3459242940116163,0.018432830610230155,1.568475406858714e-05,0.0032333320123143494,0.049399247975088656,92.45372258796124,141.3198143831687,0.1353147740010172,233.96768844599137,0.13677102258240592,12.010221056,2026-01-11T05:17:43.387636
25753,0.3460845183256559,0.011284622034985148,1.5680765680587366e-05,0.0026306099025532603,0.05347561516100541,90.94429344002856,138.3383181579993,0.1344164939946495,229.48323919303948,0.13944373503060872,12.020509184,2026-01-11T05:21:32.871574
25754,0.34624474263969557,0.007805378098954208,1.5676776032119652e-05,0.013143498974386603,0.04950282588833943,91.16838154982543,139.12248737824848,0.13416874897666276,230.49692136899102,0.13883048766960665,12.011000832,2026-01-11T05:25:23.369175
25755,0.34640496695373524,0.0025965976116637535,1.5672785124258353e-05,0.0032433148589916527,0.05018243403173983,89.38863128295634,134.69579202216119,0.13449348200811073,224.28051726403646,0.14267846530034387,11.996562432,2026-01-11T05:29:07.650290
25756,0.3465651912677749,0.017271782047359352,1.566879295807818e-05,0.003932134131900966,0.04996535601094365,90.6146695111529,138.15175911301048,0.13610938197234645,228.9627255779924,0.13976074017820742,11.997617152,2026-01-11T05:32:56.613755
25757,0.3467254155818145,0.046415067251263764,1.566479953465416e-05,0.0033625291544012725,0.0429715090431273,91.19395547697786,139.14154683600646,0.13415035500656813,230.5228210479836,0.13881488979930173,12.020187648,2026-01-11T05:36:47.137160
25758,0.3468856398958542,0.007185297046440553,1.5660804855061673e-05,0.0028785940376110375,0.053775432985275984,91.72677565994672,140.10048909595935,0.13337511295685545,232.02816820697626,0.1379142896626888,11.996752896,2026-01-11T05:40:39.165969
25759,0.34704586420989386,0.006145636314325742,1.5656808920376433e-05,0.002874224097467959,0.0491498809424229,89.60711393202655,135.5358582099434,0.13440250302664936,225.33558863698272,0.14201041297365696,12.006204928,2026-01-11T05:44:24.502152
25760,0.34720608852393353,0.02082803943707745,1.5652811731674494e-05,0.003738543950021267,0.043893854948692024,89.65216606209287,135.78932789497776,0.13625637197401375,225.63199288997566,0.1418238592414688,12.015609856,2026-01-11T05:48:10.134929
25761,0.34736631283797315,0.009172309017642988,1.564881329003224e-05,0.0031094159930944443,0.04945187404518947,90.2022307839361,136.69847089902032,0.13373875303659588,227.0953597179614,0.14090996856889568,12.00987648,2026-01-11T05:51:57.230895
25762,0.3475265371520128,0.007513221198784947,1.5644813596526404e-05,0.0028960180934518576,0.04718906607013196,90.09443314385135,136.41419868398225,0.13435066601959988,226.701099694008,0.14115502766943921,12.012924416,2026-01-11T05:55:43.932625
25763,0.3476867614660525,0.047355712120676685,1.5640812652234045e-05,0.0033608829835429788,0.04965339810587466,90.00776036293246,136.11041487992043,0.13347945298301056,226.31403303600382,0.1413964462155521,12.016826368,2026-01-11T05:59:30.247292
25764,0.34784698578009215,0.010377515723121178,1.5636810458232566e-05,0.0029383859364315867,0.045719537883996964,90.58102810784476,137.44753181718988,0.1334623729926534,228.2207105520065,0.14021514490337153,11.997768704,2026-01-11T06:03:18.468762
25765,0.34800721009413177,0.025121227200202156,1.5632807015599707e-05,0.0029583368450403214,0.05408492300193757,90.94674118602416,138.79358642501757,0.13464517798274755,229.93841326999245,0.1391676994936282,12.008988672,2026-01-11T06:07:08.407800
25766,0.34816743440817144,0.025095942353551948,1.5628802325413542e-05,0.0029694069526158273,0.05005494301440194,89.85978492093273,136.1289954810636,0.13360714603913948,226.18290808598977,0.14147841793525046,11.997654016,2026-01-11T06:10:54.591321
25767,0.3483276587222111,0.013531603325823482,1.562479638875248e-05,0.003036306006833911,0.0445338049903512,90.25524152099388,136.9685767760966,0.13277553499210626,227.4121055889991,0.14071370526700747,12.01348352,2026-01-11T06:14:42.004028
25768,0.3484878830362508,0.0029838195035978288,1.562078920669526e-05,0.003163502085953951,0.04973728896584362,91.09582216996932,138.97731789108366,0.1329567080247216,230.26544655597536,0.13897004730243406,12.01131264,2026-01-11T06:18:32.270180
25769,0.3486481073502904,0.05077109006341374,1.5616780780320976e-05,0.0028600729419849813,0.05420663894619793,90.14648625301197,136.9602723059943,0.1332212880370207,227.30462765600532,0.14078023984811983,12.013021696,2026-01-11T06:22:19.575399
25770,0.34880833166433006,0.01015154283052766,1.5612771110709034e-05,0.003722880966961384,0.0576142639038153,90.48744584410451,137.2203040170134,0.13347564701689407,227.91072119399905,0.14040585643516698,12.014934016,2026-01-11T06:26:07.486737
25771,0.34896855597836973,0.0017594775430094245,1.5608760198939182e-05,0.0028195500490255654,0.050245158025063574,89.39047980488976,134.92239527613856,0.13500754698179662,224.5100747019751,0.14253257918371037,11.999026176,2026-01-11T06:29:51.997583
25772,0.34912878029240935,0.021651137666673037,1.560474804609152e-05,0.003641040879301727,0.048634447855874896,90.87115992000327,138.36828270496335,0.1327940190094523,229.43191148003098,0.13947493090029536,12.015064064,2026-01-11T06:33:41.430125
25773,0.349289004606449,0.0053741296823943685,1.5600734653246447e-05,0.0038715898990631104,0.048955019970890135,90.05618839111412,136.58454106579302,0.1353566629695706,226.83711417595623,0.141070389280203,11.9972224,2026-01-11T06:37:28.267856
25774,0.3494492289204887,0.045999292351183385,1.5596720021484734e-05,0.013512513949535787,0.03986827901098877,89.48143302003155,134.74392094492214,0.1344821120146662,224.42149233596865,0.14258883882696324,12.017206272,2026-01-11T06:41:12.689966
25775,0.34960945323452836,1.9519751937480123e-05,1.559270415188746e-05,0.002832665981259197,0.04438979196129367,89.35201775212772,134.7696886889753,0.13239433499984443,224.31124975299463,0.1426589171752978,11.99698944,2026-01-11T06:44:57.001889
25776,0.34976967754856797,0.0002476217838136563,1.5588687045536044e-05,0.003879346128087491,0.05061925097834319,90.92955963121494,138.0878560107085,0.13337041100021452,229.21352711203508,0.13960781635875716,12.021726208,2026-01-11T06:48:46.216047
25777,0.34992990186260764,0.006939679792225206,1.5584668703512243e-05,0.0033465289743617177,0.047855809214524925,90.92572208301863,138.35476097889477,0.13384752999991179,229.4721087689977,0.13945049867569476,12.017467904,2026-01-11T06:52:35.688769
25778,0.3500901261766473,0.05417603089296641,1.558064912689814e-05,0.0031036471482366323,0.04959705885266885,90.05193527502706,136.26392243115697,0.1328398740151897,226.50898683303967,0.14127474784736588,11.99784192,2026-01-11T06:56:22.198445
25779,0.350250350490687,0.016285387481644875,1.5576628316776156e-05,0.0036022409913130105,0.04546202509663999,90.85261597187491,138.58120637811953,0.13403212104458362,229.62601102300687,0.13935703476029043,12.016679424,2026-01-11T07:00:11.825171
25780,0.3504105748047266,0.02383610440863393,1.557260627422904e-05,0.002957777993287891,0.05214782105758786,91.45213662588503,139.46170952706598,0.13391165202483535,231.1100600619684,0.13846216816100398,12.015853568,2026-01-11T07:04:02.946187
25781,0.35057079911876626,0.0159873135239188,1.556858300033988e-05,0.0029480468947440386,0.05202259396901354,90.31374844309175,137.04401583893923,0.13457489403663203,227.5548769099987,0.14062541939128145,11.9966592,2026-01-11T07:07:50.501692
25782,0.35073102343280593,0.028870939292406916,1.556455849619208e-05,0.003624292032327503,0.04959311196580529,90.49046643299516,137.53330662107328,0.1346118280198425,228.21802372700768,0.1402167956650002,12.019743232,2026-01-11T07:11:38.720317
25783,0.3508912477468456,0.008498572540098337,1.556053276286939e-05,0.0028868752415291965,0.048553720000199974,90.12666711298516,136.55344015511218,0.13239310000790283,226.8738019259763,0.1410475767953184,12.012058112,2026-01-11T07:15:25.594856
25784,0.3510514720608852,0.007761920552056267,1.5556505801455893e-05,0.003355775261297822,0.05871677485993132,91.92396770516643,140.09882373799337,0.13332198600983247,232.22524851601338,0.13779724730402604,12.016169984,2026-01-11T07:19:17.820738
25785,0.3512116963749249,4.960614305105082e-06,1.5552477613035987e-05,0.003102094051428139,0.051147697085980326,88.8293554209522,133.45021403802093,0.13333830604096875,222.47356328798924,0.14383731499178803,12.019937792,2026-01-11T07:23:00.295012
25786,0.35137192068896456,0.0003444640029570678,1.5548448198694413e-05,0.003525382897350937,0.05102012387942523,91.05943961103912,138.8291745420429,0.13420581899117678,230.08512338600121,0.13907896142557358,12.011637248,2026-01-11T07:26:50.380942
25787,0.3515321450030042,0.014579967591366483,1.554441755951624e-05,0.004178104922175407,0.04694859014125541,90.35939754598076,137.21378373913467,0.13456923101330176,227.766094540013,0.14049501118516292,12.020611584,2026-01-11T07:30:38.147701
25788,0.35169236931704384,0.008894417247489628,1.5540385696586862e-05,0.00297026609769091,0.04750829905970022,90.81356180185685,138.18175628600875,0.13507377199130133,229.1897614710033,0.13962229287475647,12.023427584,2026-01-11T07:34:27.338228
25789,0.3518525936310835,0.011072739264491815,1.553635261099201e-05,0.003046501020435244,0.04950326186371967,92.87427984795067,142.30950847803615,0.13311548001365736,235.37841507501435,0.13595129353641752,12.037032448,2026-01-11T07:38:22.717420
25790,0.3520128179451232,0.0004268501637305633,1.5532318303817738e-05,0.002913316013291478,0.048525898018851876,89.45997942582471,134.80479056405602,0.13430216297274455,224.45685164898168,0.14256637641003453,11.997914112,2026-01-11T07:42:07.175046
25791,0.35217304225916285,0.03412390910457219,1.5528282776150434e-05,0.0031509780674241483,0.05150401103310287,92.91667436604621,142.48944765876513,0.1343842989881523,235.601897644985,0.13582233555783566,11.996718592,2026-01-11T07:46:02.777578
25792,0.35233326657320246,0.006414870059138877,1.5524246029076803e-05,0.003438084095250815,0.04792007303331047,90.3425067079952,137.34628158103442,0.13296967395581305,227.88053875695914,0.1404244529811687,12.0228992,2026-01-11T07:49:50.658738
25793,0.35249349088724213,0.03551484424556861,1.55202080636839e-05,0.0033684340305626392,0.04682684311410412,90.77051582391141,137.77275729301618,0.13380052597494796,228.73480136698345,0.13990000563429356,11.997709312,2026-01-11T07:53:39.394132
25794,0.3526537152012818,0.00018158844594040602,1.551616888105909e-05,0.004579242784529924,0.06025274196872488,91.88320199208101,140.319039201946,0.1326748760184273,232.40917367796646,0.13768819661284204,12.01264896,2026-01-11T07:57:31.804073
25795,0.3528139395153215,3.2912430523168723e-06,1.5512128482290067e-05,0.0027408458990976214,0.04761510208481923,89.2858171199332,134.9594034740585,0.13475282699801028,224.4385919739725,0.14257797519827137,11.997618176,2026-01-11T08:01:16.243363
25796,0.3529741638293611,0.004756881658124712,1.550808686846486e-05,0.0027470450149849057,0.05011063814163208,90.5135451470851,136.88436039886437,0.13394937198609114,227.5907851959928,0.14060323212314058,12.019747328,2026-01-11T08:05:03.834817
25797,0.35313438814340076,0.009586589090904596,1.5504044040671825e-05,0.0029048280557617545,0.05638015898875892,90.37205409497255,137.67382268601796,0.1345208960119635,228.24938988598296,0.14019752699442004,11.996956672,2026-01-11T08:08:52.084869
25798,0.3532946124574404,2.073406447422599e-05,1.5499999999999638e-05,0.0028227479779161513,0.055449791077990085,89.70254532591207,135.0842684559757,0.13470571005018428,224.98902502999408,0.14222915982561357,12.011501056,2026-01-11T08:12:37.074692
25799,0.3534548367714801,0.006928055990147897,1.5495954747537306e-05,0.002877438033465296,0.0543591320165433,91.01434333191719,138.45625718106749,0.13344350300030783,229.6700117639848,0.1393303363997041,12.026126336,2026-01-11T08:16:26.745523
25800,0.3536150610855197,1.1762330306197555e-05,1.5491908284374163e-05,0.0029639980057254434,0.0494155699852854,91.0072678498691,138.6725583000225,0.13297309499466792,229.87398024997674,0.13920670780225566,11.997518848,2026-01-11T08:20:16.620139
25801,0.3537752853995594,1.1214606352893952e-05,1.5487860611599864e-05,0.003630802035331726,0.04730530991218984,89.47934408305446,135.05359130102443,0.13428641302743927,224.72789880703203,0.14239442530220764,12.011040256,2026-01-11T08:24:01.348744
25802,0.35393550971359905,0.0005601430818984454,1.5483811730304396e-05,0.0029918879736214876,0.04502846905961633,90.07852521294262,136.28441751509672,0.13444743200670928,226.55169418198057,0.14124811608910587,12.011710976,2026-01-11T08:27:47.901033
25803,0.3540957340276387,0.006383830355682463,1.547976164157807e-05,0.002947357890661806,0.04992053302703425,89.84787741897162,135.8824522641371,0.1335803140536882,225.92506287497235,0.14163988533538177,11.997594624,2026-01-11T08:31:33.826797
25804,0.35425595834167833,0.02862362113223682,1.5475710346511518e-05,0.0026191521901637316,0.050434189091902226,89.6091235569329,135.67956217977917,0.13545485999202356,225.48493809002684,0.1419163526888156,12.010461696,2026-01-11T08:35:19.312333
25805,0.354416182655718,0.005581850265631516,1.5471657846195705e-05,0.003102969960309565,0.048358341911807656,89.96131547301775,136.2224394940422,0.13514838297851384,226.37666227499722,0.1413573275549364,11.997885952,2026-01-11T08:39:05.689644
25806,0.3545764069697577,0.0075525250693360135,1.546760414172191e-05,0.0033242799108847976,0.05571774602867663,91.67417980195023,140.27375206310535,0.1339874989935197,232.14712917798897,0.13784361716342983,11.997356032,2026-01-11T08:42:57.837602
25807,0.35473663128379734,0.004997821427338067,1.5463549234181743e-05,0.0028806269983761013,0.046125283115543425,90.59746953996364,137.81104880396742,0.13491144898580387,228.59919070801698,0.139982997756421,12.015674368,2026-01-11T08:46:46.437713
25808,0.35489685559783696,8.480769016827594e-06,1.545949312466714e-05,0.003428919066209346,0.049017399025615305,90.04189833399141,136.39333599311067,0.1342532960115932,226.63040307996562,0.14119906051929373,11.996778496,2026-01-11T08:50:33.068736
25809,0.3550570799118766,0.014770842577650711,1.5455435814270353e-05,0.003205748973414302,0.052773617033381015,90.48383842105977,137.28234956093365,0.1335501010180451,227.9623763540294,0.14037404115450816,11.997324288,2026-01-11T08:54:21.031778
25810,0.3552173042259163,0.018246113959552446,1.5451377304083964e-05,0.003950888116378337,0.04542545595904812,89.24149212503107,134.76791783981025,0.13432964298408478,224.20288532000268,0.1427278687976147,12.010598912,2026-01-11T08:58:05.235247
25811,0.3553775285399559,0.02891693895328018,1.5447317595200877e-05,0.003683732938952744,0.046402365958783776,91.06857469707029,138.74434836796718,0.13441105897072703,230.00537065404933,0.1391271860696294,11.997544448,2026-01-11T09:01:55.241296
25812,0.3555377528539956,0.007647858134959051,1.5443256688714315e-05,0.002613905002363026,0.04626846208702773,91.04078631987795,138.7807223109412,0.13463727699127048,230.0112086449517,0.13912365483629807,12.029820416,2026-01-11T09:05:45.253128
25813,0.35569797716803525,0.0027770983193917687,1.5439194585717828e-05,0.004105719970539212,0.04951843695016578,90.9886886140448,138.57508551998762,0.13412993005476892,229.76037291699322,0.13927553996250178,12.0237696,2026-01-11T09:09:35.014260
25814,0.3558582014820749,0.0074547287345474444,1.5435131287305284e-05,0.0030814100755378604,0.052184838976245373,90.41691082512261,137.13700489496114,0.1329951270017773,227.75051218899898,0.140504623644687,11.997488128,2026-01-11T09:13:22.765680
25815,0.35601842579611453,0.0030652692936321557,1.5431066794570873e-05,0.003162178909406066,0.048675930011086166,90.81980071309954,138.04355757695157,0.13430759799666703,229.0558993149898,0.13970388929382999,12.020804096,2026-01-11T09:17:11.822192
25816,0.3561786501101542,0.017829961110304993,1.5427001108609122e-05,0.003284516918938607,0.04644855298101902,90.17292040219763,136.60575857182266,0.13366721500642598,226.968445823004,0.1409887611644239,12.019364352,2026-01-11T09:20:58.791293
25817,0.3563388744241939,0.018159925037135594,1.542293423051485e-05,0.003655495005659759,0.05157993797911331,90.51668105705176,137.20590443903347,0.13354109600186348,227.9194928909419,0.14040045278317553,11.997191168,2026-01-11T09:24:46.711391
25818,0.35649909873823354,3.760505933314562e-06,1.5418866161383218e-05,0.0034229779266752303,0.05076356703648344,90.1425669878954,137.14541513903532,0.13442263298202306,227.48300868703518,0.14066984688084863,12.010781184,2026-01-11T09:28:34.195094
25819,0.35665932305227316,0.00996472540462534,1.541479690230971e-05,0.002922656014561653,0.05362287588650361,90.95945273712277,138.50483144790633,0.1340686429757625,229.66238966904348,0.1393349605310378,12.01725696,2026-01-11T09:32:23.858177
25820,0.35681954736631283,0.0031002706347891262,1.5410726454390116e-05,0.013240028929430991,0.048020395915955305,91.6041456630337,139.5599921309622,0.1350040870020166,231.36658555601025,0.13830864955325753,11.997438976,2026-01-11T09:36:15.225474
25821,0.3569797716803525,0.001969399339728284,1.5406654818720556e-05,0.003608242026530206,0.05318508011987433,91.23816538380925,138.81685175106395,0.13460849900729954,230.2552235230105,0.1389762173920979,12.042290688,2026-01-11T09:40:05.481583
25822,0.35713999599439217,0.025660534453322725,1.5402581996397465e-05,0.013002084044273943,0.051270826952531934,89.99380934500368,135.921416964964,0.13282340404111892,226.12181188899558,0.14151664420462443,11.996612608,2026-01-11T09:43:51.604001
25823,0.3573002203084318,0.018366551449851443,1.5398507988517605e-05,0.0028436019783839583,0.042620663065463305,90.13423231994966,136.9942946759984,0.13435901497723535,227.3165551359998,0.14077285299724396,11.997666304,2026-01-11T09:47:38.921302
25824,0.35746044462247145,0.0010942215830667124,1.539443279617805e-05,0.002779431059025228,0.04633359797298908,90.05474870704347,136.52907894086093,0.1346760269952938,226.7754953489639,0.14110872054653945,11.997637632,2026-01-11T09:51:25.697433
25825,0.3576206689365111,0.019207067612029505,1.539035642047619e-05,0.004087469074875116,0.040443000150844455,90.85748410091037,138.0258538800408,0.13293295702897012,229.06813416996738,0.1396964275103239,12.016836608,2026-01-11T09:55:14.766455
25826,0.3577808932505508,0.03085709124276903,1.5386278862509742e-05,0.0033418688690289855,0.04910929605830461,90.89159599511186,138.81469475181075,0.1344245329964906,229.90205139497994,0.13918971059994092,12.01249536,2026-01-11T09:59:04.669133
25827,0.3579411175645904,3.4349792272792e-05,1.538220012337674e-05,0.002972765068989247,0.0383008070057258,89.14721884211758,134.3495964628528,0.1342786520253867,223.68067286303267,0.1430610861028422,12.00832512,2026-01-11T10:02:48.350495
25828,0.3581013418786301,0.031676990864337284,1.5378120204175533e-05,0.00279487605439499,0.049341779900714755,89.98598623310681,136.22359313705238,0.13359293300891295,226.40326101199025,0.1413407203454781,12.010272256,2026-01-11T10:06:34.754375
25829,0.35826156619266974,0.04163403618946049,1.537403910600479e-05,0.0033291990403085947,0.042629577044863254,91.46131195494672,139.3386607049615,0.13515788601944223,230.98733391496353,0.1385357346553928,12.010711552,2026-01-11T10:10:25.742467
25830,0.3584217905067094,0.018409824253994955,1.5369956829963495e-05,0.0032659679418429732,0.04760008613811806,89.79702075984096,135.69379995198688,0.13307904097018763,225.68168097897433,0.14179263403741346,12.018862592,2026-01-11T10:14:11.424903
25831,0.35858201482074903,0.033139695425639104,1.536587337715095e-05,0.0028350420179776847,0.04808675986714661,92.20520234911237,141.2652905889554,0.13375045696739107,233.66136178700253,0.1369503274108711,12.019674624,2026-01-11T10:18:05.086988
25832,0.3587422391347887,0.00034896028111219834,1.5361788748666777e-05,0.002950267109554261,0.05059254390653223,91.67097694810946,139.6434046109789,0.13376172096468508,231.50805147900246,0.138224134303607,12.013954048,2026-01-11T10:21:56.595645
25833,0.35890246344882837,3.2179888201255835e-05,1.5357702945610915e-05,0.0026148869656026363,0.04371175676351413,90.78992503706831,138.14308204199187,0.1328051000018604,229.12100060097873,0.13966419453504825,12.012977664,2026-01-11T10:25:45.717236
25834,0.35906268776286804,0.0044805873481692515,1.5353615969083608e-05,0.0034004271146841347,0.0560577618307434,90.0970621961169,136.83794398600003,0.1334442080114968,227.13487906299997,0.1408854515520015,12.016407552,2026-01-11T10:29:32.852812
25835,0.35922291207690765,0.02149493809292835,1.534952782018543e-05,0.003430631826631725,0.054370118072256446,89.81193295295816,135.9638361618854,0.1336657489882782,225.97482996596955,0.14160869157338898,12.01302272,2026-01-11T10:33:18.828287
25836,0.3593831363909473,0.013566345610090735,1.534543850001726e-05,0.0029122429550625384,0.051605967921204865,90.9683764159563,138.2118939871434,0.1327588560525328,229.37490908202017,0.13950959208252983,12.01914112,2026-01-11T10:37:08.203902
25837,0.359543360704987,0.0215308599415156,1.5341348009680302e-05,0.0036880061379633844,0.05203512514708564,90.53674641787075,137.49776854587253,0.1348995310254395,228.23137950402452,0.14020859037674846,12.0100224,2026-01-11T10:40:56.436182
25838,0.35970358501902666,0.0038699205599996844,1.5337256350276072e-05,0.0027959520230069757,0.0468109711073339,90.15338349994272,136.54223322699545,0.1356411199667491,226.88786210800754,0.14103883611352794,11.997881856,2026-01-11T10:44:43.324645
25839,0.3598638093330663,0.015814504572848165,1.5333163522906394e-05,0.0034883390180766582,0.051670965971425176,90.05979078088421,136.4681646131212,0.13334277499234304,226.72361534304218,0.14114100973373542,11.997514752,2026-01-11T10:48:30.049029
25840,0.36002403364710595,0.00028894482781716135,1.532906952867342e-05,0.0027390389004722238,0.04722117498749867,89.77953502786113,135.6064988640137,0.13441855198470876,225.57690832699882,0.1418584917992246,12.02516992,2026-01-11T10:52:15.626567
25841,0.3601842579611456,0.005362936971515353,1.5324974368679603e-05,0.002820331952534616,0.045978214126080275,89.64933888387168,135.2265960899531,0.135168052976951,225.0675810709945,0.14217951713759272,12.024241664,2026-01-11T10:56:00.694843
25842,0.3603444822751853,0.0642244995511021,1.5320878044027713e-05,0.0029958879458718,0.05437007488217205,89.62178055004915,135.51054943091003,0.133639095001854,225.33132928801933,0.14201309734030584,12.009578496,2026-01-11T10:59:46.026818
25843,0.3605047065892249,0.0035217455229066275,1.531678055582084e-05,0.003776643890887499,0.05323425406822935,89.92909447598504,136.04000010108575,0.13500161498086527,226.17007336596726,0.14148644656545958,12.014270464,2026-01-11T11:03:32.197821
25844,0.36066493090326457,0.0044611054858769705,1.531268190516238e-05,0.002699791977647692,0.05013430683175102,89.95953225402627,136.3452790339943,0.13438495300943032,226.49891893501626,0.14128102752305396,12.018614784,2026-01-11T11:07:18.697360
25845,0.36082515521730424,0.011156136113385173,1.530858209315605e-05,0.003199634957127273,0.047220341046340764,91.29538190888707,139.14180766197387,0.132674116990529,230.62836753303418,0.13875136151851078,12.013560832,2026-01-11T11:11:09.326316
25846,0.3609853795313439,0.003104340386848037,1.530448112090587e-05,0.01321928802644834,0.0445527458214201,90.79809702100465,137.9865079682204,0.13346902100602165,228.984207549016,0.13974762863570026,11.997551616,2026-01-11T11:14:58.311125
25847,0.3611456038453835,0.0058571391749815405,1.5300378989516174e-05,0.003180209139827639,0.050511675188317895,90.36739717290038,137.20717899978627,0.13559423701371998,227.77096447901567,0.14049200728106032,12.01445376,2026-01-11T11:18:46.082702
25848,0.3613058281594232,0.004427311378407239,1.529627570009162e-05,0.0032591549679636955,0.046812774904537946,90.76661475899164,137.86182596010622,0.13556255801813677,228.82196397002554,0.13984671508278737,12.01023744,2026-01-11T11:22:34.905573
25849,0.36146605247346286,0.01209462142143991,1.5292171253737166e-05,0.002714396978262812,0.05171456403331831,91.5646906659822,139.36706966598285,0.13436466496204957,231.12663524295203,0.13845223838595128,12.026432512,2026-01-11T11:26:26.032854
25850,0.3616262767875025,0.027168298251481815,1.528806565155808e-05,0.003291107073891908,0.05471749108983204,91.32043279492063,139.18849007296376,0.13254087802488357,230.7080766040017,0.13870342326561164,12.020740608,2026-01-11T11:30:16.741680
25851,0.36178650110154215,0.03146525520787691,1.5283958894659953e-05,0.002805505006108433,0.05220148095395416,89.98592407110846,136.60905894904863,0.13440748199354857,226.79124590801075,0.1410989206037502,12.021521408,2026-01-11T11:34:03.533594
25852,0.3619467254155818,0.008782015867204507,1.5279850984148678e-05,0.003084335068706423,0.05107784189749509,89.6908336810884,136.30646764906123,0.1344550020294264,226.19300135300728,0.14147210483342637,12.021646336,2026-01-11T11:37:49.727230
25853,0.3621069497296215,2.9689140422561877e-05,1.527574192113046e-05,0.0030541782616637647,0.05032241600565612,90.66161706112325,137.7167305998737,0.1339493680279702,228.57330932898913,0.1399988480454728,12.00881664,2026-01-11T11:41:38.301156
25854,0.3622671740436611,0.0009573745511950449,1.5271631706711815e-05,0.0037244988488964736,0.052741018997039646,90.9285230631358,138.3588617888745,0.13416805799352005,229.48771085299086,0.13944101791358712,12.016458752,2026-01-11T11:45:27.789708
25855,0.36242739835770077,0.010175988811411685,1.526752034199957e-05,0.003072513092774898,0.05234221793944016,91.68565557309194,140.06523833295796,0.13281784096034244,231.95086312002968,0.13796025403639336,12.015050752,2026-01-11T11:49:19.741307
25856,0.36258762267174044,0.00021957551839868472,1.5263407828100856e-05,0.0028032478876411915,0.04652879299828783,90.58042385504814,137.59015355398878,0.13349019800079986,228.3626652979874,0.14012798439816607,12.022237184,2026-01-11T11:53:08.104770
25857,0.3627478469857801,0.02486611580946274,1.5259294166123126e-05,0.0040063109481707215,0.05517587991198525,92.07543816405814,140.9261293259333,0.1333687889855355,233.20197947503766,0.13722010452928138,11.996886016,2026-01-11T11:57:01.307463
25858,0.3629080712998197,0.007387171353702371,1.5255179357174128e-05,0.0034588512498885393,0.05408516403986141,90.03955213702284,136.4021288289805,0.13349078298779204,226.64004011300858,0.14119305654924863,11.9971584,2026-01-11T12:00:47.948107
25859,0.3630682956138594,0.003093834501814996,1.5251063402361927e-05,0.003319153911434114,0.03948665707139298,87.9261826161528,131.95142798079178,0.13193481898633763,220.06098291900707,0.14541423734246214,11.9967744,2026-01-11T12:04:28.009903
25860,0.36322851992789906,0.010841662568452648,1.5246946302794896e-05,0.003956013999413699,0.047925415041390806,91.89976840699092,140.3844851179747,0.1342502359766513,232.47758761100704,0.13764767747652293,12.005586944,2026-01-11T12:08:20.488233
25861,0.36338874424193873,0.004984246403314074,1.5242828059581716e-05,0.0033055312233045697,0.05082062125438824,91.18553535285173,138.9155146420817,0.13282269501360133,230.2965943729505,0.13895125148128792,11.996521472,2026-01-11T12:12:10.785622
25862,0.36354896855597835,2.4101562702938395e-05,1.5238708673831375e-05,0.003118577820714563,0.05697951093316078,90.05162279884098,136.59597047715215,0.1344977849512361,226.8486950410297,0.14106318748808416,12.008470528,2026-01-11T12:15:57.635041
25863,0.363709192870018,0.034358852263455475,1.5234588146653166e-05,0.003485277062281966,0.05229080299613997,90.8152241340722,138.0396621938562,0.13514133199350908,229.0533311580075,0.1397054556605662,12.013646336,2026-01-11T12:19:46.689243
25864,0.3638694171840577,0.0005307792295798919,1.5230466479156695e-05,0.003080648893956095,0.05232922307914123,90.48488628776977,137.1422465951182,0.13248872791882604,227.82287737901788,0.14045999404512458,12.016045056,2026-01-11T12:23:34.512873
25865,0.36402964149809736,6.6835700049949764e-06,1.5226343672451872e-05,0.0029629567870870233,0.047096248250454664,91.17426997458097,139.13649519300088,0.1346631470369175,230.5027746129781,0.13882696229461478,12.018254336,2026-01-11T12:27:25.016542
25866,0.36418986581213697,0.0009654886268037899,1.5222219727648912e-05,0.01317858207039535,0.055146393831819296,90.18919718021061,136.94473114062566,0.1351453469833359,227.34568070201203,0.14075481839456297,11.997283328,2026-01-11T12:31:12.363013
25867,0.36435009012617664,0.040129685377168656,1.5218094645858339e-05,0.003600527998059988,0.05056990613229573,90.15766278863885,136.84046331304125,0.132928752922453,227.1927335099317,0.14084957518503172,12.01763072,2026-01-11T12:34:59.556358
25868,0.3645103144402163,0.0034469950174589314,1.5213968428190984e-05,0.01334768661763519,0.05473910795990378,90.7151928107487,137.6526134791784,0.13468011398799717,228.57713456393685,0.1399965051668327,11.997218816,2026-01-11T12:38:48.134117
25869,0.364670538754256,0.010363384766863604,1.5209841075757983e-05,0.0030623379861935973,0.04609567392617464,89.93024560518097,136.21247099293396,0.13384028896689415,226.33311648503877,0.1413845242665374,12.014693376,2026-01-11T12:42:34.467854
25870,0.3648307630682956,0.02859554330495584,1.5205712589670777e-05,0.003502210951410234,0.05228155688382685,90.0617490762379,136.70134020713158,0.13460027193650603,226.96016095997766,0.1409939077618248,12.019134976,2026-01-11T12:46:21.428624
25871,0.36499098738233526,0.01466780996436512,1.520158297104111e-05,0.003169570700265467,0.04647393792401999,90.08363040687982,136.7559639242245,0.1352651930646971,227.03185762907378,0.14094938188050163,11.996476416,2026-01-11T12:50:08.461273
25872,0.36515121169637493,0.0034488077507006665,1.5197452220981033e-05,0.0031642799731343985,0.050150837982073426,89.80781131237745,135.71500618825667,0.1348628499545157,225.71836601593532,0.14176958908935597,12.014884864,2026-01-11T12:53:54.180227
25873,0.3653114360104146,0.0118955304475854,1.5193320340602902e-05,0.0035021319054067135,0.056189456838183105,90.8946133061545,138.01080301590264,0.1336852579843253,229.1074721160112,0.1396724415159905,12.01882368,2026-01-11T12:57:43.288616
25874,0.3654716603244542,0.0024970132392567734,1.5189187331019383e-05,0.0030274949967861176,0.052524624043144286,89.37537193112075,134.97206861304585,0.1343498359201476,224.5448267729953,0.1425105198809615,12.00830976,2026-01-11T13:01:27.834195
25875,0.3656318846384939,0.03130697598538745,1.5185053193343435e-05,0.002882066648453474,0.043963714269921184,91.18024599680211,138.92805001174565,0.13117311301175505,230.2999024729943,0.1389492555419229,12.011137024,2026-01-11T13:05:18.135038
25876,0.36579210895253356,0.040290060191511046,1.5180917928688328e-05,0.0031481360783800483,0.052858073730021715,92.4436123187188,141.1877798574278,0.13416862103622407,233.82865213707555,0.13685234768081753,11.996664832,2026-01-11T13:09:11.964615
25877,0.3659523332665732,4.679785678973758e-05,1.517678153816764e-05,0.0031663402915000916,0.053215143852867186,89.5059625338763,134.7566294990247,0.13359466497786343,224.45909186895005,0.14256495352250256,12.013245952,2026-01-11T13:12:56.424424
25878,0.36611255758061284,0.016503376586911145,1.5172644022895234e-05,0.0029721210012212396,0.053093190770596266,91.1225303459214,138.8369268772658,0.13337760197464377,230.1559994110139,0.13903613237061102,12.013004288,2026-01-11T13:16:46.581250
25879,0.3662727818946525,0.0004765859827777774,1.5168505383985296e-05,0.0030049241613596678,0.0492065311409533,90.7724100650521,137.92428763210773,0.13413045706693083,228.89023858704604,0.13980500084904462,12.014441472,2026-01-11T13:20:35.472331
25880,0.3664330062086922,0.0009104871832299466,1.5164365622552304e-05,0.002955608069896698,0.05552128015551716,90.00609051377978,136.32923468912486,0.13431196694727987,226.53462637402117,0.14125875815190492,11.996788224,2026-01-11T13:24:22.007656
25881,0.36659323052273185,0.012591664995067475,1.516022473971104e-05,0.002966715022921562,0.0525428798282519,90.52515662787482,137.84012229007203,0.1340586319565773,228.56126457592472,0.14000622572408836,11.997535232,2026-01-11T13:28:10.569667
25882,0.36675345483677146,0.00582603435964657,1.5156082736576591e-05,0.013203064911067486,0.04776121489703655,89.80339695804287,135.71063572505955,0.13457628700416535,225.71840517502278,0.14176956449425157,11.996611584,2026-01-11T13:31:56.288705
25883,0.36691367915081113,0.003312766733438721,1.5151939614264339e-05,0.003516486962325871,0.04645898228045553,90.3592510507442,137.17315051017795,0.13308196002617478,227.7239996000426,0.1405209817858566,11.997563904,2026-01-11T13:35:44.013357
25884,0.3670739034648508,0.022466908691168186,1.5147795373889976e-05,0.0029636614490300417,0.04833308083470911,89.26657726813573,134.5075212607626,0.1328681429149583,223.96773154695984,0.14287772519270475,11.997285376,2026-01-11T13:39:27.981680
25885,0.3672341277788905,0.0009275014446004093,1.5143650016569488e-05,0.003067749785259366,0.04659655690193176,89.50035552622285,135.02773271966726,0.13471197802573442,224.72229969396722,0.14239797315877617,12.012025344,2026-01-11T13:43:12.704589
25886,0.3673943520929301,0.004830130185993653,1.5139503543419166e-05,0.013406464830040932,0.05223781417589635,90.2923568218248,137.18194588366896,0.1339095189468935,227.6818615118973,0.14054698862486184,11.998071808,2026-01-11T13:47:00.387047
25887,0.36755457640696976,0.014550447031052016,1.5135355955555599e-05,0.0032022251980379224,0.04762809001840651,91.0411806490738,139.00287573679816,0.13474237511400133,230.2360983589897,0.1389877618152859,12.011672064,2026-01-11T13:50:50.623745
25888,0.3677148007210094,0.0019000840550518205,1.5131207254095679e-05,0.0028065007645636797,0.051219835062511265,90.0601961981738,136.58771241665818,0.1350609230576083,226.84630670701154,0.14106467266108202,12.016001024,2026-01-11T13:54:37.470669
25889,0.36787502503504904,0.00391833271986286,1.5127057440156594e-05,0.002919767051935196,0.05488462734501809,90.17180227371864,136.88244287786074,0.13397126889321953,227.25417333899532,0.14081149547148497,12.022562816,2026-01-11T13:58:24.725427
25890,0.3680352493490887,0.0017530116402930673,1.5122906514855838e-05,0.002991192741319537,0.053510105004534125,90.63899451016914,137.48116985871457,0.1355405879439786,228.32060425600503,0.14015379866514335,12.012987904,2026-01-11T14:02:13.046649
25891,0.3681954736631284,0.004711694832593594,1.5118754479311194e-05,0.0030560586601495743,0.0496843735454604,89.93733528174926,136.26805028610397,0.13535443099681288,226.39972384797875,0.14134292858717057,11.99748608,2026-01-11T14:05:59.446991
25892,0.36835569797716805,0.032518222281295195,1.5114601334640754e-05,0.0030978061258792877,0.04455956583842635,91.27237615012564,139.1562404060969,0.13537592091597617,230.61953926004935,0.13875667301510136,11.997906944,2026-01-11T14:09:50.067268
25893,0.36851592229120766,0.002108286504135748,1.5110447081962905e-05,0.003052766085602343,0.04702137806452811,88.38067748828325,132.68280816392507,0.1348204199457541,221.25668444496114,0.1446283988222746,12.006710784,2026-01-11T14:13:31.324594
25894,0.36867614660524733,0.00010444611006477089,1.5106291722396325e-05,0.013481322210282087,0.05494254478253424,90.5215080032358,137.5230535119772,0.13453455199487507,228.25390238000546,0.14019475534190529,11.996812288,2026-01-11T14:17:19.579123
25895,0.368836370919287,2.319995272870301e-05,1.5102135257060006e-05,0.003162219887599349,0.04873845528345555,90.45916174806189,137.4519997080788,0.13450728496536613,228.1058740700828,0.14028573411559048,12.012191232,2026-01-11T14:21:07.685667
25896,0.3689965952333267,0.016105712130027428,1.5097977687073225e-05,0.0032341977348551154,0.052333283820189536,90.90298774722032,138.60165444004815,0.133477151975967,229.70040506392252,0.13931190060851148,12.016139264,2026-01-11T14:24:57.386688
25897,0.3691568195473663,0.023182396229193714,1.5093819013555563e-05,0.003248848835937679,0.053509416873566806,91.14178653503768,138.8833631108282,0.13349492300767452,230.22366329992656,0.13899526895422398,12.021182464,2026-01-11T14:28:47.610982
25898,0.36931704386140596,0.011245131961459265,1.5089659237626887e-05,0.003253288334235549,0.05701225693337619,90.8661555639701,138.29404630803037,0.13499595900066197,229.3633574330015,0.13951661833929774,12.020525568,2026-01-11T14:32:36.974957
25899,0.36947726817544563,0.00516414146278521,1.5085498360407384e-05,0.003000530879944563,0.055110489716753364,91.04777115315665,138.75783005799167,0.13603254791814834,230.00658911897335,0.13912644904032578,12.007020032,2026-01-11T14:36:26.982409
25900,0.3696374924894853,4.504708892127951e-05,1.508133638301751e-05,0.014165520784445107,0.0535676897270605,91.08359178178944,138.85885434621014,0.1334411989664659,230.1509673310211,0.1390391722923984,12.0231552,2026-01-11T14:40:17.133989
25901,0.3697977168035249,0.0036965470608478768,1.5077173306578037e-05,0.002786578144878149,0.049279217957518995,92.52472235099413,141.47548387642018,0.1356216239510104,234.1946956809843,0.13663844907738565,12.026478592,2026-01-11T14:44:11.329313
25902,0.3699579411175646,0.004296412565295782,1.5073009132210023e-05,0.003185490146279335,0.051023265114054084,90.234645571094,136.78684569476172,0.13357462990097702,227.21655952103902,0.14083480564732773,11.997668352,2026-01-11T14:47:58.546777
25903,0.37011816543160425,0.029890614356101963,1.5068843861034823e-05,0.0030897031538188457,0.048454638686962426,90.0253076350782,136.3656057359185,0.1336765909800306,226.58708903600927,0.1412260519173471,12.01321216,2026-01-11T14:51:45.134614
25904,0.3702783897456439,0.004295124459975597,1.5064677494174094e-05,0.003135021193884313,0.04727105412166566,90.69582202914171,137.88901045999955,0.13429719407577068,228.7762429859722,0.13987466348051766,12.015879168,2026-01-11T14:55:33.911466
25905,0.37043861405968354,0.012875864788146174,1.506051003274978e-05,0.0028828888898715377,0.04842404054943472,90.99310256517492,138.57217109110206,0.1330640489468351,229.75625596998725,0.13927803560735302,11.996995584,2026-01-11T14:59:23.668360
25906,0.3705988383737232,0.014974477021382882,1.5056341477884123e-05,0.002672051079571247,0.046360107022337615,90.18315590987913,136.7504202472046,0.13433796702884138,227.1231011170894,0.1408927574632884,12.015401984,2026-01-11T15:03:10.792061
25907,0.3707590626877629,0.021871293435792083,1.505217183069966e-05,0.003366739139892161,0.0503245311556384,89.72055277274922,136.1231098540593,0.13403653097338974,226.04010509501677,0.14156779827433139,12.014171136,2026-01-11T15:06:56.832880
25908,0.37091928700180254,0.034131885101324144,1.504800109231922e-05,0.002927492023445666,0.05212607129942626,90.29551042686217,137.04759019287303,0.13428256602492183,227.53976451104973,0.1406347592420314,12.015018496,2026-01-11T15:10:44.373278
25909,0.37107951131584216,0.008167454844695499,1.5043829263865931e-05,0.002836164436303079,0.0542961077298969,91.43980409880169,139.38161285140086,0.13379037904087454,231.01959329203237,0.13851638964470311,12.017015808,2026-01-11T15:14:35.393482
25910,0.37123973562988183,0.025033682726508744,1.5039656346463208e-05,0.002563941990956664,0.048690517200157046,91.02037298807409,138.43315549416002,0.13384110596962273,229.6455653239973,0.1393451685202479,11.99682048,2026-01-11T15:18:25.039677
25911,0.3713999599439215,0.0012394627356329124,1.5035482341234764e-05,0.0027462798170745373,0.04692601482383907,89.45787966309581,134.9856770678889,0.1333231379976496,224.6347473129863,0.14245347339525358,11.997048832,2026-01-11T15:22:09.675040
25912,0.37156018425796117,0.004682928534514019,1.5031307249304604e-05,0.0031250359024852514,0.05194585502613336,90.20224689191673,136.49170274205972,0.13402930495794863,226.89081819192506,0.14103699856611854,12.010450432,2026-01-11T15:25:56.566741
25913,0.3717204085720008,0.013340167167449124,1.5027131071797018e-05,0.013221442932263017,0.0515110898995772,90.78112202312332,137.92808343784418,0.13371443306095898,228.91482393501792,0.1397899858555418,11.99750656,2026-01-11T15:29:45.482173
25914,0.37188063288604045,0.013658937535602433,1.5022953809836603e-05,0.002859678934328258,0.05389443691819906,90.18155490909703,136.7074676459888,0.1325014140456915,227.08636944403406,0.1409155471477405,11.997429248,2026-01-11T15:33:32.569213
25915,0.3720408572000801,0.010744356093468355,1.5018775464548238e-05,0.0032929060980677605,0.05214406177401543,91.45464965212159,139.4612698040437,0.1346639790572226,231.11246674903668,0.13846072628677605,12.012478464,2026-01-11T15:37:23.682530
25916,0.3722010815141198,0.01432837353570271,1.5014596037057094e-05,0.0025433230912312865,0.04991536075249314,91.43578316818457,139.35618024796713,0.1338549890788272,230.98724356794264,0.13853578884146264,11.997827584,2026-01-11T15:41:14.670365
25917,0.3723613058281594,2.3106056056931834e-05,1.5010415528488632e-05,0.0028276179218664765,0.05564371810760349,90.16899347375147,136.48975985730067,0.13421240204479545,226.86152720905375,0.1410552084069851,12.010359296,2026-01-11T15:45:01.532770
25918,0.3725215301421991,0.018602866604483737,1.5006233939968615e-05,0.0030640847980976105,0.055450765998102725,90.0930092909839,136.21902237914037,0.1352270570350811,226.5121416039765,0.14127278022891746,12.02406656,2026-01-11T15:48:48.045531
25919,0.37268175445623875,0.01599241942230023,1.5002051272623083e-05,0.002411393215879798,0.05242139264009893,91.91251524025574,140.48911211302038,0.13584411691408604,232.59917198796757,0.1375757262010175,12.024124928,2026-01-11T15:52:40.645353
25920,0.3728419787702784,0.0199504798584762,1.4997867527578375e-05,0.0030824869172647595,0.05064989300444722,90.97706268669572,138.69957954331767,0.13363616494461894,229.87436953897122,0.13920647205766432,11.999842816,2026-01-11T15:56:30.520328
25921,0.37300220308431803,0.00020564522176336197,1.499368270596112e-05,0.0028137622866779566,0.04487972008064389,90.24639827711508,136.65058167884126,0.13444749801419675,227.08648783992976,0.1409154736787174,12.015973376,2026-01-11T16:00:17.607414
25922,0.3731624273983577,0.029075389516570738,1.4989496808898232e-05,0.002876445767469704,0.05134493671357632,89.98669732909184,136.3035778561607,0.13311140204314142,226.48393412609585,0.1412903750699768,12.02277632,2026-01-11T16:04:04.091960
25923,0.37332265171239737,2.5964649680076946e-05,1.498530983751692e-05,0.0027897332329303026,0.05439682106953114,90.24520028789993,136.974895262043,0.13399892707820982,227.4196973509388,0.14070900793883193,12.016501248,2026-01-11T16:07:51.512398
25924,0.37348287602643704,0.005002112383174051,1.4981121792944675e-05,0.002885462949052453,0.05499792692717165,91.53926737012807,139.85212715587113,0.13398933003190905,231.58957979502156,0.1381754741656468,11.997726208,2026-01-11T16:11:43.102596
25925,0.37364310034047665,0.005016272394481547,1.4976932676309286e-05,0.0031097569735720754,0.063582036877051,91.5683449722128,139.77149523154367,0.13313654495868832,231.54924923705403,0.13819954115782618,12.010948096,2026-01-11T16:15:34.652599
25926,0.3738033246545163,0.01496330632420495,1.4972742488738825e-05,0.0044141801772639155,0.05214650684501976,89.72501560102683,135.6394034549594,0.1343515960033983,225.56282825092785,0.1418673468857268,11.9972096,2026-01-11T16:19:20.216010
25927,0.373963548968556,9.312055830434929e-06,1.4968551231361653e-05,0.0037788987392559648,0.04584060679189861,89.30147598602343,135.07131608040072,0.13396744895726442,224.564362340956,0.14249812243767518,12.01786112,2026-01-11T16:23:04.781090
25928,0.3741237732825956,0.016208698192270887,1.4964358905306422e-05,0.002893023658543825,0.037804114748723805,90.90069365117233,138.3654754451709,0.13317347399424762,229.44990424299613,0.13946399370082452,12.022636544,2026-01-11T16:26:54.231695
25929,0.3742839975966353,0.013152967795015513,1.4960165511702067e-05,0.0030849900795146823,0.04058437782805413,97.4336983859539,135.2796550852945,0.13355754292570055,232.9002772050444,0.13739786136805385,12.018032128,2026-01-11T16:30:47.132734
25930,0.37444422191067495,0.006822556260587476,1.4955971051677813e-05,0.002948966925032437,0.04768476902972907,90.20468858105596,136.7163055599667,0.13338669401127845,227.11418254300952,0.1408982901978833,12.010189312,2026-01-11T16:34:34.247601
25931,0.3746044462247146,8.101964390050398e-06,1.4951775526363176e-05,0.003828522050753236,0.05161546089220792,90.10183084593154,136.57651003426872,0.13418933399952948,226.87503162201028,0.14104681229671076,12.024560128,2026-01-11T16:38:21.123338
25932,0.37476467053875423,0.00475846876465269,1.4947578936887953e-05,0.0030690558487549424,0.0525526866549626,92.18472422705963,140.9990626431536,0.13319283805321902,233.38191055192146,0.13711431157763543,11.996781568,2026-01-11T16:42:14.505893
25933,0.3749248948527939,0.025851496371515736,1.494338128438223e-05,0.0029522429686039686,0.050247575039975345,91.45937577902805,139.8898399019381,0.1336863209726289,231.54595028900076,0.13820151015407378,12.012151296,2026-01-11T16:46:06.052461
25934,0.37508511916683357,0.011002498250981319,1.4939182569976376e-05,0.003279585624113679,0.05026468599680811,90.283043623087,137.47651219484396,0.13393525208812207,227.95600278803613,0.14037796596106775,11.997529088,2026-01-11T16:49:54.009258
25935,0.37524534348087324,0.016806450391166905,1.4934982794801053e-05,0.003677209955640137,0.05183420213870704,90.32893583702389,137.00810896104667,0.13352991500869393,227.53391342505347,0.1406383756966425,11.99767296,2026-01-11T16:53:41.543875
25936,0.37540556779491285,0.007933817034956547,1.49307819599872e-05,0.0028520249761641026,0.05303751479368657,90.09632785548456,136.58749685878865,0.1349547760328278,226.8820018710103,0.14104247906889075,12.01530368,2026-01-11T16:57:28.426584
25937,0.3755657921089525,0.053001647051910794,1.4926580066666056e-05,0.002710397937335074,0.05337551899719983,92.07245071209036,140.9667324430775,0.1345548810204491,233.23757727094926,0.13719916136337665,12.0132992,2026-01-11T17:01:21.664790
25938,0.3757260164229922,0.02958801452306048,1.4922377115969126e-05,0.0028540327912196517,0.05580996803473681,90.51090886502061,137.6519248590339,0.13355378294363618,228.36138144799042,0.14012877219911213,12.02144256,2026-01-11T17:05:10.026779
25939,0.37588624073703186,0.002501528211787729,1.4918173109028209e-05,0.002719125128351152,0.049507848685607314,89.24323727726005,134.53266148478724,0.13296611898113042,223.96833200694527,0.14287734213695746,12.014418944,2026-01-11T17:08:53.995867
25940,0.3760464650510715,0.025685289073591022,1.4913968046975393e-05,0.0028689197497442365,0.05771682283375412,91.26230922015384,139.04627635795623,0.13437778898514807,230.51038471702486,0.1388223790406809,12.016628736,2026-01-11T17:12:44.506877
25941,0.37620668936511115,0.0027277817709627783,1.490976193094304e-05,0.0027617719024419785,0.05505368113517761,90.17845154588576,136.6770403421251,0.1349390820832923,227.0560887659667,0.14093433994180762,12.014733312,2026-01-11T17:16:31.563583
25942,0.3763669136791508,0.04449166687134998,1.4905554762063805e-05,0.0032119769603013992,0.05634539108723402,90.11890305916313,136.4116425968241,0.13501844799611717,226.73287721408997,0.14113524422743667,11.99771136,2026-01-11T17:20:18.297051
25943,0.3765271379931905,8.260471082266463e-06,1.4901346541470618e-05,0.0029825716046616435,0.04795329784974456,88.5047415640438,133.14840683015063,0.13379509502556175,221.84522622392979,0.14424470855054286,11.998589952,2026-01-11T17:24:00.142903
25944,0.3766873623072301,0.009937643411142005,1.4897137270296702e-05,0.0026526711881160736,0.050151668838225305,90.28681165503804,136.8946398969274,0.13403783203102648,227.375640881015,0.14073627181878073,12.013525504,2026-01-11T17:27:47.519401
25945,0.37684758662126977,0.0011528297641021368,1.4892926949675552e-05,0.0026948590530082583,0.045993079082109034,90.94971559604164,138.29775257885922,0.1337833219440654,229.43731498601846,0.1394716461093089,11.997882368,2026-01-11T17:31:36.957631
25946,0.37700781093530944,0.00666574532303521,1.4888715580740957e-05,0.0027233007131144404,0.0495336129097268,91.15111403586343,139.2440097782528,0.13343450101092458,230.58714606403373,0.13877616574131865,12.009611264,2026-01-11T17:35:27.545364
25947,0.3771680352493491,0.034249897254012396,1.488450316462698e-05,0.002614182187244296,0.046155714080668986,90.1474055738654,136.73356921807863,0.13290582899935544,227.07045543403365,0.14092542307555433,11.997495296,2026-01-11T17:39:14.616612
25948,0.3773282595633887,0.024339598077904867,1.4880289702467971e-05,0.0026504521956667304,0.056855269242078066,89.5346669757273,135.1662297230214,0.13477404997684062,224.90107828599866,0.14228477801830164,11.997320192,2026-01-11T17:42:59.518571
25949,0.3774884838774284,0.0018886001199618363,1.4876075195398554e-05,0.0031240967800840735,0.056902386946603656,91.61437924636994,140.2971735210158,0.13452261802740395,232.113558833953,0.13786355334326605,11.996634624,2026-01-11T17:46:51.632751
25950,0.37764870819146806,0.0031253872782865955,1.4871859644553645e-05,0.004314945195801556,0.04656888055615127,91.3585555779282,139.18579286604654,0.13326821604277939,230.7357833640417,0.13868676775423355,12.011433472,2026-01-11T17:50:42.369200
25951,0.37780893250550773,0.01731786649322231,1.4867643051068437e-05,0.00290925579611212,0.051080877892673016,90.5488635872025,137.53741589700803,0.13266176194883883,228.28269000002183,0.14017707606300303,12.029279744,2026-01-11T17:54:30.652498
25952,0.37796915681954735,0.015535215556830906,1.4863425416078395e-05,0.0042217731242999434,0.04914506385102868,91.15109066909645,139.03638852015138,0.13421940302941948,230.38292475999333,0.13889918288578343,11.99662592,2026-01-11T17:58:21.036061
25953,0.378129381133587,0.007699815566672541,1.4859206740719279e-05,0.0030517770210281014,0.05109294911380857,89.17433665785939,134.4650865959702,0.13527437101583928,223.8404069590615,0.142958996700951,12.020091392,2026-01-11T18:02:04.877172
25954,0.3782896054476267,0.02049930570700198,1.4854987026127121e-05,0.002884209156036377,0.05307356163393706,91.83682573121041,140.0481737081427,0.13379041710868478,232.08214555005543,0.1378822137487446,12.011636224,2026-01-11T18:05:56.959941
25955,0.37844982976166636,0.0214053284624125,1.4850766273438228e-05,0.0030488622142001987,0.043743590358644724,91.79518961068243,139.93122623988893,0.13394217903260142,231.9135457619559,0.13798245330976014,12.012045824,2026-01-11T18:09:48.874101
25956,0.37861005407570597,0.014411490318668285,1.4846544483789202e-05,0.003233821946196258,0.046651845215819776,90.23449674760923,136.92470774136018,0.13445576804224402,227.3518698370317,0.14075098666634214,11.996831744,2026-01-11T18:13:36.226578
25957,0.37877027838974564,0.004516129499867461,1.484232165831691e-05,0.0030393939232453704,0.04514109424781054,90.14443737152033,136.31441961030941,0.13537430891301483,226.65061027894262,0.14118647181499788,11.997584384,2026-01-11T18:17:22.877786
25958,0.3789305027037853,0.017871263667114334,1.4838097798158497e-05,0.0028279462130740285,0.04342189303133637,90.156579839997,136.72791402135044,0.13393596198875457,227.0722723880317,0.14092429543892926,11.997688832,2026-01-11T18:21:09.950854
25959,0.379090727017825,0.008816193406195438,1.4833872904451404e-05,0.00267878919839859,0.047232313081622124,91.2993605339434,139.04339152795728,0.1343380429316312,230.53399231494404,0.13880816307680646,12.013392896,2026-01-11T18:25:00.485560
25960,0.3792509513318646,0.0019198611981359193,1.482964697833333e-05,0.002804272808134556,0.05104352720081806,90.46301208296791,137.3519825199619,0.13389295199885964,228.01096854999196,0.14034412556334508,12.018011136,2026-01-11T18:28:48.497218
25961,0.37941117564590426,1.430324196149968e-05,1.4825420020942263e-05,0.0030293659074231982,0.04643666208721697,91.20811628608499,139.0917005597148,0.1340494300238788,230.4920709239086,0.1388334092002845,11.997344768,2026-01-11T18:32:38.990018
25962,0.37957139995994393,0.0316638063442074,1.4821192033416467e-05,0.0030510510550811887,0.04843584692571312,91.40223046194296,139.3826536478009,0.13355638599023223,230.9765344139887,0.13854221200948963,12.018831872,2026-01-11T18:36:29.967149
25963,0.3797316242739836,0.008793586524905805,1.4816963016894485e-05,0.002947104861959815,0.050185807747766376,89.63006878527813,135.50416696094908,0.1342480730963871,225.3278341749683,0.14201530013887154,11.9976704,2026-01-11T18:40:15.295635
25964,0.3798918485880232,0.013316693311715255,1.4812732972515131e-05,0.003593115136027336,0.050993664539419115,90.4639945293311,137.07035957439803,0.13369208294898272,227.7300103759626,0.14051727283185367,11.99776512,2026-01-11T18:44:03.026261
25965,0.3800520729020629,0.022736309231394358,1.4808501901417499e-05,0.0035410617711022496,0.04689477710053325,92.11450447805692,140.88173550111242,0.13494229700881988,233.1880314530572,0.13722831227914836,12.0146944,2026-01-11T18:47:56.215095
25966,0.38021229721610256,0.003017953093930714,1.4804269804740963e-05,0.0028684401186183095,0.05015597178135067,89.92226630134974,136.21311775490176,0.1335157189751044,226.33056839893106,0.14138611600884898,11.996857344,2026-01-11T18:51:42.546486
25967,0.38037252153014217,0.015646078687890252,1.480003668362517e-05,0.002625893335789442,0.04898880375549197,89.75677474308759,135.88019252882805,0.13523792196065187,225.83024528203532,0.1416993545750959,11.997387776,2026-01-11T18:55:28.377447
25968,0.38053274584418184,0.004986353245259423,1.4795802539210041e-05,0.003268987056799233,0.0508365168934688,89.07026649510954,133.96874118514825,0.1338872250635177,223.2333189951023,0.1433477768643581,11.996537856,2026-01-11T18:59:11.611629
25969,0.3806929701582215,1.0946165552638831e-05,1.479156737263578e-05,0.0037701568799093366,0.05200943595264107,91.76190668111667,140.21091320889536,0.1341270620469004,232.16900297405664,0.13783063023092618,11.997705216,2026-01-11T19:03:03.781352
25970,0.3808531944722612,0.021639105619879473,1.4787331185042856e-05,0.0031837731366977096,0.05422218912281096,93.91009650786873,144.74542700895108,0.13486035505775362,238.85414013895206,0.13397297606557784,12.034685952,2026-01-11T19:07:02.636185
25971,0.3810134187863008,0.00589746496470589,1.4783093977572019e-05,0.003884027129970491,0.04823339974973351,90.85381722205784,137.9551081318641,0.1352938690688461,229.0024969209917,0.13973646763790676,11.997373952,2026-01-11T19:10:51.639399
25972,0.38117364310034046,0.022419036530592074,1.4778855751364295e-05,0.0031537209870293736,0.04962561931461096,90.68864587065764,137.5548726314446,0.1341023079585284,228.43857742403634,0.14008141865023258,12.0151808,2026-01-11T19:14:40.078729
25973,0.38133386741438013,0.015091590193307525,1.477461650756098e-05,0.002872138051316142,0.04792477691080421,92.35296376585029,141.3908119382104,0.13372505898587406,233.93448351498228,0.13679043601945315,12.010692096,2026-01-11T19:18:34.013875
25974,0.3814940917284198,9.859969278913638e-05,1.4770376247303644e-05,0.003709732205606997,0.05512207094579935,92.16497205104679,141.06379023799673,0.13381298899184912,233.42970884905662,0.13708623532873554,12.022257664,2026-01-11T19:22:27.444176
25975,0.3816543160424594,0.0012365831520924075,1.4766134971734138e-05,0.0034971609711647034,0.05190878186840564,89.78789359517395,135.79794648475945,0.13225125393364578,225.78210420999676,0.1417295675933521,11.99667968,2026-01-11T19:26:13.226899
25976,0.3818145403564991,0.011396034437513691,1.4761892681994581e-05,0.003814165713265538,0.05420704686548561,89.82871094928123,136.01737457583658,0.13501307694241405,226.04537663701922,0.1415644968106788,12.014818304,2026-01-11T19:29:59.273080
25977,0.38197476467053876,0.000396431994102997,1.4757649379227357e-05,0.004999991273507476,0.050532670225948095,91.98507292056456,140.67998920031823,0.13479201507288963,232.86360318108927,0.13741950035495587,12.017547776,2026-01-11T19:33:52.137265
25978,0.3821349889845784,0.007730369598203168,1.4753405064575136e-05,0.002622586558572948,0.05196298914961517,89.60469194722828,135.2556812458206,0.13317041099071503,225.05523862002883,0.14218731452871036,11.997821952,2026-01-11T19:37:37.193145
25979,0.38229521329861804,0.023023729975113483,1.4749159739180858e-05,0.0028463207418099046,0.05003973445855081,91.84756222367287,140.29635364108253,0.133542587980628,232.33763261593413,0.13773059335978352,12.014371328,2026-01-11T19:41:29.531372
25980,0.3824554376126577,0.035927054805583225,1.4744913404187731e-05,0.004003368783742189,0.054156263708136976,91.75052920321468,139.98718927591108,0.133775494992733,231.9375217910856,0.13796818967835459,11.997846016,2026-01-11T19:45:21.469648
25981,0.3826156619266974,0.015006602791629575,1.4740666060739235e-05,0.0027682132786139846,0.04887530510313809,88.73489412595518,133.54140134318732,0.1339961140183732,222.46913829201367,0.1438401759708203,11.996591104,2026-01-11T19:49:03.939575
25982,0.38277588624073705,0.02886695410236939,1.4736417709979127e-05,0.003468712908215821,0.04953843785915524,89.1624700971879,134.2350169958081,0.1355246719904244,223.59467773605138,0.14311610778936026,12.011208192,2026-01-11T19:52:47.534951
25983,0.38293611055477667,0.005557679306246399,1.4732168353051423e-05,0.002992871915921569,0.05183427955489606,89.39624781138264,134.96120379678905,0.13471604092046618,224.55678473692387,0.14250293099577963,12.012826112,2026-01-11T19:56:32.092661
25984,0.38309633486881634,0.015466659556434337,1.4727917991100426e-05,0.003138412837870419,0.052294952096417546,91.91251773049589,140.04457298177294,0.13342346798162907,232.15403077297378,0.1378395192771526,12.019278336,2026-01-11T20:00:24.247351
25985,0.383256559182856,0.0007271494836338377,1.4723666625270699e-05,0.002888852613978088,0.051302595064044,90.33505657000933,136.9584317220142,0.13554580404888839,227.49129819998052,0.14066472103855945,12.01306624,2026-01-11T20:04:11.739303
25986,0.3834167834968957,0.02584873001596577,1.4719414256707079e-05,0.0032973402412608266,0.05506767169572413,91.21285892929882,138.83221716596745,0.13422168395482004,230.24401030188892,0.13898298573779433,11.997285376,2026-01-11T20:08:01.983946
25987,0.3835770078109353,0.014856255836109611,1.4715160886554673e-05,0.0034981927601620555,0.050870980019681156,89.95463548297994,136.09623349504545,0.13318126695230603,226.2459645299241,0.1414389868411004,12.022815232,2026-01-11T20:11:48.230510
25988,0.38373723212497496,0.013573722330438187,1.4710906515958856e-05,0.003617652808316052,0.05152359011117369,91.26920877816156,138.76227924996056,0.1351753129856661,230.23119099100586,0.1389907243334814,12.015834112,2026-01-11T20:15:38.462406
25989,0.38389745643901463,2.4096711008780858e-06,1.4706651146065274e-05,0.004063319880515337,0.04660162050276995,89.77912607463077,135.93910643225536,0.13340555399190634,225.91189176694024,0.1416481432195366,11.998465024,2026-01-11T20:19:24.374921
25990,0.3840576807530543,0.04436095521617389,1.470239477801984e-05,0.0028125137323513627,0.053784211282618344,92.06585392577108,141.01050969026983,0.13282341207377613,233.27439995796885,0.13717750428579273,12.006166016,2026-01-11T20:23:17.649929
25991,0.3842179050670939,2.8145237340737594e-06,1.469813741296874e-05,0.0030814942438155413,0.047149234800599515,90.51112276199274,137.19962566206232,0.13438467995729297,227.9045017400058,0.14040968807411144,11.998169088,2026-01-11T20:27:05.555028
25992,0.3843781293811336,0.006464858607959201,1.4693879052058426e-05,0.002885156194679439,0.04764689598232508,90.28396980487742,136.91330385603942,0.13504106900654733,227.38903946406208,0.14072797912960738,11.997628416,2026-01-11T20:30:52.944810
25993,0.38453835369517325,0.005045205069942327,1.468961969643561e-05,0.003769654897041619,0.04910991282667965,91.75525608693715,140.68376358004753,0.1329799439990893,232.6351005199831,0.1375544787887726,12.017363456,2026-01-11T20:34:45.580840
25994,0.3846985780092129,0.022341585568415923,1.4685359347247287e-05,0.003352614934556186,0.051964723970741034,92.69480982806999,141.97421085706446,0.13339811598416418,234.8673688470153,0.1362471089836397,12.026979328,2026-01-11T20:38:40.448902
25995,0.38485880232325254,4.795075234653723e-06,1.4681098005640716e-05,0.003748062765225768,0.049074447713792324,90.77409980131779,137.95950101991184,0.13387084193527699,228.93020359694492,0.13978059468439244,12.034551296,2026-01-11T20:42:29.379895
25996,0.3850190266372922,0.0041142574654031705,1.4676835672763413e-05,0.002946504857391119,0.04819761891849339,90.73941520927474,137.94890486821532,0.13433010398875922,228.8815823099576,0.13981028825930056,12.019382784,2026-01-11T20:46:18.262177
25997,0.3851792509513319,0.012135875770956872,1.4672572349763166e-05,0.0032094231573864818,0.04517095978371799,88.98898493521847,133.62757394695655,0.13325027702376246,222.80749134602956,0.1436217418304963,11.997568,2026-01-11T20:50:01.070320
25998,0.38533947526537154,0.00908675966565653,1.4668308037788039e-05,0.002870831754989922,0.04895726905670017,89.05667319998611,134.86365440383088,0.13476127304602414,224.1140235880157,0.14278446072979778,12.014316544,2026-01-11T20:53:45.184949
25999,0.38549969957941116,0.0062484759751679775,1.4664042737986348e-05,0.0044614801881834865,0.0481439201394096,91.03986946796067,138.77504922938533,0.13406235293950886,230.00855743000284,0.13912525845799617,12.014527488,2026-01-11T20:57:35.194251
26000,0.38565992389345083,0.01796768574148544,1.4659776451506683e-05,0.0029710568487644196,0.051329895155504346,91.70415744872298,140.33736003213562,0.1335834088968113,232.23756670195144,0.13778993835682102,12.017194496,2026-01-11T21:01:27.432421
26001,0.3858201482074905,0.004106207082408275,1.4655509179497903e-05,0.0029052640311419964,0.0473409800324589,89.58288692496717,135.4644788223086,0.13421830302104354,1570.2252178459894,0.020379242185332564,12.025040896,2026-01-11T21:27:37.658241
26002,0.38598037252153017,0.006879265505652654,1.4651240923109119e-05,0.0027162699261680245,0.05269475618842989,89.58795565576293,135.41967471002135,0.1349117939826101,225.20383505697828,0.14209349495271142,11.997560832,2026-01-11T21:31:22.873173
26003,0.3861405968355698,0.005094533461365458,1.4646971683489721e-05,0.0025965101085603237,0.05295447201933712,89.18126808293164,134.65773919702042,0.13340941292699426,224.03528394992463,0.1428346438820436,11.997668352,2026-01-11T21:35:06.909089
26004,0.38630082114960945,0.016568433448201247,1.4642701461789356e-05,0.00274369481485337,0.05464805371593684,90.58785010210704,137.62049702287186,0.13560085406061262,228.40712765906937,0.14010070669845567,11.997121536,2026-01-11T21:38:55.316825
26005,0.3864610454636491,0.029436236930706627,1.463843025915794e-05,0.00265752209816128,0.04376088723074645,90.96252410300076,138.27741919003893,0.13434572599362582,229.4273154209368,0.13947772496613445,11.997402112,2026-01-11T21:42:44.745029
26006,0.3866212697776888,1.9474509738159895e-06,1.4634158076745652e-05,0.0029601119458675385,0.0491124140098691,90.41544401808642,137.18143915897235,0.13425150408875197,227.78928470006213,0.1404807080461905,11.997123584,2026-01-11T21:46:32.534972
26007,0.3867814940917284,0.00956452027372734,1.4629884915702931e-05,0.0037967750104144216,0.046736127929762006,91.98900308809243,140.71320603892673,0.13551614002790302,232.8957722140476,0.13740051910684642,12.015954944,2026-01-11T21:50:25.431331
26008,0.3869417184057681,0.02899741874704098,1.4625610777180486e-05,0.002736364956945181,0.05425016407389194,88.9854098277865,134.82659896137193,0.13270890503190458,224.00989487802144,0.14285083262694595,12.011318784,2026-01-11T21:54:09.441825
26009,0.38710194271980775,0.0002531995094123829,1.4621335662329282e-05,0.003504356136545539,0.052122769062407315,90.6094230429735,137.94224458409008,0.1334743860643357,228.74887367908377,0.13989139918080393,12.010209792,2026-01-11T21:57:58.191623
26010,0.38726216703384736,2.396715061259158e-05,1.4617059572300552e-05,0.0027495211688801646,0.04993246681988239,90.09562276105862,136.73301662981976,0.13433532696217299,227.02177896199282,0.14095563935016706,12.006692352,2026-01-11T22:01:45.214045
26011,0.38742239134788703,4.3290849662369624e-05,1.4612782508245793e-05,0.002705407910980284,0.05076160479802638,90.09029388020281,136.49079278600402,0.13270184199791402,226.7743428730173,0.14110943766649323,12.02239744,2026-01-11T22:05:31.989315
26012,0.3875826156619267,0.018268604786150888,1.4608504471316754e-05,0.0033145931083709,0.047701667877845466,91.08949975774158,138.67965177202132,0.13330603402573615,229.96104151499458,0.1391540053444811,12.034120704,2026-01-11T22:09:21.951080
26013,0.38774283997596637,0.010435728996220917,1.4604225462665459e-05,0.0037227070424705744,0.04903908201958984,90.47891403292306,137.64605356694665,0.13376446603797376,228.31964205997065,0.14015438930827884,12.012302848,2026-01-11T22:13:10.271497
26014,0.387903064290006,0.021028519623392583,1.4599945483444189e-05,0.0028846398927271366,0.050495041883550584,91.45860353729222,139.33523454365786,0.13395491102710366,230.98853849607985,0.13853501220599773,12.024875008,2026-01-11T22:17:01.260660
26015,0.38806328860404565,0.015552135016180912,1.4595664534805481e-05,0.003094973275437951,0.05438099626917392,90.59510205301922,137.7255456239218,0.13438595307525247,228.51970864098985,0.14003168562704935,12.0258304,2026-01-11T22:20:49.781110
26016,0.3882235129180853,0.007373924150261502,1.4591382617902144e-05,0.003952848957851529,0.04651829483918846,89.52330498816445,135.53754895285238,0.1357096079736948,225.25408033793792,0.14206179951098746,12.01322752,2026-01-11T22:24:35.035787
26017,0.388383737232125,0.025611798386551143,1.458709973388724e-05,0.0030721842776983976,0.047173032886348665,90.84582686482463,138.40361391950864,0.1335348340217024,229.4434354689438,0.1394679256549545,12.013722112,2026-01-11T22:28:24.479839
26018,0.3885439615461646,0.014230347887979278,1.4582815883914086e-05,0.0030544191831722856,0.04820228077005595,90.15108643914573,136.6476873300271,0.13365218706894666,226.98996241390705,0.14097539670784776,11.997779968,2026-01-11T22:32:11.470710
26019,0.3887041858602043,0.024008795303045005,1.457853106913627e-05,0.0029648689087480307,0.04517873807344586,91.63993173500057,140.3790776161477,0.13499339204281569,232.20847079192754,0.13780720354803028,12.018530816,2026-01-11T22:36:03.680003
26020,0.38886441017424395,0.01131996705753835,1.4574245290707637e-05,0.0028144028037786484,0.05142182391136885,91.88623532885686,140.39821442728862,0.1343480700161308,232.48005931300577,0.13764621402180538,11.997791232,2026-01-11T22:39:56.160712
26021,0.3890246344882836,4.020710671071015e-06,1.4569958549782289e-05,0.003029970801435411,0.0498469949234277,90.15574290370569,136.94773420726415,0.13451416697353125,227.29818811407313,0.1407842282664405,12.00934912,2026-01-11T22:43:43.459541
26022,0.38918485880232323,0.012024983808180068,1.4565670847514587e-05,0.0026297620497643948,0.051219889195635915,92.13609453779645,140.77524030313361,0.1342119330074638,233.10612298094202,0.1372765313531306,12.022013952,2026-01-11T22:47:36.566299
26023,0.3893450831163629,0.011879707106640325,1.4561382185059155e-05,0.0025411080569028854,0.05191563279367983,89.51253051031381,135.18878004758153,0.13428579701576382,224.89720385009423,0.1422872292415413,12.015837184,2026-01-11T22:51:21.464297
26024,0.38950530743040257,2.448655403242128e-05,1.4557092563570869e-05,0.0026613849913701415,0.04762569488957524,89.93776319513563,136.4509485247545,0.13484196702484041,226.5803094470175,0.1412302775916313,12.020652544,2026-01-11T22:55:08.045253
26025,0.38966553174444224,0.003916638347451595,1.4552801984204868e-05,0.0030984110198915005,0.05592924077063799,91.19507030013483,138.7261474148836,0.13355657795909792,230.12098404299468,0.13905728820463098,12.023095808,2026-01-11T22:58:58.166835
26026,0.38982575605848185,0.009163973704673367,1.4548510448116549e-05,0.0029120587278157473,0.050450014881789684,89.15188218315598,134.31442278216127,0.13359391305129975,223.6609460270265,0.14307370405262088,12.009086976,2026-01-11T23:02:41.828378
26027,0.3899859803725215,1.990652154049144e-05,1.4544217956461566e-05,0.0034215222112834454,0.04966255521867424,89.79659815283958,135.6843349590199,0.13467803492676467,225.67612868500873,0.14179612255164364,11.997514752,2026-01-11T23:06:27.505317
26028,0.3901462046865612,0.008303482556769382,1.4539924510395832e-05,0.013535235077142715,0.05413060623686761,90.41527799284086,137.27204273815732,0.13309549097903073,227.89527574693784,0.14041537234643608,11.9966976,2026-01-11T23:10:15.401224
26029,0.39030642900060086,5.0657827213029805e-06,1.4535630111075512e-05,0.0036842747358605266,0.04932151804678142,90.15471534093376,136.7924701871816,0.13492010592017323,227.1416682600975,0.1408812405276391,12.012023296,2026-01-11T23:14:02.543482
26030,0.3904666533146405,0.012224814279393925,1.453133475965703e-05,0.003323536948300898,0.05243139388039708,90.96822297782637,138.58871587109752,0.13318551401607692,229.75526603404433,0.1392786357082164,12.01380352,2026-01-11T23:17:52.299455
26031,0.39062687762868015,0.005134860976847122,1.4527038457297068e-05,0.002612366806715727,0.04465257190167904,91.84552468999755,140.1184161499841,0.13322203303687274,232.15176999301184,0.1378408616094689,11.996656128,2026-01-11T23:21:44.451880
26032,0.3907871019427198,0.02364506702889635,1.4522741205152564e-05,0.00421825994271785,0.05203064519446343,91.4449599692598,139.58296644303482,0.13416539796162397,231.22483767999802,0.138393436972745,12.021701632,2026-01-11T23:25:35.677542
26033,0.3909473262567595,0.009442545589372742,1.4518443004380706e-05,0.0028783601010218263,0.0437832452589646,89.65347439981997,135.3258717568824,0.133923321031034,225.1690365219256,0.14211545465703512,11.997530112,2026-01-11T23:29:20.847493
26034,0.3911075505707991,0.023522723122843203,1.451414385613895e-05,0.002778676222078502,0.050547245191410184,91.12426626984961,138.9756128556328,0.1341389489825815,230.29681535693817,0.13895111814899846,12.024799232,2026-01-11T23:33:11.145160
26035,0.39126777488483877,0.03755696918049267,1.450984376158499e-05,0.002849824959412217,0.0505227311514318,89.98524392058607,136.3231968692271,0.1350037429947406,226.50380779302213,0.14127797811346912,11.99665152,2026-01-11T23:36:57.649692
26036,0.39142799919887844,0.014298030365962333,1.4505542721876799e-05,0.0032632549991831183,0.05216541641857475,90.42001791484654,137.01728606573306,0.13378169108182192,227.63497153006028,0.14057593956196773,11.997012992,2026-01-11T23:40:45.285267
26037,0.3915882235129181,0.0003647105016373331,1.4501240738172573e-05,0.0027794421184808016,0.04902402812149376,90.9339205470169,138.22415050200652,0.13336669304408133,229.3509705539327,0.139524153408695,11.996548096,2026-01-11T23:44:34.636847
26038,0.3917484478269577,0.0017701041901787562,1.449693781163079e-05,0.0031898615416139364,0.050754338037222624,91.68389762484003,139.95483887416776,0.13307335297577083,231.8342252339935,0.13802966308232512,12.012598784,2026-01-11T23:48:26.471787
26039,0.3919086721409974,0.011253607628230355,1.449263394341017e-05,0.002881827764213085,0.052570964908227324,93.1761433390202,143.4278065341059,0.13398757495451719,236.80050135403872,0.1351348490270172,12.015695872,2026-01-11T23:52:23.273175
26040,0.39206889645503706,0.0001930135940408917,1.4488329134669681e-05,0.0028693260392174125,0.052428805036470294,90.54681763018016,137.8849412330892,0.13527158310171217,228.62984083709307,0.13996423162801894,12.037012992,2026-01-11T23:56:11.903647
26041,0.39222912076907673,0.01484020392381602,1.4484023386568556e-05,0.0031678121304139495,0.05241382296662778,92.10511136602145,140.73376131302211,0.13398021890316159,233.0346797599923,0.13731861726742786,12.010659328,2026-01-12T00:00:04.938971
26042,0.39238934508311635,0.0021432408582349183,1.4479716700266275e-05,0.002982981037348509,0.047525745118036866,91.22621351189446,138.79371761414222,0.13247923005837947,230.21079918800388,0.1390030359690767,12.009172992,2026-01-12T00:03:55.150373
26043,0.392549569397156,0.0010417278485519432,1.447540907692257e-05,0.002802410745061934,0.041765509406104684,89.06140791473445,134.33402313583065,0.1367284709122032,223.58399159903638,0.14312294798541345,11.997428736,2026-01-12T00:07:38.735224
26044,0.3927097937111957,0.011274317597205652,1.4471100517697428e-05,0.0024086630437523127,0.04525932692922652,90.00988152984064,136.4333857462043,0.13385666604153812,226.6318614850752,0.14119815188522092,12.011879936,2026-01-12T00:11:25.367699
26045,0.39287001802523536,0.003874439347720582,1.4466791023751086e-05,0.0025931791169568896,0.0485542023088783,89.56057938782033,135.5691044499399,0.1348346439190209,225.32295471592806,0.14201837553720806,12.015176704,2026-01-12T00:15:10.691286
26046,0.39303024233927497,0.0001027924986267692,1.4462480596244036e-05,0.0030030860798433423,0.049843261134810746,89.88086896983441,136.3450415324187,0.1343135479837656,226.4190873389598,0.14133084085837042,12.014927872,2026-01-12T00:18:57.110976
26047,0.39319046665331464,0.003187256253385229,1.4458169236337014e-05,0.0030057724798098207,0.05884305841755122,91.35222130897455,139.3443897397956,0.13463794998824596,230.90014319494367,0.13858804744431508,12.014025216,2026-01-12T00:22:48.011746
26048,0.3933506909673543,0.02178052041404044,1.4453856945191015e-05,0.002574907732196152,0.054110684897750616,90.64351695287041,137.87160202814266,0.13631179090589285,228.7142070349073,0.13991260278429501,11.996635136,2026-01-12T00:26:36.726566
26049,0.3935109152813939,0.009815767989964641,1.4449543723967282e-05,0.0031464481726288795,0.05014195654075593,90.96044602408074,138.41503249004018,0.13500767794903368,229.57344404107425,0.13938894428170318,12.019147264,2026-01-12T00:30:26.300885
26050,0.3936711395954336,0.004264572848709847,1.4445229573827306e-05,0.0030335389310494065,0.0516713245306164,91.96225846523885,140.4785115341656,0.13323512498755008,232.63587694708258,0.1375540196978259,11.997723648,2026-01-12T00:34:18.937347
26051,0.39383136390947326,0.005422054567956636,1.4440914495932831e-05,0.0025786339538171887,0.048650979646481574,90.86841891228687,138.11927095113788,0.13352648296859115,229.18145784793887,0.13962735162122886,12.018223616,2026-01-12T00:38:08.119562
26052,0.39399158822351293,0.018981027131019346,1.443659849144585e-05,0.002905400935560465,0.056635709130205214,89.4494428668404,135.41223514231388,0.13329881301615387,225.0608310549287,0.14218378138037724,12.02740736,2026-01-12T00:41:53.181078
26053,0.39415181253755255,0.01870788986826888,1.4432281561528609e-05,0.002750965184532106,0.04681804613210261,91.3600861246232,139.31092810211703,0.13262790290173143,230.86240890598856,0.13861069955754898,12.023433728,2026-01-12T00:45:44.044119
26054,0.3943120368515922,0.003631369937473039,1.442796370734359e-05,0.0027542439056560397,0.050537553848698735,91.51519522222225,139.07610441977158,0.13348007900640368,230.7844416910084,0.1386575271951998,11.996923904,2026-01-12T00:49:34.829343
26055,0.3944722611656319,0.010636256153656376,1.4423644930053546e-05,0.002955731702968478,0.05511311918962747,90.2191618627403,136.67637570307124,0.13340863399207592,227.09389866504353,0.14091087514067918,12.013946368,2026-01-12T00:53:21.923973
26056,0.39463248547967156,0.0018740538077484103,1.441932523082146e-05,0.0030045141465961933,0.053316825069487095,92.05607371404767,140.5285906008212,0.13465325790457428,232.7825586060062,0.1374673437375576,12.017065984,2026-01-12T00:57:14.707161
26057,0.39479270979371117,0.029201417840191368,1.4415004610810567e-05,0.0028385940240696073,0.05422224837820977,91.56719653704204,139.9545040486846,0.1336037809960544,231.71939566999208,0.1380980642879522,12.011929088,2026-01-12T01:01:06.427185
26058,0.39495293410775084,0.018959688870456404,1.4410683071184362e-05,0.0028872789116576314,0.05196398217231035,90.39326467993669,137.25678839709144,0.13181853597052395,227.8439879019279,0.14044697994741,12.025182208,2026-01-12T01:04:54.271769
26059,0.3951131584217905,8.805534269740178e-06,1.4406360613106566e-05,0.0028405594639480114,0.05459074105601758,88.54813722905237,133.14546411309857,0.13399936200585216,221.89234058302827,0.14421408109860445,11.998398464,2026-01-12T01:08:36.164801
26060,0.3952733827358302,0.00962906000373387,1.4402037237741169e-05,0.013692100998014212,0.0525235605891794,90.73760676628444,137.8585353908129,0.1344571519875899,228.80410535505507,0.1398576303967223,11.99776256,2026-01-12T01:12:24.969491
26061,0.3954336070498698,0.04457499578477098,1.4397712946252393e-05,0.0028121498180553317,0.05234938289504498,92.1066238800995,140.7333264449844,0.13340208597946912,233.03757642104756,0.13731691039466978,11.996877824,2026-01-12T01:16:18.007909
26062,0.39559383136390947,0.018886053680237325,1.4393387739804717e-05,0.002819403074681759,0.05213748221285641,91.92334325180855,141.2095863301074,0.13400939793791622,233.32868352497462,0.13714559014590608,12.039813632,2026-01-12T01:20:11.337371
26063,0.39575405567794913,0.006126924083492469,1.4389061619562857e-05,0.0032987799495458603,0.04616518004331738,90.48341669805814,137.48921009583864,0.1340639110421762,228.16515292902477,0.14024928692750127,12.020132352,2026-01-12T01:23:59.503276
26064,0.3959142799919888,0.0069116993017726,1.4384734586691778e-05,0.0032404931262135506,0.04861651489045471,91.81392535811756,139.97364689281676,0.13322789105586708,231.98062929697335,0.13794255191468913,12.012209664,2026-01-12T01:27:51.484570
26065,0.3960745043060284,0.02103548737051497,1.43804066423567e-05,0.0029030981240794063,0.04288741433992982,89.5015702478122,135.47466113988776,0.1343536910135299,225.16263600601815,0.1421194944579735,12.010729984,2026-01-12T01:31:36.647917
26066,0.3962347286200681,0.00268889670979533,1.4376077787723073e-05,0.002807294251397252,0.04756276519037783,89.9838896918809,136.4789080041228,0.13405818305909634,226.65342114993837,0.14118472087315634,11.99688192,2026-01-12T01:35:23.302025
26067,0.39639495293410776,0.020461929223525743,1.4371748023956607e-05,0.0027254722081124783,0.05566140508744866,91.2231815791456,138.928574490943,0.1330374099779874,230.350744329975,0.13891858736154264,12.00989952,2026-01-12T01:39:13.653507
26068,0.39655517724814743,0.006060525775460235,1.4367417352223242e-05,0.002845295355655253,0.051974800997413695,90.26346246700268,136.98359090893064,0.1350958760594949,227.44447041698731,0.14069368202855193,12.010655232,2026-01-12T01:43:01.098747
26069,0.39671540156218704,0.009557868282751514,1.4363085773689178e-05,0.0031082670902833343,0.05195057101082057,90.51502873504069,137.73972624004818,0.13398782699368894,228.45270773302764,0.1400727543023721,11.99673088,2026-01-12T01:46:49.552107
26070,0.3968756258762267,0.021871574254978654,1.4358753289520849e-05,0.0028172859456390142,0.04948538413736969,91.16312210564502,138.49164582800586,0.13345659198239446,229.8482050289167,0.1392223184687222,12.012352,2026-01-12T01:50:39.401072
26071,0.3970358501902664,0.01862342235395964,1.4354419900884932e-05,0.002917187986895442,0.052734035765752196,90.30334660224617,136.92633392685093,0.1345971761038527,227.42777109902818,0.1407040127305576,12.023599616,2026-01-12T01:54:26.829483
26072,0.39719607450430605,0.020281377973692116,1.4350085608948353e-05,0.0026579229161143303,0.04909736174158752,91.28679187828675,138.87345079972874,0.13384093903005123,230.35318320593797,0.13891711655398176,12.025536512,2026-01-12T01:58:17.183278
26073,0.39735629881834567,0.00379688044999682,1.4345750414878276e-05,0.0026131218764930964,0.04577563318889588,91.64802531118039,139.5101010107901,0.13497489807195961,231.3476785379462,0.13831995290478474,12.011208192,2026-01-12T02:02:08.531565
26074,0.39751652313238534,0.002090382056397999,1.434141431984212e-05,0.0025645450223237276,0.04992958402726799,89.89179750985932,136.00908610527404,0.1337872709846124,226.09517032594886,0.1415333195922203,12.0147712,2026-01-12T02:05:54.627342
26075,0.397676747446425,0.017756800151445873,1.4337077325007534e-05,0.0030579535523429513,0.055037207901477814,91.06992960826028,138.85671777988318,0.13473766203969717,230.12577396200504,0.1390543938171974,12.011436544,2026-01-12T02:09:44.753772
26076,0.3978369717604647,0.012949956576283839,1.4332739431542405e-05,0.012637447216548026,0.052373195881955326,91.24942722427659,139.0098635199247,0.13459626806434244,230.46557089395355,0.13884937292748376,12.021661696,2026-01-12T02:13:35.220110
26077,0.3979971960745043,0.0060719189937668006,1.432840064061488e-05,0.003682606155052781,0.05335761094465852,89.47944653511513,135.47186732187402,0.13460263796150684,225.1507918429561,0.1421269707206723,11.996627968,2026-01-12T02:17:20.371487
26078,0.39815742038854396,0.037970356165953234,1.4324060953393337e-05,0.0029630052158609033,0.050768291926942766,91.9181507753674,140.72926019958686,0.1336213150061667,232.84370018704794,0.13743124668734336,12.026862592,2026-01-12T02:21:13.215916
26079,0.39831764470258363,0.008854501238118928,1.431972037104639e-05,0.002642940147779882,0.052076672902330756,91.21138893114403,138.37485616118647,0.1350794640602544,229.78539038903546,0.13926037658801013,12.021204992,2026-01-12T02:25:03.001997
26080,0.3984778690166233,0.022524894457406575,1.4315378894742903e-05,0.002637052210047841,0.05795907031279057,91.99708635406569,140.4909569027368,0.13378659298177809,232.6896960400045,0.13752220465532988,11.997292544,2026-01-12T02:28:55.692431
26081,0.3986380933306629,0.0010688109015415392,1.4311036525651978e-05,0.0031311193015426397,0.05348897783551365,90.39214356499724,137.17320935823955,0.13200986594893038,227.76553350593895,0.1404953572537155,12.017572352,2026-01-12T02:32:43.458778
26082,0.3987983176447026,0.0011263323616219623,1.4306693264942958e-05,0.0033467377070337534,0.04864709987305105,91.55571553122718,139.80259630887304,0.13477928598877043,231.5521581870271,0.13819780498073903,11.996767232,2026-01-12T02:36:35.011611
26083,0.39895854195874225,5.307848582347674e-05,1.4302349113785427e-05,0.003003487945534289,0.0500926481327042,90.73928051500116,137.8544225100195,0.1315219149691984,228.7899206749862,0.13986630138946757,12.031303168,2026-01-12T02:40:23.802388
26084,0.3991187662727819,0.0005433558498300073,1.42980040733492e-05,0.003065840108320117,0.04672351584304124,91.64535686606541,139.68913622177206,0.134016796015203,231.52903583995067,0.13821160652230538,12.017113088,2026-01-12T02:44:15.332254
26085,0.39927899058682154,0.021367324651400565,1.4293658144804345e-05,0.0030184551142156124,0.053656824049539864,89.76301943790168,135.8724187419284,0.13324498303700238,225.83170102501754,0.14169844116107974,12.008005632,2026-01-12T02:48:01.164558
26086,0.3994392149008612,0.01622747440343808,1.428931132932116e-05,0.0031470669200643897,0.05050965619739145,90.66834424890112,137.64611231407616,0.13263467291835696,228.5090858839685,0.14003819531381279,12.0208896,2026-01-12T02:51:49.674564
26087,0.3995994392149009,0.0044235898336033586,1.4284963628070185e-05,0.004594725323840976,0.0500699516851455,89.69038395304233,135.86626076430548,0.13423034094739705,225.754482696997,0.14174690848974078,11.997641728,2026-01-12T02:55:35.429888
26088,0.3997596635289405,0.03382053701059995,1.4280615042222202e-05,0.002970693167299032,0.04947997978888452,93.26491548435297,143.64533476543147,0.13334404199849814,237.10293934703805,0.13496247700735117,12.012533248,2026-01-12T02:59:32.533475
26089,0.39991988784298016,0.00030879574596553994,1.4276265572948222e-05,0.002887378679588437,0.056928312056697905,89.47684467385989,135.23726964287926,0.13305881503038108,224.91432399197947,0.14227639855050375,12.024077824,2026-01-12T03:03:17.448634
26090,0.40008011215701983,1.0943667801299739e-05,1.4271915221419504e-05,0.0026974600041285157,0.05049225804395974,89.61370533308946,135.46193565009162,0.13385415100492537,225.27065654599573,0.14205134610359801,12.014418944,2026-01-12T03:07:02.719898
26091,0.4002403364710595,0.014080147928755338,1.4267563988807534e-05,0.0031021018512547016,0.05084887275006622,91.37550301919691,139.28633382287808,0.133406339911744,230.85554113599937,0.13861482311636814,12.012261888,2026-01-12T03:10:53.576132
26092,0.4004005607850991,0.034418220223709994,1.4263211876284044e-05,0.013152336818166077,0.054288633982650936,91.34903514024336,139.127525734948,0.13341826398391277,230.68705587799195,0.13871606223508473,12.017785344,2026-01-12T03:14:44.264040
26093,0.4005607850991388,0.0003321535868199277,1.4258858885020998e-05,0.0032991230254992843,0.05239334120415151,89.82345643592998,135.90221152396407,0.13504765997640789,225.92257683898788,0.14164144393061695,12.01213184,2026-01-12T03:18:30.187303
26094,0.40072100941317845,0.008368328398733027,1.4254505016190605e-05,0.003057520603761077,0.04753846442326903,89.68069885938894,135.1326452997746,0.13549811905249953,225.0058395479573,0.14221853114696423,11.996761088,2026-01-12T03:22:15.193776
26095,0.4008812337272181,0.005587938867844144,1.4250150270965295e-05,0.0027441270649433136,0.04539962287526578,89.02381865808275,134.16395625902805,0.13292683102190495,223.37599753402174,0.14325621531976002,11.997713408,2026-01-12T03:25:58.570410
26096,0.40104145804125774,0.029490864715754128,1.4245794650517751e-05,0.00312517280690372,0.05178763112053275,91.15005778707564,138.56062246486545,0.13435798801947385,229.90631467790809,0.13918712952635098,12.019587584,2026-01-12T03:29:48.477371
26097,0.4012016823552974,0.0037897944510518755,1.4241438156020883e-05,0.0038271129596978426,0.05101208109408617,91.2009301650105,138.60151403362397,0.13566456397529691,229.9991320859408,0.13913095979876555,12.010156544,2026-01-12T03:33:38.477100
26098,0.4013619066693371,0.0009962599894688395,1.4237080788647832e-05,0.00392605212982744,0.04932385100983083,89.06076532020234,134.09550846391357,0.13311052497010678,223.35220618802123,0.14327147488779188,11.997694976,2026-01-12T03:37:21.830112
26099,0.40152213098337675,0.012462063704330006,1.4232722549571982e-05,0.0032158895628526807,0.047998485155403614,91.34233315254096,139.10253400017973,0.13481809105724096,230.6390890899347,0.13874491148168738,12.032744448,2026-01-12T03:41:12.469997
26100,0.40168235529741636,0.017090710380484708,1.4228363439966947e-05,0.0031976039754226804,0.0448640501126647,89.91851373482496,136.5709359422326,0.1329411850310862,226.67863051302265,0.14116901945091645,12.01824,2026-01-12T03:44:59.149380
26101,0.40184257961145603,0.006516503990717126,1.4224003461006582e-05,0.003503893967717886,0.056454069912433624,89.7375453520799,135.65806241612881,0.13435945101082325,225.59644352295436,0.1418462077694235,11.996852736,2026-01-12T03:48:44.746520
26102,0.4020028039254957,0.0027720749290267577,1.4219642613864967e-05,0.00319812900852412,0.0512650974560529,90.42860174470115,137.10929319926072,0.1355196009390056,227.73545469902456,0.14051391357701082,12.016610304,2026-01-12T03:52:32.482631
26103,0.40216302823953537,9.444320895113378e-05,1.4215280899716419e-05,0.0030406550504267216,0.04934973397757858,91.72820222307928,140.1466466410784,0.13315377396065742,232.0676672080299,0.1378908160063271,12.023163392,2026-01-12T03:56:24.550910
26104,0.402323252553575,0.013621886136112593,1.4210918319735492e-05,0.005060257273726165,0.05731146677862853,90.47284686181229,137.28354293620214,0.13387441099621356,227.95903515198734,0.14037609862080971,12.010178048,2026-01-12T04:00:12.510763
26105,0.40248347686761465,0.010237299855407223,1.420655487509697e-05,0.0030162999173626304,0.05026820907369256,90.58497001568321,137.67229275300633,0.13441968604456633,228.45108345197514,0.14007375021588384,12.011008,2026-01-12T04:04:00.962443
26106,0.4026437011816543,0.0035870935812614135,1.4202190566975873e-05,0.0027900587301701307,0.0528425412485376,90.51907922059763,137.71717722225003,0.13362984999548644,228.43155191501137,0.1400857269135294,11.996754944,2026-01-12T04:07:49.394718
26107,0.402803925495694,0.01495589565127986,1.4197825396547446e-05,0.002936063101515174,0.06003542407415807,89.38773501792457,134.79373134102207,0.1342547870008275,224.3872574720299,0.14261059366969103,11.996570624,2026-01-12T04:11:33.782670
26108,0.4029641498097336,0.006951747544636788,1.4193459364987178e-05,0.0028462380869314075,0.052448180387727916,89.72010231693275,135.8057151340181,0.1334396539023146,225.72183162602596,0.14176741243628277,11.997718528,2026-01-12T04:15:19.505167
26109,0.4031243741237733,0.004615178600166914,1.4189092473470778e-05,0.0033969628857448697,0.04739777813665569,89.55411577783525,135.69574407709297,0.1341212559491396,225.44130542105995,0.14194381965733005,11.996730368,2026-01-12T04:19:04.947114
26110,0.40328459843781295,0.009016962401737771,1.4184724723174191e-05,0.00256650906521827,0.04638088494539261,90.59567988920026,137.66269187582657,0.13410441705491394,228.44784377305768,0.14007573663855244,12.011955712,2026-01-12T04:22:53.395665
26111,0.4034448227518526,0.01897469274457464,1.4180356115273598e-05,0.0027719035279005766,0.052746327011846006,90.80680842290167,138.84122222685255,0.1328285929048434,229.84476838097908,0.13922440012625573,12.009172992,2026-01-12T04:26:43.241014
26112,0.40360504706589223,0.005175921726250365,1.4175986650945406e-05,0.003013684181496501,0.04767321888357401,91.47866249689832,139.41835241718218,0.13575484696775675,231.09167679597158,0.13847318278041,11.997351936,2026-01-12T04:30:34.333287
26113,0.4037652713799319,0.0028033669198936906,1.4171616331366254e-05,0.003283387515693903,0.05361042602453381,90.79767624393571,137.8763255191734,0.1343428649706766,228.87222908902913,0.13981600182498463,11.9968128,2026-01-12T04:34:23.206130
26114,0.40392549569397157,0.006640707962235481,1.4167245157713007e-05,0.0028695869259536266,0.044903580099344254,88.97753879195079,133.90718363667838,0.1327272270573303,223.0745454179123,0.1434498048177149,12.019841536,2026-01-12T04:38:06.281309
26115,0.40408572000801124,0.0014884017712137876,1.416287313116277e-05,0.0031120346393436193,0.05162084789481014,90.09355414751917,136.390387870837,0.134241146966815,226.67995683208574,0.14116819346186904,12.010540544,2026-01-12T04:41:52.961903
26116,0.40424594432205085,0.021441650326943673,1.415850025289287e-05,0.0029915370978415012,0.05363900412339717,89.8532251487486,135.88947876100428,0.13582828594371676,225.94478623999748,0.1416275211856836,12.01047296,2026-01-12T04:45:38.907279
26117,0.4044061686360905,5.298543209519835e-06,1.4154126524080862e-05,0.003102180198766291,0.048530942061915994,89.10056638717651,134.16479036177043,0.1344578539719805,223.45987171505112,0.1432024450493079,11.997393408,2026-01-12T04:49:22.367757
26118,0.4045663929501302,0.008491671655740163,1.4149751945904532e-05,0.0030025457963347435,0.053344677085988224,90.33390768792015,137.5924782739021,0.13422191608697176,228.12331723608077,0.1402750073412433,11.996945408,2026-01-12T04:53:10.491778
26119,0.40472661726416986,0.007526502072183305,1.4145376519541901e-05,0.0031982921063899994,0.04356715828180313,91.0923528507119,138.33220557891764,0.13523047091439366,229.614196922048,0.139364204953162,12.01124096,2026-01-12T04:57:00.106757
26120,0.4048868415782095,0.029329837137362702,1.4141000246171213e-05,0.002882592845708132,0.051752100815065205,88.91568392410409,134.1620442061685,0.13300341099966317,223.27566362300422,0.14332059070276132,11.996962304,2026-01-12T05:00:43.383032
26121,0.40504706589224915,0.010446487090593592,1.4136623126970932e-05,0.0029886449920013547,0.04736550513189286,89.89002589776646,136.31337339815218,0.13444220705423504,226.39455811306834,0.1413461536651346,12.024600576,2026-01-12T05:04:29.778309
26122,0.4052072902062888,0.005742789303218032,1.4132245163119768e-05,0.003043323988094926,0.051600652164779603,91.30764663079754,139.03514013020322,0.13329213904216886,230.54028235399164,0.13880437584814098,12.018442752,2026-01-12T05:08:20.319653
26123,0.4053675145203285,0.014684104959094668,1.4127866355796641e-05,0.0030880076810717583,0.05685826879926026,89.68470187403727,135.76037726725917,0.1333015429554507,225.64633560401853,0.14181484451915075,12.015635456,2026-01-12T05:12:05.966811
26124,0.4055277388343681,0.0174445079579435,1.4123486706180709e-05,0.013237223261967301,0.04802940716035664,89.6385027152719,135.57384084968362,0.13436949194874614,225.41521207801998,0.1419602506193072,11.9967232,2026-01-12T05:15:51.382649
26125,0.40568796314840777,0.025837963020872046,1.4119106215451353e-05,0.0028012996772304177,0.05499087809585035,90.85424364497885,138.11637417890597,0.13329751300625503,229.1697014279198,0.1396345145131015,11.996791808,2026-01-12T05:19:40.552977
26126,0.40584818746244744,0.016215963227280028,1.4114724884788182e-05,0.002763811033219099,0.050770687754265964,91.78470231802203,140.45372050104197,0.13455429102759808,232.43307875702158,0.1376740357746232,12.017766912,2026-01-12T05:23:32.986660
26127,0.40600841177648705,0.005522755133419821,1.4110342715371028e-05,0.002651185728609562,0.04610117292031646,89.76647213823162,136.40099575277418,0.13457444799132645,226.35738067899365,0.14136936866830274,12.013960192,2026-01-12T05:27:19.344649
26128,0.4061686360905267,0.024084611888657292,1.4105959708379954e-05,0.003286691731773317,0.05642374907620251,90.0860585430637,136.7408057139255,0.13227526703849435,227.02850762894377,0.1409514617093855,11.996747264,2026-01-12T05:31:06.373792
26129,0.4063288604045664,0.022060711583812065,1.4101575864995239e-05,0.0033060041023418307,0.04595966334454715,90.4182024464244,137.44979300629348,0.1338766950648278,228.0577844810905,0.1403153155802638,12.015350784,2026-01-12T05:34:54.432219
26130,0.40648908471860606,0.05444175441307664,1.40971911863974e-05,0.003990586847066879,0.045962855219841,90.48058027692605,137.3920130728511,0.1350517519749701,228.06604538299143,0.14031023314436125,11.997215744,2026-01-12T05:38:42.499036
26131,0.4066493090326457,0.0031666955025544397,1.4092805673767173e-05,0.003751465817913413,0.04800917278043926,89.99035181116778,136.32688601873815,0.1339237259235233,226.51097104500514,0.1412735102956314,11.9976192,2026-01-12T05:42:29.010627
26132,0.40680953334668535,0.021634444790487706,1.4088419328285512e-05,0.0052794592920690775,0.05401428276672959,90.52164005115628,137.89542966498993,0.13488334603607655,228.61802483093925,0.13997146560803192,12.024175104,2026-01-12T05:46:17.629487
26133,0.406969757660725,0.01474686516779844,1.4084032151133609e-05,0.0035475739277899265,0.050714788609184325,89.77362088614609,135.9848887521075,0.13288950792048126,225.95357709401287,0.1416220110854262,12.018033152,2026-01-12T05:50:03.583835
26134,0.4071299819747647,0.008895901505146853,1.4079644143492867e-05,0.0030645796796306968,0.04932660690974444,90.68620602600276,137.41449339897372,0.13453438004944474,228.29625317291357,0.14016874808612353,12.032062464,2026-01-12T05:53:51.880727
26135,0.4072902062888043,0.024218932860982534,1.4075255306544921e-05,0.003346932935528457,0.04799079103395343,90.42223497515079,137.2728189039044,0.1343311790842563,227.88731557293795,0.14042027709856467,12.007858176,2026-01-12T05:57:39.768653
26136,0.40745043060284397,0.01484323033122692,1.4070865641471626e-05,0.0029956669313833117,0.047033758950419724,91.4501613706816,139.2789942942327,0.13373359001707286,230.921085005044,0.13857547914821647,12.016195584,2026-01-12T06:01:30.690485
26137,0.40761065491688364,0.004301720734471104,1.4066475149455057e-05,0.002776996116153896,0.05108834127895534,89.77236355573405,135.6302689932054,0.134561707964167,225.59963153395802,0.14184420330129507,11.997991936,2026-01-12T06:05:16.290776
26138,0.4077708792309233,0.012726335095651464,1.4062083831677523e-05,0.0035058152861893177,0.04575120529625565,91.20959656697232,139.2751714430051,0.13464613899122924,230.67504411796108,0.13872328548742383,12.010453504,2026-01-12T06:09:06.966516
26139,0.4079311035449629,0.00013149135348200502,1.405769168932154e-05,0.0027341090608388186,0.050595745095051825,89.54378929396626,135.1806214050157,0.13340228307060897,224.9194271269953,0.14227317048043153,12.032439296,2026-01-12T06:12:51.886561
26140,0.4080913278590026,6.2715644517652436e-06,1.4053298723569853e-05,0.0030839560786262155,0.05044448759872466,91.43832791608293,139.68167671596166,0.1326197759481147,231.3126926110126,0.13834087372720552,12.03565056,2026-01-12T06:16:43.199872
26141,0.40825155217304226,0.007902327208597626,1.4048904935605436e-05,0.0026634627720341086,0.048148710979148746,91.84688935102895,140.15871396497823,0.13615359703544527,232.2012318209745,0.13781149974549564,11.99684096,2026-01-12T06:20:35.401838
26142,0.40841177648708193,0.011424681613897647,1.4044510326611471e-05,0.0032345049548894167,0.04660063411574811,89.0749172050273,134.41348032292444,0.13226469804067165,223.68030857597478,0.14306131909296319,11.996583424,2026-01-12T06:24:19.082821
26143,0.40857200080112155,0.010630997781975182,1.4040114897771372e-05,0.0028484450886026025,0.05254350462928414,90.91737378702965,138.3327318491647,0.1337217369582504,229.4460202199407,0.13946635452349826,11.996919808,2026-01-12T06:28:08.529469
26144,0.4087322251151612,0.00011675794782028959,1.4035718650268767e-05,0.0035576309310272336,0.052424447843804955,88.43770661309827,132.69831458001863,0.13372172601521015,221.3318971899571,0.14457925136988342,11.997758464,2026-01-12T06:31:49.862012
26145,0.4088924494292009,3.0030508479939044e-05,1.4031321585287508e-05,0.0031834228429943323,0.0468088659690693,91.3131707708817,139.41557001206093,0.13370624801609665,230.92054291500244,0.13857580445659443,12.016323584,2026-01-12T06:35:40.783177
26146,0.40905267374324056,0.0005469365338637289,1.4026923704011667e-05,0.003909347811713815,0.044303624774329364,90.30802618421149,137.2168866377324,0.13520968006923795,227.71678104205057,0.14052543626150601,12.01298688,2026-01-12T06:39:28.500568
26147,0.40921289805728017,0.0013377482849037392,1.4022525007625531e-05,0.0028636150527745485,0.04468654375523329,89.39717809099238,135.16593162924983,0.13175771897658706,224.7499909810722,0.14238042840542295,12.013790208,2026-01-12T06:43:13.251161
26148,0.40937312237131984,0.030385724554355065,1.4018125497313618e-05,0.0037440177984535694,0.04870414163451642,90.03220084833447,136.66194196091965,0.13505759392865002,226.8898821589537,0.1410375804134869,12.010876416,2026-01-12T06:47:00.141769
26149,0.4095333466853595,0.0066338360792226325,1.401372517426065e-05,0.0032412956934422255,0.04761773836798966,90.16959738289006,136.82898553297855,0.13344190502539277,227.19051362096798,0.14085095143271265,11.997910528,2026-01-12T06:50:47.332916
26150,0.4096935709993992,0.01062170264744644,1.4009324039651581e-05,0.003337648115120828,0.05244615511037409,90.8512759610312,137.83383817295544,0.1330148009583354,228.88153453893028,0.13981031743981576,12.023458816,2026-01-12T06:54:36.215206
26151,0.4098537953134388,0.031131277452136175,1.4004922094671574e-05,0.0028948159888386726,0.045428987010382116,91.40665797295514,139.69701682135928,0.13464085396844894,231.2928596889833,0.13835273619354274,12.027880448,2026-01-12T06:58:27.509002
26152,0.41001401962747847,0.03694961695050836,1.400051934050602e-05,0.0032421292271465063,0.04930381686426699,90.6297990870662,137.8394163158955,0.13484764599706978,228.66500126302708,0.13994271017973264,12.02343168,2026-01-12T07:02:16.174608
26153,0.41017424394151814,0.01487011872211852,1.399611577834051e-05,0.0032759528839960694,0.04911269398871809,91.17382153624203,138.38937516789883,0.13307023595552891,229.7569061750546,0.13927764145474175,12.001593856,2026-01-12T07:06:05.932298
26154,0.4103344682555578,0.015716056751042373,1.3991711409360876e-05,0.0035349790705367923,0.043534346390515566,90.39181095978711,137.38695893110707,0.13232345005962998,227.96599366597366,0.14037181373151594,12.01260032,2026-01-12T07:09:53.898916
26155,0.4104946925695974,0.05657715390579554,1.3987306234753156e-05,0.002897055819630623,0.04826556902844459,91.65555868099909,139.913543676259,0.13316662493161857,231.76068692700937,0.1380734602761946,12.01691136,2026-01-12T07:13:45.660236
26156,0.4106549168836371,0.017464874534471875,1.3982900255703598e-05,0.013566521927714348,0.04622624907642603,90.7648195339134,138.22208212327678,0.13431328698061407,229.1881103159394,0.139623298764877,11.997847552,2026-01-12T07:17:34.849069
26157,0.41081514119767676,0.018035001089119262,1.397849347339868e-05,0.00295626069419086,0.04786305583547801,90.16191117791459,136.69778729625978,0.13270134094636887,227.0516925220145,0.14093706875537756,12.01721856,2026-01-12T07:21:21.901380
26158,0.41097536551171643,0.0031015615188891843,1.3974085889025085e-05,0.0035441878717392683,0.0454905298538506,89.70726440905128,136.0837561931694,0.13254751602653414,225.98101203201804,0.1416048176448829,12.010915328,2026-01-12T07:25:07.883104
26159,0.41113558982575604,0.006677538279731721,1.3969677503769718e-05,0.00279781105928123,0.0500639530364424,91.23623503511772,139.34687220293563,0.13429105305112898,230.77646022394765,0.13866232270374065,12.022867456,2026-01-12T07:28:58.660347
26160,0.4112958141397957,0.001347099982046629,1.39652683188197e-05,0.002948066801764071,0.04960354324430227,90.48603316862136,137.5554200533079,0.13367724197451025,228.23502093798015,0.14020635338297,12.00828928,2026-01-12T07:32:46.896032
26161,0.4114560384538354,0.005008597633619161,1.3960858335362366e-05,0.003188550239428878,0.04697335173841566,90.64555136521813,137.5952960300492,0.1334852270083502,228.43364203593228,0.14008444515789162,12.01325312,2026-01-12T07:36:35.330605
26162,0.41161626276787505,0.012311605373808376,1.3956447554585264e-05,0.0033306271070614457,0.05114434577990323,90.00497168616857,136.46040586626623,0.13508077000733465,226.66200375393964,0.1411793748842821,11.996789248,2026-01-12T07:40:21.993246
26163,0.41177648708191467,0.037530208378868224,1.3952035977676162e-05,0.0027479991549625993,0.049341925885528326,90.14330021990463,136.74620811326895,0.13434910506475717,227.0825974700274,0.1409178878369298,12.013975552,2026-01-12T07:44:09.076667
26164,0.41193671139595434,0.005356463443543902,1.3947623605823034e-05,0.003426868934184313,0.045627997955307364,91.09340773697477,138.9082368350355,0.13227079599164426,230.19334181700833,0.13901357766219982,12.016616448,2026-01-12T07:47:59.270787
26165,0.412096935709994,0.0019564745746762924,1.3943210440214074e-05,0.0028907509986311197,0.04660048091318458,90.48519069200847,137.4252980860183,0.1341300189960748,228.10188331000973,0.1402881884868495,12.014834176,2026-01-12T07:51:47.373255
26166,0.4122571600240336,9.819415655698549e-06,1.3938796482037694e-05,0.0034926130902022123,0.048276314279064536,92.2238195160171,141.09092807897832,0.134803008986637,233.50776475702878,0.1370404107687677,12.013170176,2026-01-12T07:55:40.881649
26167,0.4124173843380733,5.652958859414525e-05,1.393438173248251e-05,0.0029049970908090472,0.05176961328834295,89.24058027274441,134.57885040598921,0.13168833998497576,224.01684814994223,0.14284639867168067,12.019792384,2026-01-12T07:59:24.899299
26168,0.41257760865211296,0.003591026253552343,1.3929966192737357e-05,0.003002644283697009,0.045602318132296205,89.7740828259848,136.03014837903902,0.1341485120356083,225.99430000700522,0.14159649158854043,12.017395712,2026-01-12T08:03:10.894407
26169,0.41273783296615263,0.021193116033401793,1.392554986399128e-05,0.0034087421372532845,0.04448183812201023,90.90599877480417,138.49886442092247,0.13524247892200947,229.59569582191762,0.13937543509012604,11.996793856,2026-01-12T08:07:00.490752
26170,0.41289805728019224,0.0003359159867599715,1.3921132747433537e-05,0.00262451299931854,0.047922609956003726,90.64629949384835,137.8681336590089,0.13501519698183984,228.7071990519762,0.13991688994769094,11.997696,2026-01-12T08:10:49.198802
26171,0.4130582815942319,1.0220095838064935e-05,1.3916714844253602e-05,0.003466244670562446,0.05095516610890627,90.28480781894177,136.91907601000275,0.13400751806329936,227.3986556940945,0.14072202802749917,12.016628736,2026-01-12T08:14:36.598073
26172,0.4132185059082716,0.005764296533698143,1.391229615564115e-05,0.002833186066709459,0.04990115715190768,90.6323833229253,137.5453729206929,0.1339735760120675,228.37169860501308,0.140122441596174,11.99694848,2026-01-12T08:18:24.970452
26173,0.41337873022231125,0.005126339016651826,1.3907876682786083e-05,0.002933730836957693,0.04638727381825447,90.20728027401492,137.2765225970652,0.13433090201579034,227.67598006292246,0.14055061931063703,12.01827072,2026-01-12T08:22:12.647074
26174,0.41353895453635087,0.016686224003342076,1.3903456426878506e-05,0.0030149462400004268,0.04827442124951631,91.81740035384428,140.55214711197186,0.13431419502012432,232.56184401200153,0.13759780816989314,11.996926976,2026-01-12T08:26:05.209593
26175,0.41369917885039054,0.000736329563746807,1.3899035389108727e-05,0.0028060530312359333,0.04336362180765718,90.73662943521049,137.7986779770581,0.1330962530337274,228.72419737605378,0.13990649160476726,12.012891648,2026-01-12T08:29:53.934531
26176,0.4138594031644302,2.1379689677303304e-05,1.3894613570667282e-05,0.0034852890530601144,0.04832324979361147,90.75337400101125,137.95045113307424,0.13276981993112713,228.89583372499328,0.139801583450603,12.00675584,2026-01-12T08:33:42.830998
26177,0.4140196274784699,0.00010502057850736435,1.3890190972744906e-05,0.0029063099063932896,0.04943055007606745,91.60589916596655,139.54622054402716,0.13341045705601573,231.34494443400763,0.13832158761147326,12.017457664,2026-01-12T08:37:34.176557
26178,0.4141798517925095,0.018363793983837695,1.388576759653254e-05,0.0029898599022999406,0.04690453899092972,89.63710894202814,135.13083220017143,0.13249661796726286,224.95881666091736,0.14224825892569445,11.99728128,2026-01-12T08:41:19.136123
26179,0.41434007610654916,0.013251527796665385,1.3881343443221346e-05,0.003286133869551122,0.04123953194357455,90.52334183990024,137.99539651430678,0.1346928559942171,228.70695451891515,0.13991703954657594,12.01672192,2026-01-12T08:45:07.844049
26180,0.41450030042058883,2.9065123747784583e-05,1.3876918514002688e-05,0.0030373019399121404,0.05373314570169896,91.1842300061835,138.7909566258313,0.13375325605738908,230.17608180898242,0.13902400174904372,12.01730048,2026-01-12T08:48:58.020781
26181,0.4146605247346285,8.631887007126693e-05,1.387249281006814e-05,0.0032517011277377605,0.047781886300072074,89.82156908186153,135.8928986621322,0.13478309602942318,225.90835540997796,0.14165036057177466,11.99663616,2026-01-12T08:52:43.929793
26182,0.4148207490486681,4.710339033664468e-05,1.3868066332609486e-05,0.0035465998807922006,0.04541510122362524,90.32228059892077,136.6323510846123,0.13518471107818186,227.1454604259925,0.14087888853242608,11.996775936,2026-01-12T08:56:31.075869
26183,0.4149809733627078,0.0334177642022766,1.3863639082818718e-05,0.003255716059356928,0.04428575013298541,90.65581867599394,138.29820624599233,0.13257419492583722,229.14285619009752,0.13965087339861346,12.02304512,2026-01-12T09:00:20.219388
26184,0.41514119767674745,0.01720920612078558,1.3859211061888033e-05,0.003309380146674812,0.05447248066775501,90.4451639240142,137.09306092513725,0.13466643309220672,227.73971192794852,0.14051128689459327,12.0180864,2026-01-12T09:04:07.959748
26185,0.4153014219907871,0.04343338352591175,1.385478227100984e-05,0.0028197921346873045,0.05686940473970026,89.47175188187975,134.74633504403755,0.13441313500516117,224.4204706189921,0.14258948798983548,12.0206976,2026-01-12T09:07:52.380865
26186,0.41546164630482674,0.009314679302327988,1.3850352711376756e-05,0.0030717962654307485,0.05023942841216922,91.01600237877574,139.19730794010684,0.132923549041152,230.40700924699195,0.13888466372868286,12.009403904,2026-01-12T09:11:42.788464
26187,0.4156218706188664,0.01815146617478902,1.3845922384181598e-05,0.0039296881295740604,0.05046972120180726,92.28301553975325,141.35044762911275,0.13460934802424163,233.8289945900906,0.13685214725443687,12.012711424,2026-01-12T09:15:36.618180
26188,0.4157820949329061,0.002282066173115993,1.3841491290617395e-05,0.00344254809897393,0.04884054989088327,92.895296227769,142.82705248927232,0.13455751596484333,235.91550007194746,0.13564178695440068,12.012241408,2026-01-12T09:19:32.534284
26189,0.41594231924694575,2.458692065943069e-06,1.3837059431877385e-05,0.002893970115110278,0.045734387706033885,90.8365368481027,137.88542016083375,0.13311750011052936,228.9134190530749,0.13979084377128898,12.0256512,2026-01-12T09:23:21.448415
26190,0.41610254356098536,0.018850433456286453,1.3832626809155004e-05,0.002767935744486749,0.05352133384440094,89.64080350787845,135.17291529802606,0.1351613529259339,225.01422922802158,0.142213228513528,12.010404864,2026-01-12T09:27:06.463354
26191,0.41626276787502503,0.013679064064366031,1.38281934236439e-05,0.003696163883432746,0.05172725988086313,90.72351449599955,138.0914563628612,0.1331145599251613,229.01301829703152,0.139730047828529,12.014628352,2026-01-12T09:30:55.477058
26192,0.4164229921890647,0.0007008397658374577,1.3823759276537923e-05,0.0031864041229709983,0.04741560178808868,89.41909743507858,134.79152146202978,0.13266591797582805,224.40284389897715,0.1426006883157235,12.013704192,2026-01-12T09:34:39.880527
26193,0.41658321650310437,0.029757664896209235,1.3819324369031138e-05,0.0030860641272738576,0.051115987240336835,89.9386751127895,136.60302653734107,0.13369732594583184,226.7359978579916,0.141133301735537,12.012327424,2026-01-12T09:38:26.617157
26194,0.416743440817144,0.02238644320035732,1.3814888702317794e-05,0.003935985034331679,0.045198001083917916,92.05412735592108,140.83294400002342,0.13334888697136194,233.07671053998638,0.1372938545677223,11.997379584,2026-01-12T09:42:19.694474
26195,0.41690366513118365,0.006118456092293556,1.3810452277592366e-05,0.003746342146769166,0.052296262816525996,91.83585984271485,140.2686620221939,0.13344225205946714,232.30226060503628,0.1377515652092894,12.02153472,2026-01-12T09:46:11.997344
26196,0.4170638894452233,6.532487795141151e-06,1.3806015096049525e-05,0.00329477118793875,0.05134873394854367,89.36738199193496,135.2100747670047,0.133754851995036,224.7723640819313,0.14236625632649283,12.013096448,2026-01-12T09:49:56.770313
26197,0.417224113759263,0.010757449787714535,1.380157715888414e-05,0.002759491209872067,0.04847895971033722,89.53478661295958,135.50999200739898,0.1346193039789796,225.23817049595527,0.14207183413689928,12.031770112,2026-01-12T09:53:42.009075
26198,0.4173843380733026,0.027372727928032248,1.379713846729129e-05,0.00372983212582767,0.05022272211499512,89.12288761197124,134.38939903047867,0.13522067805752158,223.708693755907,0.14304316681995308,11.997684736,2026-01-12T09:57:25.718582
26199,0.4175445623873423,6.20186636020037e-05,1.3792699022466256e-05,0.003053683787584305,0.05210086714942008,91.74419304798357,140.13332593487576,0.13405922194942832,232.07491111999843,0.137886511926547,12.020896256,2026-01-12T10:01:17.794222
26200,0.41770478670138195,0.02977000283979514,1.3788258825604521e-05,0.0031485322397202253,0.05247079022228718,89.7257969926577,136.30898985313252,0.13323070690967143,226.23226407903712,0.14144755227671854,11.99764992,2026-01-12T10:05:04.027120
26201,0.4178650110154216,0.02177691911577284,1.378381787790177e-05,0.0031447226647287607,0.048565727774985135,91.26965294696856,139.08406474231742,0.13441969407722354,230.5471473010257,0.13880024270357838,12.014340096,2026-01-12T10:08:54.574882
26202,0.41802523532946123,0.013847021044313124,1.3779376180553895e-05,0.0036307849222794175,0.051731867948547006,90.27272934408393,137.37163676402997,0.134288283996284,227.84176829794887,0.14044834816307067,11.997662208,2026-01-12T10:12:42.417267
26203,0.4181854596435009,0.0029353227088080303,1.3774933734756985e-05,0.002830976154655218,0.05410172510892153,89.86236265220214,136.1689250577474,0.13260883395560086,226.22993343195412,0.14144900948585135,11.996689408,2026-01-12T10:16:28.647806
26204,0.41834568395754057,0.011330466690623098,1.3770490541707327e-05,0.002738830866292119,0.05579402088187635,89.13147374626715,134.60576795018278,0.13453454000409693,223.9375158289913,0.14289700357503576,11.997671424,2026-01-12T10:20:12.585938
26205,0.4185059082715802,0.017629964676038945,1.3766046602601417e-05,0.003097676672041416,0.054898856789804995,91.6795924300095,139.82465214515105,0.13360140193253756,231.70410481491126,0.13810717779713952,12.026589184,2026-01-12T10:24:04.290654
26206,0.41866613258561985,0.014164931286195781,1.3761601918635949e-05,0.0030348950531333685,0.049955107853747904,90.07474694226403,136.66966618353035,0.13299918710254133,226.9392041900428,0.14100692788718272,11.997930496,2026-01-12T10:27:51.230489
26207,0.4188263568996595,0.005615687147376036,1.3757156491007816e-05,0.0028456331929191947,0.05304020084440708,89.28279449301772,134.56250160408672,0.13362953497562557,224.0424044659594,0.14283010431117749,11.996635648,2026-01-12T10:31:35.273528
26208,0.4189865812136992,1.7145324797240846e-05,1.3752710320914114e-05,0.002615488017909229,0.04328331560827792,91.25219272403046,139.24174478638452,0.1332133460091427,230.6801885330351,0.13872019180969833,12.02125824,2026-01-12T10:35:25.954344
26209,0.4191468055277388,0.016728246702960803,1.3748263409552137e-05,0.003215791191905737,0.05644625797867775,91.43177688412834,139.54358550184406,0.13362282305024564,231.17621541500557,0.13842254464869524,12.011763712,2026-01-12T10:39:17.131168
26210,0.4193070298417785,0.006778020637788984,1.374381575811938e-05,0.0031938758911564946,0.054073473904281855,91.50862844625954,139.70039754081517,0.13374095410108566,231.40624936495442,0.13828494298584088,12.01790208,2026-01-12T10:43:08.538025
26211,0.41946725415581815,0.009152961709460783,1.3739367367813533e-05,0.0030286340042948723,0.051596663193777204,91.10531933803577,138.47336692397948,0.1326298740459606,229.77432986500207,0.1392670800902815,12.012732928,2026-01-12T10:46:58.312962
26212,0.4196274784698578,0.012550671658615897,1.3734918239832496e-05,0.003923021722584963,0.05073180154431611,89.4019863352878,134.71022614487447,0.1340254369424656,224.3084777179174,0.14266068017385458,11.99737344,2026-01-12T10:50:42.622203
26213,0.41978770278389743,0.010181410259320955,1.3730468375374346e-05,0.0032682386226952076,0.05178141710348427,91.45203212590422,139.30270043713972,0.13444200705271214,230.9506810720777,0.1385577208582168,12.015173632,2026-01-12T10:54:33.573537
26214,0.4199479270979371,6.652997602518695e-05,1.3726017775637384e-05,0.002645613392814994,0.048820476164110005,89.6341739979107,135.61733098211698,0.13450039410963655,225.44450044003315,0.14194180801723216,12.011515392,2026-01-12T10:58:19.018658
26215,0.42010815141197677,0.00708738635050743,1.3721566441820098e-05,0.003219535923562944,0.058397992979735136,91.29790353984572,139.0839389001485,0.13475688302423805,230.58447766804602,0.1387777717026895,11.996754432,2026-01-12T11:02:09.603781
26216,0.42026837572601644,0.0506414918281326,1.3717114375121168e-05,0.0038972818292677402,0.048240043106488883,90.10686701431405,136.19521363370586,0.13521642005071044,226.4963929769583,0.14128260313291344,11.997430784,2026-01-12T11:05:56.100928
26217,0.42042860004005606,0.010821903560618296,1.371266157673947e-05,0.0031264167046174407,0.047416327986866236,90.75134833273478,137.76499379996676,0.1330378430429846,228.70854877994861,0.1399160642254292,11.997451264,2026-01-12T11:09:44.810178
26218,0.4205888243540957,0.001573625365681508,1.37082080478741e-05,0.003476050100289285,0.05083414679393172,91.01899785606656,138.2321442324901,0.13453910301905125,229.44731942599174,0.1394655648192116,11.99679488,2026-01-12T11:13:34.258404
26219,0.4207490486681354,0.0002015556069849822,1.3703753789724322e-05,0.002710095141083002,0.04416788602247834,90.02241673332173,136.43852864962537,0.13436272402759641,226.65028858091682,0.14118667220922432,12.01316864,2026-01-12T11:17:20.909285
26220,0.42090927298217506,0.0071378207453207665,1.3699298803489606e-05,0.0034709012834355235,0.0543808089569211,90.89809241122566,138.46683174464852,0.13224638998508453,229.56359292496927,0.13939492579060175,12.018264576,2026-01-12T11:21:10.473774
26221,0.4210694972962147,0.00011544070681068774,1.3694843090369634e-05,0.0027672050055116415,0.04827865317929536,89.75339191872627,135.45219060219824,0.134042555000633,225.39684617402963,0.14197181789887467,11.99675904,2026-01-12T11:24:55.871318
26222,0.42122972161025435,0.008841288223447208,1.369038665156426e-05,0.003121845191344619,0.04693439707625657,89.95252553478349,136.5481404068414,0.13361329003237188,226.69236544705927,0.14116046624196146,12.017910272,2026-01-12T11:28:42.564275
26223,0.421389945924294,0.030596118887094015,1.3685929488273548e-05,0.0032465201802551746,0.053458840935491025,90.9435680701863,138.37688704312313,0.13497665897011757,229.51863737904932,0.1394222289109886,12.022299648,2026-01-12T11:32:32.083730
26224,0.4215501702383337,0.006580553580779025,1.3681471601697747e-05,0.0036735597532242537,0.05468691803980619,92.13681002811063,141.00954800576437,0.13370263192337006,233.34503250895068,0.13713598123745163,11.99737344,2026-01-12T11:36:25.429661
26225,0.4217103945523733,0.007369788532102461,1.3677012993037311e-05,0.0033906787866726518,0.05126518092583865,91.611976073822,140.12279056909028,0.13403009506873786,231.93082193401642,0.1379721752079329,11.996781568,2026-01-12T11:40:17.361181
26226,0.42187061886641297,0.01787128923252901,1.3672553663492885e-05,0.0034025779459625483,0.05035936483182013,90.41430763306562,137.0462138011353,0.1343942329986021,227.6549850240117,0.14056358131856778,12.011178496,2026-01-12T11:44:05.016778
26227,0.42203084318045264,0.007633920428540719,1.3668093614265301e-05,0.003862215206027031,0.04841261182446033,90.74978494714014,137.8126149980817,0.1356164600001648,228.75875364802778,0.13988535734565052,12.020374016,2026-01-12T11:47:53.776111
26228,0.4221910674944923,0.0003742040637462196,1.36636328465556e-05,0.003572612185962498,0.04702094057574868,90.23358821228612,136.8255715930136,0.13081365905236453,227.25182563997805,0.1408129501705115,11.997479936,2026-01-12T11:51:41.028691
26229,0.4223512918085319,0.009443235992755206,1.3659171361564999e-05,0.0037456698482856154,0.04691799683496356,90.07391078188084,136.47506467916537,0.13538026006426662,226.74251170398202,0.14112924726606538,12.021021696,2026-01-12T11:55:27.771987
26230,0.4225115161225716,0.0052581114845677845,1.3654709160494923e-05,0.0027754089096561074,0.04614085680805147,91.2188280893024,139.44401867082343,0.1335016250377521,230.85306807106826,0.13861630805854736,12.011847168,2026-01-12T11:59:18.625985
26231,0.42267174043661127,1.6501260819978825e-05,1.3650246244546983e-05,0.0030274889431893826,0.051929512061178684,90.54969096102286,137.80807931011077,0.1341190190287307,228.5533672220772,0.14001106345069392,11.996518912,2026-01-12T12:03:07.179999
26232,0.42283196475065093,0.009509283763096121,1.3645782614922977e-05,0.0029863379895687103,0.04548341117333621,89.83714701666031,136.1168257057434,0.13448166102170944,226.14325920899864,0.14150322283285932,12.019425792,2026-01-12T12:06:53.323858
26233,0.42299218906469055,0.0074995789462573015,1.3641318272824905e-05,0.0036414782516658306,0.05086056096479297,90.37655448517762,137.42142502695788,0.13251980999484658,227.99316577601712,0.14035508428983848,12.010849792,2026-01-12T12:10:41.317623
26234,0.4231524133787302,6.842674119766912e-06,1.3636853219454957e-05,0.0030072337249293923,0.04950674495194107,91.76737031002995,140.06630681385286,0.1345612130826339,232.02782856102567,0.13791449154377478,12.016831488,2026-01-12T12:14:33.346135
26235,0.4233126376927699,0.030209432675313508,1.3632387456015511e-05,0.002998771029524505,0.04874733183532953,90.79519884590991,137.8939868011512,0.1347687339875847,228.88413352402858,0.13980872989014154,12.028620288,2026-01-12T12:18:22.230876
26236,0.42347286200680956,0.023518596381732593,1.3627920983709133e-05,0.013350971974432468,0.05015175708103925,91.78300295490772,140.10929655015934,0.1322152940556407,232.09846091503277,0.1378725213163505,12.02904832,2026-01-12T12:22:14.330132
26237,0.4236330863208492,0.006714501223616054,1.362345380373859e-05,0.003449954790994525,0.04744473402388394,91.56353116384707,139.67286105907988,0.13351597404107451,231.42724145192187,0.13827239956385115,12.030037504,2026-01-12T12:26:05.758317
26238,0.42379331063488884,0.008500088758257363,1.3618985917306834e-05,0.0034418459981679916,0.04972945502959192,90.76687630394008,138.0007727011107,0.1345343510620296,228.9636146320263,0.1397601974943839,12.01967872,2026-01-12T12:29:54.722591
26239,0.4239535349489285,0.029809798965063194,1.3614517325617002e-05,0.0034041338367387652,0.0464222360169515,90.66620273946319,137.8607201067498,0.13380968500860035,228.71952971396968,0.13990934678826208,11.99986944,2026-01-12T12:33:43.442886
26240,0.4241137592629682,0.012993387360313413,1.3610048029872434e-05,0.0031741003040224314,0.05042871634941548,90.72855556791183,137.79889660771005,0.13552958995569497,228.72298599907663,0.1399072325862744,12.0116224,2026-01-12T12:37:32.166541
26241,0.4242739835770078,0.014295752132033712,1.3605578031276645e-05,0.005015695816837251,0.05294685286935419,91.06266500533093,138.71914799988735,0.1340874059824273,229.98091639298946,0.13914197969938805,12.012736,2026-01-12T12:41:22.148180
26242,0.42443420789104747,0.025766656985343417,1.360110733103335e-05,0.0039159131702035666,0.0527194986352697,90.04028337413911,136.22958005813416,0.13316238205879927,226.467605783022,0.14130056212392297,12.012578304,2026-01-12T12:45:08.616279
26243,0.42459443220508714,0.034782545179323776,1.3596635930346451e-05,0.003447428229264915,0.05221550969872624,90.89008769800421,138.71250561415218,0.1337790519464761,229.79895174200647,0.13925215827758064,12.023439872,2026-01-12T12:48:58.415838
26244,0.42475465651912675,0.006014827504024822,1.3592163830420033e-05,0.0031347229378297925,0.04897117195650935,90.53914798609912,137.51526295009535,0.13484103698283434,228.2497486550128,0.14019730662821572,11.99779328,2026-01-12T12:52:46.666232
26245,0.4249148808331664,0.0188322676692092,1.3587691032458374e-05,0.003689928096719086,0.05138015700504184,91.73013221495785,140.2297491520876,0.13361429097130895,232.15499509393703,0.13783894672200275,12.028601856,2026-01-12T12:56:38.821848
26246,0.4250751051472061,0.010821340794674228,1.358321753766594e-05,0.003665449912659824,0.04333002830389887,89.79969478072599,136.19080911180936,0.1339198750210926,226.17767667293083,0.14148169028314098,11.997578752,2026-01-12T13:00:25.000313
26247,0.42523532946124576,0.05152812669877438,1.3578743347247384e-05,0.004063753178343177,0.055551079916767776,90.49640731699765,137.13092908833642,0.13332571904174984,227.8293474999955,0.14045600512462791,12.020556288,2026-01-12T13:04:12.830259
26248,0.4253955537752854,0.009671462319079893,1.3574268462407543e-05,0.003175950958393514,0.052736079203896224,90.80035120481625,138.50199365918525,0.13360551896039397,229.50005095393863,0.1394335202410151,12.023291392,2026-01-12T13:08:02.330924
26249,0.42555577808932504,0.03331081033331529,1.3569792884351445e-05,0.0037639724323526025,0.04771813680417836,90.73694040696137,137.72724091715645,0.13413491006940603,228.65611989900935,0.13994814577512052,12.013807104,2026-01-12T13:11:50.987778
26250,0.4257160024033647,0.012236404005363966,1.3565316614284306e-05,0.0036654131254181266,0.04870574583765119,90.9238401830662,138.10527776705567,0.13268982304725796,229.22195220703725,0.13960268504779613,11.997113344,2026-01-12T13:15:40.210318
26251,0.4258762267174044,0.0022627376127637433,1.3560839653411523e-05,0.003376189968548715,0.04640902020037174,91.29082813696004,139.14437543402892,0.1339771639322862,230.6287574119633,0.13875112695872366,11.997377536,2026-01-12T13:19:30.839861
26252,0.426036451031444,6.819546269376531e-05,1.3556362002938683e-05,0.0034489959944039583,0.05173682305030525,90.14683067495935,136.9059072668897,0.13481550698634237,227.2511185950134,0.14081338828095072,12.010936832,2026-01-12T13:23:18.091622
26253,0.42619667534548367,1.4914294549583929e-05,1.3551883664071559e-05,0.003923944779671729,0.04927386506460607,91.30973899899982,139.15558511391282,0.13370686396956444,230.6595790500287,0.13873258648867728,12.016806912,2026-01-12T13:27:08.752123
26254,0.42635689965952334,0.012875646904808136,1.3547404638016108e-05,0.0037182278465479612,0.05094245378859341,91.09354825818446,138.57934612303507,0.13402517104987055,229.86937827791553,0.13920949471273864,12.01618432,2026-01-12T13:30:58.622114
26255,0.426517123973563,0.0015669344613158387,1.3542924925978469e-05,0.0035957646323367953,0.0419331390876323,92.1502854618011,140.8765195227461,0.13447680801618844,233.21393601794261,0.1372130694519818,12.000449024,2026-01-12T13:34:51.836712
26256,0.4266773482876026,0.004790177222842473,1.3538444529164971e-05,0.00303221691865474,0.04799918073695153,90.79720924701542,138.56612671818584,0.13496465794742107,229.55808304203674,0.13939827156572027,12.013456384,2026-01-12T13:38:41.395400
26257,0.4268375726016423,0.03537787376865431,1.353396344878213e-05,0.003784415894187987,0.051121539203450084,91.1044900957495,139.44811285019387,0.13489567395299673,230.75120189099107,0.13867750086570335,12.008567808,2026-01-12T13:42:32.147487
26258,0.42699779691568196,0.024962015859651743,1.352948168603663e-05,0.0038036772748455405,0.05156908975914121,91.60450052528176,139.57542708178516,0.13462281110696495,231.37844544206746,0.13830156019443116,12.020803072,2026-01-12T13:46:23.526616
26259,0.42715802122972163,0.032084581522088484,1.3524999242135363e-05,0.0035430006682872772,0.0529118642443791,89.78684242581949,135.88100507692434,0.13397170300595462,225.86529216798954,0.14167736748238274,12.014910464,2026-01-12T13:50:09.392659
26260,0.42731824554376124,0.003883751365389543,1.3520516118285384e-05,0.004249371238984168,0.05048488616012037,89.64384606888052,135.5511005037697,0.13383992901071906,225.39010489697102,0.1419760641871463,12.0119168,2026-01-12T13:53:54.783675
26261,0.4274784698578009,0.0019421348981580877,1.3516032315693941e-05,0.0030940368305891752,0.04592828615568578,90.00416290783323,136.41936938127037,0.13357600301969796,226.61437453899998,0.1412090475950494,12.013687808,2026-01-12T13:57:41.398676
26262,0.4276386941718406,0.0015749649547736055,1.3511547835568461e-05,0.002831685240380466,0.047978324932046235,90.441062090802,137.36805431428365,0.1334771258989349,228.00061519804876,0.14035049849406658,11.997762048,2026-01-12T14:01:29.399893
26263,0.42779891848588025,0.00047995968531111544,1.3507062679116554e-05,0.002635634853504598,0.04577392200008035,90.72612065426074,137.7988886560779,0.1335675830487162,228.7156768849818,0.13991170363058406,12.0175488,2026-01-12T14:05:18.116242
26264,0.42795914279991987,0.009970550911232223,1.3502576847546015e-05,0.003986168769188225,0.04708135384134948,91.20565287803765,139.4967640209943,0.13356719294097275,230.89468442904763,0.13859132391518256,12.022194176,2026-01-12T14:09:09.011622
26265,0.42811936711395954,0.044601910100947606,1.3498090342064818e-05,0.003977024927735329,0.04507348942570388,90.49109131877776,137.36097916029394,0.13444516493473202,228.04210407903884,0.14032496380102194,12.019986944,2026-01-12T14:12:57.054417
26266,0.4282795914279992,9.737929120845479e-06,1.349360316388112e-05,0.0029794229194521904,0.04879714816343039,90.90888238686603,138.52575183683075,0.13375834899488837,229.6265399629483,0.1393567137542699,11.997425664,2026-01-12T14:16:46.681584
26267,0.4284398157420389,0.015453041113421051,1.3489115314203257e-05,0.0031055553117766976,0.04724488302599639,90.32571686978918,137.3476812527515,0.1334078840445727,227.86607573996298,0.1404333659413079,12.014849024,2026-01-12T14:20:34.548248
26268,0.4286000400560785,1.6924328033240954e-05,1.348462679423975e-05,0.003603140125051141,0.04931780183687806,90.41277376096696,137.58793517621234,0.13632156897801906,228.1962966339197,0.1402301460278976,11.9977216,2026-01-12T14:24:22.745239
26269,0.42876026437011816,0.013181606431860615,1.3480137605199292e-05,0.002968850778415799,0.04444992309436202,90.75805114582181,138.23726576077752,0.13432945893146098,229.18357016600203,0.13962606471668884,12.02095872,2026-01-12T14:28:11.929494
26270,0.42892048868415783,0.014199928902140613,1.3475647748290768e-05,0.0027967533096671104,0.04267234890721738,89.16064053890295,134.69131818728056,0.1350269429385662,224.03983591799624,0.14283174181449027,11.99808,2026-01-12T14:31:55.970043
26271,0.4290807129981975,6.784798863179731e-06,1.3471157224723235e-05,0.003402516129426658,0.04918029310647398,90.03058790881187,136.19653593818657,0.13560644094832242,226.42449127801228,0.1413274677990078,12.01734912,2026-01-12T14:35:42.395192
26272,0.4292409373122371,0.0025043748500692686,1.346666603570593e-05,0.003018565126694739,0.05008429929148406,89.46877319272608,134.92934213916305,0.1332470210036263,224.59206674702,0.14248054467589333,12.012086784,2026-01-12T14:39:26.987892
26273,0.4294011616262768,0.00351278939296229,1.3462174182448275e-05,0.002959089702926576,0.047936190851032734,89.8047366940882,135.84606815921143,0.13475298404227942,225.84293328295462,0.14169139381442486,11.997899776,2026-01-12T14:43:12.831614
26274,0.42956138594031645,0.018982573619318543,1.3457681666159856e-05,0.003563811886124313,0.0485859252512455,92.32838066492695,141.56147262710147,0.13429034396540374,234.08367924194317,0.1367032511776508,12.021264384,2026-01-12T14:47:06.916077
26275,0.4297216102543561,0.028486108896085938,1.3453188488050456e-05,0.00289086508564651,0.04471136012580246,91.05053628899623,138.51596985314973,0.13264476601034403,229.75601383007597,0.13927818239250403,12.016965632,2026-01-12T14:50:56.672679
26276,0.42988183456839574,0.003190498131719899,1.3448694649330029e-05,0.003431973746046424,0.051968020969070494,91.36004223686177,139.08481673314236,0.1346536910859868,230.64128854998853,0.1387435883712747,11.996653568,2026-01-12T14:54:47.314623
26277,0.4300420588824354,0.006780317483446652,1.3444200151208699e-05,0.0029250280931591988,0.05598993774037808,90.10405830002856,136.54013313900214,0.13397898292168975,226.84393886791077,0.1410661451202949,12.01986816,2026-01-12T14:58:34.159247
26278,0.4302022831964751,0.024046455908512954,1.3439704994896782e-05,0.0028471709229052067,0.046355766826309264,90.53709272108972,137.59822082170285,0.1331123550189659,228.3278785130242,0.1401493335303541,11.997561856,2026-01-12T15:02:22.487870
26279,0.43036250751051475,0.003550437483713864,1.343520918160476e-05,0.003074611071497202,0.04905311204493046,90.60178951616399,137.5712018677732,0.13526796700898558,228.36683802306652,0.14012542397582173,11.99711744,2026-01-12T15:06:10.855554
26280,0.43052273182455436,0.01527133679309678,1.3430712712543298e-05,0.004515900160185993,0.04930637718643993,89.7857755990699,135.91763902804814,0.133812517975457,225.89820664795116,0.14165672439299212,11.996654592,2026-01-12T15:09:56.754592
26281,0.43068295613859403,0.0008950580418769505,1.3426215588923233e-05,0.0032280528685078025,0.05296412797179073,90.2303596601123,136.4387294847984,0.1331361479824409,226.86544631398283,0.14105277167555896,12.016559104,2026-01-12T15:13:43.620739
26282,0.4308431804526337,0.00994883158279336,1.3421717811955582e-05,0.0036883418215438724,0.056025906931608915,90.02786471287254,136.27365096705034,0.13363349402789026,226.50472388300113,0.14127740671991149,11.997571072,2026-01-12T15:17:30.126067
26283,0.43100340476667337,0.016938735037247632,1.3417219382851533e-05,0.0030315929325297475,0.0554264570819214,89.5630555289099,135.7037297000643,0.1333119790069759,225.4682051340351,0.14192688490590866,12.015000576,2026-01-12T15:21:15.594861
26284,0.431163629080713,0.001956952641444687,1.3412720302822457e-05,0.0034890042152255774,0.05742786265909672,90.2303844531998,137.15970794216264,0.13455833110492676,227.59526014898438,0.1406004675978433,11.9966464,2026-01-12T15:25:03.190739
26285,0.43132385339475265,0.005164486548872915,1.3408220573079896e-05,0.0029666530899703503,0.05454805993940681,89.74149111576844,135.75944186537527,0.13387675397098064,225.69899539102335,0.14178175646976196,11.998170112,2026-01-12T15:28:48.890632
26286,0.4314840777087923,0.015580460799682783,1.3403720194835565e-05,0.0029053580947220325,0.05474780406802893,90.80952489399351,137.8141067067627,0.13439685897901654,228.82285975804552,0.13984616761558005,12.019618304,2026-01-12T15:32:37.714206
26287,0.43164430202283194,0.011321631656810993,1.3399219169301358e-05,0.003595879068598151,0.045840508420951664,89.6022276597796,135.3432907749666,0.1345348689937964,225.13757440296467,0.14213531475081315,11.996529664,2026-01-12T15:36:22.852368
26288,0.4318045263368716,0.010053777978953349,1.3394717497689345e-05,0.003635622328147292,0.05114572821184993,92.08227563777473,140.79461481492035,0.13512242201250046,233.07472202496137,0.1372950259126467,12.021655552,2026-01-12T15:40:15.927862
26289,0.4319647506509113,2.6361406352037875e-05,1.3390215181211759e-05,0.003342516953125596,0.05272812210023403,91.08590859686956,138.62079479801469,0.1346462699584663,229.9047966140788,0.1391880485804549,12.010803712,2026-01-12T15:44:05.833361
26290,0.43212497496495095,0.003944533684273388,1.338571222108102e-05,0.0032326419604942203,0.04611471691168845,91.02876105403993,138.58921448118053,0.13407088199164718,229.80859882500954,0.13924631264283882,11.997648896,2026-01-12T15:47:55.642712
26291,0.43228519927899056,0.014169019246249803,1.3381208618509711e-05,0.0029418569756671786,0.04588440910447389,89.99500948679633,136.01861749612726,0.1348011449445039,226.20553298294544,0.1414642673767516,11.996689408,2026-01-12T15:51:41.849097
26292,0.43244542359303023,0.0028976306765748916,1.3376704374710596e-05,0.0034268730087205768,0.04788110894151032,90.29848900286015,136.83794331119861,0.13438978395424783,227.3314849260496,0.14076360786720557,12.027927552,2026-01-12T15:55:29.181170
26293,0.4326056479070699,0.015765316712521127,1.33721994908966e-05,0.0026197369443252683,0.05061877495609224,90.49813991098199,137.26026397093665,0.13455452001653612,227.95341036689933,0.1403795624224039,12.033750528,2026-01-12T15:59:17.135178
26294,0.43276587222110957,0.02804768635571442,1.336769396828084e-05,0.0034825907787308097,0.05492126615718007,91.90364260564093,140.78420317242853,0.13525875099003315,232.88872681790963,0.1374046757747105,12.01826048,2026-01-12T16:03:10.024687
26295,0.4329260965351492,0.00418253111398581,1.3363187808076586e-05,0.003156350110657513,0.05498869530856609,89.29225221660454,134.7547492441954,0.13287832390051335,224.24531465698965,0.1427008633333003,12.019362304,2026-01-12T16:06:54.270687
26296,0.43308632084918885,0.031279296878688356,1.3358681011497286e-05,0.0027078030398115516,0.056877817027270794,90.50517019000836,137.5402411321411,0.13519294501747936,228.24775160604622,0.140198533281641,11.997259776,2026-01-12T16:10:42.519050
26297,0.4332465451632285,0.0006023420641909638,1.3354173579756564e-05,0.002780237002298236,0.05477433907799423,91.21038911805954,138.6369531401433,0.13316837407182902,230.04604264290538,0.13910258847474627,11.996820992,2026-01-12T16:14:32.565853
26298,0.4334067694772682,0.02416708051405969,1.3349665514068212e-05,0.0023954350035637617,0.04974868707358837,88.94971538404934,134.26029911090154,0.13463543099351227,223.4035621479852,0.14323853967378916,12.015014912,2026-01-12T16:18:15.970037
26299,0.4335669937913078,0.006423358925427891,1.3345156815646187e-05,0.004036772763356566,0.04464773496147245,89.66407317202538,135.08916418557055,0.13366099796257913,224.94319906295277,0.14225813509055882,11.99780352,2026-01-12T16:22:00.913844
26300,0.4337272181053475,0.005445475333866412,1.3340647485704624e-05,0.0038481957744807005,0.05013781483285129,91.24005852313712,138.92947498126887,0.13356386497616768,230.36664091597777,0.13890900120244165,11.996578816,2026-01-12T16:25:51.281069
26301,0.43388744241938715,0.02562713539444772,1.3336137525457831e-05,0.0032422421500086784,0.05432272399775684,91.1197052760981,139.00769530318212,0.1343577140942216,230.32562670798507,0.13893373680285576,12.030500352,2026-01-12T16:29:41.607368
26302,0.4340476667334268,0.023064698971063002,1.3331626936120272e-05,0.0032504998380318284,0.04375698894727975,91.93141706299502,140.76033859618474,0.13399256695993245,232.87910136498976,0.13741035504017438,12.037972992,2026-01-12T16:33:34.487200
26303,0.43420789104746643,0.007768536636223011,1.3327115718906594e-05,0.0028201572131365538,0.05447291524615139,91.06024914095178,138.67205102276057,0.13176447700243443,229.93208067002706,0.13917153233577198,12.010916352,2026-01-12T16:37:24.420375
26304,0.4343681153615061,0.015356477247639333,1.3322603875031606e-05,0.003819027915596962,0.05145764583721757,90.81240767333657,137.9271557178581,0.13451795501168817,228.93814664299134,0.13977574497403944,11.997111808,2026-01-12T16:41:13.359234
26305,0.43452833967554577,0.0029442955432976703,1.3318091405710288e-05,0.003198881051503122,0.05230308522004634,88.8505058658775,133.63287774927448,0.13306978100445122,222.67980118200649,0.14370409812718002,12.01094912,2026-01-12T16:44:56.039643
26306,0.43468856398958544,0.0037468151958446327,1.3313578312157788e-05,0.002802481991238892,0.04836163599975407,90.59143994003534,137.72738498891704,0.13327025691978633,228.50985132192727,0.1400377262287832,12.0181376,2026-01-12T16:48:44.550174
26307,0.43484878830362506,0.0029172921873019675,1.330906459558942e-05,0.0030643020290881395,0.05426951195113361,90.16037757508457,137.1901006991975,0.13395675597712398,227.550781949074,0.14062795005978762,11.997344768,2026-01-12T16:52:32.101562
26308,0.4350090126176647,0.012816731549419202,1.3304550257220671e-05,0.002726703998632729,0.047086570179089904,89.70712435781024,135.5556642137235,0.13404865795746446,225.45494473993313,0.14193523250027917,11.99680768,2026-01-12T16:56:17.557238
26309,0.4351692369317044,0.01461136530424767,1.3300035298267193e-05,0.0027584468480199575,0.05055690906010568,89.41721711400896,135.18703546421602,0.13452126597985625,224.80043566296808,0.14234847857668737,11.996623872,2026-01-12T17:00:02.358316
26310,0.43532946124574406,0.03398131033954854,1.3295519719944798e-05,0.0031865983037278056,0.0449134319787845,90.58476305310614,137.5628434639657,0.13403198798187077,228.338253799011,0.14014296539276855,12.03639552,2026-01-12T17:03:50.697208
26311,0.4354896855597837,0.009476361165861036,1.3291003523469479e-05,0.0027596130967140198,0.05285479768645018,90.63864794198889,137.76343347807415,0.13342062896117568,228.59882221301086,0.13998322340515845,12.026694656,2026-01-12T17:07:39.296955
26312,0.43564990987382335,0.005140097669666943,1.3286486710057383e-05,0.003072107210755348,0.05321678495965898,89.70340565103106,135.66171972593293,0.13457935093902051,225.56283097492997,0.14186734517247046,12.01139456,2026-01-12T17:11:24.860422
26313,0.435810134187863,0.0012535284667940516,1.328196928092483e-05,0.002977080992422998,0.04580221639480442,88.97896651306655,134.40726175997406,0.13509673799853772,223.57636061601806,0.14312783297764875,11.996578816,2026-01-12T17:15:08.437483
26314,0.4359703585019027,0.0061209112422702106,1.3277451237288303e-05,0.0037558209151029587,0.04842631972860545,91.1573061242234,139.05635536112823,0.13272698398213834,230.40652019099798,0.13888495852232505,11.9973632,2026-01-12T17:18:58.844618
26315,0.4361305828159423,0.019573182786330356,1.3272932580364452e-05,0.002789731021039188,0.05527230678126216,90.45381451223511,137.5169489068212,0.1349979069782421,228.1710313699441,0.14024567364170318,12.022038528,2026-01-12T17:22:47.016262
26316,0.436290807129982,5.992336430615808e-06,1.3268413311370083e-05,0.012888809782452881,0.057929399190470576,89.06177595502231,134.1726964948466,0.13419439201243222,223.44764759100508,0.14321027920854318,11.997451264,2026-01-12T17:26:30.464646
26317,0.43645103144402164,5.952589424040866e-06,1.3263893431522186e-05,0.002829203149303794,0.050788159016519785,91.3657679471653,138.86167187988758,0.13355257897637784,230.42234801198356,0.13887541844828252,12.012939776,2026-01-12T17:30:20.887592
26318,0.4366112557580613,0.011012558650537407,1.3259372942037898e-05,0.0036580540472641587,0.052333415020257235,90.38800921023358,137.23136878560763,0.13425763102713972,227.81727147102356,0.1404634503493741,11.9977728,2026-01-12T17:34:08.705468
26319,0.4367714800721009,0.008798846867632548,1.3254851844134526e-05,0.0026729259407147765,0.05052271101158112,90.93875441804994,138.7256502409,0.13456317002419382,229.85963174293283,0.13921539749001124,12.014971392,2026-01-12T17:37:58.565820
26320,0.4369317043861406,0.033524603414690546,1.3250330139029551e-05,0.0038222180446609855,0.04883006995078176,91.44351376383565,139.56491441233084,0.13386796799022704,231.20336700999178,0.1384062888609104,12.016907264,2026-01-12T17:41:49.769819
26321,0.43709192870018027,0.00923728378430333,1.3245807827940598e-05,0.004045290872454643,0.050737987039610744,89.20544042589609,134.6662518021185,0.13418814400210977,224.07164458802436,0.14281146576504514,12.016074752,2026-01-12T17:45:33.842191
26322,0.43725215301421994,0.02105811185073314,1.3241284912085468e-05,0.0032261863816529512,0.05566263583023101,92.74166493187658,142.28863366239239,0.13500459294300526,235.23154508601874,0.1360361765608364,12.016149504,2026-01-12T17:49:29.074454
26323,0.43741237732825955,4.3608334978628704e-06,1.3236761392682125e-05,0.002723698620684445,0.0504799751797691,89.36559947091155,134.84549686289392,0.13462235301267356,224.40780441602692,0.14259753613860768,11.996736512,2026-01-12T17:53:13.482960
26324,0.4375726016422992,0.008890457346448777,1.3232237270948689e-05,0.0032393831061199307,0.0441680810181424,90.71708365471568,137.5765459801769,0.1337477589258924,228.48133238195442,0.1400552056765202,11.99753728,2026-01-12T17:57:01.964916
26325,0.4377328259563389,0.000871258475044101,1.3227712548103448e-05,0.0026723690098151565,0.04788335401099175,91.07017814181745,139.0532032531919,0.13384144799783826,230.31499107100535,0.13894015257623638,12.023081472,2026-01-12T18:00:52.280501
26326,0.4378930502703785,1.4324308149404885e-05,1.3223187225364849e-05,0.0024788237642496824,0.0490738331573084,91.623304116074,139.59340279491153,0.1345530819380656,231.40970774006564,0.13828287634304637,12.020244992,2026-01-12T18:04:43.691068
26327,0.4380532745844182,2.3118379306907855e-05,1.3218661303951501e-05,0.0031508513493463397,0.04442083497997373,90.7271105539985,137.66258974582888,0.13347342004999518,228.57776076102164,0.1399961216413177,11.997065216,2026-01-12T18:08:32.269424
26328,0.43821349889845784,0.011269296258776151,1.3214134785082173e-05,0.0028683742275461555,0.05721852125134319,89.81387309567071,135.74674765300006,0.1333770309574902,225.76268516294658,0.1417417585058561,12.015238144,2026-01-12T18:12:18.032886
26329,0.4383737232124975,0.011566506967067625,1.32096076699758e-05,0.0027761850506067276,0.055913921212777495,88.73182087787427,133.41003602801356,0.13436260097660124,222.3419998199679,0.1439224259290222,11.997514752,2026-01-12T18:16:00.375520
26330,0.4385339475265371,0.0005313195840903617,1.320507995985147e-05,0.003190216957591474,0.05163508094847202,90.00406890304293,136.24829107918777,0.13411829189863056,226.44817034201697,0.14131268957337417,12.021507072,2026-01-12T18:19:46.824497
26331,0.4386941718405768,0.04463704586854611,1.320055165592844e-05,0.003066554549150169,0.05586665973532945,91.49212337005883,139.36388872005045,0.13419362006243318,231.05725191603415,0.13849381369613428,11.99743488,2026-01-12T18:23:37.882471
26332,0.43885439615461647,0.029595949568695268,1.3196022759426116e-05,0.0029348890529945493,0.04401891422457993,90.13266663590912,136.68441030499525,0.13519316201563925,227.00650238897651,0.14096512506574757,12.015522304,2026-01-12T18:27:24.889702
26333,0.43901462046865614,0.03650826753801795,1.3191493271564074e-05,0.003263500053435564,0.0533177760662511,91.42975989019033,139.46550873911474,0.13289870996959507,231.09461267699953,0.13847142358409859,12.014938112,2026-01-12T18:31:15.984918
26334,0.43917484478269575,0.013720234977641965,1.3186963193562044e-05,0.002944169915281236,0.0497532298322767,90.28751185594592,137.2173545352416,0.13320477795787156,227.69746549800038,0.1405373570145471,11.99657472,2026-01-12T18:35:03.683136
26335,0.4393350690967354,0.014037836686426886,1.3182432526639915e-05,0.002868842100724578,0.04843016213271767,91.38964203197975,139.46259767527226,0.13463080895598978,231.04461185995024,0.1385013904561301,12.026534912,2026-01-12T18:38:54.728350
26336,0.4394952934107751,0.00524346907146267,1.3177901272017737e-05,0.003611322841607034,0.04673274327069521,90.38338232401293,136.77445284160785,0.1327092129504308,227.34797026310116,0.1407534008901316,12.012441088,2026-01-12T18:42:42.077014
26337,0.43965551772481476,0.0142536249169396,1.3173369430915713e-05,0.003120318171568215,0.0490581919439137,92.10037863417529,140.73720813391265,0.1334727080538869,233.03275596396998,0.13731975089779924,12.016846848,2026-01-12T18:46:35.110613
26338,0.4398157420388544,0.004328218375112769,1.3168837004554211e-05,0.003088038880378008,0.05365121620707214,89.371726982994,134.85346441401634,0.13428131898399442,224.4242052299669,0.14258711517863987,11.996920832,2026-01-12T18:50:19.535530
26339,0.43997596635289404,0.03285301475020308,1.3164303994153751e-05,0.0035100432578474283,0.04910552827641368,90.92604636284523,138.58297933416907,0.1337790701072663,229.70472578390036,0.1393092801673775,12.036536832,2026-01-12T18:54:09.241206
26340,0.4401361906669337,0.005280325873934899,1.3159770400935013e-05,0.002833304926753044,0.056276659946888685,90.74610129592475,138.06843695195857,0.13522793108131737,229.01497114892118,0.1397288563252549,12.016319488,2026-01-12T18:57:58.256891
26341,0.4402964149809734,0.002683473978026818,1.3155236226118831e-05,0.0026614981470629573,0.049312618910335004,89.57568955002353,135.60700527380686,0.13386958604678512,225.37685792904813,0.1419844091094484,11.997391872,2026-01-12T19:01:43.634344
26342,0.440456639295013,0.0048100764612222235,1.31507014709262e-05,0.002690538763999939,0.05393174535129219,91.30382763582747,139.18614798004273,0.13385624694637954,230.68747821694706,0.13871580827593083,12.011324928,2026-01-12T19:05:34.322419
26343,0.44061686360905267,7.265276504853091e-06,1.3146166136578272e-05,0.0030307142296805978,0.0509701109258458,90.03813746001106,136.33349443692714,0.1344210150418803,226.56764199305326,0.14123817381204481,12.016400384,2026-01-12T19:09:20.890708
26344,0.44077708792309234,0.004576573573288556,1.3141630224296349e-05,0.003475563134998083,0.049774952698498964,90.98717545194086,138.28604801523034,0.13446257798932493,229.46774510410614,0.13945315053094748,12.020396544,2026-01-12T19:13:10.359067
26345,0.440937312237132,0.016429715839349157,1.3137093735301893e-05,0.002940538921393454,0.05493244610261172,90.30406791274436,136.86457199894357,0.13516345305833966,227.3694225109648,0.1407401208421366,12.007466496,2026-01-12T19:16:57.729162
26346,0.4410975365511716,0.00958170395884217,1.3132556670816521e-05,0.002907747053541243,0.051562881330028176,90.17303264781367,136.627506625955,0.13518058601766825,226.99804803705774,0.140970375193605,12.013952,2026-01-12T19:20:44.727954
26347,0.4412577608652113,0.009021271289903154,1.3128019032062002e-05,0.0035634010564535856,0.04902726411819458,91.2450914819492,139.0590113750659,0.13362997001968324,230.4976518859621,0.13883004767368254,12.022905344,2026-01-12T19:24:35.226190
26348,0.44141798517925096,0.013532476390578196,1.3123480820260261e-05,0.0029363122303038836,0.0522350239334628,92.07163530797698,140.76746107812505,0.13472659699618816,233.0364931699587,0.13731754870110274,12.010205696,2026-01-12T19:28:28.263379
26349,0.44157820949329063,0.01837025526680769,1.3118942036633381e-05,0.00371400557924062,0.05019890912808478,91.11407225788571,138.60936423414387,0.13302229391410947,229.9192403840134,0.13917930463998265,12.018541056,2026-01-12T19:32:18.183170
26350,0.44173843380733024,0.004317294554402551,1.3114402682403596e-05,0.0028555471217259765,0.043467072886414826,90.13303166499827,136.57361843704712,0.1333408859791234,226.8935549769085,0.14103529738099752,11.998014464,2026-01-12T19:36:05.077501
26351,0.4418986581213699,0.005945589471718193,1.3109862758793294e-05,0.0033940060529857874,0.049210564931854606,89.77774698694702,135.951487676939,0.1341485910816118,225.92243004601914,0.14164153596206353,12.01894656,2026-01-12T19:39:51.000706
26352,0.4420588824354096,0.006329084383915884,1.3105322267025014e-05,0.002871688222512603,0.0509499809704721,89.85364918492269,136.16216338519007,0.13490051694680005,226.21063417906407,0.14146107726602014,12.015881728,2026-01-12T19:43:37.211976
26353,0.44221910674944925,0.026720341586280227,1.3100781208321451e-05,0.0034088609972968698,0.052416543127037585,91.73122962471098,140.4397342700977,0.13397672004066408,232.36925661889836,0.13771184908717168,12.015934464,2026-01-12T19:47:29.581829
26354,0.44237933106348887,0.00543849222574444,1.309623958390545e-05,0.002246206859126687,0.054864166770130396,91.26116415101569,139.38279532908928,0.1348425759933889,230.84280547208618,0.138622470535992,12.022577152,2026-01-12T19:51:20.425236
26355,0.44253955537752854,0.008264731491857802,1.3091697395000012e-05,0.0027425229782238603,0.05166434310376644,90.08717773563694,136.34569417103194,0.13395351299550384,226.6283850229811,0.14120031785407225,12.022392832,2026-01-12T19:55:07.054405
26356,0.4426997796915682,0.0006811906020827152,1.308715464282829e-05,0.003134345868602395,0.04918907431419939,90.60081223363522,137.71950035134796,0.1345512670231983,228.51407863094937,0.14003513565428963,12.01851136,2026-01-12T19:58:55.569090
26357,0.4428600040056079,2.8903517874212525e-05,1.308261132861358e-05,0.002899957005865872,0.04435599304269999,89.68932357314043,135.7225427548401,0.1348260729573667,225.6002218419453,0.1418438321502143,11.99778304,2026-01-12T20:02:41.169924
26358,0.4430202283196475,0.0067447443245765015,1.3078067453579342e-05,0.0026994490763172507,0.04584107699338347,90.60653998388443,137.5318017381942,0.13329383998643607,228.32768186798785,0.1401494542326297,12.015417344,2026-01-12T20:06:29.498301
26359,0.44318045263368716,9.277620458547631e-07,1.3073523018949183e-05,0.003602084005251527,0.05446842813398689,90.40491430961993,137.29267702321522,0.13507063104771078,227.89782377704978,0.1404138024209713,11.996521472,2026-01-12T20:10:17.396886
26360,0.44334067694772683,0.010149994899180115,1.3068978025946851e-05,0.0034727902384474874,0.045163683127611876,89.43680033762939,135.13642046914902,0.1341433390043676,224.76277032401413,0.14237233307753483,11.99738368,2026-01-12T20:14:02.160567
26361,0.4435009012617665,0.013604211998592852,1.3064432475796256e-05,0.0028404348995536566,0.05096073809545487,88.4624133661855,133.48585048678797,0.1326177699957043,222.14258636906743,0.14405162253236414,12.01396224,2026-01-12T20:17:44.303936
26362,0.4436611255758061,0.03619295320562799,1.3059886369721457e-05,0.0033018330577760935,0.05520928022451699,91.07740308716893,138.5454356757691,0.13401823409367353,229.82428692595568,0.1392368075107297,12.019355136,2026-01-12T20:21:34.128855
26363,0.4438213498898458,0.040015615378148794,1.3055339708946655e-05,0.003477254998870194,0.04649718583095819,91.37000332295429,139.41134016378783,0.13394545507617295,230.9741070290329,0.13854366799642037,12.013113344,2026-01-12T20:25:25.103562
26364,0.44398157420388545,0.1389488998084163,1.3050792494696208e-05,0.004000816261395812,0.052442737855017185,91.16689336311538,138.62419370631687,0.1333740670233965,229.9894712419482,0.13913680407715753,12.01236736,2026-01-12T20:29:15.093690
26365,0.44414179851792507,3.972458078926877e-06,1.3046244728194622e-05,0.0037221311358734965,0.052756435121409595,90.65690859488677,138.05372295924462,0.1333925820654258,228.90688496199436,0.13979483406675597,12.021965824,2026-01-12T20:33:04.001182
26366,0.44430202283196474,0.027965010593851147,1.3041696410666547e-05,0.003109742538072169,0.05242251476738602,90.24999110517092,137.08074473007582,0.13425415195524693,227.5291089080274,0.14064134542422504,12.012975616,2026-01-12T20:36:51.531001
26367,0.4444622471460044,0.055670923973212716,1.3037147543336785e-05,0.0042625394416972995,0.05132432549726218,90.21027343289461,136.54996795207262,0.1334108499577269,226.95875309605617,0.14099478237112353,11.99757824,2026-01-12T20:40:38.490324
26368,0.4446224714600441,0.009987784525974597,1.3032598127430285e-05,0.003148772055283189,0.04890392208471894,92.71752989199013,142.1459276608657,0.13382440304849297,235.05565216601826,0.13613797288056112,12.011898368,2026-01-12T20:44:33.546608
26369,0.4447826957740837,0.016296968131381817,1.3028048164172145e-05,0.0028586919652298093,0.04429031384643167,91.88194426312111,140.50475916068535,0.13455620396416634,232.57775127503555,0.13758839710406479,12.010525184,2026-01-12T20:48:26.125098
26370,0.44494292008812336,0.020517757683695237,1.3023497654787612e-05,0.00296306109521538,0.048794162343256176,90.44102118280716,137.3688905480085,0.13366371497977525,228.00386831199285,0.14034849600100763,12.019382784,2026-01-12T20:52:14.129592
26371,0.44510314440216303,0.0045588288075020245,1.3018946600502074e-05,0.0034256884828209877,0.047748045064508915,91.0014670160599,138.64561495708767,0.1348009438952431,229.83953127404675,0.1392275724833651,12.011542016,2026-01-12T20:56:03.969913
26372,0.4452633687162027,0.0008144946581527535,1.3014395002541073e-05,0.0035833660513162613,0.05326023884117603,90.34487823292147,136.96852886409033,0.13363394199404866,227.51245881000068,0.1406516380130361,12.020251136,2026-01-12T20:59:51.483014
26373,0.4454235930302423,0.03484081196022615,1.300984286213029e-05,0.0032120137475430965,0.057439918047748506,90.79646172467619,138.0032066272106,0.13580091402400285,229.004467159044,0.13973526541635514,12.010219008,2026-01-12T21:03:40.488251
26374,0.445583817344282,0.008199722152118838,1.3005290180495557e-05,0.0030740718357264996,0.051889794413000345,91.14812043169513,138.69892808713485,0.13364314299542457,230.04452126298565,0.13910350841791086,12.017001472,2026-01-12T21:07:30.533403
26375,0.44574404165832165,0.03692992142556406,1.3000736958862852e-05,0.002877722028642893,0.05069157516118139,90.4771093839081,137.4751096717082,0.1336975620361045,228.14805498893838,0.1402597975317015,12.012697088,2026-01-12T21:11:18.682103
26376,0.4459042659723613,0.0031159399582207925,1.2996183198458294e-05,0.003170959884300828,0.050185245112515986,90.16606367472559,136.70666284591425,0.13250043301377445,227.07019844604656,0.14092558256870252,12.011829248,2026-01-12T21:15:05.753072
26377,0.44606449028640094,0.023900732130487157,1.2991628900508156e-05,0.0029041568050161004,0.05362337676342577,91.31947727513034,138.8822843132075,0.13461716298479587,230.40146244096104,0.13888800731115067,12.00642304,2026-01-12T21:18:56.155233
26378,0.4462247146004406,0.0037903566954504697,1.2987074066238846e-05,0.0038458131020888686,0.04571317869704217,88.54550278815441,132.95501706807408,0.13368970702867955,221.69629694102332,0.14434160805361937,11.997570048,2026-01-12T21:22:37.852298
26379,0.4463849389144803,1.7182830740480881e-06,1.2982518696876919e-05,0.0031276801601052284,0.05477941408753395,91.14715319580864,139.393159225001,0.13488047500140965,230.74051704409067,0.1386839225721477,12.018609664,2026-01-12T21:26:28.593802
26380,0.44654516322851995,3.343337073502539e-05,1.2977962793649075e-05,0.003744326182641089,0.05627344874665141,90.53858690219931,137.0988369268598,0.13368761900346726,227.84169608494267,0.14044839267729967,12.012523008,2026-01-12T21:30:16.436396
26381,0.44670538754255956,0.015627024950411794,1.297340635778216e-05,0.0033983212197199464,0.04678066214546561,91.99928937002551,140.98962460714392,0.13529539399314672,233.1806225751061,0.13723267245198725,12.0181888,2026-01-12T21:34:09.617631
26382,0.44686561185659923,0.0015368027361155612,1.2968849390503162e-05,0.0027038436383008957,0.050631324644200504,89.8058853559196,135.67996096913703,0.13474066299386322,225.68017882597633,0.1417935778253501,12.019536384,2026-01-12T21:37:55.298484
26383,0.4470258361706389,0.04169479593006642,1.2964291893039209e-05,0.0030430760234594345,0.05221394379623234,90.84526634460781,138.08612371759955,0.13356105203274637,229.13060017698444,0.13965834321248513,12.014937088,2026-01-12T21:41:44.429749
26384,0.44718606048467857,0.01581859955469156,1.295973386661758e-05,0.0030914099188521504,0.049333466100506485,91.84037481911946,140.18520998081658,0.1344016910297796,232.22111992596183,0.13779969716019988,12.012617216,2026-01-12T21:45:36.651577
26385,0.4473462847987182,0.01656023235004156,1.2955175312465683e-05,0.0032456382177770138,0.043079657247290015,91.45603005390149,139.65011377842166,0.1332934449892491,231.29285594797693,0.1383527384313052,12.014400512,2026-01-12T21:49:27.945035
26386,0.44750650911275786,0.022323685929805492,1.2950616231811083e-05,0.0029357318999245763,0.04972691263537854,89.06731254118495,134.57417033123784,0.1333281259285286,223.83570308692288,0.1429620009618096,12.017915904,2026-01-12T21:53:11.781319
26387,0.4476667334267975,0.01767720111130089,1.2946056625881475e-05,0.0030857459641993046,0.048900523921474814,89.01150528993458,134.268386997981,0.1325920500094071,223.4717857260257,0.143194810459123,11.997539328,2026-01-12T21:56:55.253748
26388,0.4478269577408372,0.09817330410925251,1.2941496495904706e-05,0.0035616246750578284,0.05495092598721385,89.66344905283768,135.49943775113206,0.13367046904750168,225.36156235903036,0.1419940457681946,12.013714944,2026-01-12T22:00:40.615962
26389,0.4479871820548768,0.0023069506344075563,1.2936935843108753e-05,0.0031241477699950337,0.042997651849873364,89.5373911128845,135.1027591099264,0.13448639190755785,224.8286345610395,0.14233062466654892,12.01167104,2026-01-12T22:04:25.445201
26390,0.4481474063689165,0.0073015836908538745,1.2932374668721742e-05,0.002922896295785904,0.04650919605046511,90.78921171592083,138.083772155107,0.13391388300806284,229.06335270602722,0.139699343530817,11.998352384,2026-01-12T22:08:14.509322
26391,0.44830763068295615,0.0006192706453020946,1.2927812973971935e-05,0.0034309120383113623,0.04773416998796165,90.30654416396283,137.32060020801146,0.13472538499627262,227.8203830110142,0.1404615319185594,11.997672448,2026-01-12T22:12:02.330595
26392,0.4484678549969958,0.0021663787124435174,1.2923250760087738e-05,0.003058767062611878,0.04811311617959291,90.6912554630544,137.5259590507485,0.1335580840241164,228.4121464539785,0.14009762833014444,12.026851328,2026-01-12T22:15:50.743349
26393,0.44862807931103543,0.00900629210877657,1.2918688028297693e-05,0.002666062326170504,0.051488551893271506,90.17114234284963,136.51597102649976,0.13416709704324603,226.88239940500353,0.14104223194006954,11.998152704,2026-01-12T22:19:37.626671
26394,0.4487883036250751,0.013845281473868987,1.291412477983048e-05,0.0039032698841765523,0.049393725232221186,89.71541277132928,135.86949768173508,0.1344515950186178,225.781135807978,0.141730175488245,11.996964864,2026-01-12T22:23:23.408528
26395,0.44894852793911477,0.006297792458735962,1.2909561015914922e-05,0.003058575908653438,0.05344023823272437,90.14617122197524,136.55139693198726,0.1346792170079425,226.8954272629926,0.14103413359189945,11.996786688,2026-01-12T22:27:10.304610
26396,0.44910875225315444,4.639131567785171e-06,1.2904996737779983e-05,0.013464143965393305,0.05256281222682446,91.32818843086716,139.2212493919069,0.13398594607133418,230.7604785009753,0.1386719260068823,12.0150784,2026-01-12T22:31:01.065712
26397,0.44926897656719406,0.0221812001834234,1.2900431946654763e-05,0.0033980204025283456,0.052126194117590785,90.59045591694303,136.86675529100467,0.13394011498894542,227.65457831893582,0.14056383243551185,12.013291008,2026-01-12T22:34:48.720908
26398,0.4494292008812337,0.01937689584761948,1.28958666437685e-05,0.004332698183134198,0.050949567114003,91.12579152279068,139.2617141030496,0.13359069300349802,230.58419747592416,0.1387779403371352,12.013564416,2026-01-12T22:38:39.305737
26399,0.4495894251952734,0.003095920408638264,1.2891300830350562e-05,0.002787057892419398,0.0495640590088442,87.68043406296056,131.07612669689115,0.1354008389171213,218.95076422090642,0.146151579392133,12.017455616,2026-01-12T22:42:18.257384
26400,0.44974964950931307,0.012793959812885447,1.288673450763047e-05,0.0031718540703877807,0.045226879068650305,90.06504856387619,136.99075952800922,0.1329071440268308,227.2459387750132,0.140816597966496,12.009261056,2026-01-12T22:46:05.504078
26401,0.4499098738233527,0.021623105701801038,1.2882167676837872e-05,0.004625034052878618,0.05177867121528834,90.89040996297263,138.14974051900208,0.13355248398147523,229.23679767199792,0.1395936443231379,12.01154304,2026-01-12T22:49:54.741791
26402,0.45007009813739235,0.01122808778511697,1.287760033920255e-05,0.004369557136669755,0.055279552238062024,91.44644499279093,139.11196545232087,0.13467301207128912,230.75947093800642,0.1386725314888454,12.029351424,2026-01-12T22:53:45.501868
26403,0.450230322451432,8.61625383841158e-06,1.2873032495954431e-05,0.0029196181567385793,0.05073705792892724,89.3851409702329,135.17456487077288,0.13339109194930643,224.75532690796535,0.14237704814490837,12.009714688,2026-01-12T22:57:30.257893
26404,0.45039054676547163,0.005929321253319131,1.2868464148323576e-05,0.003359158174134791,0.04995519306976348,91.79434202087577,139.90233024710324,0.13394612993579358,231.89113841799553,0.13799578637765095,12.006430208,2026-01-12T23:01:22.149632
26405,0.4505507710795113,0.008376829850716305,1.2863895297540177e-05,0.0032029644353315234,0.050616627326235175,91.21976318059023,139.33017926302273,0.13445123296696693,230.74617020296864,0.13868052488954508,12.014288384,2026-01-12T23:05:12.896405
26406,0.450710995393551,0.033352134429549096,1.2859325944834565e-05,0.002753920736722648,0.04695529816672206,90.75012269511353,138.03105243400205,0.1343939360231161,228.9724756310461,0.13975478891866058,11.99676416,2026-01-12T23:09:01.869611
26407,0.45087121970759064,0.014465498531064824,1.285475609143721e-05,0.002910227864049375,0.045994117157533765,89.31016714207362,135.43022956268396,0.13420530094299465,224.93150595808402,0.1422655304053457,12.009120768,2026-01-12T23:12:46.801882
26408,0.45103144402163026,0.010596597267362284,1.2850185738578713e-05,0.0029528631130233407,0.04839245474431664,90.39424960198812,137.38835373707116,0.1346461990615353,227.97566029103473,0.14036586168518456,11.996872192,2026-01-12T23:16:34.778143
26409,0.4511916683356699,0.0029749835975625416,1.2845614887489802e-05,0.0025710577610880136,0.058769095106981695,91.97997904091608,140.51491039514076,0.1352343880571425,232.69921166007407,0.13751658104774953,12.016847872,2026-01-12T23:20:27.477959
26410,0.4513518926497096,0.0016206164179877192,1.2841043539401354e-05,0.003115339088253677,0.05403926398139447,90.29690414806828,137.10664348199498,0.13551574107259512,227.604980677017,0.14059446284881447,12.017580544,2026-01-12T23:24:15.083871
26411,0.45151211696374927,0.010481625020938523,1.2836471695544363e-05,0.0033211990958079696,0.04294719616882503,90.31349823984783,137.12077252322342,0.13242751394864172,227.62171292002313,0.14058412789136457,12.00002816,2026-01-12T23:28:02.706184
26412,0.4516723412777889,0.016233056521613776,1.2831899357149974e-05,0.003169424831867218,0.045496036182157695,89.05715528386645,134.26212757418398,0.13344561797566712,223.50863120192662,0.14317120474461642,11.997555712,2026-01-12T23:31:46.215428
26413,0.45183256559182855,0.00018512740021314755,1.2827326525449455e-05,0.003042302909307182,0.054194854106754065,90.97832482785452,138.47884263389278,0.13430269004311413,229.65700653591193,0.13933822652606984,12.012036096,2026-01-12T23:35:35.873099
26414,0.4519927899058682,0.00022037313235401257,1.2822753201674208e-05,0.0035417150938883424,0.0464483757968992,89.9040427710861,136.15364746411797,0.1329062789445743,226.2485009690281,0.14143740118914902,12.007742976,2026-01-12T23:39:22.122186
26415,0.4521530142199079,0.01206561902416503,1.2818179387055769e-05,0.003037041053175926,0.04728237341623753,89.81832876196131,136.15134091861546,0.13547314296010882,226.16349839698523,0.14149055982424863,11.996591104,2026-01-12T23:43:08.286299
26416,0.4523132385339475,0.019063171400480527,1.2813605082825805e-05,0.004685800289735198,0.05405614722985774,93.89128221583087,144.80865846562665,0.1348672959720716,238.90099125995766,0.13394670248638496,12.016079872,2026-01-12T23:47:07.188191
26417,0.4524734628479872,0.008290904737421556,1.2809030290216115e-05,0.0030455278465524316,0.04839402809739113,89.5199043978937,135.23735218099318,0.13298876292537898,224.94976842601318,0.14225398062823488,11.99880704,2026-01-12T23:50:52.138560
26418,0.45263368716202684,0.00808421129149739,1.2804455010458627e-05,0.0028990040300413966,0.04786696715746075,90.95711198961362,138.56341683794744,0.13440545194316655,229.71390301303472,0.13930371466538624,12.012884992,2026-01-12T23:54:41.853090
26419,0.4527939114760665,0.00021446366809030337,1.2799879244785408e-05,0.0028762491419911385,0.051312546245753765,90.24113455496263,136.61728411226068,0.13461187004577368,227.05541619996075,0.14093475740661734,12.015758336,2026-01-12T23:58:28.909362
26420,0.4529541357901061,0.021890433026021228,1.2795302994428652e-05,0.003239594167098403,0.04790850088465959,90.71114426804706,138.63615942106117,0.13345455890521407,229.53975297999568,0.13940940331494037,11.997072384,2026-01-13T00:02:18.449740
26421,0.4531143601041458,0.08388899345067458,1.2790726260620675e-05,0.002914596116170287,0.04670333699323237,90.6251752441749,137.46975849277806,0.13442626502364874,228.28571063897107,0.14017522126300455,12.020517376,2026-01-13T00:06:06.736075
26422,0.45327458441818547,1.724741870035018e-05,1.2786149044593937e-05,0.003479447797872126,0.04807464696932584,89.29610733117443,134.92885296384338,0.1333818919956684,224.41695706895553,0.14259172042051846,12.013133312,2026-01-13T00:09:51.153634
26423,0.45343480873222514,0.003874295872372535,1.2781571347581017e-05,0.004043405293487012,0.05375417985487729,88.30623742006719,132.64273015910294,0.13366096303798258,221.14948468504008,0.14469850583452287,11.997957632,2026-01-13T00:13:32.303753
26424,0.45359503304626475,0.021797585238852335,1.2776993170814633e-05,0.0030011567287147045,0.048599149798974395,89.62410223309416,135.46946131030563,0.1335525989998132,225.28665197291411,0.14204126041096884,11.997324288,2026-01-13T00:17:17.591030
26425,0.4537552573603044,0.009724159885401207,1.2772414515527621e-05,0.0027572661638259888,0.052765365806408226,89.3773173900554,134.93223036709242,0.13372172904200852,224.50593429093715,0.14253520781562598,11.996703744,2026-01-13T00:21:02.097556
26426,0.4539154816743441,0.004779945691558041,1.2767835382952963e-05,0.003304329118691385,0.05007789714727551,89.67970396380406,135.8993692009244,0.13375371496658772,225.7747501040576,0.1417341841160337,12.0170752,2026-01-13T00:24:47.872922
26427,0.45407570598838376,0.009834476203886666,1.2763255774323745e-05,0.003374673891812563,0.050888964091427624,89.71407525858376,136.01231888623443,0.13358655699994415,225.92140396893956,0.14164217926159609,11.996778496,2026-01-13T00:28:33.794947
26428,0.4542359303024234,0.009088330570435232,1.27586756908732e-05,0.0031189738074317575,0.05397582601290196,90.47673991741613,137.29092397238128,0.13354328891728073,227.96821824705694,0.14037044394197312,12.016655872,2026-01-13T00:32:21.763813
26429,0.45439615461646304,0.02511957796770581,1.2754095133834682e-05,0.0040981818456202745,0.050640452769584954,91.67629323306028,139.6146073648706,0.13385389908216894,231.4871360900579,0.13823662316834184,12.013576192,2026-01-13T00:36:13.251568
26430,0.4545563789305027,0.00909638338026042,1.2749514104441679e-05,0.0036399259697645903,0.054497586796060205,89.94990910822526,136.33002392807975,0.13448740099556744,226.47986088797916,0.14129291617601156,12.01502208,2026-01-13T00:39:59.732016
26431,0.4547166032445424,0.03190221981471808,1.2744932603927798e-05,0.003071916988119483,0.05269612092524767,89.83941820811015,136.03748485818505,0.13522104604635388,226.07499721390195,0.14154594888581618,11.997479936,2026-01-13T00:43:45.807657
26432,0.454876827558582,0.033745424600667207,1.2740350633526774e-05,0.0035055660409852862,0.05263595806900412,91.09873983694706,138.72795467916876,0.13534165103919804,230.0296784460079,0.13911248416369446,12.016274432,2026-01-13T00:47:35.837982
26433,0.45503705187262167,0.049495400718887694,1.2735768194472473e-05,0.004127312800846994,0.04822883696760982,91.27806378493551,138.99369192286395,0.13314065500162542,230.46610799292102,0.13884904934040415,12.032533504,2026-01-13T00:51:26.304902
26434,0.45519727618666134,0.032018095212237085,1.2731185287998886e-05,0.00392646889667958,0.05189289606641978,91.76541073329281,140.53926700958982,0.1339439309667796,232.5023236790439,0.1376330330537864,11.99647232,2026-01-13T00:55:18.808004
26435,0.455357500500701,0.01995757258595532,1.2726601915340127e-05,0.0032683690078556538,0.05071892915293574,90.35753820685204,137.52974458306562,0.13436959602404386,228.0835101850098,0.14029948931443234,12.014618624,2026-01-13T00:59:06.892181
26436,0.4555177248147406,0.007402510973776089,1.2722018077730442e-05,0.0031507043167948723,0.052211568458005786,92.52085347473621,141.79908867413178,0.13355144299566746,234.51703252794687,0.1364506434993656,11.996474368,2026-01-13T01:03:01.409937
26437,0.4556779491287803,0.013487653011326373,1.271743377640419e-05,0.002872703014872968,0.05098061903845519,90.37042098911479,137.08880353416316,0.1354214249877259,227.6565070860088,0.14056264154097023,11.996862464,2026-01-13T01:06:49.067079
26438,0.45583817344281996,0.0028785543544813663,1.2712849012595866e-05,0.003020798205398023,0.04980863176751882,90.81366386101581,138.1891211080365,0.13434434996452183,229.1975821800297,0.1396175286651353,12.020304384,2026-01-13T01:10:38.265267
26439,0.45599839775685963,0.003893734748114497,1.2708263787540088e-05,0.003109520999714732,0.048775475937873125,89.39561633358244,135.25595211447217,0.13408176193479449,224.8448109709425,0.14232038472142225,12.014879744,2026-01-13T01:14:23.110785
26440,0.45615862207089924,0.017482367710180746,1.2703678102471591e-05,0.0028726038290187716,0.04947103338781744,92.10001246572938,141.27681391709484,0.13385193794965744,233.56971450406127,0.13700406351031263,12.031602176,2026-01-13T01:18:16.681124
26441,0.4563188463849389,0.02366002274532697,1.2699091958625242e-05,0.003673234721645713,0.045048673055134714,90.53970457287505,137.73942226113286,0.13463610305916518,228.46887759899255,0.1400628406647414,12.01073664,2026-01-13T01:22:05.150669
26442,0.4564790706989786,0.014072971803827272,1.2694505357236033e-05,0.002877197926864028,0.055624954286031425,88.23800900497008,132.4799571603071,0.13372889801394194,220.91900914697908,0.14484946371776528,12.010169856,2026-01-13T01:25:46.070278
26443,0.4566392950130182,0.01898628409410641,1.2689918299539064e-05,0.0025248946622014046,0.05317108181770891,90.3631334642414,136.62867085984908,0.13409811595920473,227.18999455298763,0.14085127323922103,12.016149504,2026-01-13T01:29:33.261217
26444,0.45679951932705787,0.019233114659909845,1.268533078676958e-05,0.013434808934107423,0.053202642826363444,92.32116257690359,141.70195731217973,0.13416297803632915,234.23134066502098,0.13661707228907446,11.99656448,2026-01-13T01:33:27.493378
26445,0.45695974364109754,0.01716309818378825,1.2680742820162928e-05,0.002921822713688016,0.047339884913526475,90.71079196303617,137.49373446404934,0.13419226894620806,228.39534629206173,0.140107933543794,11.998813184,2026-01-13T01:37:15.889354
26446,0.4571199679551372,0.021936223985073333,1.2676154400954592e-05,0.002798283123411238,0.05342505790758878,90.7922619744204,137.99361640878487,0.1335387589642778,228.98391213908326,0.1397478089227658,12.020228096,2026-01-13T01:41:04.873908
26447,0.4572801922691768,0.0003354771709611626,1.267156553038017e-05,0.003518780809827149,0.05168495688121766,89.85984036989976,135.92044120305218,0.13291750603821129,225.97685889794957,0.14160742014053349,12.01287424,2026-01-13T01:44:50.851415
26448,0.4574404165832165,0.011541343737082599,1.266697620967539e-05,0.0030716079054400325,0.050938352942466736,90.90625128208194,138.3117690528743,0.13421566598117352,229.4142770600738,0.1394856519397028,12.015019008,2026-01-13T01:48:40.266366
26449,0.45760064089725616,0.03176195950060823,1.266238644007608e-05,0.0030972370877861977,0.05726594605948776,90.22432585887145,137.0380104802316,0.13377841701731086,227.46360155497678,0.14068184879357837,12.022300672,2026-01-13T01:52:27.730572
26450,0.45776086521129583,0.0045176515098948045,1.2657796222818219e-05,0.002800768823362887,0.05359529599081725,91.16465219389647,138.78661576891318,0.134568952023983,230.15066273196135,0.1390393563075155,12.013151744,2026-01-13T01:56:17.881832
26451,0.45792108952533545,0.0073671052690080785,1.2653205559137883e-05,0.003174134180881083,0.05464750016108155,88.59316858125385,133.10640757589135,0.13464971911162138,221.90098132600542,0.14420846545508179,12.023611904,2026-01-13T01:59:59.783449
26452,0.4580813138393751,0.045098874235842246,1.2648614450271281e-05,0.003279909142293036,0.04797794937621802,92.23953426408116,141.53255769086536,0.13499151496216655,233.96614801802207,0.13677192307980848,12.02450688,2026-01-13T02:03:53.750390
26453,0.4582415381534148,0.003987678812144679,1.2644022897454738e-05,0.0026904070982709527,0.04763153486419469,90.26631105528213,136.61197181302123,0.13265646493528038,227.06845241901465,0.14092666620614325,12.014303232,2026-01-13T02:07:40.819495
26454,0.45840176246745445,0.013585253458913371,1.2639430901924696e-05,0.0028044191421940923,0.04539073188789189,90.80832984310109,138.51302853785455,0.1331827719695866,229.51019773096777,0.1394273558053854,12.031706624,2026-01-13T02:11:30.330394
26455,0.45856198678149407,0.005511331919922924,1.2634838464917716e-05,0.0028526049572974443,0.046123135020025074,91.25513178063557,138.94827240309678,0.13449699396733195,230.39567170792725,0.13889149810316934,11.997705216,2026-01-13T02:15:20.726715
26456,0.45872221109553374,0.009162749105691148,1.2630245587670483e-05,0.003616401692852378,0.0553635178366676,91.10952400020324,138.6393349581631,0.13460540992673486,229.94928028492723,0.13916112266300293,12.071814656,2026-01-13T02:19:10.676615
26457,0.4588824354095734,0.009808369440554188,1.2625652271419797e-05,0.003215851145796478,0.05340147949755192,90.5562668365892,137.4276716769673,0.1335009289905429,228.18333193997387,0.1402381134850724,12.012182016,2026-01-13T02:22:58.860601
26458,0.4590426597236131,0.02114117700462259,1.262105851740258e-05,0.002761332900263369,0.04634780192282051,90.70657443185337,138.16642107290681,0.13298515102360398,229.06235623394605,0.13969995125396226,12.034169856,2026-01-13T02:26:47.923718
26459,0.4592028840376527,0.002478245750893393,1.2616464326855867e-05,0.002725091530010104,0.05521083401981741,89.84992106619757,136.38626390474383,0.13350599096156657,226.43425076501444,0.14132137647854556,12.01462272,2026-01-13T02:30:34.358905
26460,0.45936310835169236,0.026306452985084938,1.2611869701016809e-05,0.0029091433389112353,0.048308001714758575,89.22102528298274,134.43062752101105,0.13362515706103295,223.8431938929716,0.14295721680642423,11.996591104,2026-01-13T02:34:18.202790
26461,0.45952333266573203,0.01123323695566647,1.260727464112268e-05,0.003082358045503497,0.05166642053518444,89.45698183123022,135.3332845288096,0.13465492893010378,224.98836583003867,0.14222957654696478,11.996619776,2026-01-13T02:38:03.192059
26462,0.4596835569797717,0.016609007107906137,1.2602679148410868e-05,0.0029118781676515937,0.048686226829886436,89.42651977797505,135.51493932609446,0.13388649793341756,225.13317006803118,0.1421380953785272,11.99671808,2026-01-13T02:41:48.326031
26463,0.4598437812938113,0.0365881434557096,1.2598083224118878e-05,0.002918069832958281,0.045812778756953776,89.97792843531352,136.24314342672005,0.13350899692159146,226.41132585401647,0.1413356857449467,11.998139392,2026-01-13T02:45:34.738079
26464,0.460004005607851,0.0006529437407216676,1.2593486869484337e-05,0.002764191129244864,0.05062327184714377,89.6556895392714,135.3479563657893,0.1318431629333645,225.1982600609772,0.14209701261162197,11.99745536,2026-01-13T02:49:19.936938
26465,0.46016422992189066,0.006495554290091299,1.2588890085744972e-05,0.0028760998975485563,0.051274416386149824,91.09659707965329,138.59319048991892,0.13498988293576986,229.88849642605055,0.1391979176752483,11.99663104,2026-01-13T02:53:09.826425
26466,0.4603244542359303,0.0305899075748588,1.2584292874138644e-05,0.0028390655061230063,0.043791075819171965,90.50156032387167,137.30016828200314,0.13408012897707522,227.98946799198166,0.14035736072302005,11.996790784,2026-01-13T02:56:57.816657
26467,0.46048467854996994,0.018298736558641338,1.2579695235903315e-05,0.0030653412686660886,0.04439540393650532,90.26505794981495,136.7333252292592,0.1332082919543609,227.18714105396066,0.14085304234890422,11.997262848,2026-01-13T03:00:45.004575
26468,0.4606449028640096,0.024302104343298936,1.2575097172277072e-05,0.0026109402533620596,0.050689396215602756,92.04665186093189,140.5592071188148,0.13469200499821454,232.79993594496045,0.13745708249492636,12.01965312,2026-01-13T03:04:37.805286
26469,0.4608051271780493,0.016170010238786503,1.2570498684498111e-05,0.0031304939184337854,0.04832481115590781,92.49663765809964,141.7039394499734,0.13441293698269874,234.39621516200714,0.13652097572429925,12.011670528,2026-01-13T03:08:32.202192
26470,0.46096535149208895,0.0009034572530044471,1.2565899773804745e-05,0.002753071254119277,0.041571856709197164,90.10068822838366,137.0527283117408,0.1330831110244617,227.33732615003828,0.14075999107546736,12.018502144,2026-01-13T03:12:19.540106
26471,0.46112557580612856,0.0036510176123982774,1.2561300441435396e-05,0.002705671009607613,0.04670248692855239,90.31496851728298,136.92353344277944,0.13427680206950754,227.42922269704286,0.14070311466801702,11.99739904,2026-01-13T03:16:06.969960
26472,0.46128580012016823,0.005003751204311513,1.2556700688628606e-05,0.0030791168101131916,0.04633966088294983,91.07855284097604,138.47015387902502,0.13323172798845917,229.74133165401872,0.13928708330197512,12.015318016,2026-01-13T03:19:56.712038
26473,0.4614460244342079,0.0005448642813030702,1.2552100516623028e-05,0.0031425668857991695,0.04817632969934493,90.5320227650227,137.30737067386508,0.13363793399184942,228.03127734200098,0.14033162631460616,12.018400768,2026-01-13T03:23:44.744248
26474,0.46160624874824757,0.04018609232300463,1.2547499926657424e-05,0.004229402868077159,0.04830997483804822,90.75308429426514,138.1418713388266,0.13339929503854364,229.0878620389849,0.13968439757211762,11.997717504,2026-01-13T03:27:33.832731
26475,0.4617664730622872,0.02525044166529611,1.2542898919970676e-05,0.0035828022519126534,0.05254941317252815,90.43328841077164,136.74686904239934,0.13260074995923787,227.3807858399814,0.14073308737053936,11.997255168,2026-01-13T03:31:21.214134
26476,0.46192669737632686,0.02025147139327288,1.2538297497801768e-05,0.013049707864411175,0.04768328892532736,89.67569790163543,135.52425654639956,0.13401854201219976,225.40148370806128,0.14196889689264963,12.013010432,2026-01-13T03:35:06.616505
26477,0.4620869216903665,0.01766749759768249,1.2533695661389808e-05,0.0029648562194779515,0.049086631974205375,90.0364708211273,136.13647083786782,0.13421199703589082,226.3660937299719,0.14136392722388996,11.996640256,2026-01-13T03:38:52.983247
26478,0.4622471460044062,0.018694564613561226,1.2529093411974002e-05,0.004088592017069459,0.04815816518384963,91.42190134478733,138.95211503503378,0.13358298398088664,230.56766434106976,0.13878789157816876,11.997627392,2026-01-13T03:42:43.551513
26479,0.4624073703184458,0.0006978435988642673,1.2524490750793682e-05,0.0033076260006055236,0.04718622984364629,89.3261313381372,135.32295220310334,0.13413943303748965,224.84248335903976,0.14232185804895597,12.006809088,2026-01-13T03:46:28.394625
26480,0.4625675946324855,0.004895027536234053,1.2519887679088279e-05,0.002873628749512136,0.04660099220927805,91.10785139468499,138.5979992642533,0.13406296900939196,229.89603719301522,0.13919335187641171,12.014128128,2026-01-13T03:50:18.291261
26481,0.46272781894652515,0.005667950635151797,1.2515284198097342e-05,0.0031941287452355027,0.051810141769237816,90.46039341413416,137.21380582486745,0.1338252709247172,227.87192893703468,0.14042975872136582,12.009791488,2026-01-13T03:54:06.163804
26482,0.46288804326056476,0.00011530959870142965,1.2510680309060524e-05,0.002956438926048577,0.05206573009490967,89.72058059298433,135.82776162680238,0.13442228396888822,225.7452687440673,0.1417526939901414,11.99757824,2026-01-13T03:57:51.909676
26483,0.46304826757460443,0.003439178489390571,1.2506076013217593e-05,0.0036281419452279806,0.05157794232945889,89.68390970141627,135.40598713129293,0.13374881795607507,225.286504823016,0.14204135318775107,12.010367488,2026-01-13T04:01:37.196881
26484,0.4632084918886441,0.008743864974654514,1.2501471311808423e-05,0.0034488161327317357,0.0450328818988055,90.76714397885371,138.0282182431547,0.13272687001153827,228.98572142992634,0.1397467047297644,12.020310528,2026-01-13T04:05:26.183330
26485,0.4633687162026838,0.011605518036018836,1.2496866206072998e-05,0.0031251199543476105,0.03908513206988573,91.18882458703592,139.44023285398725,0.13261732598766685,230.8144500820199,0.13863950020732585,11.99658496,2026-01-13T04:09:16.998616
26486,0.4635289405167234,4.767751260459363e-06,1.249226069725142e-05,0.0030309288995340466,0.048316907486878335,90.69471771770623,137.56656679825392,0.1339588559931144,228.45520899898838,0.1400712207010421,12.022747136,2026-01-13T04:13:05.454481
26487,0.46368916483076306,0.020108490706410187,1.2487654786583878e-05,0.0030300176003947854,0.05164289125241339,90.6827779719606,137.95266298216302,0.13498711097054183,228.8313963849796,0.1398409506104839,12.011919872,2026-01-13T04:16:54.286680
26488,0.4638493891448027,0.003918775753872339,1.2483048475310692e-05,0.002787824021652341,0.04875459219329059,89.95237373677082,136.3944649931509,0.13360364397522062,226.54189822496846,0.14125422383554964,12.010988032,2026-01-13T04:20:40.829191
26489,0.4640096134588424,0.02868331039498173,1.247844176467228e-05,0.004100415855646133,0.051573621458373964,92.24755918653682,141.62191693321802,0.132724613067694,234.06610204908065,0.13671351690767256,12.01753344,2026-01-13T04:24:34.895887
26490,0.464169837772882,0.033406292078133504,1.2473834655909164e-05,0.0033051639329642057,0.05457626504357904,91.13482305896468,138.674204428331,0.13413075602147728,230.0072510180762,0.13912604867176614,12.012723712,2026-01-13T04:28:24.903890
26491,0.4643300620869217,1.7543544830189717e-06,1.2469227150261981e-05,0.0035314529668539762,0.04741115786600858,90.65846251521725,137.8479464238044,0.134165900060907,228.6992080489872,0.13992177879840154,11.997295616,2026-01-13T04:32:13.603754
26492,0.46449028640096135,0.015712393846410322,1.2464619248971468e-05,0.003421130240894854,0.04442995390854776,89.45047087105922,135.47500251606107,0.13378099503461272,225.11429990106262,0.14215001007960823,12.015663104,2026-01-13T04:35:58.718672
26493,0.464650510715001,0.0061114811806763925,1.2460010953278475e-05,0.003570438828319311,0.05356452125124633,91.21121155796573,139.29924430104438,0.13447480008471757,230.71046527905855,0.13870198719114898,12.013112832,2026-01-13T04:39:49.429782
26494,0.46481073502904063,0.012320209194125908,1.2455402264423945e-05,0.003954458981752396,0.0530312912305817,91.16757074173074,138.49853720190004,0.1341707840329036,229.86376939993352,0.1392128915467496,12.016699392,2026-01-13T04:43:39.294344
26495,0.4649709593430803,0.02314357889348706,1.2450793183648947e-05,0.003158869221806526,0.05362643988337368,91.29296210908797,139.02596631273627,0.13446427800226957,230.5165597309824,0.13881866030511936,12.01802496,2026-01-13T04:47:29.811535
26496,0.46513118365712,0.04520520877619827,1.2446183712194643e-05,0.0032273518154397607,0.0507875089533627,92.91437495674472,143.03895189077593,0.1348991390550509,236.14984563202597,0.13550718152855845,12.012414464,2026-01-13T04:51:25.961990
26497,0.46529140797115964,0.0058868395366538095,1.2441573851302304e-05,0.002808705670759082,0.04857774812262505,89.1605397509411,134.53122141922358,0.1324350219219923,223.88358453998808,0.14293142601656195,12.021538816,2026-01-13T04:55:09.846210
26498,0.46545163228519926,0.02304343634443562,1.2436963602213299e-05,0.0034736141096800566,0.051251070108264685,90.49157752387691,137.29663541726768,0.1339735450455919,227.98350743297487,0.14036103032324704,12.016055296,2026-01-13T04:58:57.830468
26499,0.4656118565992389,0.02158819898494535,1.2432352966169105e-05,0.003047850914299488,0.052386116003617644,92.44008703704458,141.67345344414935,0.13422466698102653,234.31112489302177,0.13657055342382943,12.0144128,2026-01-13T05:02:52.142299
26500,0.4657720809132786,0.012431969819006738,1.2427741944411316e-05,0.005240774946287274,0.056789749301970005,90.80994778417516,138.4279360518558,0.13399208500050008,229.441537077073,0.13946907960806895,12.015793152,2026-01-13T05:06:41.584579
26501,0.46593230522731827,0.02746314619846668,1.2423130538181606e-05,0.0032372192945331335,0.046995473676361144,90.31093340727966,137.15195600967854,0.13440184004139155,1572.8186502399622,0.020345638701014777,12.021494784,2026-01-13T05:32:54.404035
26502,0.4660925295413579,0.018242431045257135,1.2418518748721776e-05,0.002995060756802559,0.04834619502071291,89.50145633763168,135.59000703517813,0.13447706296574324,225.28481236693915,0.14204242027589092,11.996880384,2026-01-13T05:36:39.699773
26503,0.46625275385539755,0.005881861779310604,1.2413906577273712e-05,0.0034043367486447096,0.05253215099219233,92.3592583668651,141.84136940306053,0.13416323298588395,234.39893469400704,0.13651939178722794,11.99743488,2026-01-13T05:40:34.099418
26504,0.4664129781694372,0.008028063919111261,1.2409294025079416e-05,0.00285962107591331,0.04999656497966498,90.67990594322328,137.88179152889643,0.13492941297590733,228.75558345101308,0.13988729593939134,12.011634176,2026-01-13T05:44:22.855753
26505,0.4665732024834769,0.00014932895847863392,1.2404681093380983e-05,0.00342095410451293,0.05151515395846218,90.2390900477767,136.6584968791576,0.13663471001200378,227.09556074009743,0.1409098438371626,12.028447232,2026-01-13T05:48:09.951933
26506,0.4667334267975165,0.015756307849106754,1.2400067783420613e-05,0.002993644797243178,0.05156554304994643,91.58282144193072,139.67801910534035,0.13330978900194168,231.454951862921,0.13825584521929768,11.997723648,2026-01-13T05:52:01.407505
26507,0.4668936511115562,0.006878352414521061,1.2395454096440614e-05,0.0030354229966178536,0.05197158583905548,90.99674740189221,138.39475058414973,0.1342523880302906,229.58785728004295,0.1393801936178513,12.017814016,2026-01-13T05:55:50.995984
26508,0.46705387542559584,0.003627627515585985,1.2390840033683393e-05,0.003161502769216895,0.051346576074138284,88.06282101082616,131.7686586410273,0.1327025389764458,220.0259029059671,0.1454374215824757,11.997502464,2026-01-13T05:59:31.022483
26509,0.4672140997396355,0.022480241834464287,1.2386225596391445e-05,0.002795628970488906,0.051654461422003806,90.57078293163795,138.02057913306635,0.13451061700470746,228.78907850501128,0.13986681623571945,12.0233088,2026-01-13T06:03:19.812286
26510,0.4673743240536751,2.0690118507360467e-06,1.2381610785807377e-05,0.0032220998546108603,0.04924880596809089,92.25988909217995,141.00487458903808,0.13558912300504744,233.46202670992352,0.13706725864999017,12.011263488,2026-01-13T06:07:13.274987
26511,0.4675345483677148,0.004598334478236765,1.2376995603173907e-05,0.003233593888580799,0.04974351171404123,89.94762713194359,136.0374429852236,0.13294370705261827,226.1788114029914,0.14148098047515326,11.996624384,2026-01-13T06:10:59.454434
26512,0.46769477268175447,0.005756949332694994,1.2372380049733837e-05,0.003085878328420222,0.0493523747427389,90.81914567400236,138.14982085919473,0.13535985304042697,229.16312312800437,0.1396385228269282,11.9973632,2026-01-13T06:14:48.618215
26513,0.46785499699579414,0.008939304712320961,1.2367764126730073e-05,0.0036919089034199715,0.04610913060605526,89.8656667690957,135.80600969411898,0.13487791595980525,225.86401002295315,0.14167817173151243,12.014388224,2026-01-13T06:18:34.482934
26514,0.46801522130983375,0.026483801233684545,1.2363147835405627e-05,0.0029994400683790445,0.050527808954939246,90.98792085214518,138.31259291712195,0.1342802729923278,229.49703897500876,0.13943535020286105,12.020163072,2026-01-13T06:22:23.980729
26515,0.4681754456238734,0.01627346578491995,1.2358531177003596e-05,0.0034240649547427893,0.04607170866802335,91.71809638116974,139.85294572100975,0.13365645403973758,231.76488213799894,0.13807096098772356,12.01208064,2026-01-13T06:26:15.746516
26516,0.4683356699379131,0.040935486767893714,1.2353914152767188e-05,0.0037484513595700264,0.039591430337168276,91.39963518711738,139.42826480371878,0.1346894180169329,231.0131900330307,0.13852022906321748,12.009716224,2026-01-13T06:30:06.760358
26517,0.46849589425195276,5.922813187453357e-06,1.2349296763939706e-05,0.0031910419929772615,0.048604540759697556,91.79309414315503,140.45266298996285,0.13430513499770314,232.44022493402008,0.13766980310350088,12.012800512,2026-01-13T06:33:59.201310
26518,0.4686561185659924,0.01505048823019628,1.2344679011764556e-05,0.002812847844325006,0.0459491180954501,91.1356451800093,138.47868290892802,0.1336837480776012,229.80452539306134,0.13924878087264247,12.012535296,2026-01-13T06:37:49.006625
26519,0.46881634288003204,0.005991825540482054,1.2340060897485233e-05,0.003344016964547336,0.04946829914115369,90.39653639914468,137.31193816079758,0.133784938021563,227.90227310510818,0.1404110611272475,12.024692736,2026-01-13T06:41:36.909491
26520,0.4689765671940717,0.006747531927248751,1.2335442422345334e-05,0.003139499924145639,0.05398473527748138,91.36861863383092,139.07437112310436,0.13401111494749784,230.64147771301214,0.13874347457926753,12.01229568,2026-01-13T06:45:27.551691
26521,0.46913679150811133,0.0055215388767404505,1.2330823587588551e-05,0.0035606700694188476,0.04767897492274642,91.7079262669431,139.50628331804182,0.13338607002515346,231.40878288203385,0.1382834290101805,12.021069824,2026-01-13T06:49:18.961067
26522,0.469297015822151,7.267543078626204e-05,1.2326204394458681e-05,0.002878075814805925,0.050382775138132274,90.23555209080223,137.2292349631898,0.13248019595630467,227.6582315089181,0.14056157683341425,11.997543424,2026-01-13T06:53:06.619808
26523,0.46945724013619067,0.015196774240978428,1.2321584844199605e-05,0.0028585914988070726,0.051821970380842686,91.26798509585205,138.83609371283092,0.1346774180419743,230.30170426599216,0.1389481684557613,12.033777664,2026-01-13T06:56:56.922096
26524,0.46961746445023034,0.011637175992173177,1.231696493805531e-05,0.003043677192181349,0.04817909386474639,91.5673688328825,139.77259432629216,0.13166382804047316,231.5332549130544,0.1382090879861585,12.010317312,2026-01-13T07:00:48.456113
26525,0.46977768876426995,0.01631008663441147,1.2312344677269877e-05,0.002980142133310437,0.04760296503081918,90.47782856493723,137.24317686608993,0.13425739691592753,227.91311732993927,0.14040438029582597,12.040889856,2026-01-13T07:04:36.369944
26526,0.4699379130783096,0.021463650164783132,1.2307724063087478e-05,0.0030656979652121663,0.04707561805844307,91.17733014910482,139.2926893767435,0.13400418194942176,230.66179064300377,0.13873125631599095,12.013377024,2026-01-13T07:08:27.032467
26527,0.4700981373923493,0.01005004182800917,1.2303103096752381e-05,0.002937183831818402,0.05068837106227875,90.19541154860053,137.02780634502415,0.13402388209942728,227.4176212339662,0.14071029248467315,12.000221696,2026-01-13T07:12:14.450813
26528,0.47025836170638896,0.004316445223816245,1.2298481779508953e-05,0.003598538925871253,0.049633430084213614,89.27836365799885,134.86241617705673,0.13294578401837498,224.33644810097758,0.1426428931673032,11.997893632,2026-01-13T07:15:58.787868
26529,0.4704185860204286,0.010531596892800366,1.2293860112601655e-05,0.003764450899325311,0.05666007299441844,91.22189904772677,138.81304660823662,0.13473643898032606,230.2391888659913,0.13898589617871404,11.997621248,2026-01-13T07:19:49.027654
26530,0.47057881033446824,0.018394130766770544,1.2289238097275037e-05,0.0029018280329182744,0.04725205700378865,92.22789701388683,140.99317533825524,0.13388028601184487,233.4123077269178,0.1370964552453618,12.010765824,2026-01-13T07:23:42.440581
26531,0.4707390346485079,0.02078879527440236,1.2284615734773748e-05,0.002915554214268923,0.05698537325952202,90.1680151388282,136.386096322909,0.13436988403555006,226.75474498502444,0.1411216334287222,12.015277056,2026-01-13T07:27:29.195939
26532,0.4708992589625476,0.007347795764314213,1.2279993026342527e-05,0.0029393628938123584,0.05124671896919608,91.43246409506537,139.1702275320422,0.1345459669828415,230.79871007194743,0.13864895514374653,12.013498368,2026-01-13T07:31:19.995266
26533,0.4710594832765872,0.026934105163945787,1.2275369973226209e-05,0.0037937656743451953,0.05427723180036992,90.50923395424616,137.47005078510847,0.13354945310857147,228.17896058200859,0.1402408001087333,12.007409152,2026-01-13T07:35:08.175092
26534,0.47121970759062687,0.03756287894726995,1.227074657666972e-05,0.003410900942981243,0.0539691288722679,91.55662352393847,139.5716762089869,0.13402396405581385,231.3272596100578,0.13833216221011543,11.998067712,2026-01-13T07:38:59.503028
26535,0.47137993190466654,0.005958063525214996,1.2266122837918085e-05,0.0028195049380883574,0.05128296080511063,90.03653124708217,136.24106791289523,0.1345382920699194,226.47420964192133,0.14129644188005,12.00818688,2026-01-13T07:42:45.977866
26536,0.4715401562187062,0.0034661222521812363,1.2261498758216409e-05,0.0028055051807314157,0.05189718713518232,89.96087675401941,135.84145408694167,0.1335279420018196,225.99810826801695,0.1415941055668058,12.016684032,2026-01-13T07:46:31.976714
26537,0.4717003805327458,0.013357619761038109,1.2256874338809896e-05,0.0031664720736443996,0.048281638883054256,90.53820608113892,137.4364746460924,0.1333082909695804,228.1660075749969,0.14024876159294578,12.018953728,2026-01-13T07:50:20.143467
26538,0.4718606048467855,0.005275182353610575,1.225224958094384e-05,0.002713954891078174,0.04922192101366818,91.0979548220057,138.7831535228761,0.13337216200307012,230.07412518491037,0.13908560979763207,12.016602112,2026-01-13T07:54:10.218278
26539,0.47202082916082516,3.327954137510858e-05,1.2247624485863628e-05,0.002752332133240998,0.05361727683339268,89.76764329394791,136.27251735306345,0.13437365903519094,226.23906137805898,0.1414433025185076,11.99672832,2026-01-13T07:57:56.458027
26540,0.47218105347486483,5.5751952034555075e-05,1.224299905481474e-05,0.013297246186994016,0.048820831114426255,88.89029395917896,133.78041551902425,0.13517784501891583,222.87653128698003,0.1435772524600008,11.997773824,2026-01-13T08:01:39.335184
26541,0.47234127778890445,0.013048631300394575,1.223837328904274e-05,0.0033352759201079607,0.04906528408173472,91.58131719264202,139.95666802837513,0.1338654758874327,231.73265964607708,0.13809015979393355,12.02024192,2026-01-13T08:05:31.068652
26542,0.4725015021029441,0.009963881204992475,1.2233747189793283e-05,0.003607069840654731,0.05213103478308767,90.2114109400427,136.98846347013023,0.1341150290099904,227.3973870120244,0.140722813135526,12.017854976,2026-01-13T08:09:18.466921
26543,0.4726617264169838,0.007224196420634321,1.222912075831212e-05,0.0040943039348348975,0.05176707427017391,89.47496322484221,135.39445994293783,0.13505432207603008,225.06657829298638,0.14218015061455794,11.996752896,2026-01-13T08:13:03.534111
26544,0.47282195073102345,0.0034531785489146927,1.2224493995845085e-05,0.00295454915612936,0.05635164096020162,90.911775517161,138.48242910183035,0.1346597500378266,229.5958281349158,0.13937535476993101,12.019880448,2026-01-13T08:16:53.130530
26545,0.47298217504506307,0.013533522013913668,1.2219866903638104e-05,0.0034747272729873657,0.055708367843180895,90.93077358312439,138.147742119967,0.1345269299345091,229.28022165596485,0.13956720631584185,12.014042112,2026-01-13T08:20:42.411350
26546,0.47314239935910274,6.557584478628087e-05,1.2215239482937188e-05,0.0028675972716882825,0.05261519888881594,91.7616216626484,139.94249154417776,0.13427080609835684,231.90168984304182,0.13798950762997278,12.016438272,2026-01-13T08:24:34.313752
26547,0.4733026236731424,0.010765943051029403,1.221061173498845e-05,0.0033944270107895136,0.05165620695333928,91.10402476694435,138.5814385121921,0.13352883502375335,229.88261381804477,0.13920147969662655,12.014763008,2026-01-13T08:28:24.196985
26548,0.4734628479871821,0.017468776542514775,1.220598366103807e-05,0.003204355016350746,0.05183713324368,90.74892603396438,138.04048625309952,0.13373892300296575,228.9855145700276,0.13974683097351062,12.010126848,2026-01-13T08:32:13.183320
26549,0.4736230723012217,0.012091791491563697,1.220135526233233e-05,0.003173850243911147,0.04883863020222634,91.19432372576557,138.9677627342753,0.13310114399064332,230.35480561095756,0.1389161381510064,12.012883456,2026-01-13T08:36:03.538945
26550,0.47378329661526136,0.006231519563353771,1.2196726540117598e-05,0.002867129980586469,0.05299539933912456,91.37788315478247,139.5000887371134,0.1345875570550561,231.076008520904,0.1384825720542302,12.014982656,2026-01-13T08:39:54.615530
26551,0.47394352092930103,0.003745615767067889,1.219209749564033e-05,0.00267815706320107,0.054819660261273384,89.95602482976392,135.81288035726175,0.13414597103837878,225.96868409903254,0.1416125430282001,11.997611008,2026-01-13T08:43:40.585086
26552,0.4741037452433407,0.020767206567119167,1.2187468130147064e-05,0.0029519519302994013,0.04876610019709915,89.3798164005857,134.85776716913097,0.13429015805013478,224.43082467792556,0.14258290966012493,11.997452288,2026-01-13T08:47:25.016524
26553,0.4742639695573803,0.0182207476685754,1.218283844488442e-05,0.003653843072243035,0.04801415710244328,89.41034184675664,134.89265811722726,0.13337838696315885,224.49645063199569,0.14254122909255162,11.997549568,2026-01-13T08:51:09.513594
26554,0.47442419387142,0.003761507400128039,1.2178208441099116e-05,0.005191737902350724,0.050444738124497235,88.87383807101287,133.70203073625453,0.13475319498684257,222.77370781404898,0.1436435220026533,11.997472256,2026-01-13T08:54:52.288143
26555,0.47458441818545966,0.009817886652632168,1.217357812003795e-05,0.00357603479642421,0.05279241327662021,89.43189265474211,135.1375338413054,0.13562205294147134,224.76825509802438,0.1423688589211336,12.015497216,2026-01-13T08:58:37.057266
26556,0.4747446424994993,0.031299352458439955,1.2168947482947808e-05,0.003330725128762424,0.050098693114705384,90.49948831193615,137.28308543784078,0.13488906307611614,227.97747318597976,0.14036474548472164,12.0168192,2026-01-13T09:02:25.035617
26557,0.47490486681353894,0.021034184980470272,1.2164316531075657e-05,0.004324055160395801,0.04845695570111275,91.49798299313989,139.52690199785866,0.13433392101433128,231.21883696794976,0.1383970286315196,12.011441664,2026-01-13T09:06:16.255072
26558,0.4750650911275786,0.033801219908236924,1.2159685265668554e-05,0.003604031167924404,0.05111167498398572,90.95025110628922,138.53952314227354,0.13320156803820282,229.68630505504552,0.1393204527032251,12.018077184,2026-01-13T09:10:05.941973
26559,0.4752253154416183,0.007484243207709795,1.215505368797363e-05,0.002608435694128275,0.053722507786005735,88.9802879790077,133.83197861118242,0.1330884040798992,223.00808069400955,0.1434925582087196,12.02438912,2026-01-13T09:13:48.950687
26560,0.47538553975565795,0.003525022297685254,1.2150421799238113e-05,0.0027827410958707333,0.047426994307897985,90.64106399798766,137.64758909970988,0.1341644930653274,228.47937236598227,0.1400564071435816,12.017424896,2026-01-13T09:17:37.430947
26561,0.47554576406969756,0.0024027333357015124,1.2145789600709303e-05,0.0034514990402385592,0.05326184118166566,89.32397113693878,135.0329815079458,0.13272309105377644,224.55937390797772,0.14250128793605069,11.997254656,2026-01-13T09:21:21.991057
26562,0.47570598838373723,0.009452412586290038,1.2141157093634597e-05,0.002947542816400528,0.057372994953766465,89.2337483781157,134.5610363628948,0.13557579601183534,223.99938868905883,0.1428575327248785,12.020289024,2026-01-13T09:25:05.991130
26563,0.4758662126977769,0.03817188000157046,1.2136524279261464e-05,0.0033930360805243254,0.05559945106506348,91.57817322597839,139.57762520876713,0.13306941301561892,231.3611129410565,0.1383119211055688,12.0322304,2026-01-13T09:28:57.353124
26564,0.4760264370118165,0.02267565099507962,1.2131891158837462e-05,0.0031249671010300517,0.046238589100539684,91.31219823495485,139.39408034191,0.13317603699397296,230.89800590998493,0.1385893302711117,12.014598656,2026-01-13T09:32:48.251982
26565,0.4761866613258562,0.02429218266757971,1.2127257733610222e-05,0.003055573091842234,0.05037909292150289,88.94164017704315,133.7680407097796,0.13491157302632928,222.90639932500198,0.14355801402248375,11.997324288,2026-01-13T09:36:31.159286
26566,0.47634688563989586,0.030337323637146696,1.2122624004827472e-05,0.0030723450472578406,0.04620739154051989,89.8422070024535,136.36230844596867,0.1333867140347138,226.39344882394653,0.1413468462370773,12.030398976,2026-01-13T09:40:17.553342
26567,0.4765071099539355,0.01375485602143911,1.2117989973737009e-05,0.003000271157361567,0.050488606095314026,90.0627413680777,136.57905616785865,0.13308329391293228,226.8372443690896,0.14107030831291714,11.997520896,2026-01-13T09:44:04.391388
26568,0.47666733426797514,0.020742200342273698,1.2113355641586717e-05,0.0029479326913133264,0.04810074111446738,91.31070361286402,139.25884275510907,0.1335278080077842,230.7624493589392,0.1386707416605101,12.014957568,2026-01-13T09:47:55.154521
26569,0.4768275585820148,0.0049421292942923856,1.210872100962456e-05,0.0037772038485854864,0.058406781987287104,89.27909707312938,134.51629956788383,0.13516804797109216,224.00178027700167,0.14285600748542554,11.997959168,2026-01-13T09:51:39.156979
26570,0.4769877828960545,0.005828390848289899,1.210408607909858e-05,0.00298321689479053,0.04871435498353094,90.39551802002825,137.07601233862806,0.1347568080527708,227.6649102329975,0.14055745335216774,11.99757824,2026-01-13T09:55:26.822489
26571,0.47714800721009415,0.004365523557749995,1.2099450851256906e-05,0.002798254950903356,0.05094253702554852,87.61397527588997,131.06195780844428,0.13410581403877586,218.8713301839307,0.14620462156056932,11.996681216,2026-01-13T09:59:05.694762
26572,0.47730823152413376,0.012095811990683103,1.209481532734774e-05,0.002874686964787543,0.056809679605066776,89.8417551452294,136.02648980193771,0.13234326906967908,226.06972307304386,0.141549251111617,11.99677952,2026-01-13T10:02:51.765091
26573,0.47746845583817343,0.000558357639926399,1.2090179508619369e-05,0.0034168019192293286,0.05518639774527401,90.33133549906779,137.23023385298438,0.13368880306370556,227.76019948301837,0.14049864758037278,11.996627968,2026-01-13T10:06:39.525890
26574,0.4776286801522131,0.00761553062233844,1.2085543396320162e-05,0.0031636320054531097,0.05010265007149428,89.8783041058341,135.99603708495852,0.13384554500225931,226.0677930220263,0.14155045958661686,11.997518848,2026-01-13T10:10:25.594531
26575,0.4777889044662528,0.005088597172575149,1.2080906991698553e-05,0.002878558821976185,0.05225509393494576,90.06374285940547,136.23272839782294,0.13430100597906858,226.49407170794439,0.14128405109544237,11.997705216,2026-01-13T10:14:12.089466
26576,0.4779491287802924,0.0005895243555045226,1.207627029600307e-05,0.00298454484436661,0.05762930982746184,89.75034056592267,136.13354255235754,0.13378139305859804,226.08468379301485,0.1415398843616344,12.023456256,2026-01-13T10:17:58.174879
26577,0.47810935309433206,0.0177049551615176,1.2071633310482307e-05,0.0027579189045354724,0.058817201177589595,89.12920543923974,134.47680448147003,0.13374841399490833,223.80771571595687,0.14297987849807847,12.011800064,2026-01-13T10:21:41.983188
26578,0.4782695774083717,0.006372803478663869,1.2066996036384951e-05,0.003005854203365743,0.05264888214878738,91.3723355619004,139.25369125697762,0.13414031406864524,230.82314391399268,0.13863427842367299,12.012779008,2026-01-13T10:25:32.807117
26579,0.4784298017224114,0.005137737226988293,1.2062358474959756e-05,0.0030678099719807506,0.0523722879588604,92.20866047905292,141.22776739287656,0.13516367098782212,233.6366666579852,0.13696480290417767,12.005999104,2026-01-13T10:29:26.444627
26580,0.478590026036451,7.253322481304281e-06,1.2057720627455556e-05,0.0035859396448358893,0.05238467699382454,90.65954641217832,137.89295098464936,0.1339816190302372,228.74907821393572,0.13989127409760427,11.997577216,2026-01-13T10:33:15.194355
26581,0.4787502503504907,0.012312595404872617,1.2053082495121257e-05,0.003899176139384508,0.05903196521103382,90.2811483987607,136.89467393083032,0.13324776105582714,227.37941231101286,0.1407339374957568,12.010957824,2026-01-13T10:37:02.574372
26582,0.47891047466453035,0.009747394441955493,1.204844407920585e-05,0.002874544938094914,0.05443756212480366,92.58466525794938,141.53724146797322,0.13482146500609815,234.32033822499216,0.13656518355343916,12.013683712,2026-01-13T10:40:56.895337
26583,0.47907069897857,0.02091868695861976,1.2043805380958396e-05,0.0027209909167140722,0.04985523282084614,89.93099592404906,136.382224460016,0.13370717805810273,226.50709572108462,0.1412759273528633,12.01107712,2026-01-13T10:44:43.403141
26584,0.47923092329260963,0.029368207764265186,1.2039166401628036e-05,0.0027678400510922074,0.054073939681984484,90.31623575417325,136.97243696299847,0.13485277898143977,227.48676950705703,0.14066752132153032,11.99744512,2026-01-13T10:48:30.890502
26585,0.4793911476066493,0.018223382495257567,1.2034527142463991e-05,0.0026325451908633113,0.05282628582790494,89.99511556117795,136.32249067595694,0.13423384400084615,226.5164042460965,0.14127012172254827,12.012914176,2026-01-13T10:52:17.407534
26586,0.479551371920689,0.011833270330935619,1.2029887604715543e-05,0.0031445769127458334,0.04895885521546006,90.63564470503479,137.82621107413433,0.13315309898462147,228.65427499404177,0.1399492749516004,12.019505664,2026-01-13T10:56:06.062498
26587,0.47971159623472864,0.00813173395366995,1.2025247789632062e-05,0.003517526085488498,0.045650289044715464,91.05401045002509,138.7013175287284,0.13372919999528676,229.9459286358906,0.1391631510496131,12.01431808,2026-01-13T10:59:56.009223
26588,0.47987182054876826,0.005766666529467557,1.202060769846299e-05,0.0035976568469777703,0.046598194749094546,91.86726005095989,140.13695244211704,0.13420180906541646,232.19513475010172,0.13781511845388045,11.996719104,2026-01-13T11:03:48.205026
26589,0.4800320448628079,8.028826716710569e-05,1.2015967332457838e-05,0.004702187026850879,0.05588372400961816,89.94570812094025,136.1849908141885,0.13381642999593168,226.3335057279328,0.14138428111684898,11.997273088,2026-01-13T11:07:34.539131
26590,0.4801922691768476,0.004894487397405278,1.2011326692866197e-05,0.0028562109218910336,0.04887093009892851,89.0563582831528,134.15703892789315,0.13497656292747706,223.40646688698325,0.14323667728109296,11.997840384,2026-01-13T11:11:17.946230
26591,0.48035249349088727,0.027764188453938132,1.2006685780937733e-05,0.0034702869597822428,0.052938217064365745,91.44496339920443,139.5612244809745,0.13389712199568748,231.20312533096876,0.1384064335384385,12.013133312,2026-01-13T11:15:09.149992
26592,0.4805127178049269,0.007669013098048794,1.2002044597922179e-05,0.003529683919623494,0.054831220069900155,91.55059919808991,139.87140199681744,0.13234446803107858,231.62077644700184,0.13815686352006534,12.021502976,2026-01-13T11:19:00.771384
26593,0.48067294211896655,0.00044158797801685523,1.1997403145069337e-05,0.0036199636524543166,0.05369341792538762,90.14467468508519,136.5419200040633,0.13359124306589365,226.88403093803208,0.14104121769918673,12.01473024,2026-01-13T11:22:47.656005
26594,0.4808331664330062,0.018930389488938104,1.1992761423629097e-05,0.0030956260161474347,0.05099463788792491,91.39648394519463,138.80920050176792,0.13299842306878418,230.4019305310212,0.13888772514296072,12.016321536,2026-01-13T11:26:38.058655
26595,0.4809933907470459,0.04562714890729058,1.1988119434851411e-05,0.0030805348651483655,0.050295398687012494,89.91234715585597,136.20900234917644,0.13401182903908193,226.31581217003986,0.1413953346572053,12.012645888,2026-01-13T11:30:24.375064
26596,0.4811536150610855,0.004116003078960873,1.1983477179986304e-05,0.013168000034056604,0.05350585782434791,89.79051793401595,135.5860560120782,0.1344828619621694,225.58404415100813,0.1418540044373834,12.01442304,2026-01-13T11:34:09.959738
26597,0.4813138393751252,0.0018946168793441132,1.1978834660283874e-05,0.0032615080708637834,0.050033827079460025,91.84301876858808,140.12009803636465,0.13299357006326318,232.15833732590545,0.13783696234470436,12.01269504,2026-01-13T11:38:02.118688
26598,0.48147406368916484,0.024931089016233088,1.1974191876994292e-05,0.003952249768190086,0.052481855847872794,90.66715669527184,137.9333117112983,0.13368620502296835,228.7990369349718,0.13986072856196022,12.024232448,2026-01-13T11:41:50.918339
26599,0.4816342880032045,1.0571471463549642e-05,1.1969548831367794e-05,0.002879684790968895,0.0526678841561079,90.19466100970749,136.67953932192177,0.13547937897965312,227.07327016605996,0.140923676206355,12.012720128,2026-01-13T11:45:37.992381
26600,0.48179451231724413,0.0036211406647348454,1.196490552465469e-05,0.013040894293226302,0.0499625310767442,91.28975488594733,138.9880241890205,0.13305249402765185,230.4824313520221,0.1388392156933017,12.01165056,2026-01-13T11:49:28.475416
26601,0.4819547366312838,4.406919355659511e-05,1.1960261958105362e-05,0.0031670022290199995,0.049114210181869566,90.67248294083402,137.48911264014896,0.13430447096470743,228.3550335529726,0.14013266754891482,12.0199808,2026-01-13T11:53:16.831130
26602,0.48211496094532347,0.0014676398697055504,1.1955618132970265e-05,0.0027809349121525884,0.053239428671076894,89.64617360732518,135.61936000105925,0.1354407089529559,225.46524874900933,0.14192874590453092,12.014056448,2026-01-13T11:57:02.297009
26603,0.4822751852593631,0.015731978675101566,1.1950974050499915e-05,0.0026254357071593404,0.04993556987028569,88.89164523186628,133.73317950917408,0.13375022809486836,222.81932182004675,0.14361411631009194,12.021429248,2026-01-13T12:00:45.116941
26604,0.48243540957340275,0.02706943146608154,1.1946329711944901e-05,0.0030562219908460975,0.04977847798727453,90.02940361294895,136.61693334183656,0.13570362399332225,226.84102073509712,0.14106795982623138,11.997233664,2026-01-13T12:04:31.958575
26605,0.4825956338874424,0.009107196188551825,1.1941685118555881e-05,0.0028343998128548265,0.05323447776027024,91.0397873010952,138.53136214788537,0.1337679229909554,229.76751530903857,0.13927121054061894,11.997570048,2026-01-13T12:08:21.726706
26606,0.4827558582014821,0.007084130680128808,1.1937040271583588e-05,0.0031122107757255435,0.048464783700183034,90.26780537015293,136.9439867491601,0.13436239794827998,227.40590592403896,0.14071754148148224,12.024928256,2026-01-13T12:12:09.133236
26607,0.4829160825155217,0.023363839310673207,1.1932395172278808e-05,0.0029243672033771873,0.047770644538104534,90.49687354231719,137.0690997451311,0.13368368905503303,227.75714548001997,0.14050053153132447,12.013455872,2026-01-13T12:15:56.890997
26608,0.4830763068295614,0.02184731208411872,1.1927749821892418e-05,0.012666617054492235,0.05565066100098193,91.15444008004852,138.99679429794196,0.1334503679536283,230.3710567849921,0.13890633852440049,11.9968896,2026-01-13T12:19:47.262660
26609,0.48323653114360104,0.0053765395015714645,1.1923104221675334e-05,0.002632469986565411,0.04803999129217118,89.95900269399863,136.274261897197,0.13440157903824002,226.42608406196814,0.14132647363738474,11.997628416,2026-01-13T12:23:33.689377
26610,0.4833967554576407,0.023551197540255586,1.1918458372878563e-05,0.003067580168135464,0.056063163094222546,91.45181768806651,139.2730806848267,0.13466380105819553,230.92788969003595,0.138571395784858,12.015227904,2026-01-13T12:27:24.617889
26611,0.48355697977168033,0.043299613289137895,1.191381227675317e-05,0.002787928329780698,0.05105283996090293,91.57409528503194,139.31484173284844,0.1330633790930733,231.08300661598332,0.13847837826161752,11.997545472,2026-01-13T12:31:15.701503
26612,0.48371720408572,0.009466171813854896,1.1909165934550284e-05,0.0027983399340882897,0.05904195050243288,89.28640762087889,134.9095748256659,0.13564672507345676,224.39976959093474,0.14260264196497968,11.99670784,2026-01-13T12:35:00.101900
26613,0.48387742839975967,0.0002745706213067578,1.1904519347521111e-05,0.0029727730434387922,0.04635028925258666,89.33105667051859,134.6970709792804,0.13434745802078396,224.2214783359086,0.14271603343931422,11.997520896,2026-01-13T12:38:44.324351
26614,0.48403765271379934,0.007721316417773849,1.1899872516916904e-05,0.0027278908528387547,0.052593810367397964,90.24158492963761,136.61334444466047,0.13357913598883897,227.053468247992,0.14093596652330811,11.996752896,2026-01-13T12:42:31.378483
26615,0.48419787702783895,0.025343369373049818,1.1895225443988995e-05,0.002526064869016409,0.05135926289949566,92.22916604520287,141.15486042399425,0.13362297497224063,233.57816688495222,0.13699910581009672,12.02110976,2026-01-13T12:46:24.957601
26616,0.4843581013418786,0.02612350392294438,1.1890578129988784e-05,0.0023657408310100436,0.05793314287438989,90.61803590715863,137.89819868619088,0.13337856205180287,228.7166106950026,0.13991113239550637,12.01454592,2026-01-13T12:50:13.675139
26617,0.4845183256559183,0.0024968722320029,1.1885930576167728e-05,0.0027491847286000848,0.04768451221752912,91.05518936284352,138.77358236373402,0.13407702499534935,230.02160108101089,0.13911736919320886,12.022249472,2026-01-13T12:54:03.697450
26618,0.48467854996995796,0.005081670658882764,1.1881282783777352e-05,0.0023786540841683745,0.04814306378830224,91.0710010061739,138.74715828499757,0.13437178393360227,230.01086233509704,0.1391238643041997,12.020670976,2026-01-13T12:57:53.708984
26619,0.4848387742839976,0.031060673653010795,1.1876634754069245e-05,0.0025404656771570444,0.055249930708669126,91.81933153409045,140.39928954083007,0.13484427891671658,232.4187069280306,0.13768254897790536,11.996496896,2026-01-13T13:01:46.128281
26620,0.48499899859803725,0.030740578428538612,1.1871986488295059e-05,0.022876063594594598,0.05078900896478444,91.18568378710188,139.0209383991314,0.13572845701128244,230.42182579799555,0.1388757331870702,12.0214528,2026-01-13T13:05:36.550763
26621,0.4851592229120769,0.01055212005063133,1.186733798770651e-05,0.002797927940264344,0.05370505491737276,89.94323729001917,136.2655496558873,0.13447069993708283,226.40758737700526,0.14133801950159391,12.008228864,2026-01-13T13:09:22.959090
26622,0.4853194472261166,0.03467053862625047,1.1862689253555373e-05,0.003052332904189825,0.05329238576814532,90.92545945523307,138.71564722585026,0.13233825692441314,229.84181590098888,0.13922618856172342,12.015364096,2026-01-13T13:13:12.801487
26623,0.4854796715401562,0.011662859064258235,1.18580402870935e-05,0.004307348048314452,0.05243227689061314,91.76472534879576,139.85879599826876,0.13386754598468542,231.82135568803642,0.13803732578918493,12.013628416,2026-01-13T13:17:04.623453
26624,0.48563989585419587,0.013750151924484477,1.1853391089572792e-05,0.003207519883289933,0.04932147974614054,90.56892730318941,137.29586115002166,0.13579054700676352,228.0600696010515,0.14031390964660329,11.997539328,2026-01-13T13:20:52.684166
26625,0.48580012016823554,5.928920842279695e-06,1.1848741662245211e-05,0.0031813939567655325,0.05446499993558973,90.3767812740989,137.3354964448372,0.13304498500656337,227.9117551910458,0.1404052194375677,12.018023936,2026-01-13T13:24:40.596651
26626,0.4859603444822752,0.011808320601971012,1.1844092006362792e-05,0.004205413046292961,0.05853133706841618,90.4027577410452,137.59231593599543,0.13432738895062357,228.199927106034,0.14022791508224747,11.99969536,2026-01-13T13:28:28.797175
26627,0.4861205687963148,0.004013670047637419,1.183944212317762e-05,0.0029688208596780896,0.054415239952504635,92.8567733161617,142.54294193780515,0.13303477503359318,235.59778857091442,0.13582470444270775,12.031451136,2026-01-13T13:32:24.395571
26628,0.4862807931103545,0.018110966707852505,1.1834792013941853e-05,0.0032366510713472962,0.05135522678028792,91.30947376624681,139.02931520401035,0.13333682308439165,230.53639695805032,0.13880671521826074,12.017885696,2026-01-13T13:36:14.932805
26629,0.48644101742439416,0.001844908941146528,1.1830141679907695e-05,0.0036636749282479286,0.05305579025298357,90.32573194010183,137.27829845878296,0.1341747019905597,227.80135803099256,0.14047326265564394,12.018573824,2026-01-13T13:40:02.734859
26630,0.48660124173843383,0.008343298553051604,1.182549112232743e-05,0.0034352086950093508,0.05310202075634152,91.33456408500206,138.8564396604197,0.13306166196707636,230.38776756403968,0.13889626319290208,12.017618432,2026-01-13T13:43:53.123372
26631,0.48676146605247345,0.017605432752927364,1.182084034245338e-05,0.004261354100890458,0.04987308045383543,91.33430248789955,138.85821925173514,0.13329359097406268,230.38913118396886,0.13889544109807664,12.01929984,2026-01-13T13:47:43.513237
26632,0.4869216903665131,0.025298693042541842,1.1816189341537949e-05,0.0031829960644245148,0.05561830394435674,90.4116363779176,137.3126942081144,0.13551150797866285,227.92513353307731,0.1403969781829964,11.996624384,2026-01-13T13:51:31.439033
26633,0.4870819146805528,0.003211001192567231,1.1811538120833584e-05,0.003259811783209443,0.055745578138157725,90.53432179719675,137.3974901989568,0.13245666096918285,228.13197727000806,0.140269682413378,12.015911936,2026-01-13T13:55:19.571626
26634,0.48724213899459246,0.005633303736217954,1.1806886681592798e-05,0.0035439280327409506,0.05939468601718545,91.50642821507063,139.17630066594575,0.13530758500564843,230.88986430200748,0.13859421718981788,12.01243904,2026-01-13T13:59:10.462082
26635,0.48740236330863207,0.0050153555025760355,1.1802235025068163e-05,0.0032631733920425177,0.05288102710619569,88.29748901387211,132.55723158386536,0.13447279308456928,221.0533936880529,0.14476140567720894,12.029536768,2026-01-13T14:02:51.516064
26636,0.48756258762267174,0.008805704734921704,1.1797583152512301e-05,0.014244311023503542,0.058777397964149714,90.51515055797063,137.5285209629219,0.13223688793368638,228.25644402392209,0.14019319426813767,12.011198464,2026-01-13T14:06:39.773276
26637,0.4877228119367114,0.004869146869598495,1.1792931065177906e-05,0.0035298309521749616,0.05535945785231888,92.15835643198807,140.7570044430904,0.13416654500178993,233.11937418207526,0.13726872814529245,12.01491456,2026-01-13T14:10:32.893664
26638,0.4878830362507511,0.0034211611355097205,1.1788278764317724e-05,0.003374724998138845,0.03821550984866917,90.38971554639284,137.22247889789287,0.13349793304223567,227.79365447501186,0.14047801319904757,12.015566848,2026-01-13T14:14:20.687995
26639,0.4880432605647907,0.03167749732526737,1.1783626251184552e-05,0.0034131259890273213,0.042614707024767995,92.15819754917175,140.79077081091236,0.13372674898710102,233.138089029002,0.13725770908253113,12.014232576,2026-01-13T14:18:13.826698
26640,0.48820348487883036,0.010889750857149494,1.1778973527031255e-05,0.0030620682518929243,0.04926803905982524,89.87310169218108,136.38619129965082,0.13284397404640913,226.4525839400012,0.14130993536588846,12.030191104,2026-01-13T14:22:00.279906
26641,0.48836370919287003,0.01083869560316053,1.1774320593110754e-05,0.00286803487688303,0.04842045484110713,90.95739583822433,138.15526457119267,0.13426977500785142,229.30460451799445,0.13955236558491713,12.015408128,2026-01-13T14:25:49.585160
26642,0.48852393350690965,0.01768989983999969,1.1769667450676012e-05,0.0032398777548223734,0.05099304404575378,90.75232733192388,137.8959102050867,0.13324594404548407,228.84390403400175,0.13983330749000603,12.009316352,2026-01-13T14:29:38.429773
26643,0.4886841578209493,0.01821042350352542,1.1765014100980064e-05,0.002990403212606907,0.047636274131946266,88.85108536761254,133.5945944681298,0.13406905496958643,222.63813574193045,0.1437309915184189,11.997309952,2026-01-13T14:33:21.068644
26644,0.488844382134989,0.026926734485920534,1.1760360545275993e-05,0.002996817114762962,0.05265491525642574,91.59011096181348,140.0183453799691,0.13417041301727295,231.80867754400242,0.13804487536462345,11.997621248,2026-01-13T14:37:12.877984
26645,0.48900460644902866,0.009933315930689801,1.175570678481694e-05,0.003091305145062506,0.049674767069518566,91.68112469092011,139.66957631707191,0.13357006199657917,231.5443602099549,0.1382024592219984,12.018289152,2026-01-13T14:41:04.422992
26646,0.48916483076306827,0.03652915412388236,1.1751052820856104e-05,0.0027507205959409475,0.04499255632981658,92.41736202070024,141.80665520892944,0.13545131194405258,234.41336408501957,0.13651098829158007,12.01275648,2026-01-13T14:44:58.836973
26647,0.48932505507710794,0.012233856676809651,1.1746398654646731e-05,0.0031837340211495757,0.051209933939389884,92.48005364427809,141.86803533066995,0.13392875099088997,234.5458672279492,0.13643386847187552,12.014470144,2026-01-13T14:48:53.383440
26648,0.4894852793911476,0.033681525559501324,1.1741744287442128e-05,0.002992361900396645,0.046846962883137167,91.81456252280623,140.14327115926426,0.13511551299598068,232.1500719829928,0.13784186981576427,12.020883968,2026-01-13T14:52:45.534269
26649,0.4896455037051873,2.522418103723112e-06,1.1737089720495657e-05,0.0033531307708472013,0.04923290805891156,89.92565261584241,136.20609807001892,0.13297668809536844,226.32665274408646,0.14138856211593978,12.020797952,2026-01-13T14:56:31.861697
26650,0.4898057280192269,0.059359211438543724,1.1732434955060727e-05,0.003022588207386434,0.05157138197682798,91.61300554603804,139.93683514301665,0.1322480059461668,231.74409284396097,0.13808334705448735,12.021669888,2026-01-13T15:00:23.606498
26651,0.48996595233326656,0.011364553816930467,1.1727779992390807e-05,0.0030810871394351125,0.049756182939745486,90.07140240003355,136.4978372300975,0.13351474096998572,226.76665435999166,0.14111422197551168,11.9966464,2026-01-13T15:04:10.373834
26652,0.49012617664730623,0.002045444731741952,1.1723124833739414e-05,0.01342385495081544,0.05007822799962014,90.37260909494944,136.94687872182112,0.13446301803924143,227.5261961860815,0.14064314587243795,11.997488128,2026-01-13T15:07:57.900693
26653,0.4902864009613459,1.0988571501613364e-05,1.1718469480360124e-05,0.0032141291303560138,0.049052976188249886,90.51284695370123,137.53792534512468,0.13418872701004148,228.2444153780816,0.14020058255091472,12.028713472,2026-01-13T15:11:46.145809
26654,0.4904466252753855,0.001373816525236382,1.1713813933506556e-05,0.003048946848139167,0.05121848499402404,90.1035581661854,136.3482459037332,0.13322008703835309,226.64688586397097,0.14118879188662567,12.013544448,2026-01-13T15:15:32.793509
26655,0.4906068495894252,0.03926609175522078,1.1709158194432393e-05,0.003031061147339642,0.049878185032866895,91.19657846016344,139.22965184098575,0.13312097697053105,230.61854767799377,0.13875726962204576,12.023126528,2026-01-13T15:19:23.412729
26656,0.49076707390346486,0.018748176659778792,1.1704502264391358e-05,0.003325542085804045,0.04995673941448331,89.1332368508447,134.4155523001682,0.1341556099941954,223.743929098011,0.14302064028732778,12.010470912,2026-01-13T15:23:07.157454
26657,0.4909272982175045,0.004655399112118097,1.1699846144637234e-05,0.003073649015277624,0.05203904083464295,91.06146619596984,138.87286069302354,0.13421548798214644,230.13025427097455,0.139051686625786,12.016428032,2026-01-13T15:26:57.288456
26658,0.49108752253154414,0.027400774831550123,1.1695189836423856e-05,0.003051597159355879,0.04611607815604657,90.57602860289626,137.51204679196235,0.13324802392162383,228.27888891496696,0.14017941015964855,12.017065984,2026-01-13T15:30:45.568045
26659,0.4912477468455838,0.005703718293823101,1.16905333410051e-05,0.002621981897391379,0.04922622884623706,91.41825808607973,139.44260759896133,0.13384268793743104,231.05309140309691,0.13849630751822561,11.996892672,2026-01-13T15:34:36.622014
26660,0.4914079711596235,0.037780554121559895,1.1685876659634897e-05,0.002538990927860141,0.04283980489708483,91.67892050091177,139.89385821821634,0.133676070952788,231.75847376394086,0.1380747788000788,12.02902272,2026-01-13T15:38:28.381097
26661,0.49156819547366315,0.029805492423620628,1.1681219793567236e-05,0.002447467646561563,0.04833031410817057,90.29518755699974,137.26121178886387,0.13298659096471965,227.75151243596338,0.14050400657162443,12.010941952,2026-01-13T15:42:16.133346
26662,0.49172841978770276,0.014817756927810066,1.1676562744056145e-05,0.002653630683198571,0.047445912030525506,91.25616152689327,139.13736068899743,0.134015302057378,230.5874842000194,0.13877596223844532,12.029414912,2026-01-13T15:46:06.721626
26663,0.49188864410174243,0.0020680099794097018,1.1671905512355708e-05,0.002909973030909896,0.04502317844890058,93.05497813248076,143.2368914121762,0.13476105208974332,236.48197992995847,0.13531686435253037,12.014442496,2026-01-13T15:50:03.204253
26664,0.4920488684157821,0.004266603059663865,1.166724809972005e-05,0.0031483739148825407,0.05234482302330434,89.55710545100737,135.346502647968,0.13230835006106645,225.0996637349017,0.14215925279073796,12.021225472,2026-01-13T15:53:48.304674
26665,0.4922090927298218,0.015320578291960096,1.1662590507403356e-05,0.003016276052221656,0.0446368670091033,89.59438274486456,135.6148958808044,0.13465671695303172,225.3979758709902,0.1419711063346712,12.0111488,2026-01-13T15:57:33.703262
26666,0.4923693170438614,0.03706478012797909,1.1657932736659851e-05,0.0036927888868376613,0.04432129708584398,91.04793282668106,138.99997004016768,0.13359663006849587,230.23762121796608,0.13898684250957224,12.010122752,2026-01-13T16:01:23.941483
26667,0.49252954135790106,0.009896772263933151,1.165327478874381e-05,0.0033974568359553814,0.04829312302172184,89.99037509597838,136.5151907610707,0.13329382403753698,226.69883365696296,0.14115643862739005,12.00950272,2026-01-13T16:05:10.640955
26668,0.4926897656719407,0.008008781278990185,1.1648616664909564e-05,0.003112897858954966,0.04273570596706122,90.18192682787776,136.57839493395295,0.13477869995404035,226.94698518002406,0.14100209339470288,11.997429248,2026-01-13T16:08:57.588771
26669,0.4928499899859804,0.033716961351838215,1.1643958366411468e-05,0.0026279359590262175,0.05497791594825685,91.21780102606863,139.14453470369335,0.1353795260656625,230.56165183195844,0.1387915108420664,12.013495296,2026-01-13T16:12:48.151051
26670,0.49301021430002,0.0037573482399384517,1.1639299894503953e-05,0.003100799978710711,0.04513187159318477,91.88521153619513,140.58502473519184,0.1339468399528414,232.65956985694356,0.13754001187088924,12.015115264,2026-01-13T16:16:40.811338
26671,0.4931704386140597,0.01255203388829873,1.163464125044148e-05,0.013716564630158246,0.05255721812136471,91.31616329203825,139.14927383500617,0.1350331149296835,230.67286160308868,0.13872459801994985,11.997661184,2026-01-13T16:20:31.485059
26672,0.49333066292809935,0.014217742361595676,1.162998243547856e-05,0.003644482931122184,0.05304977623745799,90.07471410988364,136.40139280131552,0.13403241301421076,226.6778477280168,0.14116950694889135,11.99739904,2026-01-13T16:24:18.163501
26673,0.493490887242139,0.00012113214173048448,1.162532345086975e-05,0.003614109940826893,0.05056686233729124,91.14681968081277,138.90771482815035,0.13354914996307343,230.24875757098198,0.13898012018646796,12.016101376,2026-01-13T16:28:08.412979
26674,0.49365111155617863,1.298229830304365e-06,1.1620664297869653e-05,0.0028267961461097,0.04166926839388907,89.40028983459342,134.8428567852825,0.1340485590044409,224.42967208300252,0.14258364191774606,12.012115456,2026-01-13T16:31:52.843426
26675,0.4938113358702183,0.050116668834684575,1.1616004977732916e-05,0.003483849111944437,0.04810049326624721,91.92344875691924,140.78348343493417,0.13262071192730218,232.89876689598896,0.13739875236991267,12.013315072,2026-01-13T16:35:45.742815
26676,0.493971560184258,0.03054618161506717,1.1611345491714228e-05,0.0034643568797037005,0.0455809609265998,91.793869460118,140.48120973678306,0.13414872996509075,232.4653102180455,0.13765494718323762,11.99673088,2026-01-13T16:39:38.208770
26677,0.49413178449829764,0.008678248774542041,1.1606685841068335e-05,0.003930190694518387,0.05285886721685529,90.26130817306694,136.571361438022,0.1345039310399443,227.03278864303138,0.14094880387658146,12.010970624,2026-01-13T16:43:25.242171
26678,0.49429200881233726,0.007741332946393342,1.1602026027050014e-05,0.002895726007409394,0.0521519158501178,88.63398092600983,133.30444975895807,0.13272222597151995,222.13545062707271,0.1440562499577004,12.01593344,2026-01-13T16:47:07.378275
26679,0.4944522331263769,0.005618669254436881,1.1597366050914092e-05,0.0030680950731039047,0.05182071996387094,91.06467669596896,138.52476489008404,0.13373094599228352,229.784378663986,0.1392609897420122,11.99672064,2026-01-13T16:50:57.163482
26680,0.4946124574404166,0.0024943200405829202,1.159270591391544e-05,0.002865953021682799,0.04377553309313953,89.63567662215792,135.72100809006952,0.13371839211322367,225.5432161979843,0.1418796829247573,12.013996032,2026-01-13T16:54:42.707324
26681,0.4947726817544562,0.009870781377872007,1.1588045617308967e-05,0.0028432549443095922,0.04535676387604326,90.02805863914546,136.55462887790054,0.13421679707244039,226.77264092606492,0.14111049670419906,12.011858432,2026-01-13T16:58:29.480653
26682,0.4949329060684959,0.0037229011613240104,1.158338516234963e-05,0.002649095840752125,0.051740197697654366,90.19851997750811,136.621705840691,0.13403993705287576,227.01478039997164,0.14095998482398372,12.015798272,2026-01-13T17:02:16.496061
26683,0.49509313038253555,0.00517364393581321,1.1578724550292427e-05,0.003506659879349172,0.051414242247119546,90.35973052470945,137.28001965512522,0.13313793099951,227.83533629891463,0.14045231314784618,12.020568576,2026-01-13T17:06:04.332006
26684,0.4952533546965752,0.019895950445540933,1.15740637823924e-05,0.0028736251406371593,0.05626321001909673,90.69278961676173,138.266064330237,0.13507585891056806,229.16130552603863,0.13963963037539937,12.013978624,2026-01-13T17:09:53.494197
26685,0.49541357901061484,0.00520228575250492,1.1569402859904636e-05,0.003088636905886233,0.05466540274210274,91.13555254298262,138.86987949104514,0.13608751294668764,230.20562487200368,0.13900616033075766,11.998032896,2026-01-13T17:13:43.700670
26686,0.4955738033246545,0.0005586898697051979,1.1564741784084254e-05,0.0032724919728934765,0.05302101816050708,90.92109778977465,138.37776985496748,0.13394769502338022,229.4961770150112,0.13943587390524112,11.998201856,2026-01-13T17:17:33.197542
26687,0.4957340276386942,0.00826694829272867,1.156008055618642e-05,0.0031966943060979247,0.053829478682018816,92.03253010031767,140.76524914591573,0.13350310293026268,232.99620951607358,0.13734129008563306,11.99768064,2026-01-13T17:21:26.194390
26688,0.49589425195273384,0.00560332635187244,1.1555419177466345e-05,0.003719423431903124,0.05533770378679037,91.41671324206982,139.9502978088567,0.1349612169433385,231.56735017697793,0.1381887385054225,12.021306368,2026-01-13T17:25:17.762462
26689,0.49605447626677346,0.004947181325958283,1.1550757649179272e-05,0.0031049298122525215,0.05074585450347513,90.23946971923579,137.2467871879926,0.13348117796704173,227.68091628304683,0.14054757211280042,12.013991936,2026-01-13T17:29:05.444040
26690,0.49621470058081313,0.007845674718108597,1.154609597258049e-05,0.0032426591496914625,0.05079390073660761,90.77804439107422,138.08136888721492,0.1351552220294252,229.0547913989285,0.1397045650281459,11.99749632,2026-01-13T17:32:54.499477
26691,0.4963749248948528,0.004812087900104345,1.1541434148925327e-05,0.003051810897886753,0.04967102000955492,91.10076851886697,139.16088048531674,0.13548108306713402,230.45603752101306,0.13885511676856038,12.0102016,2026-01-13T17:36:44.956135
26692,0.49653514920889247,0.009147945649615963,1.1536772179469142e-05,0.002985422150231898,0.05048357101622969,92.65379715792369,142.12683990900405,0.1338894700165838,234.97840189898852,0.13618272888652982,12.013868032,2026-01-13T17:40:39.935111
26693,0.4966953735229321,0.011347629180809449,1.1532110065467354e-05,0.004592521232552826,0.05343836301472038,90.46972697286401,137.73881961230654,0.13462945201899856,228.4078583800001,0.1401002584891886,12.023439872,2026-01-13T17:44:28.343585
26694,0.49685559783697175,0.010406428169780213,1.1527447808175405e-05,0.0033193192211911082,0.04757955379318446,90.458651181194,137.0635524051031,0.13475572899915278,227.71434514201246,0.14052693948658976,12.012873216,2026-01-13T17:48:16.058867
26695,0.4970158221510114,0.014511824053891509,1.1522785408848773e-05,0.0032370570115745068,0.04867469391319901,89.72334646317177,135.70627536985558,0.1341732080327347,225.6220194309717,0.1418301284631055,12.009461248,2026-01-13T17:52:01.681537
26696,0.4971760464650511,0.01360501199296582,1.1518122868742989e-05,0.003339188056997955,0.05141990096308291,92.43701945594512,141.8152735499898,0.1337476170156151,234.44736077601556,0.13649119313640687,12.015823872,2026-01-13T17:55:56.129567
26697,0.4973362707790907,0.022454746565745864,1.1513460189113605e-05,0.0033167931251227856,0.052618484012782574,91.57121311617084,139.70509771688376,0.1324065380031243,231.47295261290856,0.13824509360069162,12.017160704,2026-01-13T17:59:47.603149
26698,0.4974964950931304,6.852516426558708e-05,1.1508797371216224e-05,0.0028224700363352895,0.05968751618638635,88.78312670101877,133.67252580076456,0.13428500504232943,222.65858049993403,0.14371779397924206,11.998301184,2026-01-13T18:03:30.262371
26699,0.49765671940717005,0.008099254290777402,1.1504134416306475e-05,0.0030626148218289018,0.05476827186066657,90.83416253118776,138.3023626547074,0.1342774840304628,229.336116392049,0.1395331904256029,12.015670272,2026-01-13T18:07:19.599136
26700,0.4978169437212097,0.005867283559015668,1.1499471325640036e-05,0.012836304842494428,0.049450172926299274,89.54785455798265,135.8497015319299,0.1339160290081054,225.6027487810934,0.141842243380865,12.00845824,2026-01-13T18:11:05.202667
26701,0.49797716803524933,0.0017153598416177473,1.1494808100472611e-05,0.00300079642329365,0.049221152788959444,89.63777412404306,135.76663772773463,0.13519609300419688,225.60029425099492,0.14184378662377953,12.012663296,2026-01-13T18:14:50.803658
26702,0.498137392349289,0.01956365780252245,1.1490144742059948e-05,0.0026751109398901463,0.04583211010321975,90.10961831768509,136.6214004601352,0.13454115600325167,226.92177456908394,0.141017758479841,12.020109824,2026-01-13T18:18:37.726065
26703,0.49829761666332867,0.05115732496803638,1.1485481251657824e-05,0.0037948302924633026,0.05114517512265593,89.5373798761284,135.3557130228728,0.13317888206802309,225.0887521969853,0.14216614418829493,11.9974656,2026-01-13T18:22:22.815601
26704,0.49845784097736834,0.011443072757371553,1.1480817630522056e-05,0.00306194880977273,0.04965253779664636,90.11541557207238,136.60442662995774,0.13349827006459236,226.91223078093026,0.14102368959958805,12.019075584,2026-01-13T18:26:09.728426
26705,0.49861806529140795,0.03279070870123668,1.1476153879908497e-05,0.003520031808875501,0.05337996082380414,89.37798471318092,134.98024831200019,0.13440873590297997,224.5559882109519,0.14250343647010041,11.996750336,2026-01-13T18:29:54.285132
26706,0.4987782896054476,0.022061721457969696,1.1471490001073028e-05,0.0033102299785241485,0.04951734095811844,90.33529881713912,136.97232398507185,0.134837704943493,227.5018347860314,0.14065820625181524,12.0127872,2026-01-13T18:33:41.787579
26707,0.4989385139194873,2.7046399148744626e-05,1.1466825995271575e-05,0.002832310041412711,0.04835579008795321,91.23685161198955,138.93771682702936,0.1342375980457291,230.3679780300008,0.13890819493945744,12.014886912,2026-01-13T18:37:32.156219
26708,0.49909873823352696,0.026083838337969567,1.146216186376009e-05,0.003651446779258549,0.050572099280543625,91.63078523206059,140.20916711480822,0.13317866798024625,232.0368103060173,0.13790915311151458,12.018080256,2026-01-13T18:41:24.193820
26709,0.4992589625475666,0.031363637003830824,1.1457497607794565e-05,0.003309400286525488,0.0552073682192713,90.60964829777367,137.91370331204962,0.13438676099758595,228.72382936393842,0.13990671671154373,11.996739072,2026-01-13T18:45:12.918259
26710,0.49941918686160625,0.030538892243040294,1.1452833228631018e-05,0.0033253299770876765,0.04665535094682127,91.6910121232504,140.23871017282363,0.13324228907004,232.1238590979483,0.1378574357860262,12.019994112,2026-01-13T18:49:05.042893
26711,0.4995794111756459,0.0034035251002695333,1.1448168727525505e-05,0.00285530393011868,0.04998662625439465,90.4789251399925,137.38836017181166,0.13230819709133357,228.06186651799362,0.14031280410254499,12.011959808,2026-01-13T18:52:53.105429
26712,0.4997396354896856,0.007039251989831463,1.1443504105734117e-05,0.002977953990921378,0.05249991302844137,91.24486363888718,139.06328654824756,0.13445316394791007,230.5070194620639,0.13882440575856933,12.01758464,2026-01-13T18:56:43.613094
26713,0.4998998598037252,0.044792736939196054,1.1438839364512971e-05,0.0037719220854341984,0.05183302192017436,90.91637530818116,138.3729641258251,0.13483704498503357,229.48737631400581,0.13944122118601698,11.99752704,2026-01-13T19:00:33.101067
26714,0.5000600841177649,0.021659420262770013,1.143417450511822e-05,0.0038866990944370627,0.04945229715667665,90.725445609889,137.8420893192524,0.13276608800515532,228.76214511401486,0.13988328350414456,12.01519104,2026-01-13T19:04:21.863827
26715,0.5002203084318045,1.4568210852772268e-05,1.1429509528806051e-05,0.004092023824341595,0.051130889216437936,88.17293603997678,132.49139509291854,0.13391628698445857,220.8616996719502,0.14488704944103106,11.997484032,2026-01-13T19:08:02.726314
26716,0.5003805327458442,0.001916077240156966,1.1424844436832678e-05,0.0041949942242354155,0.04750325076747686,90.12463127402589,137.0547802990768,0.13358403206802905,227.37234701006673,0.14073831062043454,12.01313536,2026-01-13T19:11:50.099287
26717,0.5005407570598839,0.016951970963910767,1.142017923045435e-05,0.002702289028093219,0.04515834921039641,89.38964410312474,134.78569204674568,0.13290543900802732,224.36484756402206,0.14262483783636767,12.014280704,2026-01-13T19:15:34.465061
26718,0.5007009813739235,0.011363532335623816,1.1415513910927344e-05,0.003082516952417791,0.04909205378498882,91.76086780708283,140.24857943796087,0.13410244998522103,232.2027560150018,0.13781059514182767,12.026980352,2026-01-13T19:19:26.668569
26719,0.5008612056879631,0.014073733762081098,1.1410848479507968e-05,0.002995302900671959,0.045850751688703895,90.62456026510336,137.61101185611915,0.1357672840822488,228.42710327601526,0.14008845509603757,12.015526912,2026-01-13T19:23:15.096614
26720,0.5010214300020028,0.011983002665048481,1.1406182937452559e-05,0.0031708097085356712,0.04663543507922441,90.07914744096342,136.76320967299398,0.13527719699777663,227.0356191660976,0.14094704662438468,11.997154816,2026-01-13T19:27:02.132878
26721,0.5011816543160424,0.02452108615827342,1.1401517286017489e-05,0.0037916647270321846,0.05203885806258768,90.8503052170854,138.42336287815124,0.13527867093216628,229.47129350993782,0.13945099411144496,12.008013312,2026-01-13T19:30:51.604929
26722,0.5013418786300821,0.007096468394495403,1.1396851526459158e-05,0.003950945334509015,0.04434517491608858,90.74133821204305,138.1439472490456,0.1327106850221753,229.07563765801024,0.13969185168338671,12.01189632,2026-01-13T19:34:40.681176
26723,0.5015021029441218,0.016639364683129543,1.139218566003399e-05,0.0038709378568455577,0.05774394201580435,92.10367432329804,141.02187242300715,0.13508201600052416,233.3302980569424,0.13714464116524916,12.018272768,2026-01-13T19:38:34.012223
26724,0.5016623272581614,0.003220034589062948,1.1387519687998436e-05,0.002896062098443508,0.05159263266250491,90.69934541918337,137.49568926205393,0.13396209804341197,228.39117416599765,0.14011049295951333,12.001713664,2026-01-13T19:42:22.403995
26725,0.5018225515722011,5.251699923825015e-06,1.1382853611608986e-05,0.0029885449912399054,0.051604680134914815,90.32844493084121,137.17715992731974,0.13379564590286463,227.70222269999795,0.14053442087897672,12.015676416,2026-01-13T19:46:10.107003
26726,0.5019827758862407,0.0017719893596463976,1.1378187432122152e-05,0.0031700816471129656,0.055106906802393496,90.79212154389825,137.93425897322595,0.13383327494375408,228.92484480293933,0.13978386674258053,12.001945088,2026-01-13T19:49:59.032693
26727,0.5021430002002804,0.004544300875940266,1.1373521150794473e-05,0.0029797800816595554,0.048221414093859494,90.35969612607732,137.45708553295117,0.13596415892243385,228.01031621696893,0.14034452708512363,11.997497344,2026-01-13T19:53:47.043799
26728,0.5023032245143201,0.010476928790954076,1.1368854768882513e-05,0.0028417787980288267,0.049532598233781755,90.57418634288479,137.9556769550545,0.13466646301094443,228.7241516590584,0.13990651956903943,12.016137216,2026-01-13T19:57:35.768601
26729,0.5024634488283597,0.010337963896693836,1.1364188287642878e-05,0.0028115364257246256,0.05689869087655097,91.12871242070105,138.83682380442042,0.13381546502932906,230.16507286997512,0.1390306513537675,12.012497408,2026-01-13T20:01:25.934293
26730,0.5026236731423993,0.011078013189218083,1.1359521708332172e-05,0.002640985883772373,0.05261250981129706,92.79575875797309,142.5352128528757,0.1342686340212822,235.5291952440748,0.13586426076325256,11.997758464,2026-01-13T20:05:21.464070
26731,0.502783897456439,0.003996606162857574,1.1354855032207058e-05,0.013085345970466733,0.048106167116202414,90.88630384695716,138.51609034696594,0.13519594399258494,229.60494626197033,0.13936981986219601,12.015199232,2026-01-13T20:09:11.069620
26732,0.5029441217704786,6.883077572794605e-06,1.13501882605242e-05,0.0024458110565319657,0.053593509597703815,89.65681209729519,135.64581187884323,0.13431257905904204,225.50007169891614,0.14190682849416497,12.013080064,2026-01-13T20:12:56.570323
26733,0.5031043460845184,0.008539734273619537,1.1345521394540302e-05,0.0026938169030472636,0.05537856533192098,90.74966094514821,137.97495777183212,0.1323284290265292,228.92201582202688,0.1397855941687936,11.997597696,2026-01-13T20:16:45.492959
26734,0.503264570398558,0.003876323366386103,1.1340854435512093e-05,0.0030211482662707567,0.052486139931716025,90.90986275009345,138.47792229859624,0.1346445910166949,229.5859851500718,0.139381330176068,12.013066752,2026-01-13T20:20:35.079541
26735,0.5034247947125976,0.015198351669508448,1.1336187384696313e-05,0.002970381989143789,0.0476886082906276,90.14555074565578,137.04250140220392,0.1324416649295017,227.37886002194136,0.14073427932971472,12.016608256,2026-01-13T20:24:22.459042
26736,0.5035850190266373,0.0011540539809953287,1.1331520243349743e-05,0.0034671389730647206,0.05263948114588857,92.34874087874778,141.04788167821243,0.1339519660687074,233.59573742595967,0.13698880104840397,12.012995584,2026-01-13T20:28:16.055379
26737,0.5037452433406769,0.039604851216509473,1.132685301272918e-05,0.004342421190813184,0.05213366774842143,89.92175279709045,136.03602427314036,0.13427203800529242,226.15640169999097,0.1414949997411516,12.0220672,2026-01-13T20:32:02.212523
26738,0.5039054676547166,0.002939110797327338,1.1322185694091449e-05,0.002795885084196925,0.050025039934553206,90.43359357409645,137.52531990001444,0.13428351003676653,228.1563750030473,0.14025468277874156,12.028075008,2026-01-13T20:35:50.369672
26739,0.5040656919687563,0.003916170991773882,1.1317518288693396e-05,0.003711236990056932,0.05159915704280138,89.51961383584421,134.69912771100644,0.13404725294094533,224.4168123479467,0.14259181237449203,11.996812288,2026-01-13T20:39:34.787148
26740,0.5042259162827959,0.01387487420569311,1.1312850797791891e-05,0.0030241927597671747,0.04918181407265365,90.98647793172859,138.69140281330328,0.13392668101005256,229.87046430096962,0.13920883701745332,12.01729792,2026-01-13T20:43:24.658386
26741,0.5043861405968356,0.03351931969092092,1.1308183222643831e-05,0.0047358962474390864,0.051655390998348594,90.19491803331766,136.8752589467913,0.13431542902253568,227.26813837897498,0.14080284296886017,12.010381824,2026-01-13T20:47:11.927122
26742,0.5045463649108752,0.019734393837812725,1.1303515564506123e-05,0.003201104933395982,0.048345816088840365,89.37358415697236,134.69412566022947,0.13378604396712035,224.26130173890851,0.14269069051090824,12.010116608,2026-01-13T20:50:56.189072
26743,0.5047065892249148,0.012746145406784315,1.1298847824635712e-05,0.013241975218988955,0.04951233707834035,90.27122645592317,136.70368959498592,0.13393084099516273,227.17982993996702,0.14085757528939122,12.013141504,2026-01-13T20:54:43.369512
26744,0.5048668135389546,3.953892202446241e-05,1.1294180004289557e-05,0.0029408643022179604,0.04676487704273313,90.04165865376126,136.49695857719053,0.1346816609147936,226.7309569310164,0.14113643956319602,12.009424896,2026-01-13T20:58:30.101086
26745,0.5050270378529942,0.003566804349874886,1.1289512104724643e-05,0.0029374861624091864,0.045156341744586825,92.00768186617643,140.5276749060722,0.13300859404262155,232.72352577897254,0.13750221380880834,12.025935872,2026-01-13T21:02:22.825230
26746,0.5051872621670338,0.002669603214758176,1.128484412719797e-05,0.004040199099108577,0.04918879410251975,91.79363295214716,140.22773060575128,0.13462280901148915,232.21686399402097,0.13780222267071837,12.019155456,2026-01-13T21:06:15.042735
26747,0.5053474864810735,0.011442780556430776,1.1280176072966557e-05,0.0035078267101198435,0.0521648577414453,91.97677520744037,140.94255923503079,0.13300035800784826,233.11635785293765,0.13727050428690776,12.022351872,2026-01-13T21:10:08.159911
26748,0.5055077107951131,0.001930376750340912,1.1275507943287457e-05,0.0029662898741662502,0.047423968091607094,89.86233845574316,136.1135659472784,0.13425673393066972,226.16979287297,0.1414866220352116,12.012021248,2026-01-13T21:13:54.330479
26749,0.5056679351091529,0.007575459453777356,1.1270839739417734e-05,0.0034086110536009073,0.05419259308837354,92.17645354697015,140.8789774789475,0.13421621499583125,233.25540740194265,0.13718867380792601,12.010128896,2026-01-13T21:17:47.586623
26750,0.5058281594231925,0.013903008446744636,1.1266171462614469e-05,0.0032951547764241695,0.04985046177171171,92.50831268529873,141.63556496286765,0.13367354206275195,234.34031341795344,0.13655354272283052,12.012375552,2026-01-13T21:21:41.927583
26751,0.5059883837372321,2.0776531215460636e-06,1.1261503114134771e-05,0.003084366791881621,0.05058012413792312,89.78082004806492,135.53048613818828,0.13452955696266145,225.50670552405063,0.14190265396160093,11.996965376,2026-01-13T21:25:27.434937
26752,0.5061486080512718,0.016365095811430308,1.125683469523576e-05,0.002910174778662622,0.05190240195952356,91.18899869197048,138.9022723598173,0.13342063000891358,230.28753094410058,0.13895672018719762,12.01037824,2026-01-13T21:29:17.723156
26753,0.5063088323653114,0.013384151714475934,1.1252166207174583e-05,0.0032081787940114737,0.05052908300422132,89.8419365597656,135.80742197134532,0.1324963190127164,225.8427963280119,0.1416914797385147,12.016299008,2026-01-13T21:33:03.566778
26754,0.506469056679351,0.02599065029169534,1.1247497651208402e-05,0.0031652668258175254,0.048113256809301674,90.67435718420893,137.86899357067887,0.13548290799371898,228.73707380704582,0.13989861576612642,12.036899328,2026-01-13T21:36:52.304481
26755,0.5066292809933908,0.000524672229933465,1.1242829028594395e-05,0.0029769447864964604,0.05068381619639695,90.43171753291972,136.90745255560614,0.13328516797628254,227.5345402091043,0.14063798828341398,12.020864512,2026-01-13T21:40:39.839664
26756,0.5067895053074304,0.04232398546320937,1.1238160340589764e-05,0.0031085461378097534,0.04652375797741115,91.31382801395375,139.4851083359681,0.13448008801788092,230.99079913005698,0.13853365640759885,12.012921344,2026-01-13T21:44:30.831062
26757,0.5069497296214701,4.197142310680135e-05,1.1233491588451717e-05,0.002818973851390183,0.04806531104259193,89.7451290768804,135.7091334090801,0.13355282798875123,225.64577495795675,0.14181519687644217,11.99677952,2026-01-13T21:48:16.477429
26758,0.5071099539355097,7.335632764782218e-05,1.122882277343749e-05,0.0029596808599308133,0.04633131832815707,91.2769643937936,139.38646158005577,0.13391753798350692,230.85523221595213,0.13861500860446513,12.025498624,2026-01-13T21:52:07.333318
26759,0.5072701782495493,0.021374813175031093,1.1224153896804334e-05,0.0032931497553363442,0.05118626565672457,88.9985531293787,133.8626306517981,0.13492782006505877,223.05705727497116,0.14346105158444886,12.012842496,2026-01-13T21:55:50.391049
26760,0.5074304025635891,0.010738650426712404,1.1219484959809515e-05,0.003487283131107688,0.04969429469201714,89.70189774013124,135.57317622681148,0.13523748598527163,225.47415181889664,0.1419231417076258,12.013791744,2026-01-13T21:59:35.865931
26761,0.5075906268776287,0.0017562149425245366,1.121481596371032e-05,0.0035652341321110725,0.055334154050797224,90.4463073820807,137.0214294141624,0.13251405698247254,227.67111854499672,0.14055362052291032,12.010382848,2026-01-13T22:03:23.537810
26762,0.5077508511916683,2.5980610827147643e-05,1.1210146909764043e-05,0.0038668179186061025,0.04752429260406643,91.18158366822172,139.050699142972,0.1345528110396117,230.4246130560059,0.13887405332095418,12.01470976,2026-01-13T22:07:13.963085
26763,0.507911075505708,0.002862319710907002,1.1205477799227993e-05,0.003952914965339005,0.046064096968621016,89.22015507903416,134.52085657115094,0.13340733607765287,223.93198192701675,0.14290053490630625,12.017986048,2026-01-13T22:10:57.895775
26764,0.5080712998197476,0.016773241722773058,1.120080863335951e-05,0.003580978838726878,0.041170950746163726,91.78205202810932,140.04422529612202,0.13263966992963105,232.01311010995414,0.13792324056530586,12.016285696,2026-01-13T22:14:49.909482
26765,0.5082315241337872,0.013874918033002004,1.119613941341593e-05,0.004236503969877958,0.05234377074521035,92.92546636902262,142.47476191993337,0.13483610097318888,235.59931435598992,0.13582382481660404,12.019462656,2026-01-13T22:18:45.509450
26766,0.508391748447827,1.4054311019862098e-05,1.1191470140654612e-05,0.002957024145871401,0.047272722818888724,90.09737813705578,136.8084839801304,0.13473466399591416,227.09780863602646,0.14090844906076108,12.022866432,2026-01-13T22:22:32.607944
26767,0.5085519727618666,0.0056811745367086885,1.1186800816332942e-05,0.003040689043700695,0.0487981439800933,90.38279650500044,137.05782419093885,0.13290014292579144,227.6351230100263,0.14057584601560166,11.996714496,2026-01-13T22:26:20.243766
26768,0.5087121970759063,3.149118416700958e-06,1.1182131441708289e-05,0.0030710743740200996,0.05382800486404449,89.02910221193451,134.5585877087433,0.133817026973702,223.7870849230094,0.14299305972464463,11.997377536,2026-01-13T22:30:04.031463
26769,0.5088724213899459,0.005712710861158765,1.1177462018038063e-05,0.0028636620845645666,0.048939378233626485,90.79565417801496,138.03744515613653,0.13445665000472218,229.026298585115,0.13972194546080727,12.018835968,2026-01-13T22:33:53.058384
26770,0.5090326457039855,0.009935530123031278,1.1172792546579679e-05,0.0026818211190402508,0.04474037408363074,90.65280639287084,137.83008922508452,0.1335290049901232,228.6727377640782,0.13993797561043075,12.019527168,2026-01-13T22:37:41.732066
26771,0.5091928700180253,0.008587613448617581,1.1168123028590556e-05,0.0041775270365178585,0.04693593620322645,90.03784664394334,137.04517986800056,0.13543433893937618,227.27617508894764,0.1407978640412985,11.996693504,2026-01-13T22:41:29.008939
26772,0.5093530943320649,0.027544379571586397,1.1163453465328138e-05,0.0033904840238392353,0.04880225087981671,90.2299392982386,137.0252001680201,0.13269617699552327,227.44880885700695,0.14069099838688465,12.012361216,2026-01-13T22:45:16.458674
26773,0.5095133186461045,0.010513259468782898,1.1158783858049877e-05,0.0029883350944146514,0.05124418216291815,90.80583938106429,138.05852102092467,0.13388439000118524,229.06017236202024,0.13970128316076402,12.022820352,2026-01-13T22:49:05.519623
26774,0.5096735429601442,0.015980938224936736,1.1154114208013234e-05,0.0032429310958832502,0.04905991710256785,91.46957877569366,139.83680134289898,0.13414290093351156,231.49912778497674,0.1382294624873168,12.021026816,2026-01-13T22:52:57.019461
26775,0.5098337672741838,1.6407550901931245e-05,1.1149444516475686e-05,0.00288809509947896,0.047026603017002344,90.74469127692282,138.06636101589538,0.13428099802695215,229.00412570300978,0.1397354737682764,12.02368256,2026-01-13T22:56:46.024198
26776,0.5099939915882236,0.03854921504648523,1.1144774784694715e-05,0.002912138937972486,0.04211394605226815,92.02306855889037,140.5124576870585,0.13407698401715606,232.72107971797232,0.13750365905305972,12.015620096,2026-01-13T23:00:38.745938
26777,0.5101542159022632,0.025229499511034703,1.1140105013927823e-05,0.003317480208352208,0.05305592995136976,91.67400375707075,139.62947034894023,0.1344176889397204,231.50171204598155,0.13822791942741255,12.020593152,2026-01-13T23:04:30.248247
26778,0.5103144402163028,0.0007147437586239036,1.1135435205432514e-05,0.002843203954398632,0.05140753393061459,92.0029005460674,140.92611270188354,0.13340585900004953,233.12564126797952,0.13726503796815634,11.996740608,2026-01-13T23:08:23.374671
26779,0.5104746645303425,0.003233976097571478,1.1130765360466309e-05,0.0032390421256422997,0.05825693788938224,91.66708426398691,140.25808371405583,0.13423390500247478,232.12934707303066,0.1378541765765292,12.022659072,2026-01-13T23:12:15.504744
26780,0.5106348888443821,0.020288545759335364,1.1126095480286727e-05,0.002972226240672171,0.05327319505158812,89.97346532077063,136.60999035602435,0.13437223294749856,226.78096532798372,0.14110531699042622,12.0178816,2026-01-13T23:16:02.286540
26781,0.5107951131584217,0.0006732815318892804,1.112142556615131e-05,0.0027412811759859324,0.05055293068289757,89.83680648927111,136.1360899207648,0.13360918895341456,226.16750606603455,0.1414880526235139,12.013857792,2026-01-13T23:19:48.454970
26782,0.5109553374724615,0.003791883284998576,1.1116755619317601e-05,0.0031529460102319717,0.050826588994823396,91.44859320309479,139.63386039459147,0.1341665250947699,231.27709283598233,0.13836216811447832,12.030217728,2026-01-13T23:23:39.732800
26783,0.5111155617865011,0.016166191725696777,1.1112085641043161e-05,0.004097314667887986,0.05226627585943788,92.31810037977993,141.29030773229897,0.13474791101180017,233.8068350360263,0.1368651177159524,12.017490432,2026-01-13T23:27:33.540229
26784,0.5112757861005408,1.5235353231446425e-05,1.110741563258555e-05,0.002694829716347158,0.04850644106045365,88.66728403174784,133.37553900911007,0.13405283901374787,222.23564334295224,0.14399130363898405,12.017394176,2026-01-13T23:31:15.776475
26785,0.5114360104145804,0.007721001264262561,1.1102745595202335e-05,0.00347784289624542,0.04849158902652562,91.69790161808487,139.52874803100713,0.1338690909324214,231.42111148196273,0.1382760621754862,12.02038016,2026-01-13T23:35:07.198208
26786,0.51159623472862,1.633774310505487e-06,1.1098075530151098e-05,0.004217115347273648,0.041976636974141,89.93661161197815,135.99554066429846,0.1329373779008165,226.12084999203216,0.14151724620320322,12.006217728,2026-01-13T23:38:53.319789
26787,0.5117564590426598,0.0058777475920708255,1.1093405438689424e-05,0.0038221724098548293,0.04715411190409213,89.45045703009237,134.99087807408068,0.13553650595713407,224.63402364600915,0.1424539323144894,11.997361152,2026-01-13T23:42:37.954415
26788,0.5119166833566994,0.01789658392155946,1.108873532207491e-05,0.0039045760640874505,0.049456627923063934,90.31934246292803,137.09674809523858,0.1345255239866674,227.61009510292206,0.1405913036745143,12.010388992,2026-01-13T23:46:25.565117
26789,0.512076907670739,8.18912330613486e-06,1.1084065181565153e-05,0.002913933014497161,0.0558474101126194,91.79699509008788,140.07412534812465,0.13298837200272828,232.07123737502843,0.13788869470406545,12.0238976,2026-01-13T23:50:17.637163
26790,0.5122371319847787,0.020271000818094187,1.107939501841776e-05,0.0026767179369926453,0.048512302921153605,89.27383826696314,134.94862850080244,0.13372687995433807,224.41470388590824,0.14259315207914675,12.013221376,2026-01-13T23:54:02.052473
26791,0.5123973562988183,0.003536750634985708,1.1074724833890343e-05,0.0029612788930535316,0.04863421281334013,90.21433582343161,136.53939879557583,0.1346240690909326,226.9491748319706,0.14100073297773508,12.01587712,2026-01-13T23:57:49.002261
26792,0.512557580612858,0.002244220215190218,1.1070054629240524e-05,0.002941104117780924,0.047419691807590425,89.7226939171087,135.4269934721524,0.13326360401697457,225.34173882496543,0.1420065371238484,12.012989952,2026-01-14T00:01:34.344850
26793,0.5127178049268977,0.01964197166640247,1.1065384405725926e-05,0.004011017852462828,0.05328873416874558,90.41858419403434,137.54664085188415,0.13336814695503563,228.16335746110417,0.1402503905801577,11.996804096,2026-01-14T00:05:22.508819
26794,0.5128780292409373,0.042839195967724564,1.1060714164604176e-05,0.0033210429828613997,0.05163276812527329,92.09347330511082,141.0027023110306,0.13545372907537967,233.29358434001915,0.13716622379705418,12.022733824,2026-01-14T00:09:15.803030
26795,0.513038253554977,0.014523933504026587,1.1056043907132911e-05,0.0028928351821377873,0.051760122063569725,89.43029715912417,134.95927192806266,0.1349828050006181,224.58561067900155,0.14248464050413875,12.014927872,2026-01-14T00:13:00.389392
26796,0.5131984778690166,7.0667733123030985e-06,1.1051373634569766e-05,0.0029449769062921405,0.047495400067418814,90.45133695600089,137.0336985460017,0.1346288580680266,227.67631282296497,0.1405504138890476,12.014969856,2026-01-14T00:16:48.066296
26797,0.5133587021830562,3.192437667109971e-06,1.1046703348172383e-05,0.002631424576975405,0.05130222823936492,88.71590045874473,133.69647640618496,0.13293492794036865,222.60722172702663,0.14375095179634462,12.013571072,2026-01-14T00:20:30.674111
26798,0.513518926497096,1.0790199315380278e-05,1.1042033049198412e-05,0.003065648255869746,0.04601443570572883,91.40947146329563,139.17558708402794,0.13313667802140117,230.77710985997692,0.13866193237022456,12.01750784,2026-01-14T00:24:21.452110
26799,0.5136791508111356,0.007685930694722565,1.1037362738905498e-05,0.002846208866685629,0.048588556819595397,90.12991604686249,136.52248643012717,0.13362844800576568,226.84592636092566,0.1410649091801898,11.996566528,2026-01-14T00:28:08.298841
26800,0.5138393751251752,0.026200214898280727,1.10326924185513e-05,0.0029937290819361806,0.05243798345327377,91.41178842436057,139.2626199600054,0.13405689503997564,230.87260006403085,0.13860458101621861,12.011154944,2026-01-14T00:31:59.172147
26801,0.5139995994392149,0.007959989436027826,1.1028022089393466e-05,0.0030962760793045163,0.049193250364623964,91.1999346818775,138.9089843048714,0.1339316259836778,230.30161636008415,0.13894822149214509,12.011900416,2026-01-14T00:35:49.474584
26802,0.5141598237532545,0.01950750563293191,1.1023351752689655e-05,0.004419565899297595,0.05411314812954515,90.54846962436568,137.94096678250935,0.13352165406104177,228.68909865105525,0.13992796416075404,11.997262848,2026-01-14T00:39:38.164309
26803,0.5143200480672943,0.018566918633334595,1.1018681409697526e-05,0.0034567260881885886,0.05127140798140317,89.72959079616703,136.0730765167391,0.13281665404792875,225.99804362491705,0.14159414606751886,12.014312448,2026-01-14T00:43:24.162959
26804,0.5144802723813339,0.014634547973194856,1.1014011061674739e-05,0.0026912670582532883,0.052008323022164404,89.71761551406235,135.98435315908864,0.13349404803011566,225.90068094898015,0.1416551728200732,12.01234688,2026-01-14T00:47:10.064251
26805,0.5146404966953735,0.00555807451124668,1.1009340709878963e-05,0.002847139025107026,0.03953047562390566,90.87005357642192,139.1225639457116,0.13331916206516325,230.17446726199705,0.13902497692576765,12.010126848,2026-01-14T00:51:00.239312
26806,0.5148007210094132,0.01696858328525952,1.1004670355567861e-05,0.0029674579855054617,0.05092524492647499,90.62646995019168,137.71509048400912,0.13568775390740484,228.53983913303819,0.1400193512054241,12.010284544,2026-01-14T00:54:48.779763
26807,0.5149609453234528,0.0070182385434538475,1.0999999999999092e-05,0.0033357938518747687,0.05150625295937061,91.2965892252978,138.8710423008306,0.1334411569405347,230.3634527749382,0.1389109236492628,12.011446272,2026-01-14T00:58:39.143830
26808,0.5151211696374924,0.03393073784983702,1.0995329644430322e-05,0.0033194120042026043,0.053287731017917395,90.24052418512292,136.81537533726078,0.13249914499465376,227.25414955895394,0.14081151020610344,11.996910592,2026-01-14T01:02:26.398583
26809,0.5152813939515322,0.0037510851811326518,1.0990659290119217e-05,0.0027590569807216525,0.045653331791982055,91.55478639516514,139.75048307387624,0.1356473360210657,231.49660571303684,0.13823096844740435,11.99757824,2026-01-14T01:06:17.895902
26810,0.5154416182655718,0.03204926364337535,1.0985988938323441e-05,0.0028642992256209254,0.04738180781714618,90.15217730100267,137.02976798615418,0.13450802909210324,227.37523919600062,0.14073652044590287,12.025089024,2026-01-14T01:10:05.271762
26811,0.5156018425796115,0.009564370713606607,1.0981318590300661e-05,0.003876912873238325,0.052638541790656745,91.52319323224947,139.8017520668218,0.13325158704537898,231.52223807107657,0.13821566457981502,12.015975424,2026-01-14T01:13:56.794734
26812,0.5157620668936511,0.01694879865812382,1.0976648247308532e-05,0.003790866117924452,0.05203601124230772,89.22888976708055,134.646039384068,0.13288539904169738,224.0702132229926,0.1428123780475627,12.013604864,2026-01-14T01:17:40.865583
26813,0.5159222912076907,0.004324130875072996,1.0971977910604718e-05,0.0029399358900263906,0.0530771620105952,90.29582184797619,136.98914626217447,0.13573071802966297,227.4831233510049,0.14066977597553124,11.999658496,2026-01-14T01:21:28.349298
26814,0.5160825155217305,0.005047387953531768,1.0967307581446883e-05,0.0032807199750095606,0.05130220600403845,91.514724729117,139.63617995695677,0.13439458201173693,231.34824526205193,0.13831961406819004,12.010999296,2026-01-14T01:25:19.698260
26815,0.5162427398357701,0.024476288062383666,1.0962637261092682e-05,0.0027673091972246766,0.05151438806205988,91.20608287397772,139.26978091988713,0.13426044897641987,230.67252492997795,0.13872480049244615,12.014264832,2026-01-14T01:29:10.371427
26816,0.5164029641498097,0.018212313598148455,1.0957966950799768e-05,0.002580556320026517,0.042520165792666376,89.6510962753091,135.57785390876234,0.13539637997746468,225.41742163500749,0.14195885911521924,12.01664512,2026-01-14T01:32:55.789474
26817,0.5165631884638494,0.028484797544942708,1.09532966518258e-05,0.0028433105908334255,0.05446525372099131,90.68022535101045,137.67660917295143,0.133454916998744,228.55610352603253,0.1400093872196907,12.027526656,2026-01-14T01:36:44.346281
26818,0.516723412777889,0.027551150914518985,1.0948626365428418e-05,0.0030450079357251525,0.053230067947879434,90.37128919281531,137.37699171993881,0.134017420001328,227.94712121388875,0.14038343555114943,12.011590144,2026-01-14T01:40:32.294113
26819,0.5168836370919287,0.0010725153266060161,1.0943956092865272e-05,0.003642293973825872,0.049195667961612344,89.50582749198657,135.3239578710636,0.13452293898444623,225.02811174897943,0.14220445504024956,12.009025536,2026-01-14T01:44:17.322848
26820,0.5170438614059684,0.00013639187278524645,1.0939285835394004e-05,0.0028200482483953238,0.051292654941789806,89.10155843710527,134.1766203257721,0.1339829140342772,223.47671832994092,0.14319164984674249,11.997843968,2026-01-14T01:48:00.800247
26821,0.517204085720008,2.624502206671764e-06,1.0934615594272254e-05,0.0029644990572705865,0.05006318842060864,89.01016672933474,133.97953681426588,0.13410446897614747,223.18440387106966,0.1433791942670238,12.016761856,2026-01-14T01:51:43.985300
26822,0.5173643100340477,0.03894858147860081,1.0929945370757656e-05,0.0030940979486331344,0.050053260987624526,92.37175234698225,141.30884463130496,0.13402577105443925,233.87506592506543,0.13682518858274928,12.012753408,2026-01-14T01:55:37.861132
26823,0.5175245343480873,0.011199735156364632,1.0925275166107837e-05,0.003996919956989586,0.04658991110045463,90.63737175997812,137.82195036206394,0.13395819603465497,228.65060293104034,0.13995152249675463,12.014022656,2026-01-14T01:59:26.512479
26824,0.5176847586621269,2.0035233241344486e-06,1.0920604981580424e-05,0.0027152280090376735,0.05055009399075061,91.77428618876729,140.46702939434908,0.13379468698985875,232.43488260591403,0.13767296733276901,12.04121856,2026-01-14T02:03:18.947978
26825,0.5178449829761667,5.302788737981956e-05,1.091593481843303e-05,0.0028533439617604017,0.04606736311689019,90.91926274297293,138.12981758802198,0.13288072706200182,229.23828330799006,0.139592739651635,11.997768704,2026-01-14T02:07:08.186989
26826,0.5180052072902063,0.0017201927170740205,1.0911264677923273e-05,0.003908709855750203,0.048668225295841694,90.1805434229318,136.24456827691756,0.13442086300347,226.61968643497676,0.14120573769826328,12.011270656,2026-01-14T02:10:54.807433
26827,0.518165431604246,0.013163342023408298,1.0906594561308756e-05,0.0027346081333234906,0.050854493281804025,91.89186331792735,140.46083421702497,0.13531641906592995,232.54781416105106,0.13760610958844957,12.012724736,2026-01-14T02:14:47.355974
26828,0.5183256559182856,0.0490763629748967,1.0901924469847086e-05,0.01320996810682118,0.05150995298754424,90.26780305220746,136.6288588528987,0.1341201280010864,227.1050452159252,0.140903959088955,12.010834432,2026-01-14T02:18:34.461766
26829,0.5184858802323252,0.0024478559303924285,1.0897254404795845e-05,0.003586449078284204,0.052501707803457975,90.10396048391704,136.1660547660431,0.13300485396757722,226.46982843102887,0.1412991753545906,12.010239488,2026-01-14T02:22:20.932448
26830,0.518646104546365,0.023292503881211957,1.089258436741263e-05,0.0036067429464310408,0.04602294275537133,91.66425436525606,139.7674464089796,0.1326116690179333,231.62455290206708,0.1381546109817204,12.019892736,2026-01-14T02:26:12.557853
26831,0.5188063288604046,0.021441585176248168,1.0887914358955019e-05,0.0037804547464475036,0.04921463213395327,89.12159561202861,134.16418516507838,0.1337216419633478,223.478637031978,0.14319042045804609,12.013374976,2026-01-14T02:29:56.037398
26832,0.5189665531744442,5.435571503120684e-06,1.0883244380680576e-05,0.003069543745368719,0.04967723984736949,88.45591500168666,132.61655780428555,0.13391129206866026,221.26609050598927,0.14462225064320833,11.997520896,2026-01-14T02:33:37.304220
26833,0.5191267774884839,0.0016752101563071164,1.087857443384687e-05,0.003939646063372493,0.05366480944212526,90.69852858583909,137.46573572489433,0.13276334502734244,228.36346923408564,0.14012749108833236,12.014613504,2026-01-14T02:37:25.668456
26834,0.5192870018025235,0.0026296645350747383,1.0873904519711453e-05,0.00362004607450217,0.04505907604470849,90.68678448267747,137.30984069721308,0.13426573004107922,228.18842678703368,0.14023498233705484,12.01613312,2026-01-14T02:41:13.857614
26835,0.5194472261165632,0.012874335933203085,1.0869234639531871e-05,0.0033239993499591947,0.044345175847411156,90.92801996308845,138.50087678595446,0.1342556671006605,229.619903179002,0.1393607416298497,12.019440128,2026-01-14T02:45:03.478248
26836,0.5196074504306029,0.01616804214312184,1.0864564794565659e-05,0.0034618229838088155,0.052902864292263985,90.6987461540848,137.75878359004855,0.13123566599097103,228.65734907705337,0.13994739346521762,11.997195264,2026-01-14T02:48:52.136322
26837,0.5197676747446425,1.3435228503055896e-06,1.085989498607035e-05,0.0030014077201485634,0.04464271501637995,90.61826099979226,137.69982115004677,0.13477606500964612,228.50848375901114,0.14003856431758452,11.997710336,2026-01-14T02:52:40.645480
26838,0.5199278990586822,0.023341208357400056,1.0855225215303458e-05,0.0027670618146657944,0.048863587086088955,89.0648910398595,134.40667502430733,0.1335792460013181,223.6637551980093,0.1430719070761842,11.997668352,2026-01-14T02:56:24.309855
26839,0.5200881233727218,0.001339715956191867,1.0850555483522491e-05,0.0031407446367666125,0.044286760152317584,91.05918746301904,138.64974402170628,0.13328388996887952,229.8981828079559,0.13919205279987365,11.997604352,2026-01-14T03:00:14.208690
26840,0.5202483476867614,2.6118910238182025e-05,1.0845885791984943e-05,0.0034349338384345174,0.046288675046525896,90.93739044771064,138.2386299362406,0.13413042400497943,229.36689801502507,0.13951446471540888,12.020544,2026-01-14T03:04:03.576294
26841,0.5204085720008012,0.004358324206843456,1.08412161419483e-05,0.0026949902530759573,0.0504041847307235,90.48564988328144,137.16978415485937,0.13443800993263721,227.85036756691989,0.14044304752153436,12.015633408,2026-01-14T03:07:51.427282
26842,0.5205687963148408,0.012391526206192438,1.0836546534670039e-05,0.0037392843514680862,0.05015835782978684,89.76035107113421,135.843904848909,0.13344713998958468,225.79908756003715,0.141718907484476,12.019536384,2026-01-14T03:11:37.227089
26843,0.5207290206288804,0.004537028624372219,1.0831876971407621e-05,0.004081287886947393,0.048873188090510666,90.67263500811532,137.5663222798612,0.13500853604637086,228.4342418719316,0.14008407731595837,12.015787008,2026-01-14T03:15:25.661956
26844,0.5208892449429201,0.007829297316539474,1.0827207453418501e-05,0.003167342860251665,0.052385571878403425,91.40561595908366,139.38873362273443,0.1345075920689851,230.99079276400153,0.13853366022555597,11.996572672,2026-01-14T03:19:16.653369
26845,0.5210494692569597,0.005671171424788568,1.0822537981960113e-05,0.0034624647814780474,0.051403418998233974,89.97301927593071,136.51950271381065,0.13333405903540552,226.68974225001875,0.14116209971559643,11.99674624,2026-01-14T03:23:03.343756
26846,0.5212096935709994,0.0027636457082778065,1.0817868558289888e-05,0.0035526308929547668,0.055719048948958516,90.87274384498596,138.11464398005046,0.13420397695153952,229.1898037949577,0.13962226709102848,12.015316992,2026-01-14T03:26:52.534212
26847,0.5213699178850391,0.00014128384455691645,1.0813199183665234e-05,0.0034229112789034843,0.05475215404294431,90.4923635708401,137.24561208928935,0.13409388903528452,227.94181363692041,0.1403867043497844,12.01771776,2026-01-14T03:30:40.476739
26848,0.5215301421990787,0.011329056747122479,1.0808529859343557e-05,0.003296182956546545,0.05352536484133452,91.56242754717823,139.9479896388948,0.13373347802553326,231.7081681350246,0.13810475589860285,12.025542656,2026-01-14T03:34:32.185827
26849,0.5216903665131184,0.01441092602819527,1.080386058658224e-05,0.0028198115760460496,0.05079015495721251,88.87305265804753,133.85397034708876,0.13451757095754147,222.92147851898335,0.14354830325277504,12.0141184,2026-01-14T03:38:15.107950
26850,0.521850590827158,0.0017852511057947495,1.0799191366638664e-05,0.0030326449777930975,0.043111520702950656,91.00671391177457,138.39458923821803,0.1330384248867631,229.5880470520351,0.1393800784095147,12.016577536,2026-01-14T03:42:04.696793
26851,0.5220108151411976,0.005690454609309725,1.0794522200770176e-05,0.003589829779230058,0.04628306475933641,89.01528169726953,133.8707871499937,0.1333227490540594,223.07632815209217,0.14344865842592935,11.99754752,2026-01-14T03:45:47.773778
26852,0.5221710394552374,0.011828682064892071,1.078985309023413e-05,0.002821630099788308,0.048381914966739714,90.03244885988533,136.59274040779565,0.1347553280647844,226.82052928593475,0.14108070420583546,12.015576064,2026-01-14T03:49:34.594926
26853,0.522331263769277,0.005948006581022902,1.078518403628785e-05,0.002817888278514147,0.04876045824494213,91.50608738267329,139.30439650919288,0.13372059201356024,231.00387298699934,0.13852581597972138,12.017342976,2026-01-14T03:53:25.599402
26854,0.5224914880833167,2.599774366451868e-06,1.0780515040188651e-05,0.003032976877875626,0.04319947969634086,91.56206370994914,139.28068185201846,0.1345017539570108,231.02984942600597,0.1385102404711082,11.997664256,2026-01-14T03:57:16.629947
26855,0.5226517123973563,0.007446930425487608,1.0775846103193836e-05,0.004562991904094815,0.048844065866433084,91.02707721793558,138.49199709889945,0.13375093508511782,229.712630369002,0.1393044864298335,12.01174272,2026-01-14T04:01:06.343488
26856,0.5228119367113959,0.012481500637218979,1.0771177226560683e-05,0.0029343123314902186,0.04866865091025829,91.95812718186062,140.40629201126285,0.13397795101627707,232.55813572905026,0.13760000225183558,12.012511744,2026-01-14T04:04:58.902423
26857,0.5229721610254356,0.008411353969972168,1.0766508411546456e-05,0.002967259963043034,0.04958932602312416,91.48808556597214,139.9514500470832,0.13603635202161968,231.63458678196184,0.13814862644032375,12.021651456,2026-01-14T04:08:50.537807
26858,0.5231323853394753,0.028837976226660622,1.0761839659408406e-05,0.0030570499366149306,0.04923761519603431,89.73970128584187,135.82078850315884,0.13364658795762807,225.7551148890052,0.14174651154961926,11.997782016,2026-01-14T04:12:36.293529
26859,0.5232926096535149,0.03994349824654897,1.0757170971403771e-05,0.013142503914423287,0.04651216801721603,90.51007078797556,137.49802061426453,0.13342221302445978,228.20934907800984,0.1402221255583236,12.017735168,2026-01-14T04:16:24.503481
26860,0.5234528339675546,0.004121270241935093,1.0752502348789765e-05,0.0031153280287981033,0.049785364186391234,89.21835612563882,134.27208739717025,0.13472799095325172,223.68644172896165,0.14305739656216643,12.019288576,2026-01-14T04:20:08.190857
26861,0.5236130582815942,0.015111852561124905,1.0747833792823587e-05,0.002762331860139966,0.04548844008240849,88.52354964602273,133.3642122859601,0.13312375999521464,222.07730223506223,0.1440939694329002,11.996638208,2026-01-14T04:23:50.268816
26862,0.5237732825956339,0.0006379457509391173,1.074316530476241e-05,0.003846098785288632,0.04821625293698162,92.21447588328738,141.090969260782,0.134978613932617,233.50007628893945,0.13704492310487434,12.015823872,2026-01-14T04:27:43.769710
26863,0.5239335069096736,0.009554637334291627,1.0738496885863402e-05,0.004004483693279326,0.05025904695503414,91.52582454308867,139.75737828982528,0.13438509800471365,231.47812378103845,0.13824200523704644,12.026925056,2026-01-14T04:31:35.248472
26864,0.5240937312237132,0.003507466021086536,1.0733828537383704e-05,0.0029201157158240676,0.046193235204555094,89.43927612889092,134.8794500619406,0.13344433705788106,224.51287628000136,0.1425308005946669,11.997498368,2026-01-14T04:35:19.762170
26865,0.5242539555377529,0.0012916428898721577,1.072916026058044e-05,0.0030271619325503707,0.05115540779661387,91.68240379029885,140.14746566768736,0.1345653380267322,232.02632512303535,0.13791538517464141,12.020580864,2026-01-14T04:39:11.789202
26866,0.5244141798517925,0.004470350967153536,1.072449205671072e-05,0.003488300135359168,0.052796537755057216,89.86785276432056,136.55261479772162,0.1346900659846142,226.6192556869937,0.14120600609596198,11.9977984,2026-01-14T04:42:58.409071
26867,0.5245744041658321,1.0974354625048477e-06,1.0719823927031616e-05,0.013539946172386408,0.044998493045568466,90.14033114013728,136.6104247488547,0.13438064698129892,226.9532218889799,0.14099821863579287,12.0131968,2026-01-14T04:46:45.362986
26868,0.5247346284798718,0.005519714972842316,1.0715155872800203e-05,0.0035010797437280416,0.04664728825446218,89.95013116591144,136.31026563909836,0.13452169799711555,226.45185126096476,0.14131039257048497,12.012574208,2026-01-14T04:50:31.815480
26869,0.5248948527939115,0.018451016325807146,1.0710487895273526e-05,0.003047396196052432,0.0421768018277362,89.79783994692843,135.5781755183125,0.13295958505477756,225.5624394720653,0.14186759140793487,11.997423616,2026-01-14T04:54:17.378707
26870,0.5250550771079512,0.007591665296217798,1.0705819995708609e-05,0.0038035589968785644,0.04846535960678011,88.81519867037423,133.73848030669615,0.13589990697801113,222.7503719649976,0.14365857043340152,11.996730368,2026-01-14T04:58:00.129841
26871,0.5252153014219908,0.0034344814500357757,1.0701152175362455e-05,0.0031380043365061283,0.05550123599823564,91.47748323890846,139.55162941780873,0.13440228905528784,231.23264378204476,0.13838876499705013,12.016505856,2026-01-14T05:01:51.363154
26872,0.5253755257360304,0.0026780471937568606,1.0696484435492047e-05,0.0027746078558266163,0.048263353877700865,90.90624531998765,138.04973746696487,0.13308057899121195,229.1474086199887,0.13964809898011046,11.997468672,2026-01-14T05:05:40.511250
26873,0.5255357500500701,0.0032476280890536557,1.0691816777354342e-05,0.003003306104801595,0.04793459689244628,91.54630491416901,139.76481824205257,0.13493072998244315,231.50440880900715,0.13822630922938595,11.997522432,2026-01-14T05:09:32.016378
26874,0.5256959743641098,0.008658903362034565,1.0687149202206275e-05,0.0032212723745033145,0.04642210400197655,88.95351700205356,134.37550669489428,0.1345678570214659,223.51957691204734,0.14316419367862204,11.997469696,2026-01-14T05:13:15.536856
26875,0.5258561986781494,0.004065384305355302,1.068248171130477e-05,0.013152553932741284,0.05052553513087332,89.79719315003604,135.92375192278996,0.13333482097368687,225.92528253304772,0.14163974762461182,11.997546496,2026-01-14T05:17:01.462792
26876,0.5260164229921891,0.004485689110401481,1.0677814305906718e-05,0.0031137889018282294,0.05265170300845057,89.7941338600358,136.27670421719085,0.133005200070329,226.26697322900873,0.14142585434955302,12.014314496,2026-01-14T05:20:47.730679
26877,0.5261766473062287,0.0014833776586247183,1.067314698726899e-05,0.0034295348450541496,0.04582153761293739,90.81024335615803,137.7493111731019,0.13331371499225497,228.75240269198548,0.13988924104586528,11.997733888,2026-01-14T05:24:36.483819
26878,0.5263368716202683,0.0007334625057620059,1.0668479756648427e-05,0.0031181423692032695,0.050591958803124726,90.2204863949446,137.215664915042,0.1332339699147269,227.63038108102046,0.14057877445019187,11.997639168,2026-01-14T05:28:24.115068
26879,0.526497095934308,0.018814929558879978,1.0663812615301857e-05,0.0028406677301973104,0.047391184722073376,90.78313299606089,138.09369882801548,0.13435946800746024,229.0684866819065,0.13969621253243994,12.0125952,2026-01-14T05:32:13.184168
26880,0.5266573202483477,0.016081571355941016,1.065914556448608e-05,0.002971228794194758,0.05054716067388654,89.27033538382966,134.80489326815587,0.13389920501504093,224.27206178591587,0.14268384454656838,11.997662208,2026-01-14T05:35:57.456996
26881,0.5268175445623874,0.014663316717872021,1.0654478605457864e-05,0.0030094878748059273,0.05577154050115496,91.89083104091696,140.00134282000363,0.13338738901074976,232.09223206201568,0.13787622151632165,11.997014016,2026-01-14T05:39:49.549934
26882,0.526977768876427,0.008477406099538065,1.0649811739473967e-05,0.0026023811660706997,0.05334905092604458,90.74459093203768,137.83246340998448,0.13331500091589987,228.77546746190637,0.13987513764048304,12.019702272,2026-01-14T05:43:38.326294
26883,0.5271379931904666,0.00011625782448021482,1.0645144967791112e-05,0.0030805558199062943,0.049670200794935226,91.02288802503608,138.45014129928313,0.13479242310859263,229.66911163798068,0.139330882467297,12.01944832,2026-01-14T05:47:27.996360
26884,0.5272982175045063,0.015146466695391325,1.0640478291665994e-05,0.0028093893779441714,0.051383765297941864,91.29338304395787,139.36328515107743,0.13427570404019207,230.85142647498287,0.1386172937660743,12.023021056,2026-01-14T05:51:18.848395
26885,0.527458441818546,0.031575473113282015,1.0635811712355292e-05,0.0027322686510160565,0.049936636816710234,90.62043842172716,137.71130654227454,0.1346365879289806,228.52582057588734,0.1400279404723706,12.011790848,2026-01-14T05:55:07.374866
26886,0.5276186661325856,0.02122518081782232,1.063114523111565e-05,0.003218738129362464,0.05489882011897862,89.68672438769136,135.4326843949966,0.132900531985797,225.32187653006986,0.1420190551081688,11.996673024,2026-01-14T05:58:52.697348
26887,0.5277788904466253,0.001879544263886146,1.0626478849203693e-05,0.013256256934255362,0.04511427821125835,89.96793513384182,136.2037172538694,0.13470348506234586,226.371699311072,0.14136042666723428,11.997479936,2026-01-14T06:02:39.069649
26888,0.5279391147606649,0.039163391586125584,1.0621812567876014e-05,0.002988799591548741,0.05468427890446037,90.13895138225053,136.50829129165504,0.1338722020154819,226.84602744795848,0.14106484631890337,12.021168128,2026-01-14T06:06:25.916272
26889,0.5280993390747046,2.459517208563966e-06,1.0617146388389177e-05,0.0037779760314151645,0.05002391943708062,91.54615935182665,140.04506300913636,0.13363015407230705,231.78741331398487,0.13805753963288775,12.012530176,2026-01-14T06:10:17.704275
26890,0.5282595633887442,0.015962409181730308,1.0612480311999727e-05,0.0029439812060445547,0.04841146513354033,90.30406936095096,137.13344038079958,0.13348162604961544,227.6316291670082,0.14057800366803297,12.01542656,2026-01-14T06:14:05.336500
26891,0.5284197877027839,0.003184506919547303,1.0607814339964173e-05,0.002720783813856542,0.05545062571763992,90.79305245925207,138.10720514005516,0.13458884006831795,229.0993985129753,0.13967736365832337,12.012742144,2026-01-14T06:17:54.436519
26892,0.5285800120168236,0.011320131503938846,1.0603148473539002e-05,0.002734914072789252,0.05167321569751948,89.95089904102497,136.5285154650919,0.13498413597699255,226.67685181589331,0.14117012718171312,11.997404672,2026-01-14T06:21:41.114152
26893,0.5287402363308632,0.01150584392975773,1.0598482713980667e-05,0.0030541002051904798,0.04641307319980115,90.80220442591235,138.14777956879698,0.13313277496490628,229.1406628069235,0.13965221016648433,12.02432256,2026-01-14T06:25:30.255447
26894,0.5289004606449028,0.0066185456218317285,1.05938170625456e-05,0.0034959078766405582,0.052981835906393826,92.45146974909585,141.47515995579306,0.1341653229901567,234.12542089796625,0.13667887868505257,12.011902464,2026-01-14T06:29:24.381824
26895,0.5290606849589425,8.368689984550315e-06,1.0589151520490195e-05,0.0030355218332260847,0.04796947503928095,90.58147411467507,137.57411965820938,0.13345280196517706,228.34839060797822,0.14013674418637204,11.997152256,2026-01-14T06:33:12.730864
26896,0.5292209092729822,0.01145066818690843,1.0584486089070819e-05,0.003382132388651371,0.04619064193684608,90.88640795240644,138.38760267954785,0.13482657202985138,229.46485401305836,0.1394549075396921,11.997190144,2026-01-14T06:37:02.196403
26897,0.5293811335870219,0.021119149859934794,1.0579820769543813e-05,0.003721653134562075,0.04848645895253867,90.8755642141914,138.21946500171907,0.13416412798687816,229.2895084460033,0.13956155350010643,11.99801344,2026-01-14T06:40:51.486664
26898,0.5295413579010615,0.017774808146726606,1.0575155563165485e-05,0.0038573782658204436,0.050305508193559945,90.91107436595485,138.47662224678788,0.13458346808329225,229.58267402800266,0.13938334038263225,11.997529088,2026-01-14T06:44:41.069954
26899,0.5297015822151011,0.03078586483208401,1.0570490471192115e-05,0.0038658948615193367,0.049729723832570016,90.30215857527219,136.89481022185646,0.13436173496302217,227.3922492300626,0.14072599267719196,11.996644352,2026-01-14T06:48:28.463136
26900,0.5298618065291408,0.0044609891079598896,1.0565825494879946e-05,0.00492911774199456,0.04919117607641965,90.14557576808147,136.23884130688384,0.13351833808701485,226.58135065296665,0.14122962859821322,12.022953472,2026-01-14T06:52:15.045107
26901,0.5300220308431804,0.0034266252805066344,1.0561160635485195e-05,0.0034177349880337715,0.04470630886498839,90.8605869562598,138.42478621262126,0.13446561596356332,229.47549555101432,0.13944844055423833,11.997197312,2026-01-14T06:56:04.521251
26902,0.5301822551572201,0.006565406996083212,1.055649589426405e-05,0.0029712372925132513,0.05331668187864125,90.96514121431392,138.17421313689556,0.133263883064501,229.33712220401503,0.1395325784699315,12.01215232,2026-01-14T06:59:53.859009
26903,0.5303424794712598,0.002987338309103471,1.0551831272472658e-05,0.002970416098833084,0.06175084679853171,89.02409241325222,133.74529023095965,0.13410817796830088,222.97543749096803,0.1435135652611791,11.997105152,2026-01-14T07:03:36.835255
26904,0.5305027037852994,0.005214287178400667,1.0547166771367145e-05,0.0030100978910923004,0.04682607343420386,91.84528462088201,140.1197229907848,0.13411452807486057,232.1552868289873,0.13783877350840681,12.015819264,2026-01-14T07:07:28.991279
26905,0.5306629280993391,0.013795756001610648,1.0542502392203602e-05,0.0028501489432528615,0.05166254355572164,92.81360688980203,142.18425985903013,0.1329986370401457,235.19615541794337,0.13605664575229143,12.016705536,2026-01-14T07:11:24.188189
26906,0.5308231524133787,0.025285094916931428,1.0537838136238073e-05,0.0032646239269524813,0.04446718830149621,90.12842940166593,136.65823725331575,0.1343603499699384,226.97511458594818,0.1409846187692203,12.017216,2026-01-14T07:15:11.164022
26907,0.5309833767274184,0.03147295302835218,1.0533174004726591e-05,0.003052450018003583,0.057405197294428945,92.2058679740876,141.92159812385216,0.13424690393730998,234.3304540719837,0.13655928815027157,12.030131712,2026-01-14T07:19:05.495066
26908,0.5311436010414581,0.0066878948728748,1.0528509998925139e-05,0.003044916084036231,0.047792401048354805,91.11706840910483,138.3981494838372,0.13341699191369116,229.7067075209925,0.13930807831145103,12.013497856,2026-01-14T07:22:55.202371
26909,0.5313038253554977,0.005895260934861923,1.0523846120089673e-05,0.0031703917775303125,0.049015424912795424,91.06684176705312,138.9880522186868,0.13430838705971837,230.24764103093185,0.13898079414286407,11.997387776,2026-01-14T07:26:45.450758
26910,0.5314640496695373,0.04496820861376971,1.0519182369476114e-05,0.003354006097652018,0.04759428394027054,89.10054440586828,134.2780340211466,0.13495532097294927,223.5717260199599,0.14313079998829156,11.997249536,2026-01-14T07:30:29.023310
26911,0.531624273983577,0.00261401590370669,1.0514518748340346e-05,0.003309205756522715,0.051695473957806826,90.22119430778548,136.6173043741146,0.13210425898432732,227.03697698796168,0.14094620367367186,11.996531712,2026-01-14T07:34:16.061028
26912,0.5317844982976166,0.007575909473662712,1.0509855257938218e-05,0.0032582678832113743,0.04894459235947579,90.32168490462936,137.08126251515932,0.1346807189984247,227.59624766395427,0.14059985754795035,11.996581376,2026-01-14T07:38:03.657969
26913,0.5319447226116564,0.014135147688927319,1.0505191899525552e-05,0.0030204628128558397,0.050257548806257546,91.34725084039383,139.19015833176672,0.13260647794231772,230.7304188250564,0.13868999225569353,12.015350784,2026-01-14T07:41:54.389276
26914,0.532104946925696,0.01648571320828829,1.0500528674358127e-05,0.0029935797210782766,0.044588874210603535,92.46898760006297,141.88544863509014,0.13279251207131892,234.54374039301183,0.13643510564971545,12.0147712,2026-01-14T07:45:48.933643
26915,0.5322651712397356,0.02008000700064727,1.0495865583691688e-05,0.003062142990529537,0.04675194597803056,91.0802652441198,138.2352812726749,0.13485780789051205,229.50723892601673,0.1394291533014147,12.016722944,2026-01-14T07:49:38.441498
26916,0.5324253955537753,0.014538669050797814,1.0491202628781943e-05,0.003741167369298637,0.04729315696749836,90.45896992320195,137.29986657202244,0.13460509991273284,227.9519766139565,0.14038044536982874,11.996795392,2026-01-14T07:53:26.394102
26917,0.5325856198678149,0.021614581432608304,1.0486539810884561e-05,0.002733150264248252,0.05112466460559517,88.65390388900414,133.32181841193233,0.1331377091119066,222.16981197090354,0.14403396985451325,12.010244608,2026-01-14T07:57:08.564652
26918,0.5327458441818546,0.027291458153033687,1.0481877131255178e-05,0.0034509061370044947,0.04985947988461703,89.04191010992508,134.1494389391737,0.1353819580981508,223.38640967593528,0.1432495380825634,11.99683072,2026-01-14T08:00:51.951684
26919,0.5329060684958943,0.007323667825132496,1.047721459114939e-05,0.0034760782727971673,0.052429359406232834,90.23567910888232,136.87468357314356,0.1341574901016429,227.3074167369632,0.14077851246283762,12.016494592,2026-01-14T08:04:39.259898
26920,0.5330662928099339,0.00010035336662816974,1.0472552191822761e-05,0.0027717638295143843,0.05024522275198251,89.20488135609776,134.61543598293792,0.13360771792940795,224.0147328559542,0.14284774752103746,12.018578944,2026-01-14T08:08:23.275231
26921,0.5332265171239735,0.006298951181888945,1.0467889934530812e-05,0.0038232747465372086,0.05003886017948389,91.21075293561444,139.18200717796572,0.13446230394765735,230.5893756489968,0.1387748239047683,12.015483904,2026-01-14T08:12:13.865260
26922,0.5333867414380132,0.006694464685796042,1.0463227820529024e-05,0.002924593980424106,0.05007069301791489,90.39788425900042,137.4180600171676,0.13233355397824198,228.01265504607,0.140343087507728,12.017493504,2026-01-14T08:16:01.878510
26923,0.5335469657520528,1.8982464204952976e-06,1.0458565851072847e-05,0.013066799961961806,0.049191296799108386,89.63042391417548,135.37234556488693,0.13477064296603203,225.20597942499444,0.14209214196578515,11.997553664,2026-01-14T08:19:47.085201
26924,0.5337071900660926,0.001045619659461039,1.0453904027417683e-05,0.0028930093394592404,0.05398438684642315,89.8543296501739,135.7760266828118,0.13515823998022825,225.82931831502356,0.1416999362118305,11.997559808,2026-01-14T08:23:32.915244
26925,0.5338674143801322,0.009561599281735056,1.0449242350818902e-05,0.00365881877951324,0.052213955321349204,90.0860514139058,136.62392576620914,0.13441747007891536,226.90827257896308,0.14102614962556792,12.033839104,2026-01-14T08:27:19.824202
26926,0.5340276386941718,0.007744409697487242,1.0444580822531825e-05,0.002841535140760243,0.05115048901643604,90.97408447170164,138.50034256710205,0.1345662489766255,229.66940458107274,0.13933070475089807,11.996875776,2026-01-14T08:31:09.494297
26927,0.5341878630082115,0.0027597497129807635,1.0439919443811749e-05,0.0034445939818397164,0.04823309404309839,90.909612178104,138.1570112319896,0.13489162700716406,229.26104980590753,0.13957887755940754,12.014492672,2026-01-14T08:34:58.755972
26928,0.5343480873222511,0.00010182503077427185,1.0435258215913916e-05,0.0028320150449872017,0.04531199694611132,91.20640779379755,138.91877438221127,0.1329261469654739,230.31773529399652,0.13893849711205508,12.020005376,2026-01-14T08:38:49.074610
26929,0.5345083116362908,2.106739120044665e-06,1.0430597140093534e-05,0.004340296960435808,0.05582420574501157,91.19214394618757,138.80122049490456,0.13527327799238265,230.1969684860669,0.13901138755411915,12.010940416,2026-01-14T08:42:39.272189
26930,0.5346685359503305,0.016606524924513977,1.0425936217605769e-05,0.0028493760619312525,0.050429620081558824,91.11364656791557,138.5144369219197,0.13439060898963362,229.82473796093836,0.13923653425611132,11.996530176,2026-01-14T08:46:29.097567
26931,0.5348287602643701,0.01065947870716677,1.0421275449705743e-05,0.0040857819840312,0.048531499109230936,92.30434305476956,141.6545758250868,0.13392539590131491,234.15314686403144,0.13666269460210087,12.019649024,2026-01-14T08:50:23.251622
26932,0.5349889845784098,0.014330379151550332,1.0416614837648543e-05,0.0028613131726160645,0.05071472795680165,89.68897076696157,135.8082464869367,0.13496425200719386,225.69596776401158,0.14178365841900772,11.997367296,2026-01-14T08:54:08.948196
26933,0.5351492088924494,0.0061954386117299975,1.0411954382689206e-05,0.0033822429832071066,0.04700161889195442,90.06132446078118,136.6578754882794,0.13435818790458143,226.91273867501877,0.14102337394918119,12.03061504,2026-01-14T08:57:55.861605
26934,0.535309433206489,0.004517216628019405,1.040729408608273e-05,0.003247185959480703,0.0520766576519236,90.74223002768122,137.85250960383564,0.13469124492257833,228.79183552891482,0.13986513079028043,11.997704192,2026-01-14T09:01:44.654065
26935,0.5354696575205288,0.008983831713867296,1.0402633949084078e-05,0.002842626185156405,0.044962058076635,90.47886354336515,137.3290532937972,0.13380376901477575,227.99571793200448,0.1403535131723106,12.013839872,2026-01-14T09:05:32.650398
26936,0.5356298818345684,0.026282010547645562,1.0397973972948156e-05,0.003710879245772958,0.04669826908502728,90.32933741691522,137.26920446299482,0.1334460419602692,227.790206362959,0.14048013964661618,12.032663552,2026-01-14T09:09:20.441213
26937,0.535790106148608,0.02499578322661833,1.0393314158929835e-05,0.003032789914868772,0.049866135232150555,90.65493212686852,137.68979791807942,0.13366633898112923,228.53901150007732,0.14001985827259594,12.027461632,2026-01-14T09:13:08.980834
26938,0.5359503304626477,1.4160690517073249e-05,1.0388654508283941e-05,0.003655232023447752,0.05699865473434329,92.53399721137248,141.8729083207436,0.13435060693882406,234.60927639401052,0.1363969937244005,12.015111168,2026-01-14T09:17:03.590772
26939,0.5361105547766873,0.013756752464169963,1.0383995022265258e-05,0.003518944839015603,0.05688369716517627,89.57414279168006,135.40423940913752,0.133367805974558,225.18061223998666,0.14210814901726948,12.024047104,2026-01-14T09:20:48.772137
26940,0.5362707790907271,0.039244088758274565,1.037933570212852e-05,0.004191990126855671,0.054583616089075804,90.56085392064415,137.3921097922139,0.1342415940016508,228.15313955803867,0.14025667173367865,12.022130688,2026-01-14T09:24:36.926096
26941,0.5364310034047667,0.0038405309886471173,1.0374676549128422e-05,0.0030627339147031307,0.05013027391396463,90.0701315497281,136.44289812608622,0.1339517820160836,226.70968841796275,0.14114968011867535,12.023869952,2026-01-14T09:28:23.636530
26942,0.5365912277188063,1.3966764234041307e-06,1.0370017564519613e-05,0.002740476978942752,0.04546521615702659,90.40376166079659,137.08088921417948,0.13296013907529414,227.67402963002678,0.14055182337660738,12.022467584,2026-01-14T09:32:11.311468
26943,0.536751452032846,0.021566424483117075,1.0365358749556693e-05,0.013324308209121227,0.04731177433859557,91.69730370678008,139.7168418210931,0.13543286104686558,231.61780965898652,0.13815863316864085,12.011908608,2026-01-14T09:36:02.930212
26944,0.5369116763468856,0.0053046638183245065,1.036070010549422e-05,0.0035041160881519318,0.051699269097298384,90.24206986511126,136.7596510485746,0.13413919392041862,227.19934378901962,0.14084547721984458,12.0135936,2026-01-14T09:39:50.130153
26945,0.5370719006609252,0.028921067347365437,1.0356041633586705e-05,0.002982829697430134,0.051159684313461185,90.78328609874006,138.47866471414454,0.13431982195470482,229.45678522298113,0.13945981143640226,12.0180608,2026-01-14T09:43:39.587540
26946,0.537232124974965,0.004244573689281772,1.0351383335088613e-05,0.003107373951934278,0.05376554781105369,91.11279320239555,138.82350666681305,0.1342949290992692,230.13395312603097,0.13904945170118146,12.012148224,2026-01-14T09:47:29.722114
26947,0.5373923492890046,8.563775339354152e-05,1.0346725211254363e-05,0.0027291468577459455,0.05076253938023001,89.74844658805523,135.33725158881862,0.13342893205117434,225.28017739008646,0.14204534269604216,12.012685824,2026-01-14T09:51:15.002887
26948,0.5375525736030443,0.006473168821667485,1.0342067263338322e-05,0.0028055961010977626,0.04979745263699442,90.25512908422388,137.034547260846,0.13365776394493878,227.48423951806035,0.14066908576960765,11.997615104,2026-01-14T09:55:02.487738
26949,0.5377127979170839,0.03249470695651979,1.0337409492594821e-05,0.002955201198346913,0.05043107504025102,91.61310724099167,139.99289974500425,0.13558195799123496,231.80220642196946,0.13804872910375862,11.996621824,2026-01-14T09:58:54.290558
26950,0.5378730222311235,0.021417679981091453,1.0332751900278126e-05,0.0028265098808333278,0.047353913192637265,89.78268652013503,135.68067188968416,0.13282507203985006,225.653346369043,0.1418104385106962,11.996911616,2026-01-14T10:02:39.944513
26951,0.5380332465451633,0.0034145982278870335,1.0328094487642469e-05,0.003412881982512772,0.0539902028394863,90.55149129824713,137.6260716727702,0.13329757296014577,228.37846534396522,0.14011828983877347,12.015696896,2026-01-14T10:06:28.323745
26952,0.5381934708592029,0.006198139127444158,1.0323437255942031e-05,0.003147263894788921,0.04800532618537545,90.50738191511482,137.80563525808975,0.13480426999740303,228.50647728797048,0.14003979396904653,11.996607488,2026-01-14T10:10:16.831018
26953,0.5383536951732425,0.011878571915927338,1.031878020643094e-05,0.003330893930979073,0.05211981281172484,89.48959323111922,135.22044839989394,0.133243095013313,224.90728477400262,0.14228085156136716,12.005410816,2026-01-14T10:14:01.739066
26954,0.5385139194872822,2.884641648215336e-06,1.031412334036328e-05,0.003160136635415256,0.04955772391986102,115.37026225100271,136.88390880299266,0.1349669669289142,252.44856272195466,0.12675849549297932,12.022047744,2026-01-14T10:18:14.188356
26955,0.5386741438013218,0.007138537163584147,1.0309466658993077e-05,0.0031727448804304004,0.04476007213816047,91.85653765115421,140.0163121150108,0.13355128606781363,232.06351809494663,0.1378932813856054,12.024396288,2026-01-14T10:22:06.252490
26956,0.5388343681153615,0.009856560571964934,1.0304810163574321e-05,0.002918468206189573,0.05240116303320974,92.25385862099938,141.49026343296282,0.13518945197574794,233.9419945939444,0.13678604414544185,12.034296832,2026-01-14T10:26:00.195140
26957,0.5389945924294012,0.012512659663000747,1.030015385536094e-05,0.0030263561056926847,0.05164633132517338,90.07742494007107,136.61994408385362,0.1334970040479675,226.89341861801222,0.14103538214069486,12.00977664,2026-01-14T10:29:47.089205
26958,0.5391548167434408,1.435289783291438e-05,1.0295497735606819e-05,0.0027436958625912666,0.05018980707973242,88.86857708881143,133.92436017212458,0.13267307705245912,222.98841391899623,0.14350521373556413,12.021184512,2026-01-14T10:33:30.078482
26959,0.5393150410574805,0.025679731446913046,1.0290841805565784e-05,0.002830368815921247,0.050832810113206506,91.03362911415752,138.53756298997905,0.13264825590886176,229.76680935092736,0.1392716384511645,12.016184832,2026-01-14T10:37:19.846017
26960,0.5394752653715201,0.024758994313401672,1.0286186066491624e-05,0.0030888660112395883,0.05601704108994454,89.7484995337436,135.89797270100098,0.1327522899955511,225.84766896499787,0.14168842276144722,12.01709568,2026-01-14T10:41:05.694288
26961,0.5396354896855597,0.029092470253886837,1.0281530519638059e-05,0.003160900087095797,0.05483731615822762,91.79590889415704,140.21011458477005,0.13468613394070417,232.20714336202946,0.13780799133345115,12.014270464,2026-01-14T10:44:57.902040
26962,0.5397957139995995,0.006678589949590474,1.0276875166258769e-05,0.0033684030640870333,0.0508376118959859,90.95730740495492,138.6121683444362,0.13493086490780115,229.7650661689695,0.1392726950774456,11.996655104,2026-01-14T10:48:47.667781
26963,0.5399559383136391,0.02878016813534323,1.0272220007607377e-05,0.00282796414103359,0.04677651391830295,90.09539573674556,136.4157650603447,0.13410028803627938,226.70149200595915,0.14115478339753862,12.02214912,2026-01-14T10:52:34.370134
26964,0.5401161626276787,0.014193774059083175,1.0267565044937453e-05,0.0032317261211574078,0.05053271702490747,89.52165434404742,135.21271258965135,0.13513924193102866,224.92939562199172,0.14226686517122936,11.99754752,2026-01-14T10:56:19.300208
26965,0.5402763869417184,0.012121505970005941,1.0262910279502526e-05,0.003038379945792258,0.048222564277239144,90.22380471287761,136.66970732389018,0.13527617300860584,227.0866358759813,0.1409153818169914,11.997809664,2026-01-14T11:00:06.387483
26966,0.540436611255758,0.029443370972845884,1.0258255712556052e-05,0.0030832962365821004,0.052156784920953214,89.9687430690974,136.36210105475038,0.13407714990898967,226.5270215809578,0.1412635003836115,11.998413824,2026-01-14T11:03:52.915273
26967,0.5405968355697978,0.005580810518567958,1.0253601345351452e-05,0.003056685090996325,0.04914472857490182,89.51297474419698,135.38403535424732,0.13392626796849072,225.09316459996626,0.1421633573674711,12.00020736,2026-01-14T11:07:38.009331
26968,0.5407570598838374,0.015420037838318024,1.024894717914208e-05,0.00426221324596554,0.04984304087702185,89.94407054595649,135.9113671281375,0.1336450109956786,226.05197294300888,0.1415603658901384,11.997316096,2026-01-14T11:11:24.061938
26969,0.540917284197877,0.014450818998250625,1.0244293215181243e-05,0.0028300147969275713,0.05044679285492748,89.92606582201552,136.40240652184002,0.13361839193385094,226.52268617297523,0.1412662040196912,12.021946368,2026-01-14T11:15:10.585212
26970,0.5410775085119167,0.003218789020881019,1.023963945472219e-05,0.003023184137418866,0.04798202693928033,90.20904746907763,136.63991245883517,0.1328434320166707,227.04240153403953,0.1409428361565422,11.997899264,2026-01-14T11:18:57.628195
26971,0.5412377328259563,0.00027938204344302164,1.0234985899018122e-05,0.0028808610513806343,0.04607884958386421,90.47543471830431,137.3097762860125,0.13432571501471102,227.97581255203113,0.1403657679373184,12.022431744,2026-01-14T11:22:45.604782
26972,0.541397957139996,1.5369107329021858e-06,1.0230332549322174e-05,0.0030878501711413264,0.048950548050925136,91.4719450881239,139.37494667782448,0.13393086497671902,231.0392408480402,0.1385046102235383,12.028575232,2026-01-14T11:26:36.644954
26973,0.5415581814540357,7.623102126697034e-05,1.022567940688743e-05,0.0027899168198928237,0.050223181140609086,91.55732622893993,139.8240402059164,0.13430207001511008,231.5751507820096,0.13818408362010656,12.02931456,2026-01-14T11:30:28.220730
26974,0.5417184057680753,0.019854016951546427,1.0221026472966925e-05,0.004109106259420514,0.040937286452390254,91.26495315041393,139.10063856712077,0.13557297200895846,230.55295249202754,0.13879674779314116,12.020668928,2026-01-14T11:34:18.774275
26975,0.541878630082115,0.0047339507953534365,1.0216373748813631e-05,0.0029063138645142317,0.044492354267276824,89.8063902995782,136.1690990215866,0.13428474799729884,226.16342046495993,0.1414906085794623,12.018561536,2026-01-14T11:38:04.938382
26976,0.5420388543961546,0.015458019449437366,1.0211721235680463e-05,0.00259250879753381,0.05144555901642889,92.44781420379877,141.71398830227554,0.13387704698834568,234.35616681794636,0.1365443053387129,12.023952896,2026-01-14T11:41:59.295160
26977,0.5421990787101942,0.004259697593858469,1.020706893482028e-05,0.003331680316478014,0.054209865047596395,89.40501895407215,135.1188126920024,0.13438595307525247,224.7229845529655,0.1423975391910027,11.996875776,2026-01-14T11:45:44.018812
26978,0.542359303024234,0.01540668261412037,1.0202416847485886e-05,0.002796428045257926,0.05091342073865235,91.89352709590457,140.57355205225758,0.13434314203914255,232.66154951509088,0.1375388415777933,12.02351872,2026-01-14T11:49:36.681140
26979,0.5425195273382736,0.017883909729501823,1.0197764974930024e-05,0.002744561294093728,0.04811996500939131,91.53436669311486,139.39885052281898,0.13369707798119634,231.12556250300258,0.13845288099443473,11.996603392,2026-01-14T11:53:27.807604
26980,0.5426797516523132,0.006447240171032931,1.0193113318405385e-05,0.003459619008935988,0.04631980077829212,89.94432758435141,136.2728699509753,0.1337507279822603,226.4079389310209,0.14133780003955318,12.012948992,2026-01-14T11:57:14.216428
26981,0.5428399759663529,0.003485801891743634,1.0188461879164599e-05,0.0032004370586946607,0.0450047361664474,89.36685324797872,135.18679485679604,0.1342892610700801,224.744865334942,0.1423836756061578,12.016056832,2026-01-14T12:00:58.961908
26982,0.5430002002803925,0.013836995042206368,1.0183810658460235e-05,0.0027613115962594748,0.045811299351044,91.44073843478691,139.15846084721852,0.13434206100646406,230.7894344800152,0.13865452754411503,12.0130944,2026-01-14T12:04:49.751958
26983,0.5431604245944323,0.015985143291047166,1.0179159657544803e-05,0.00431142607703805,0.05527090490795672,92.13991718110628,140.98648716288153,0.13434249290730804,233.32706109294668,0.1371465437832463,12.02556928,2026-01-14T12:08:43.079653
26984,0.5433206489084719,0.002619200078733286,1.0174508877670757e-05,0.0030601341277360916,0.0439685630844906,89.76160329696722,135.86776657577138,0.13542181998491287,225.82053571892902,0.14170544719559647,11.997461504,2026-01-14T12:12:28.900813
26985,0.5434808732225115,0.009666457385261396,1.0169858320090489e-05,0.0029731239192187786,0.047986647230573,89.58012871816754,135.1910309010418,0.13505646295379847,224.96506520500407,0.142244307892158,11.997299712,2026-01-14T12:16:13.866460
26986,0.5436410975365512,0.019358228500838237,1.0165207986056334e-05,0.002734558889642358,0.051147022284567356,91.58392014470883,140.13461684121285,0.13459877402056009,231.9142199360067,0.13798205219511733,12.020476416,2026-01-14T12:20:05.781493
26987,0.5438013218505908,0.008161410061239494,1.016055787682057e-05,0.003142101224511862,0.05116756714414805,90.99896793300286,138.4838597617345,0.13429167901631445,229.6787787990179,0.1393250180418359,12.011060736,2026-01-14T12:23:55.460943
26988,0.5439615461646304,0.012886707610501702,1.0155907993635399e-05,0.003041441203095019,0.055253650061786175,90.04015684919432,136.7834521777695,0.13378431496676058,227.02201171999332,0.14095549483311107,11.997799424,2026-01-14T12:27:42.483808
26989,0.5441217704786702,0.0027753709554971806,1.0151258337752979e-05,0.0028633459005504847,0.04958831495605409,90.29522273293696,136.81468094105367,0.13302722899243236,227.30253579106648,0.14078153544848257,11.996850688,2026-01-14T12:31:29.786974
26990,0.5442819947927098,7.100740917032056e-06,1.0146608910425398e-05,0.0033128055511042476,0.053918627090752125,89.27855384792201,134.94879114604555,0.13441159308422357,224.42674444708973,0.14258550191438632,12.017580544,2026-01-14T12:35:14.214313
26991,0.5444422191067495,0.00441101824797574,1.0141959712904687e-05,0.0035332725383341312,0.04985111695714295,90.50180807197466,137.6392445481615,0.1348702700342983,228.33767311100382,0.14014332179186023,12.01284864,2026-01-14T12:39:02.552783
26992,0.5446024434207891,0.01737320971918077,1.0137310746442814e-05,0.003415691084228456,0.05193651607260108,91.44756297604181,139.62985805573408,0.13428466208279133,231.27414537000004,0.13836393146672465,12.016436224,2026-01-14T12:42:53.827578
26993,0.5447626677348287,0.0038464344188886557,1.0132662012291683e-05,0.0029393089935183525,0.048757705138996243,91.6327061773045,139.70605962444097,0.13507543597370386,231.53303964307997,0.13820921648733,12.020906496,2026-01-14T12:46:45.361491
26994,0.5449228920488685,0.00465397008705537,1.0128013511703135e-05,0.0034328767796978354,0.05547850800212473,90.1790669457987,136.76620792399626,0.1342056340072304,227.1445760950446,0.14087943700936167,12.02191872,2026-01-14T12:50:32.506787
26995,0.5450831163629081,0.007057240474733106,1.0123365245928945e-05,0.003794468124397099,0.05315346899442375,89.97295557882171,136.08059206686448,0.13485087896697223,226.2520472110482,0.14143518431968202,12.014973952,2026-01-14T12:54:18.759439
26996,0.5452433406769477,0.0038744873537996938,1.0118717216220838e-05,0.004056675243191421,0.053246806375682354,88.70689857075922,133.65811302431393,0.13467150402721018,222.56627616204787,0.14377739768940187,11.996829696,2026-01-14T12:58:01.326690
26997,0.5454035649909874,0.003920356060844732,1.0114069423830462e-05,0.003658000845462084,0.04616804083343595,90.9701176508097,138.398804187309,0.13352974993176758,229.55947486695368,0.1393974263904651,12.012688896,2026-01-14T13:01:50.886793
26998,0.545563789305027,0.018932961136400195,1.0109421870009406e-05,0.0034463537158444524,0.05206965864636004,89.90338008350227,135.81006671267096,0.13362204504664987,225.91245773492847,0.141647788355022,12.011949568,2026-01-14T13:05:36.799848
26999,0.5457240136190666,0.003908234566848634,1.0104774556009195e-05,0.004098023986443877,0.053417874965816736,90.61013163300231,137.6032162553165,0.1347451750189066,228.41269692999776,0.1400972906939894,11.997912064,2026-01-14T13:09:25.213227
27000,0.5458842379331064,0.011248867808022922,1.010012748308129e-05,0.0028976958710700274,0.050075765582732856,91.2531441411702,139.14017782814335,0.13432114501483738,230.58772153803147,0.1387758193999161,11.996708864,2026-01-14T13:13:15.801714
27001,0.546044462247146,0.0039855473378755946,1.0095480652477083e-05,0.005802305066026747,0.04746871173847467,89.48307832120918,135.64809819112998,0.13375295500736684,1570.1001108218916,0.020380866022134816,12.009261056,2026-01-14T13:39:25.912868
27002,0.5462046865611857,0.008909592446255665,1.0090834065447903e-05,0.0029203639132902026,0.04530847177375108,90.46227338397875,137.7262709250208,0.13470730697736144,228.3777076229453,0.1401187547290405,12.012850688,2026-01-14T13:43:14.293912
27003,0.5463649108752253,0.019913083091223527,1.0086187723245018e-05,0.0030074059031903744,0.045379012008197606,89.49790395796299,135.61974862683564,0.13333661702927202,225.3062307370128,0.1420289172444227,12.013074944,2026-01-14T13:46:59.600798
27004,0.5465251351892649,0.005331730777368371,1.0081541627119627e-05,0.003967119962908328,0.04877614916767925,92.28174827422481,141.14649635192472,0.13430540799163282,233.62450284603983,0.13697193406587246,12.02005248,2026-01-14T13:50:53.225952
27005,0.5466853595033047,0.0036855987827930647,1.0076895778322856e-05,0.002901831059716642,0.05103187297936529,90.04533433599863,136.60171550500672,0.13390793092548847,226.8445014989702,0.14106579524099802,12.02030848,2026-01-14T13:54:40.081252
27006,0.5468455838173443,0.0009273384309862465,1.0072250178105775e-05,0.0033254302106797695,0.05212561727967113,91.02284299395978,138.36239669611678,0.13321808294858783,229.58048297802452,0.1393846706170709,12.015535104,2026-01-14T13:58:29.662463
27007,0.5470058081313839,0.026581707546132094,1.0067604827719382e-05,0.0030702941585332155,0.05725428613368422,93.51899759692606,143.96960841398686,0.13317396701313555,237.6894677609671,0.13462944025850093,12.013560832,2026-01-14T14:02:27.352706
27008,0.5471660324454236,0.004530652196111262,1.0062959728414605e-05,0.0032174440566450357,0.04793607187457383,91.39549122191966,139.45300033898093,0.13328124198596925,231.04121210298035,0.1385034284954187,12.00960256,2026-01-14T14:06:18.394569
27009,0.5473262567594632,8.179017067355687e-05,1.0058314881442312e-05,0.003310325904749334,0.045291027054190636,88.22190931602381,132.46909572090954,0.134067427017726,220.8813128080219,0.1448741842086599,11.998092288,2026-01-14T14:09:59.276480
27010,0.547486481073503,0.03448319685248613,1.0053670288053293e-05,0.00293259194586426,0.04365254973527044,88.2086772241164,132.77248380996753,0.13421070005279034,221.16907895496115,0.1446856864042757,11.997800448,2026-01-14T14:13:40.446343
27011,0.5476467053875426,2.2199389375643364e-06,1.0049025949498275e-05,0.0027970840455964208,0.04680717352312058,87.82066431024577,131.35788573662285,0.13433213101234287,219.36915688810404,0.1458728312308853,12.010905088,2026-01-14T14:17:19.816109
27012,0.5478069297015822,0.006057760383578525,1.0044381867027925e-05,0.0028787368210032582,0.04703103797510266,90.52380874403752,137.7448895649286,0.1343439919874072,228.46020238299388,0.1400681592076801,12.01808128,2026-01-14T14:21:08.276943
27013,0.5479671540156219,0.028970292422805244,1.0039738041892825e-05,0.0028265919536352158,0.05235884396824986,89.83856591931544,135.38402909075376,0.13385571690741926,225.41876981698442,0.141958010089313,12.025546752,2026-01-14T14:24:53.696325
27014,0.5481273783296615,0.013696314439076485,1.0035094475343498e-05,0.0027262098155915737,0.05315517482813448,90.44206045207102,137.19548882206436,0.1336493369890377,227.83468067704234,0.14045271731637854,12.024328704,2026-01-14T14:28:41.531645
27015,0.5482876026437011,0.005257567657888096,1.0030451168630396e-05,0.002797888941131532,0.05099136708304286,91.98693523381371,140.6364289460471,0.13476494094356894,232.81918859202415,0.13744571567970942,12.017674752,2026-01-14T14:32:34.351481
27016,0.5484478269577409,0.008061228458765779,1.0025808123003899e-05,0.0028660009847953916,0.05660689028445631,89.41494651674293,134.88386449986137,0.13538647396489978,224.50270267296582,0.14253725954744764,12.02091264,2026-01-14T14:36:18.854848
27017,0.5486080512717805,0.030306467179193497,1.0021165339714316e-05,0.0027333759935572743,0.046538976253941655,91.54400055494625,139.72386083588935,0.13413120794575661,231.4597508260049,0.1382529786963062,12.015514624,2026-01-14T14:40:10.315305
27018,0.5487682755858202,0.0050058299559223585,1.0016522820011883e-05,0.003633784013800323,0.04726976912934333,90.1616739993915,136.68364733457565,0.13230243208818138,227.03792510100175,0.14094561508067097,12.0151296,2026-01-14T14:43:57.354102
27019,0.5489284998998598,1.4237475333800376e-05,1.0011880565146776e-05,0.003029076033271849,0.05134062538854778,89.56079385010526,135.35432302067056,0.1334255279507488,225.11109350505285,0.14215203480978927,12.017938944,2026-01-14T14:47:42.465981
27020,0.5490887242138994,0.0010212772154014615,1.000723857636909e-05,0.0031220869859680533,0.05220501869916916,88.32649282109924,132.2369246397866,0.1353042860282585,220.7609511410119,0.14495317144905703,11.99755264,2026-01-14T14:51:23.227645
27021,0.5492489485279392,0.005109687505558291,1.000259685492885e-05,0.003081131959334016,0.04617092199623585,91.77735438558739,140.40710176422726,0.1338086350588128,232.37731984700076,0.13770707064299165,12.017710592,2026-01-14T14:55:15.605567
27022,0.5494091728419788,0.00973995817263873,9.997955402076012e-06,0.0037635189946740866,0.04897906968835741,91.39791198214516,139.22455450880807,0.13442845700774342,230.8171466079075,0.1386378805486183,12.016338432,2026-01-14T14:59:06.423321
27023,0.5495693971560184,0.026269722390660277,9.993314219060453e-06,0.0030156441498547792,0.045792330987751484,89.52721109299455,135.3929536070209,0.1335390080930665,225.11021781596355,0.14215258778773543,11.9965824,2026-01-14T15:02:51.534148
27024,0.5497296214700581,0.015513672173748994,9.988673307131986e-06,0.0031017570290714502,0.04945793503429741,91.0218084838707,138.64373704313766,0.13466767396312207,229.86014179198537,0.1392150885774654,11.997387776,2026-01-14T15:06:41.394894
27025,0.5498898457840977,0.008640657252479755,9.984032667540346e-06,0.003424114780500531,0.04827371786814183,91.03437186637893,138.29019292478915,0.13330345100257546,229.51697113295086,0.1394232410877519,12.011418624,2026-01-14T15:10:30.912480
27026,0.5500500700981374,0.03154269879951199,9.979392301535197e-06,0.0028745741583406925,0.04849079414270818,90.16982685378753,136.7198455450125,0.13341441203374416,227.08152113098186,0.14091855577073675,12.015735808,2026-01-14T15:14:17.994631
27027,0.5502102944121771,0.014376341756255684,9.974752210366125e-06,0.0026834856253117323,0.05492763302754611,90.44610150891822,137.21565124893095,0.1347871309844777,227.86111522302963,0.14043642316363858,12.014660608,2026-01-14T15:18:05.856355
27028,0.5503705187262167,0.005664651697430578,9.970112395282647e-06,0.003763619577512145,0.04554168682079762,89.55298299307469,135.4958852562122,0.13363673095591366,225.24003361095674,0.14207065896319138,11.997871104,2026-01-14T15:21:51.097017
27029,0.5505307430402564,0.03600834871690228,9.965472857534199e-06,0.003030780120752752,0.047085232101380825,91.64652156992815,140.18926107010338,0.1334405019879341,232.0254600190092,0.1379158993904304,12.0221184,2026-01-14T15:25:43.123110
27030,0.550690967354296,0.0017294876785829416,9.96083359837015e-06,0.0035967541625723243,0.05140834487974644,91.11651913274545,139.04306779499166,0.13444786600302905,230.3555097489152,0.13891571351985296,12.033733632,2026-01-14T15:29:33.479240
27031,0.5508511916683356,5.228918160682383e-07,9.956194619039794e-06,0.0025567800039425492,0.05161913996562362,90.00574312102981,136.32596127898432,0.13553891191259027,226.52775369794108,0.14126304383289723,12.013725696,2026-01-14T15:33:20.007604
27032,0.5510114159823754,2.526267555147399e-06,9.95155592079234e-06,0.003016112372279167,0.05124580021947622,90.50885305076372,137.7308545242995,0.13456104800570756,228.4348800079897,0.14008368598911328,12.0155904,2026-01-14T15:37:08.443138
27033,0.551171640296415,0.01294874485759756,9.94691750487693e-06,0.0035275869304314256,0.05071960831992328,90.26434895186685,136.96046399790794,0.1315575659973547,227.42116885597352,0.14070809749582147,12.015169536,2026-01-14T15:40:55.864937
27034,0.5513318646104547,0.0015657415294114685,9.942279372542631e-06,0.0033859509276226163,0.04942195629701018,89.89468293986283,135.79587902699132,0.13421329797711223,225.88404431100935,0.14166560589795654,11.997715456,2026-01-14T15:44:41.749688
27035,0.5514920889244943,0.0033560229054945268,9.937641525038427e-06,0.003063487121835351,0.04624355584383011,90.62346956902184,137.9310106820194,0.13432629499584436,228.7453599961009,0.13989354800703044,12.01163776,2026-01-14T15:48:30.495817
27036,0.5516523132385339,0.0028312261334351163,9.933003963613232e-06,0.0027552169049158692,0.05203793675173074,91.45027448493056,139.9204556599725,0.13341166800819337,231.56827573501505,0.13818818617718512,12.017891328,2026-01-14T15:52:22.064710
27037,0.5518125375525736,0.009211001299808785,9.928366689515876e-06,0.003062848816625774,0.05600255401805043,91.07121584098786,139.06123305403162,0.1346114189364016,230.33295165596064,0.13892931849281015,12.009608192,2026-01-14T15:56:12.398473
27038,0.5519727618666133,1.9704035823409072e-05,9.923729703995117e-06,0.0032118208473548293,0.05082473193760961,90.34182806184981,136.55520154815167,0.1340562899131328,227.09145337401424,0.14091239245052856,11.996696064,2026-01-14T15:59:59.490583
27039,0.5521329861806529,0.0008750193092987857,9.91909300829963e-06,0.002794428146444261,0.04873401403892785,92.06341931410134,141.13544029498007,0.13321260793600231,233.3919628469739,0.1371084060035999,12.011396608,2026-01-14T16:03:52.883200
27040,0.5522932104946926,0.030755046930752705,9.914456603678021e-06,0.0035238659474998713,0.04742059204727411,92.02394786512014,140.71555019484367,0.13374143501278013,232.9319608649239,0.13737917236079356,12.013301248,2026-01-14T16:07:45.816033
27041,0.5524534348087322,0.004887229155774442,9.909820491378808e-06,0.003161149099469185,0.048331265919841826,91.93636309786234,140.1158102642512,0.13306531601119787,232.24407391506247,0.13778607764047063,12.03239424,2026-01-14T16:11:38.060854
27042,0.5526136591227718,0.03090405368840443,9.90518467265044e-06,0.0035241879522800446,0.051882667699828744,91.96930176811293,140.47093255829532,0.13231729296967387,232.63822482002433,0.13755263145064026,12.013136896,2026-01-14T16:15:30.699647
27043,0.5527738834368116,0.02010012695350838,9.900549148741274e-06,0.003204726963303983,0.05057359708007425,90.5751987521071,137.92944036691915,0.1353431330062449,228.7011665350292,0.13992058057604484,11.997032448,2026-01-14T16:19:19.401541
27044,0.5529341077508512,0.009279431291916662,9.8959139208996e-06,0.0031927669188007712,0.05065600201487541,89.9412171629956,136.32010981999338,0.13546136592049152,226.45821206399705,0.14130642341624072,11.997509632,2026-01-14T16:23:05.860375
27045,0.5530943320648909,0.0005125531398473271,9.89127899037362e-06,0.0032811708515509963,0.048099563107825816,89.28405553603079,134.85417068295646,0.13546046696137637,224.33297841798048,0.14264509937712827,11.997600768,2026-01-14T16:26:50.193988
27046,0.5532545563789305,0.02216420142752007,9.886644358411463e-06,0.002595048863440752,0.048714307020418346,90.47362509579398,137.51294832094572,0.13355745503213257,228.17745240405202,0.1402417270543237,12.021860352,2026-01-14T16:30:38.372332
27047,0.5534147806929701,0.026437778079573704,9.882010026261168e-06,0.0029680889565497637,0.04597448220010847,89.49154460581485,135.2706105504185,0.1322210900252685,224.95162494305987,0.14225280661164325,11.997579776,2026-01-14T16:34:23.324581
27048,0.5535750050070098,0.01122973667611582,9.877375995170708e-06,0.0035539258969947696,0.05451841629110277,89.2823927240679,134.45103146287147,0.13390402402728796,223.9350693289889,0.14289856473077897,12.016319488,2026-01-14T16:38:07.260308
27049,0.5537352293210495,0.012266181106585172,9.872742266387955e-06,0.0027158050797879696,0.04845597967505455,88.50770531012677,132.86558491713367,0.13455473200883716,221.5664080629358,0.14442622543626027,12.01471488,2026-01-14T16:41:48.827333
27050,0.5538954536350891,0.018806501888582794,9.868108841160718e-06,0.0029965542489662766,0.04605976480524987,90.26202451623976,137.14607644779608,0.1324331130599603,227.59833246294875,0.1405985696543245,11.996788224,2026-01-14T16:45:36.426308
27051,0.5540556779491288,0.023296095667515004,9.863475720736716e-06,0.0036160050658509135,0.05204361386131495,89.74434624798596,136.0262041889364,0.13386308203916997,225.96682339394465,0.14161370912495433,11.997682688,2026-01-14T16:49:22.393773
27052,0.5542159022631684,0.016584203235112227,9.858842906363583e-06,0.003009242005646229,0.05277429800480604,89.70881005597766,135.65856168605387,0.13470421999227256,225.5651249079965,0.14186590242198194,11.997705216,2026-01-14T16:53:07.959694
27053,0.5543761265772081,0.002291232815944344,9.85421039928888e-06,0.0031823599711060524,0.05043532722629607,90.24617454002146,136.6867320399033,0.13363096595276147,227.12730259005912,0.14089015118431902,12.015463424,2026-01-14T16:56:55.087682
27054,0.5545363508912478,0.011853861794201226,9.849578200760074e-06,0.0035012387670576572,0.0514953798847273,91.83611816028133,140.31401087762788,0.13330717897042632,232.34747258201241,0.13772476043915158,12.019308032,2026-01-14T17:00:47.435771
27055,0.5546965752052874,0.010892025224019442,9.844946312024556e-06,0.003026491613127291,0.04698498372454196,90.50189622025937,137.2075457511237,0.13343045907095075,227.90323202498257,0.14041047033721832,12.011419136,2026-01-14T17:04:35.339660
27056,0.5548567995193271,1.3912823978445843e-05,9.84031473432963e-06,0.0029819239862263203,0.05066217156127095,89.45113434304949,135.17889808828477,0.13388060999568552,224.82586869806983,0.1423323756527966,11.997668352,2026-01-14T17:08:20.166129
27057,0.5550170238333667,0.010480263085635322,9.835683468922523e-06,0.0028033492853865027,0.047080138814635575,91.61855961498804,139.6260498277843,0.1336791981011629,231.43461026495788,0.13826799700945683,12.014969856,2026-01-14T17:12:11.601345
27058,0.5551772481474063,0.001157521742444434,9.831052517050372e-06,0.003095189924351871,0.04801839007996023,90.20431211928371,136.94441698188893,0.1341330410214141,227.34042861894704,0.14075807015230132,12.011611648,2026-01-14T17:15:58.942529
27059,0.555337472461446,0.020757558871995485,9.82642187996023e-06,0.0033787922002375126,0.051155734225176275,90.53596119699068,137.4550733830547,0.13297204591799527,228.18916377506685,0.1402345294167579,11.99743488,2026-01-14T17:19:47.132360
27060,0.5554976967754857,0.002219009844584008,9.821791558899068e-06,0.003958715125918388,0.04830964014399797,88.70492497493979,133.58241891895887,0.13534702896140516,222.48376889294013,0.14383071699670144,12.02255872,2026-01-14T17:23:29.616820
27061,0.5556579210895254,0.014189072249346069,9.817161555113763e-06,0.0036679800832644105,0.04796695802360773,91.1062347771367,139.05934572103433,0.13178473094012588,230.36153888108674,0.13891207775147954,12.015565824,2026-01-14T17:27:19.979315
27062,0.555818145403565,0.0039027470910806272,9.81253186985112e-06,0.003232355462387204,0.04992875817697495,89.67165956110694,135.60355348396115,0.13458543503656983,225.46918541903142,0.14192626784244788,12.022365696,2026-01-14T17:31:05.449170
27063,0.5559783697176046,0.0015231708978806768,9.807902504357847e-06,0.0031054228311404586,0.04636564012616873,90.19070886890404,136.7466504900949,0.13461249903775752,227.1288015160244,0.14088922138631693,11.996806656,2026-01-14T17:34:52.578596
27064,0.5561385940316443,0.03273163719094363,9.803273459880578e-06,0.0033436929807066917,0.045675576315261424,91.54810310795438,139.9230356280459,0.1325110780308023,231.66283679404296,0.138131779973191,12.0153344,2026-01-14T17:38:44.242014
27065,0.556298818345684,0.0034641973857443276,9.798644737665847e-06,0.0027685852255672216,0.05150045291520655,90.47226252814289,137.01379098498728,0.13558408594690263,227.6822827119613,0.14054672862043857,12.023489024,2026-01-14T17:42:31.924943
27066,0.5564590426597236,0.054230397576507494,9.79401633896011e-06,0.003074218868277967,0.044326764065772295,91.34762695990503,138.73364041093737,0.1339211850427091,230.27001876791473,0.1389672879310105,12.028943872,2026-01-14T17:46:22.195888
27067,0.5566192669737633,0.0007356543072756239,9.78938826500973e-06,0.002768646227195859,0.04754273674916476,90.8692954640137,138.2848448860459,0.13269346591550857,229.3460073809838,0.13952717278763177,12.017086464,2026-01-14T17:50:11.542588
27068,0.5567794912878029,0.014499367776897643,9.784760517060989e-06,0.0032901151571422815,0.04731311276555061,91.64286624721717,139.98605411301833,0.13441236701328307,231.8211042160401,0.13803747552758772,12.014369792,2026-01-14T17:54:03.364294
27069,0.5569397156018426,0.018698395705217585,9.780133096360076e-06,0.003828739747405052,0.04604182695038617,90.03953318693675,136.38183506019413,0.1345872840611264,226.61220927804243,0.14121039683584533,12.016406528,2026-01-14T17:57:49.977184
27070,0.5570999399158822,0.04643808840616259,9.775506004153095e-06,0.0030304855899885297,0.04951653385069221,91.10083701624535,139.04373813967686,0.13470318401232362,230.3397866769228,0.13892519595359165,12.012977664,2026-01-14T18:01:40.317632
27071,0.5572601642299219,0.004107391198619581,9.770879241686056e-06,0.003576558898203075,0.05334765987936407,92.47101255808957,141.48612772789784,0.13386672595515847,234.1541635079775,0.1366621012438661,12.035846656,2026-01-14T18:05:34.472599
27072,0.5574203885439616,0.007422041452472605,9.766252810204894e-06,0.0029654710087925196,0.052637560991570354,88.7785864151083,133.78356560808606,0.1337421900825575,222.75908440793864,0.14365295173057188,12.008351744,2026-01-14T18:09:17.232274
27073,0.5575806128580012,0.016842572432711478,9.761626710955437e-06,0.0031949449330568314,0.050157333142124116,90.69994405109901,138.05636899603996,0.13446522504091263,228.95310300204437,0.13976661412496455,12.021065728,2026-01-14T18:13:06.186092
27074,0.5577408371720408,0.024009506998113217,9.757000945183434e-06,0.0031043519265949726,0.0489649340743199,89.79472493613139,135.47986871981993,0.13431527698412538,225.46844251302537,0.14192673548162446,12.019821056,2026-01-14T18:16:51.665749
27075,0.5579010614860805,0.01678199024704341,9.752375514134545e-06,0.003057178924791515,0.049150064936839044,91.43363284715451,139.30871875910088,0.13392908603418618,230.93650236690883,0.13856622782464606,11.997611008,2026-01-14T18:20:42.603128
27076,0.5580612858001202,0.023072388939728405,9.747750419054336e-06,0.0028023398481309414,0.04969108116347343,90.45567406038754,137.67473804869223,0.13549295393750072,228.3245554139139,0.14015137330275054,12.007546368,2026-01-14T18:24:30.928277
27077,0.5582215101141598,0.008171129740818017,9.743125661188284e-06,0.002822295995429158,0.05366718606092036,90.81985053559765,138.3087094842922,0.13405956397764385,229.32550328597426,0.1395396479740644,12.014806016,2026-01-14T18:28:20.254377
27078,0.5583817344281995,1.0450429418717988e-05,9.738501241781768e-06,0.0027020846027880907,0.04606865986716002,90.61644317803439,137.56557867804077,0.13377964799292386,228.37274294893723,0.14012180081908904,12.01095168,2026-01-14T18:32:08.627718
27079,0.5585419587422391,0.01683432663793294,9.733877162080092e-06,0.0030995039269328117,0.048161209910176694,89.9952801411273,136.55297762225382,0.13429047097451985,226.74063768004999,0.14113041370711268,12.010949632,2026-01-14T18:35:55.369006
27080,0.5587021830562788,8.530855959421046e-07,9.729253423328456e-06,0.0025518416659906507,0.049592060153372586,89.94066040264443,136.2656026360346,0.1337964910781011,226.39892670302652,0.14134342625208313,11.997514752,2026-01-14T18:39:41.768534
27081,0.5588624073703184,3.174798867089379e-05,9.724630026771971e-06,0.003015256836079061,0.04947045911103487,91.38422385416925,139.36430928495247,0.134067228063941,230.94378337904345,0.13856185921869582,11.997479936,2026-01-14T18:43:32.713064
27082,0.5590226316843581,0.02602698664338643,9.720006973655653e-06,0.0027020929846912622,0.05018880998250097,89.34824792423751,134.79984847002197,0.13432371895760298,224.34354687097948,0.14263837960270495,12.012571136,2026-01-14T18:47:17.057357
27083,0.5591828559983978,0.0006543772999991759,9.715384265224432e-06,0.0030975780682638288,0.05183371005114168,89.90376866876613,136.4450465340633,0.13379730901215225,226.54449186089914,0.14125260666080708,12.011559424,2026-01-14T18:51:03.602438
27084,0.5593430803124374,0.02073980324546376,9.710761902723143e-06,0.002812389866448939,0.05206486932002008,90.66564095951617,137.41327553521842,0.13384572800714523,228.27392937603872,0.1401824557340754,12.02211328,2026-01-14T18:54:51.877009
27085,0.559503304626477,0.06516936668439577,9.706139887396522e-06,0.003145451541058719,0.045934840105473995,89.42393928125966,135.10793364665005,0.133886661962606,224.7210680579301,0.14239875360396037,11.997602816,2026-01-14T18:58:36.598995
27086,0.5596635289405167,0.010334529378274837,9.701518220489227e-06,0.0034118780167773366,0.052592360763810575,90.91960978507996,138.1032523572212,0.13371609104797244,229.21997899899725,0.13960388679793043,11.997361152,2026-01-14T19:02:25.819680
27087,0.5598237532545564,0.012635361884413499,9.696896903245799e-06,0.0033174630952998996,0.049539182218723,92.51893868087791,141.5188585530268,0.13446600607130677,234.2316519030137,0.13661689075757347,12.011357696,2026-01-14T19:06:20.051943
27088,0.5599839775685961,0.02215119375418073,9.692275936910702e-06,0.003129354794509709,0.04998214461375028,91.78263997822069,140.28526346001308,0.13416538899764419,232.26621603197418,0.13777294238777638,12.017302016,2026-01-14T19:10:12.319014
27089,0.5601442018826357,0.009048026401604403,9.687655322728303e-06,0.002749512088485062,0.04691935773007572,88.17300450894982,132.17262973252218,0.13259369297884405,220.53622560901567,0.14510087815111233,11.99665664,2026-01-14T19:13:52.855887
27090,0.5603044261966753,0.004527708542325648,9.68303506194287e-06,0.0034539351472631097,0.052052217070013285,91.75754493300337,140.1158555727452,0.13486030302010477,232.07269737205934,0.1378878272298337,12.0130944,2026-01-14T19:17:44.929199
27091,0.560464650510715,2.995496480195925e-06,9.678415155798578e-06,0.002987754065543413,0.05040667799767107,88.77450159180444,133.37257321504876,0.13512770098168403,222.34313825704157,0.1439216890201763,11.997549568,2026-01-14T19:21:27.272939
27092,0.5606248748247546,0.008114674675516298,9.673795605539505e-06,0.00305749021936208,0.053448335733264685,90.44238194415811,137.24744907557033,0.1334679190767929,227.88728071702644,0.14042029857618615,12.023955968,2026-01-14T19:25:15.160906
27093,0.5607850991387943,6.078200179615578e-06,9.669176412409635e-06,0.003183663939125836,0.048469230183400214,91.29822550492827,139.16915368032642,0.13532847701571882,230.66401475295424,0.13872991864063686,12.012123648,2026-01-14T19:29:05.825514
27094,0.560945323452834,0.00028435875518084686,9.664557577652853e-06,0.0033669504337012768,0.05149678606539965,89.41663039918058,134.67566629173234,0.13383684307336807,224.28991552290972,0.14267248674732064,11.997471744,2026-01-14T19:32:50.116299
27095,0.5611055477668736,0.026933524193998082,9.659939102512954e-06,0.0037184952525421977,0.05644950829446316,90.3825868468266,137.18102520087268,0.13417495309840888,227.7645630670013,0.14049595586380392,12.01623552,2026-01-14T19:36:37.881489
27096,0.5612657720809133,0.011204453255505342,9.655320988233631e-06,0.002821423695422709,0.053858614759519696,90.69836221844889,137.9542186758481,0.1340588181046769,228.85054944106378,0.13982924698304475,12.015162368,2026-01-14T19:40:26.732983
27097,0.5614259963949529,0.0013264599856586123,9.650703236058481e-06,0.003459413768723607,0.048988912254571915,89.91766243474558,136.1675237340387,0.1335828750161454,226.28233683097642,0.14141625213947953,12.02277376,2026-01-14T19:44:13.016050
27098,0.5615862207089926,0.015004029357562398,9.646085847231002e-06,0.0034124540397897363,0.0495550170307979,89.46248613903299,135.28529487305786,0.13447113998699933,224.94281327398494,0.14225837907087677,12.009060352,2026-01-14T19:47:57.959519
27099,0.5617464450230323,0.008723997559382468,9.641468822994594e-06,0.003745034337043762,0.04971855424810201,92.46022455976345,141.7288378677331,0.13449320499785244,234.3847582170274,0.13652764899656897,12.00841728,2026-01-14T19:51:52.344928
27100,0.5619066693370719,0.017899093708923175,9.636852164592564e-06,0.003664826275780797,0.0506145020481199,90.36296333023347,137.24704846879467,0.1324906019726768,227.80433117493521,0.1404714292961647,12.00801792,2026-01-14T19:55:40.149896
27101,0.5620668936511115,0.00528720574052155,9.63223587326811e-06,0.003101322567090392,0.053118866751901805,88.44589988014195,133.36763846501708,0.13434265705291182,222.012264273013,0.144136181416757,11.996466688,2026-01-14T19:59:22.162779
27102,0.5622271179651512,0.011799449429244824,9.627619950264347e-06,0.003182609216310084,0.0441684671677649,87.78317459404934,131.40562729001977,0.13475572096649557,219.37741656403523,0.14586733904152505,12.026631168,2026-01-14T20:03:01.540812
27103,0.5623873422791908,0.002979776650720467,9.62300439682428e-06,0.0026766640366986394,0.0475788259645924,90.65857317333575,137.69394551380537,0.1332513300003484,228.54305336694233,0.14001738197057206,12.019201536,2026-01-14T20:06:50.084645
27104,0.5625475665932306,0.00017998852881540017,9.618389214190811e-06,0.00305754691362381,0.049589878995902836,90.81318779475987,138.3742741838796,0.13360002799890935,229.3799596200697,0.13950652032986122,11.996826624,2026-01-14T20:10:39.465565
27105,0.5627077909072702,0.017876942150780728,9.613774403606749e-06,0.003072350984439254,0.05427208077162504,91.72026811924297,139.74024607404135,0.13324811996426433,231.6614789830055,0.13813258958925792,11.997078528,2026-01-14T20:14:31.127656
27106,0.5628680152213098,3.6896758772719807e-05,9.6091599663148e-06,0.004117919714190066,0.05525992205366492,88.68489740299992,133.4572579980595,0.13407151494175196,222.3442299249582,0.1439209823920328,11.997366272,2026-01-14T20:18:13.472590
27107,0.5630282395353495,0.03412549844527302,9.604545903557576e-06,0.0028973110020160675,0.04153181822039187,89.95385157503188,136.50161058001686,0.1358407730003819,226.6420222350862,0.14119182173025158,12.018766848,2026-01-14T20:22:00.115225
27108,0.5631884638493891,0.011169765113228536,9.599932216577575e-06,0.0038489672588184476,0.04564787610433996,90.29716694785748,136.7994970610598,0.132215044926852,227.286550787976,0.1407914365766902,12.016159744,2026-01-14T20:25:47.402483
27109,0.5633486881634288,0.013994245190560584,9.595318906617211e-06,0.0037120990455150604,0.04827547003515065,88.98333956697024,134.46059438376687,0.1340407789684832,223.63789075799286,0.14308845380154486,12.017447424,2026-01-14T20:29:31.041134
27110,0.5635089124774685,0.02123156342629251,9.590705974918778e-06,0.0027479752898216248,0.049698542919941247,91.6473376757931,139.62112775212154,0.13467725308146328,231.46175318793394,0.13825178267796925,12.022059008,2026-01-14T20:33:22.503531
27111,0.5636691367915081,0.02391381246946178,9.58609342272448e-06,0.0027294460451230407,0.04663804289884865,90.91789994610008,138.23168617393821,0.13322629395406693,229.33935207198374,0.13953122179378977,11.997563904,2026-01-14T20:37:11.843533
27112,0.5638293611055478,0.02172918795361589,9.581481251276418e-06,0.002599012106657028,0.049399553798139095,89.21445283922367,134.5852832578821,0.13341046299319714,223.99228611798026,0.14286206259417833,12.012053504,2026-01-14T20:40:55.836444
27113,0.5639895854195874,5.0176905689092166e-05,9.576869461816588e-06,0.002870884258300066,0.05264254740905017,89.45454988081474,135.03447791701183,0.13372531393542886,224.686581623042,0.14242060993961173,11.996655616,2026-01-14T20:44:40.523641
27114,0.564149809733627,0.0011362000052255183,9.572258055586884e-06,0.002868243958801031,0.049406940350309014,91.72257169382647,139.89459339191671,0.13343324908055365,231.81050529505592,0.1380437869253137,11.997551616,2026-01-14T20:48:32.334785
27115,0.5643100340476668,0.015596121972552446,9.567647033829091e-06,0.0035130627220496535,0.04657313518691808,89.68135034898296,135.4464746041922,0.13443306006956846,225.32223797403276,0.14201882729252777,11.996967936,2026-01-14T20:52:17.657756
27116,0.5644702583617064,0.012002413191873451,9.5630363977849e-06,0.0036266777897253633,0.047892900882288814,90.75189798197243,137.6251736257691,0.13449808896984905,228.57059028605,0.14000051345167747,11.996845056,2026-01-14T20:56:06.229065
27117,0.564630482675746,0.03813266901545109,9.558426148695896e-06,0.003492626827210188,0.05509935668669641,90.3910545251565,137.2848275550641,0.1329959430731833,227.87751892209053,0.14042631388724458,11.996945408,2026-01-14T20:59:54.107198
27118,0.5647907069897857,0.00011287681571037211,9.553816287803554e-06,0.0035515271592885256,0.05299612181261182,90.72867280431092,138.16840232291725,0.13477906899061054,229.09468898607884,0.13968023502257843,11.99769088,2026-01-14T21:03:43.202785
27119,0.5649509313038253,0.004349971444079337,9.54920681634925e-06,0.003222928266040981,0.05262463120743632,91.4431040098425,139.55806364200544,0.13479369296692312,231.1990508909803,0.13840887268645966,12.036485632,2026-01-14T21:07:34.402632
27120,0.565111155617865,0.002628417699549246,9.544597735574255e-06,0.0029269300866872072,0.059130277135409415,91.01727124513127,138.34038775099907,0.13509216299280524,229.5642229579389,0.13939454322489567,11.997438976,2026-01-14T21:11:23.967610
27121,0.5652713799319047,0.00010808861059352637,9.539989046719729e-06,0.0028747270116582513,0.04538104427047074,92.19786428275984,141.27184873307124,0.13474348094314337,233.65975581202656,0.13695126868891877,11.996684288,2026-01-14T21:15:17.628298
27122,0.5654316042459443,0.0004959745148207517,9.535380751026734e-06,0.002978216973133385,0.05280963913537562,90.702998968889,137.83355372585356,0.13351811410393566,228.73349228093866,0.13990080630910165,12.01174784,2026-01-14T21:19:06.362486
27123,0.565591828559984,0.014160302515603185,9.53077284973622e-06,0.0030494850361719728,0.044912785990163684,89.95115860982332,135.93854945816565,0.1334833549335599,226.0776549410075,0.14154428489781554,12.014060544,2026-01-14T21:22:52.440779
27124,0.5657520528740236,0.0042073953789465435,9.526165344089037e-06,0.004040085012093186,0.04978603892959654,90.91753496893216,137.91803489811718,0.1347795429173857,229.03142956807278,0.13971881527504046,12.012895744,2026-01-14T21:26:41.473061
27125,0.5659122771880633,0.010382693625264672,9.521558235325925e-06,0.003421825240366161,0.050440870225429535,92.22793769300915,141.13049084402155,0.13236969895660877,233.55245293793269,0.13701418930720502,12.011351552,2026-01-14T21:30:35.026304
27126,0.566072501502103,5.399427789498645e-05,9.516951524687512e-06,0.0029028472490608692,0.05116913793608546,89.84098839503713,135.92050462891348,0.1346563670085743,225.9569010899868,0.14161992771911877,12.0175744,2026-01-14T21:34:20.984140
27127,0.5662327258161426,0.020251064822072173,9.512345213414329e-06,0.0030590210808441043,0.04515364009421319,91.88059910794254,140.2766831421759,0.13348353502806276,232.34551567502785,0.13772592041224108,12.012125696,2026-01-14T21:38:13.330363
27128,0.5663929501301822,0.04194592609163017,9.507739302746791e-06,0.003636858891695738,0.046724758693017066,90.4320420268923,137.26326458342373,0.1331396559253335,227.88633271702565,0.14042088272022663,11.99678976,2026-01-14T21:42:01.217449
27129,0.5665531744442219,0.0004477150623927173,9.50313379392521e-06,0.003411560202948749,0.04580197180621326,88.50169744796585,133.2166196021717,0.13470210798550397,221.90926251199562,0.14420308389907877,12.014875648,2026-01-14T21:45:43.127322
27130,0.5667133987582615,0.01188083804418838,9.498528688189788e-06,0.003287958330474794,0.0518758250400424,91.16356093785726,138.99915493291337,0.1341011730255559,230.3595140200341,0.13891329878920042,12.014367744,2026-01-14T21:49:33.487565
27131,0.5668736230723013,2.3620490860132293e-05,9.493923986780624e-06,0.003593986970372498,0.0497795429546386,90.29979509115219,136.93576466699596,0.13394679699558765,227.4308022300247,0.14070213746876306,12.01437184,2026-01-14T21:53:20.918987
27132,0.5670338473863409,0.002039572759423791,9.489319690937693e-06,0.003451602882705629,0.051139462855644524,89.72089949122164,135.94439799210522,0.1344548660563305,225.8623359729536,0.14167922182400483,11.997248512,2026-01-14T21:57:06.781933
27133,0.5671940717003805,0.0009171940700527514,9.484715801900875e-06,0.003315378329716623,0.04751055908855051,90.79527643183246,138.0145316349808,0.13335196999832988,229.00370058999397,0.13973573316744123,11.997248512,2026-01-14T22:00:55.786360
27134,0.5673542960144202,0.014796041525657166,9.480112320909939e-06,0.00282678403891623,0.050804446917027235,90.45260133140255,136.89503828680608,0.13450334896333516,227.54286215396132,0.1406328447180557,11.997558784,2026-01-14T22:04:43.329872
27135,0.5675145203284598,0.009303182714268221,9.475509249204536e-06,0.0028185868868604302,0.048653956269845366,90.60469232185278,137.09417771315202,0.13448708702344447,227.89200214203447,0.1404173893740066,12.014237696,2026-01-14T22:08:31.222479
27136,0.5676747446424995,0.021837586488073768,9.470906588024218e-06,0.004126917920075357,0.052528326166793704,91.36090654495638,139.31638477684464,0.1314918859861791,230.876028358005,0.13860252286729224,12.01287936,2026-01-14T22:12:22.099535
27137,0.5678349689565392,0.00010268231024301855,9.466304338608416e-06,0.003282979945652187,0.04791011707857251,90.33013990998734,137.25477231515106,0.13378695398569107,227.77717053797096,0.1404881794098216,12.007712256,2026-01-14T22:16:09.877416
27138,0.5679951932705788,0.0006317160974822489,9.461702502196454e-06,0.0026705997297540307,0.04842839215416461,89.66373279690742,135.414244406973,0.13541809597518295,225.27262077806517,0.1420501075074093,11.99672064,2026-01-14T22:19:55.150678
27139,0.5681554175846185,0.058404021404126816,9.457101080027547e-06,0.003590621054172516,0.04707798082381487,91.7568046801025,140.5713896381203,0.13247869303449988,232.5217214860022,0.13762155120602956,12.01230592,2026-01-14T22:23:47.673161
27140,0.5683156418986581,0.020579045062154577,9.452500073340796e-06,0.002771365223452449,0.047246149042621255,90.18449185299687,136.69523907324765,0.13429147796705365,227.07245553203393,0.14092418177723737,12.017469952,2026-01-14T22:27:34.746463
27141,0.5684758662126977,0.016227308815232266,9.447899483375195e-06,0.003123575123026967,0.049453232903033495,90.35203327587806,136.7859131153673,0.13419490703381598,227.3344692150131,0.1407617600203618,12.01728768,2026-01-14T22:31:22.081724
27142,0.5686360905267375,0.028961463413998523,9.443299311369619e-06,0.0031422150786966085,0.050680591142736375,91.81043157202657,140.26014964981005,0.13263955898582935,232.2644621010404,0.13777398277175637,12.018223616,2026-01-14T22:35:14.346981
27143,0.5687963148407771,0.023971366714280684,9.43869955856283e-06,0.002615329925902188,0.048170914757065475,89.6000219930429,135.2043566990178,0.13476253300905228,224.99695678101853,0.1422241458632014,11.997493248,2026-01-14T22:38:59.344622
27144,0.5689565391548167,5.41444813340064e-06,9.434100226193484e-06,0.0029763048514723778,0.04865430935751647,89.30192410387099,134.9981016954407,0.13347606593742967,224.49474494706374,0.14254231210421275,11.997377536,2026-01-14T22:42:43.840135
27145,0.5691167634688564,1.532774065760023e-05,9.42950131550012e-06,0.003639574977569282,0.05044079711660743,88.58283408405259,133.22350991074927,0.13564889796543866,222.0042754911119,0.14414136813000766,12.01999104,2026-01-14T22:46:25.845101
27146,0.569276987782896,0.029248431757301407,9.424902827721159e-06,0.0032536740181967616,0.04628621612209827,89.82718428992666,136.28291720198467,0.1333426849450916,226.3001593319932,0.14140511475758383,12.030156288,2026-01-14T22:50:12.145901
27147,0.5694372120969358,0.005609495055416858,9.420304764094921e-06,0.0030471638310700655,0.048119481187313795,91.37608600012027,139.43628350982908,0.13432256097439677,231.00646808894817,0.13852425979552452,11.997408256,2026-01-14T22:54:03.153015
27148,0.5695974364109754,0.020366996938134818,9.415707125859593e-06,0.002949034096673131,0.053253657883033156,90.84901697793975,137.97265913209412,0.13422168791294098,229.01864399504848,0.13972661544835563,11.997451776,2026-01-14T22:57:52.172285
27149,0.569757660725015,0.01067011443023258,9.411109914253265e-06,0.0029710232047364116,0.04995821963530034,89.25138861627784,135.0512265379075,0.13442090502940118,224.49789609003346,0.14254031132285802,12.014373888,2026-01-14T23:01:36.670808
27150,0.5699178850390547,5.1471185211315884e-05,9.406513130513904e-06,0.0030683050863444805,0.044556722161360085,89.62717554590199,135.71508201723918,0.1333447330398485,225.5313751900103,0.14188713199234468,12.018783744,2026-01-14T23:05:22.212825
27151,0.5700781093530943,0.008831200792370986,9.40191677587936e-06,0.003114751074463129,0.05194956064224243,90.18535322439857,136.54871973989066,0.1337446509860456,226.9346880739322,0.1410097339970117,11.997828096,2026-01-14T23:09:09.148319
27152,0.570238333667134,7.5594101884846054e-06,9.397320851587373e-06,0.002724975231103599,0.041753064026124775,90.65013510687277,137.18229684617836,0.13393390097189695,228.018428910058,0.14033953375155664,12.017670656,2026-01-14T23:12:57.167595
27153,0.5703985579811737,0.015261117022089543,9.392725358875565e-06,0.002901599742472172,0.04488807707093656,90.77369352208916,138.24694267089944,0.1304790440481156,229.21152733906638,0.13960903437750435,11.997504512,2026-01-14T23:16:46.379884
27154,0.5705587822952133,0.005160231909742574,9.388130298981435e-06,0.003976374980993569,0.04641522536985576,90.98223903460894,138.5412728273077,0.13590785500127822,229.71635117696133,0.13930223005914322,12.018661888,2026-01-14T23:20:36.107013
27155,0.5707190066092529,0.007808013751649412,9.383535673142377e-06,0.003004806232638657,0.048280791961587965,92.55672369000968,141.90898428787477,0.1334183900617063,234.6572955289157,0.1363690821027842,12.018911744,2026-01-14T23:24:30.765033
27156,0.5708792309232926,0.005811332917612155,9.378941482595661e-06,0.003847454208880663,0.0532478962559253,89.77049203589559,135.83803624589927,0.13235731306485832,225.80645686597563,0.14171428241750042,12.02462464,2026-01-14T23:28:16.572115
27157,0.5710394552373322,0.020749935980231005,9.374347728578444e-06,0.002878635306842625,0.05169841879978776,91.34148748207372,139.07056293520145,0.13432404096238315,230.6072103739716,0.13876409132267015,12.016606208,2026-01-14T23:32:07.180014
27158,0.571199679551372,1.4479637894915243e-05,9.369754412327762e-06,0.0029210041975602508,0.04833712603431195,90.5292237898102,137.24490452103782,0.13487872399855405,227.96762944199145,0.14037080649708078,12.016185344,2026-01-14T23:35:55.148460
27159,0.5713599038654116,0.020887935988034734,9.36516153508053e-06,0.002755724824965,0.04922905995044857,89.68425546609797,135.52524343400728,0.13425661798100919,225.4033409509575,0.14196772711972558,12.022232064,2026-01-14T23:39:40.552567
27160,0.5715201281794512,0.017922253133704658,9.360569098073552e-06,0.0030341300880536437,0.04813815071247518,88.79430774692446,133.4452327041654,0.13463513203896582,222.43406881997362,0.14386285414712757,12.01629184,2026-01-14T23:43:22.987251
27161,0.5716803524934909,2.6587200552263823e-06,9.355977102543508e-06,0.0029688652139157057,0.04934209818020463,89.11162951495498,133.86775046796538,0.1335582099854946,223.17283747997135,0.14338662518852385,12.007722496,2026-01-14T23:47:06.160811
27162,0.5718405768075305,0.018611350510344238,9.351385549726963e-06,0.0028004939667880535,0.05413267237599939,90.32567694887985,136.99736004695296,0.13452969293575734,227.5216572029749,0.1406459516574829,11.9974144,2026-01-14T23:50:53.683069
27163,0.5720008011215701,3.2498762668531356e-05,9.346794440860363e-06,0.002502191113308072,0.050456459168344736,89.39383435167838,134.811152957147,0.13523677398916334,224.39932964905165,0.14260292154190593,11.99734272,2026-01-14T23:54:38.083079
27164,0.5721610254356099,0.0036110773228337223,9.342203777180032e-06,0.002868273062631488,0.048424331122078,90.53451236023102,137.3279482256621,0.13330709503497928,228.05538568494376,0.14031679148418658,11.996941312,2026-01-14T23:58:26.139208
27165,0.5723212497496495,0.0063216156504060095,9.337613559922172e-06,0.0027599072782322764,0.05164891097228974,91.43226330797188,138.9495993979508,0.13465071702376008,230.57982666103635,0.13878057097788338,12.01570304,2026-01-15T00:02:16.719956
27166,0.5724814740636892,0.005356324754009378,9.333023790322868e-06,0.0031689151655882597,0.047624860308133066,91.78736114595085,139.77453228086233,0.13473013404291123,231.7539482190041,0.13807747503727733,12.012099072,2026-01-15T00:06:08.474563
27167,0.5726416983777288,0.0001673008039260182,9.328434469618085e-06,0.003510211710818112,0.053929882938973606,89.4835694070207,134.84945449093357,0.13362483400851488,224.53094102698378,0.1425193332092003,11.997628416,2026-01-15T00:09:53.006089
27168,0.5728019226917684,0.009114172732289205,9.323845599043662e-06,0.0027048640185967088,0.04592685494571924,90.5533758798847,137.16322168509942,0.1336009199731052,227.90631288592704,0.1404085722540596,11.99753728,2026-01-15T00:13:40.913023
27169,0.5729621470058082,0.02228587507262958,9.319257179835332e-06,0.0032308691879734397,0.051852888078428805,90.8356994659407,138.0974905488547,0.13275142095517367,229.12739674805198,0.13966029577504926,12.017458176,2026-01-15T00:17:30.041025
27170,0.5731223713198478,0.02197035510188705,9.31466921322868e-06,0.0030240670312196016,0.05465869000181556,89.88070241804235,135.97383066208567,0.13342858897522092,226.0528469469864,0.1415598185653667,12.014857216,2026-01-15T00:21:16.094482
27171,0.5732825956338874,9.997568365172071e-06,9.310081700459195e-06,0.0030288170091807842,0.051089038141071796,91.27108402876183,139.12269863812253,0.1343068960122764,230.58981032599695,0.13877456230507287,12.006497792,2026-01-15T00:25:06.685030
27172,0.5734428199479271,0.03633699064763807,9.305494642762232e-06,0.002608558046631515,0.043957015965133905,89.68083617393859,135.4007817119127,0.13351338997017592,225.2705574230058,0.14205140860867774,11.99678976,2026-01-15T00:28:51.956194
27173,0.5736030442619667,6.433544929684842e-06,9.30090804137302e-06,0.002905367990024388,0.04871234984602779,90.13664090528619,136.25269865151495,0.1344913609791547,226.58251761610154,0.1412289012262524,12.018989568,2026-01-15T00:32:38.539412
27174,0.5737632685760065,0.0030831703502069985,9.296321897526674e-06,0.0037610187428072095,0.048961416934616864,92.52988535212353,142.0746178139234,0.13521614589262754,234.79866315005347,0.13628697698142203,12.012105216,2026-01-15T00:36:33.338764
27175,0.5739234928900461,0.0039690705496617795,9.29173621245818e-06,0.0029670990770682693,0.04677994595840573,89.74143645900767,135.99849240283947,0.13265992107335478,225.93356771499384,0.1416345535709272,12.013822976,2026-01-15T00:40:19.273202
27176,0.5740837172040857,0.0002863109383151041,9.287150987402403e-06,0.0031890837708488107,0.05515059595927596,90.47570047422778,137.39094728871714,0.1342288600280881,228.06849961099215,0.140308723276477,12.011282944,2026-01-15T00:44:07.342412
27177,0.5742439415181254,0.0015596339154821948,9.282566223594079e-06,0.0029839181806892157,0.04151158209424466,90.04092203977052,136.06832108087838,0.13266460597515106,226.29683393298183,0.14140719268514756,11.99738368,2026-01-15T00:47:53.640015
27178,0.574404165832165,0.018191127176175215,9.27798192226783e-06,0.0029354997677728534,0.04910034593194723,90.7562023899518,138.08554980985355,0.13358148897532374,229.03486184601206,0.13971672147236122,12.01626624,2026-01-15T00:51:42.675666
27179,0.5745643901462046,0.0008208388210633188,9.273398084658144e-06,0.002780464361421764,0.04236881108954549,91.07190951087978,138.865590299014,0.13478140998631716,230.12637616798747,0.1390540299328429,11.997191168,2026-01-15T00:55:32.802648
27180,0.5747246144602444,0.007100212565084085,9.268814711999389e-06,0.0030254843877628446,0.04571798583492637,90.63925513520371,137.5670087551698,0.13504415203351527,228.39633887307718,0.14010732465279496,12.027754496,2026-01-15T00:59:21.199778
27181,0.574884838774284,0.015827913653155612,9.264231805525804e-06,0.002906047855503857,0.047454297076910734,92.35323252296075,141.34440587996505,0.1340069849975407,233.8891193679301,0.13681696731544368,12.014285824,2026-01-15T01:03:15.089683
27182,0.5750450630883237,0.016044222119677265,9.259649366471506e-06,0.003716097096912563,0.049107651924714446,91.51839503692463,139.07749698194675,0.1347442059777677,230.79175353504252,0.13865313430768333,11.996777472,2026-01-15T01:07:05.882033
27183,0.5752052874023633,3.0865373599198165e-06,9.255067396070484e-06,0.003043502103537321,0.046055033104494214,90.5179318417795,137.40047616523225,0.13509246602188796,228.1090382890543,0.1402837881392949,12.02102528,2026-01-15T01:10:53.991816
27184,0.5753655117164029,0.030296558489155245,9.250485895556601e-06,0.0026352128479629755,0.04995041014626622,92.07499695569277,140.8349342752481,0.13446067098993808,233.1030176189961,0.1372783601296127,11.997441024,2026-01-15T01:14:47.095457
27185,0.5755257360304427,2.705131841196362e-06,9.2459048661636e-06,0.003002622863277793,0.053342891042120755,90.5689797202358,137.5532721678028,0.1351741950493306,228.32062321691774,0.14015378702605483,12.015880704,2026-01-15T01:18:35.416747
27186,0.5756859603444823,0.01980416319334921,9.241324309125087e-06,0.003195202094502747,0.047814044868573546,91.5129513470456,139.86857762525324,0.1333354189991951,231.57388311892282,0.13818484005627987,12.036065792,2026-01-15T01:22:26.991266
