step,epoch,loss,learning_rate,t_data,t_transfer,t_forward,t_backward,t_optimizer,t_step,throughput,gpu_mem_gb,timestamp
1010,0.0004426137448165781,0.5748011848481838,3.997949661003127e-05,0.0029791458509862423,0.048488549888134,36.8423811258981,55.5055069650989,0.21799907903186977,92.6323977028951,0.3454514920647453,11.887586816,2025-12-06T22:36:44.414850
1020,0.0008852274896331562,0.2714693365851417,3.9978246937001374e-05,0.0027072132797911763,0.036110142013058066,37.308208696893416,56.14869457914028,0.20477316807955503,93.71386976691429,0.34146493021353824,11.897667072,2025-12-06T22:52:14.848902
1030,0.0013278412344497343,0.6537365017429693,3.9976960321629094e-05,0.0030167960794642568,0.04455704882275313,36.900582113303244,55.64786325010937,0.2206127989338711,92.83575381303672,0.3446947828359887,11.886741504,2025-12-06T23:07:44.471929
1040,0.0017704549792663124,0.4404030823498033,3.997563676655824e-05,0.00274803105276078,0.043973388033919036,36.981436602189206,56.0807423859369,0.16742436203639954,93.29396358097438,0.3430018274679223,11.888086016,2025-12-06T23:23:14.999079
1050,0.0022130687240828903,0.49045211024349555,3.997427627450849e-05,0.002596743870526552,0.05014337587635964,37.387574736145325,56.848207158152945,0.2715404909104109,94.57362969196402,0.3383607048204375,11.887967232,2025-12-06T23:38:46.138764
1060,0.0026556824688994687,0.5365583989187144,3.997287884827545e-05,0.0028389442013576627,0.047778477193787694,36.647457813611254,55.33277124923188,0.21141517197247595,92.25751088396646,0.34685522829948057,11.887870464,2025-12-06T23:54:17.982270
1070,0.0030982962137160465,0.46159312035888433,3.9971444490730586e-05,0.002808084012940526,0.04612239880952984,36.95852525008377,55.61883761477657,0.23387642297893763,92.87866573699284,0.3445355264966371,11.887850496,2025-12-07T00:09:47.105518
1080,0.003540909958532625,0.5893740292813163,3.9969973204821265e-05,0.0026520518586039543,0.04826952109578997,37.10663621779531,56.395705472212285,0.1593957890290767,93.73012572305743,0.34140570871045,11.89048064,2025-12-07T00:25:14.889815
1090,0.003983523703349203,0.5570721688563935,3.996846499357075e-05,0.003159309970214963,0.050629365839995444,36.43240019411314,54.907782676047646,0.25126628298312426,91.66021355695557,0.34911548596944875,11.887967232,2025-12-07T00:40:42.454899
1100,0.004426137448165781,0.675210387998959,3.996691986007814e-05,0.0028354539535939693,0.04382948798593134,37.380797851947136,56.614535023109056,0.19488270103465766,94.24849779997021,0.33952795797250485,11.893600768,2025-12-07T00:56:10.465348
1110,0.004868751192982359,0.7617192681645975,3.996533780751846e-05,0.002885660855099559,0.05008780595380813,36.721284541650675,55.46796242031269,0.22604720189701766,92.48296354094055,0.3460096732933323,11.887906816,2025-12-07T01:11:41.690889
1120,0.005311364937798937,0.6206186519702896,3.9963718839142565e-05,0.003066282137297094,0.04791768710128963,37.08187559794169,56.066887351102196,0.19879836193285882,93.41348836198449,0.34256294846840024,11.890947584,2025-12-07T01:27:10.958962
1130,0.005753978682615515,0.34172983493772335,3.996206295827715e-05,0.004715019720606506,0.04723867820575833,36.591648121830076,55.29955908295233,0.20120835199486464,92.1568983499892,0.3472339083990423,11.888903168,2025-12-07T01:42:39.830645
1140,0.006196592427432093,0.36801477146946127,3.9960370168324795e-05,0.0030394491041079164,0.03747826814651489,36.80705753015354,55.32206955074798,0.23038046096917242,92.4148210529238,0.346264805097381,11.887908864,2025-12-07T01:58:06.724533
1150,0.006639206172248672,0.48776440750953043,3.9958640472763894e-05,0.0029400052735581994,0.03613640589173883,36.96956346987281,55.55928247014526,0.20123438199516386,92.78447446692735,0.3448852858611197,11.887847936,2025-12-07T02:13:34.677109
1160,0.00708181991706525,0.6129577251849696,3.9956873875148684e-05,0.003300443757325411,0.04207308287732303,36.45638112735469,54.64018198708072,0.18568066298030317,91.34796398004983,0.3503088476825682,11.88773376,2025-12-07T02:28:59.994496
1170,0.007524433661881828,0.4657574362354353,3.995507037910925e-05,0.0033217150485143065,0.04290161619428545,37.43298195779789,56.737936953199096,0.23227750696241856,94.46611793502234,0.3387457926662225,11.88859392,2025-12-07T02:44:30.753358
1180,0.007967047406698406,0.4070132334018126,3.9953229988351485e-05,0.0030620719771832228,0.04445438820403069,36.97002488025464,55.567698509665206,0.20324524608440697,92.80487693299074,0.3448094653808488,11.88580608,2025-12-07T03:00:00.901583
1190,0.008409661151514983,0.6308055387344211,3.9951352706657064e-05,0.0028427608776837587,0.03891151200514287,36.58862017793581,55.133911457262,0.1994536949787289,91.97734668501653,0.3479117538537663,11.887850496,2025-12-07T03:15:26.708939
1200,0.008852274896331561,0.40692845080047846,3.994943853788351e-05,0.0031424580374732614,0.042825180920772254,36.76179615210276,55.415863476810046,0.19741832208819687,92.4401600289857,0.34616988968826995,11.890889216,2025-12-07T03:30:59.354742
1210,0.00929488864114814,0.41064137834473513,3.9947487485964114e-05,0.002709709107875824,0.039688018849119544,37.78631788911298,57.73943177238107,0.20100040908437222,95.78771189693362,0.3340720784147303,11.900179456,2025-12-07T03:46:25.940969
1220,0.009737502385964719,0.7208348185522482,3.9945499554907956e-05,0.0030107941711321473,0.044533391017466784,36.91561074228957,55.762329224846326,0.2083375690272078,92.95055076095741,0.3442690735883316,11.88965888,2025-12-07T04:01:53.998204
1230,0.010180116130781297,0.5678349324734882,3.994347474879994e-05,0.002840731991454959,0.04435598407872021,37.174664597027004,56.15034414897673,0.19506339204963297,93.58096292999107,0.34194989021367034,11.887208448,2025-12-07T04:17:22.944906
1240,0.010622729875597875,0.7025336651131511,3.9941413071800664e-05,0.003229007590562105,0.03505257412325591,36.3101436739089,54.67957116488833,0.2917534429579973,91.3384890180314,0.350345186832276,11.887754752,2025-12-07T04:32:51.956447
1250,0.011065343620414453,0.4824743301142007,3.993931452814659e-05,0.0028729719342663884,0.0440169918583706,37.05552519788034,56.10312030615751,0.24146948498673737,93.46290741499979,0.3423818163275364,11.894044672,2025-12-07T04:48:19.602479
1260,0.01150795736523103,0.7630521015380509,3.9937179122149866e-05,0.002949303016066551,0.03956760314758867,36.71450501517393,55.541233896045014,0.1909692919580266,92.50510328495875,0.3459268609367973,11.88773376,2025-12-07T05:03:47.237465
1270,0.011950571110047608,0.34866092112497427,3.993500685819839e-05,0.004036138765513897,0.03976588603109121,37.091714210109785,56.2119040559046,0.3134046179475263,93.67366138100624,0.34161150026840403,11.887674368,2025-12-07T05:19:12.877757
1280,0.012393184854864186,0.47380331851309165,3.993279774075581e-05,0.0028618889627978206,0.039376876200549304,36.698243337799795,55.56725698686205,0.18411042296793312,92.50917228602339,0.3459116453994549,11.887850496,2025-12-07T05:34:39.200667
1290,0.012835798599680764,0.5595722524667508,3.993055177436148e-05,0.002865241840481758,0.04450771468691528,36.56296480889432,54.96375783102121,0.19551836198661476,91.78524421597831,0.3486399178140371,11.89334272,2025-12-07T05:50:13.074210
1300,0.013278412344497344,0.29880455319653265,3.992826896363051e-05,0.002982911071740091,0.03896241367328912,37.018366848351434,55.59266685170587,0.21547125501092523,92.88375693198759,0.34451664162800183,11.888202752,2025-12-07T06:05:41.318773
1310,0.013721026089313922,0.48868181667603494,3.99259493132537e-05,0.0034147589467465878,0.03301320201717317,37.14171966386493,56.28670573513955,0.24368946393951774,93.72300084598828,0.3414316625711172,11.88929024,2025-12-07T06:21:09.728327
1320,0.0141636398341305,0.48972447821870446,3.992359282799753e-05,0.0028704169671982527,0.0343014852842316,36.631779561634175,55.5024298800854,0.19552855694200844,92.38288843410555,0.3463844933017527,11.890013696,2025-12-07T06:36:36.384698
1330,0.014606253578947077,0.5800759832636686,3.992119951270422e-05,0.0031316509703174233,0.033440130297094584,36.727138097863644,55.53119113401044,0.20863103494048119,92.52204865799285,0.34586350458243514,11.889603584,2025-12-07T06:52:02.390950
1340,0.015048867323763655,0.4206030323766754,3.991876937229163e-05,0.0028275002259761095,0.03974943014327437,36.54024288209621,55.07101156911813,0.204545235959813,91.8735345749883,0.34830487526177856,11.887847424,2025-12-07T07:07:30.816749
1350,0.015491481068580233,0.6398889720294392,3.99163024117533e-05,0.003229420748539269,0.04263082717079669,36.72571482206695,55.52560192870442,0.24131339404266328,92.55591148196254,0.34573696577161595,11.886391296,2025-12-07T07:23:00.934063
1360,0.01593409481339681,0.4419663611333817,3.991379863615843e-05,0.0035868299892172217,0.03206183074507862,36.786986622959375,55.53523977624718,0.19024297501891851,92.55943551694509,0.34572380245492834,11.889895424,2025-12-07T07:38:30.791660
1370,0.01637670855821339,0.6015766826458275,3.991125805065187e-05,0.004200840252451599,0.04070027393754572,36.825117921922356,55.483306946000084,0.2518621180206537,92.62487982097082,0.34547953057376074,11.887675392,2025-12-07T07:53:54.096516
1380,0.016819322303029967,0.45897024348369087,3.9908680660454105e-05,0.0032532229088246822,0.043510458082892,37.162528029759414,56.174255431164056,0.2730024780612439,93.67494712607004,0.34160681144483185,11.888078848,2025-12-07T08:09:23.212812
1390,0.017261936047846545,0.2622534302645363,3.9906066470861205e-05,0.003027812112122774,0.04305680317338556,37.0632653310895,56.24336069577839,0.2275343380169943,93.60067027504556,0.34187789367285515,11.887967232,2025-12-07T08:24:50.114370
1400,0.017704549792663123,0.6001393673359416,3.990341548724496e-05,0.003626685938797891,0.03880984510760754,36.18148653476965,54.57857350015547,0.22868628695141524,91.04503129399382,0.35147442474558216,11.887792128,2025-12-07T08:40:16.537241
1410,0.0181471635374797,0.42581101208929795,3.9900727715052674e-05,0.0034776474349200726,0.03737596794962883,36.82647805695888,55.90610466722865,0.22201912302989513,93.01415919500869,0.34403364258672114,11.899126272,2025-12-07T08:55:47.271686
1420,0.01858977728229628,0.6790363275795244,3.989800315980729e-05,0.003370429272763431,0.03864965192042291,37.224488184205256,56.260541973868385,0.2271108030108735,93.76890026696492,0.34126453343159985,11.892817408,2025-12-07T09:11:14.188794
1430,0.01903239102711286,0.5771582213346846,3.9895241827107327e-05,0.003295948961749673,0.03598969418089837,36.688958024722524,55.53989979112521,0.22265398898161948,92.50638734991662,0.3459220591866389,11.885912576,2025-12-07T09:26:41.549841
1440,0.019475004771929438,0.533891481187311,3.989244372262684e-05,0.002928679925389588,0.03692522388882935,36.313554749125615,54.687295042094775,0.21830083895474672,91.27162851591129,0.35060183016698854,11.889545216,2025-12-07T09:42:06.172913
1450,0.019917618516746016,0.3571985624512308,3.9889608852115504e-05,0.0025598309002816677,0.04386314027942717,37.07556839066092,55.77699458436109,0.1803959960816428,93.09428263700102,0.34373754320419847,11.887908864,2025-12-07T09:57:39.389299
1460,0.020360232261562593,0.32188025387586094,3.98867372213985e-05,0.0029246191261336207,0.0379708269611001,36.81804213509895,55.213792034075595,0.29667154501657933,92.38411851995625,0.34637988122479685,11.888984064,2025-12-07T10:13:09.666189
1470,0.02080284600637917,0.8392619619146444,3.988382883637656e-05,0.002679977100342512,0.042013876838609576,36.77874336729292,55.611135437502526,0.19923772697802633,92.64988202799577,0.3453863005495317,11.887432704,2025-12-07T10:28:39.385559
1480,0.02124545975119575,0.4466500325361267,3.9880883703025914e-05,0.002891073003411293,0.03618477296549827,36.47692911012564,54.946126836002804,0.17601580393966287,91.65488538693171,0.349135781086936,11.887916032,2025-12-07T10:44:07.638393
1490,0.021688073496012327,0.2621635022369446,3.987790182739836e-05,0.004009832977317274,0.03453212988097221,37.0576460219454,56.001729536103085,0.1620110949734226,93.27774438797496,0.3430614688419216,11.887916032,2025-12-07T10:59:38.972087
1500,0.022130687240828905,0.5713213090784848,3.9874883215621154e-05,0.0024626589147374034,0.04112441814504564,36.477263318840414,54.89990132593084,0.18216832098551095,91.6170386140002,0.34928000821792565,11.886741504,2025-12-07T11:15:09.525425
1510,0.022573300985645483,0.2287501837599848,3.987182787389706e-05,0.0030437770765274763,0.03786872059572488,36.5380217381753,55.00981303106528,0.27674481901340187,91.87741328089032,0.3482901711889587,11.887675392,2025-12-07T11:48:51.100600
1520,0.02301591473046206,0.379604869231116,3.986873580850427e-05,0.00334959605243057,0.03910293476656079,36.97619045083411,55.99219216417987,0.26724913297221065,93.29172484797891,0.3430100585249631,11.887699456,2025-12-07T12:04:21.609602
1530,0.02345852847527864,0.30278255871962756,3.986560702579649e-05,0.0032565388828516006,0.040318094892427325,36.77743289398495,55.71582617517561,0.16168034996371716,92.71505379397422,0.34514351974716495,11.887792128,2025-12-07T12:19:52.277055
1540,0.023901142220095217,0.5318386019207537,3.986244153220285e-05,0.0033707981929183006,0.03456271218601614,37.06988336134236,55.99387055868283,0.19075787102337927,93.31014867499471,0.34294233215143693,11.890130432,2025-12-07T12:35:25.762169
1550,0.024343755964911794,0.3261178024113178,3.985923933422792e-05,0.0034604392712935805,0.04025594925042242,36.34098345390521,55.07765830378048,0.21541529498063028,91.69577547092922,0.34898009025666754,11.893459456,2025-12-07T12:50:56.349600
1560,0.024786369709728372,0.4739667430112604,3.9856000438451697e-05,0.003700740751810372,0.04102703824173659,36.66421625507064,55.30259651399683,0.19822295906487852,92.22547561710235,0.3469757112758755,11.887904768,2025-12-07T13:06:27.102051
1570,0.02522898345454495,0.30809796822723,3.985272485152957e-05,0.0035635530948638916,0.03976226598024368,37.03699972270988,55.88253435539082,0.1793945690151304,93.15862021700013,0.34350014980321114,11.887848448,2025-12-07T13:21:57.252564
1580,0.025671597199361528,0.6726143947453238,3.984941258019234e-05,0.00338730588555336,0.038008691160939634,36.98546192073263,55.92003472009674,0.24252371198963374,93.20593714399729,0.34332576851367336,11.887850496,2025-12-07T13:37:30.300601
1590,0.026114210944178106,0.4366642854292877,3.9846063631246164e-05,0.0028601381927728653,0.040127784945070744,36.74165476288181,55.22121531702578,0.3162891089450568,92.33629218908027,0.34655929149150233,11.885747712,2025-12-07T13:53:01.286401
1600,0.026556824688994687,0.33534386909013847,3.984267801157258e-05,0.003563910140655935,0.04057831852696836,37.202260567224585,56.28975878190249,0.23367634101305157,93.78475613496266,0.3412068370039777,11.891677696,2025-12-07T14:08:32.124268
1610,0.026999438433811265,0.5242625389946625,3.9839255728128495e-05,0.003874685033224523,0.042900273809209466,36.64532281202264,54.946966303978115,0.29071512806694955,91.94614105997607,0.34802983171557506,11.890422272,2025-12-07T14:24:00.826678
1620,0.027442052178627843,0.19763177665299736,3.983579678794616e-05,0.003174511017277837,0.03674805082846433,37.43495837401133,56.56616564234719,0.18983965599909425,94.24750893109012,0.33953152038635925,11.887792128,2025-12-07T14:39:23.150069
1630,0.02788466592344442,0.5132084649812896,3.983230119813309e-05,0.003249006811529398,0.041294080787338316,37.366570530226454,56.58287253277376,0.21347689896356314,94.22299491905142,0.33961985635769426,11.890180096,2025-12-07T14:54:52.732777
1640,0.028327279668261,0.5441934271948412,3.9828768965872164e-05,0.003411959740333259,0.04353700403589755,36.813882138580084,55.67410267959349,0.20120080409105867,92.752886542934,0.3450027399976135,11.888961536,2025-12-07T15:10:20.145298
1650,0.028769893413077577,0.6356392108718865,3.982520009842155e-05,0.0028131811413913965,0.03621732827741653,36.4323557370808,54.928212806466036,0.1833812800468877,91.59555494599044,0.34936193157920037,11.891181056,2025-12-07T15:25:49.816047
1660,0.029212507157894155,0.33029989314673003,3.9821594603114654e-05,0.0025484530488029122,0.041698683286085725,36.88314848265145,55.67180895083584,0.17823186900932342,92.79431831592228,0.34484869958368153,11.893401088,2025-12-07T15:41:17.306367
1670,0.029655120902710733,0.4087753137337131,3.9817952487360206e-05,0.0031398640712723136,0.0380789281334728,36.82718833477702,55.76259320101235,0.20826849690638483,92.85773849894758,0.3446131740583223,11.890052096,2025-12-07T15:56:40.992874
1680,0.03009773464752731,0.3297013190109226,3.981427375864215e-05,0.0026712430408224463,0.03721211105585098,37.24197925894987,56.50281426822767,0.18503158900421113,93.983269665041,0.34048613241536385,11.898367488,2025-12-07T16:12:08.821524
1690,0.03054034839234389,0.47349646410438595,3.9810558424519645e-05,0.002949104178696871,0.04014921619091183,36.91560209507588,55.70910183910746,0.2553156160283834,92.94118948397227,0.3443037492598307,11.889311744,2025-12-07T16:27:38.644016
1700,0.030982962137160466,0.5932324188179336,3.980680649262711e-05,0.0033180149039253592,0.038187299156561494,36.75663363712374,55.47506363480352,0.291660702903755,92.58125193393789,0.3456423339666422,11.892700672,2025-12-07T16:43:06.612311
1710,0.031425575881977044,0.4215762222302146,3.980301797067414e-05,0.003348708152770996,0.034342840197496116,36.71431116270833,55.34053848590702,0.17819901602342725,92.28713749093004,0.34674387861629097,11.88913664,2025-12-07T16:58:37.286786
1720,0.03186818962679362,0.2992088512692135,3.9799192866445534e-05,0.0030410517938435078,0.037747958092950284,37.44230614800472,56.77150337980129,0.22284683701582253,94.4903941610828,0.3386587629791013,11.89329152,2025-12-07T17:14:08.677274
1730,0.0323108033716102,0.37524919188581407,3.9795331187801245e-05,0.0030080063734203577,0.039564880076795816,36.67048082861584,55.43651110434439,0.1966277719475329,92.36429698509164,0.34645421493507456,11.888377856,2025-12-07T17:29:38.247573
1740,0.03275341711642678,0.4951508261001436,3.97914329426764e-05,0.0033670392585918307,0.046344751259312034,36.92194629146252,55.920379675226286,0.18503942992538214,93.09156918805093,0.3437475625247862,11.888202752,2025-12-07T17:45:08.491413
1750,0.033196030861243356,0.3066154819098301,3.9787498139081244e-05,0.003183484193868935,0.04083008412271738,36.766103102942,55.42329418612644,0.20119190600235015,92.45030562696047,0.34613190062476246,11.887906816,2025-12-07T18:00:34.710627
1760,0.033638644606059934,0.4856613907031715,3.978352678510115e-05,0.0031443977495655417,0.036676895804703236,36.89142534020357,55.67837404680904,0.2623213450424373,92.88624464289751,0.34450741466644985,11.88796416,2025-12-07T18:16:08.090145
1770,0.03408125835087651,0.4701417224641773,3.9779518888896585e-05,0.0027840090915560722,0.04070365091320127,36.99400916672312,55.756155536160804,0.20505511399824172,93.01305932109244,0.3440377107641637,11.887812096,2025-12-07T18:31:34.848545
1780,0.03452387209569309,0.3605706375558384,3.9775474458703165e-05,0.0038438321789726615,0.040217826957814395,37.078928335919045,56.058070006314665,0.2589503290364519,93.45727963501122,0.34240243376410107,11.887850496,2025-12-07T18:47:07.137895
1790,0.03496648584050967,0.3791998938067991,3.977139350283148e-05,0.002942616119980812,0.03881510172504932,37.105698182131164,56.13759866228793,0.1799708129838109,93.48099104000721,0.342315583563988,11.890594304,2025-12-07T19:02:37.275590
1800,0.035409099585326245,0.40782379005031544,3.976727602966723e-05,0.0026047849096357822,0.040898656006902456,39.326793386251666,56.00734674895648,0.247725824941881,95.64000919100363,0.3345880063237183,11.88972032,2025-12-07T19:18:08.764058
1810,0.03585171333014282,0.5401752360194223,3.976312204767117e-05,0.0028982210205867887,0.04534616298042238,37.01173396001104,56.06355132337194,0.28225275001022965,93.42146907607093,0.34253368434982695,11.891538432,2025-12-07T19:33:45.631376
1820,0.0362943270749594,0.4768439096515067,3.975893156537903e-05,0.0039932322688400745,0.038655457901768386,37.325713105266914,56.72849025414325,0.2793758000480011,94.3944383750204,0.33900302338647276,11.890830848,2025-12-07T19:49:18.251710
1830,0.03673694081977598,0.4089055743825156,3.9754704591401567e-05,0.0025932900607585907,0.037562605924904346,36.92506758705713,55.611910041072406,0.17012651602271944,92.76123529393226,0.3449716888590551,11.890422272,2025-12-07T20:04:44.157582
1840,0.03717955456459256,0.2279937768698801,3.9750441134424525e-05,0.003373061423189938,0.04254715202841908,36.96777119510807,55.933249652036466,0.1912561149802059,93.15195512201171,0.3435247275066418,11.887906816,2025-12-07T20:20:11.271374
1850,0.03762216830940914,0.3899414073675871,3.97461412032086e-05,0.0034490496618673205,0.04109902388881892,37.099686462199315,56.02945848472882,0.1877813070314005,93.3751569299493,0.3427035739710363,11.895394304,2025-12-07T20:35:40.555663
1860,0.03806478205422572,0.31236804383661365,3.974180480658945e-05,0.0032840538769960403,0.041489218710921705,37.021462323958986,56.10416880703997,0.2265367719810456,93.41177420900203,0.3425692346705923,11.887908864,2025-12-07T20:51:08.648818
1870,0.0385073957990423,0.3657271131523885,3.9737431953477655e-05,0.004093681112863123,0.04117408429738134,36.97766977502033,55.74121215182822,0.17495443706866354,92.95330279890914,0.3442588809267737,11.88790784,2025-12-07T21:06:37.481616
1880,0.038950009543858875,0.336341119473218,3.973302265285869e-05,0.002994652255438268,0.033523990074172616,36.63138308317866,55.39084852091037,0.1738280119607225,92.24719337199349,0.34689402279110737,11.887908864,2025-12-07T21:21:59.992039
1890,0.03939262328867545,0.40846947947284207,3.972857691379296e-05,0.002479991875588894,0.03760623105335981,36.36821821902413,54.99355644104071,0.21145750605501235,91.62592811801005,0.3492461212374891,11.88772352,2025-12-07T21:37:27.700919
1900,0.03983523703349203,0.32016598954214714,3.9724094745415745e-05,0.002954743104055524,0.035191590199247,36.90423356019892,55.544323530979455,0.3128075950080529,92.81402556505054,0.344775477684374,11.887558656,2025-12-07T21:53:03.023239
1910,0.04027785077830861,0.4833030462232273,3.971957615693714e-05,0.0028126677498221397,0.03897532180417329,36.78918537998106,55.71799628494773,0.2641319460235536,92.82806481397711,0.34472333409218897,11.887850496,2025-12-07T22:08:30.978871
1920,0.04072046452312519,0.4285411737407685,3.971502115764211e-05,0.00286290911026299,0.03823366400320083,36.637763203820214,55.46020478825085,0.26953972096089274,92.42191199900117,0.34623823839898304,11.888611328,2025-12-07T22:24:01.633148
1930,0.041163078267941765,0.4972397984820418,3.971042975689041e-05,0.0029210017528384924,0.037296904949471354,36.564296351978555,55.033833252149634,0.20548518502619117,91.8597432100214,0.3483571680234021,11.889396736,2025-12-07T22:39:32.383754
1940,0.04160569201275834,0.3296268407611933,3.970580196411664e-05,0.0029040249064564705,0.045238000340759754,36.99904508679174,55.95806774799712,0.22135109303053468,93.24543757003266,0.34318032961093853,11.887792128,2025-12-07T22:54:59.988863
1950,0.04204830575757492,0.7093762304521078,3.970113778883015e-05,0.0031687511363998055,0.04240163112990558,37.05688586283941,56.15376597526483,0.17447648500092328,93.44735951302573,0.3424387822915369,11.887906816,2025-12-07T23:10:30.544029
1960,0.0424909195023915,0.41953370076953433,3.9696437240615046e-05,0.0026358800241723657,0.04368618503212929,36.595802479889244,55.111920664901845,0.23175623291172087,91.99859590793494,0.34783139551415676,11.887936512,2025-12-07T23:25:59.648069
1970,0.042933533247208076,0.5085363817343023,3.969170032913019e-05,0.0027910718927159905,0.038001999841071665,36.57385829731356,55.4625879857922,0.18408842606004328,92.27587337407749,0.3467862056452729,11.887847936,2025-12-07T23:41:24.313103
1980,0.043376146992024654,0.3846481312357355,3.968692706410914e-05,0.0032419958151876926,0.042668001959100366,37.427639586268924,56.68405174976215,0.18809801805764437,94.36582983494736,0.3391057976809011,11.891764736,2025-12-07T23:56:53.039578
1990,0.04381876073684123,0.3469577479700092,3.96821174553602e-05,0.0037272776244208217,0.04273589525837451,36.82403861882631,55.5754548269324,0.17843479907605797,92.63941669196356,0.34542531832215206,11.887965184,2025-12-08T00:12:26.694048
2000,0.04426137448165781,0.4072241829126142,3.967727151276632e-05,0.0030302180675789714,0.038755980553105474,36.674580445629545,55.1369784710696,0.19556257093790919,92.06861385295633,0.3475668706287629,11.887837184,2025-12-08T00:27:54.666783
2010,0.04470398822647439,0.5145714991376735,3.967238924628508e-05,0.00321814208291471,0.03859143424779177,37.457913094665855,56.82481701916549,0.20536213100422174,94.54817988700233,0.33845178234255024,11.88580608,2025-12-08T01:01:28.518282
2020,0.045146601971290966,0.4745915594394319,3.966747066594876e-05,0.0034679813543334603,0.03961021243594587,36.42131536011584,55.015041938982904,0.15599082200787961,91.65041351504624,0.349152816367234,11.889895424,2025-12-08T01:17:01.429983
2030,0.045589215716107544,0.46382496230944525,3.966251578186422e-05,0.0036679768236353993,0.04120802611578256,36.65606857580133,55.28355833492242,0.1822653809795156,92.18552076793276,0.347126096738734,11.887617024,2025-12-08T01:32:28.264152
2040,0.04603182946092412,0.49002951259171823,3.965752460421295e-05,0.003729884047061205,0.041257333126850426,36.89927379065193,55.78144388413057,0.18551934498827904,92.92647226003464,0.3443582783434942,11.885864448,2025-12-08T01:47:54.063088
2050,0.0464744432057407,0.6473162673646584,3.965249714325101e-05,0.0027336609782651067,0.03203687979839742,37.07963919523172,56.0721168826567,0.16063688695430756,93.36311319703236,0.34274778233313186,11.890714112,2025-12-08T02:03:26.177576
2060,0.04691705695055728,0.39972125258645974,3.9647433409308986e-05,0.0027352109318599105,0.04531369998585433,36.45432507712394,54.92500171798747,0.2066862970823422,91.64796167705208,0.34916215717662324,11.890305536,2025-12-08T02:18:56.649228
2070,0.047359670695373855,0.3990744903712766,3.9642333412792015e-05,0.0030497914412990212,0.040621835622005165,36.79153488809243,55.281211890047416,0.26858768495731056,92.40202241705265,0.3463127663544997,11.890830848,2025-12-08T02:34:18.928328
2080,0.04780228444019043,0.4204585242259782,3.9637197164179765e-05,0.003820004058070481,0.041318334988318384,36.478016269160435,55.149761517881416,0.20010022597853094,91.88655879104044,0.3482555057129881,11.88773376,2025-12-08T02:49:47.846945
2090,0.04824489818500701,0.33594220923259854,3.9632024674026375e-05,0.0031044778879731894,0.04293398803565651,36.44693190604448,55.054398442967795,0.20535729604307562,91.76618210296147,0.34871233897576853,11.887847936,2025-12-08T03:05:17.989549
2100,0.04868751192982359,0.4610900019761175,3.962681595296048e-05,0.0030277082696557045,0.04235567804425955,36.400206796010025,54.77273130067624,0.2456680010072887,91.4812377479393,0.349798502816178,11.888688128,2025-12-08T03:20:45.539200
2110,0.04913012567464017,0.43968759471317753,3.9621571011685125e-05,0.0031485067447647452,0.042625309666618705,37.29390016943216,56.55999040952884,0.2803357760421932,94.19423781696241,0.33972354086225715,11.891648,2025-12-08T03:36:22.020865
2120,0.049572739419456745,0.5824723802506924,3.9616289860977805e-05,0.003136342274956405,0.03859173087403178,37.55329806194641,57.10468956083059,0.21262995002325624,94.92904708499555,0.33709387150329784,11.88972032,2025-12-08T03:51:57.076176
2130,0.05001535316427332,0.40718729101354256,3.9610972511690436e-05,0.0030643297359347343,0.034730948973447084,36.49163806019351,55.255582065088674,0.17076895700301975,91.97438583697658,0.34792295386151956,11.88779008,2025-12-08T04:07:25.284229
2140,0.0504579669090899,0.17002253161626868,3.960561897474927e-05,0.003603840130381286,0.0430693170055747,37.00308692024555,56.04957677877974,0.2557780729839578,93.36916753707919,0.34272555752724276,11.88913664,2025-12-08T04:22:51.666543
2150,0.05090058065390648,0.37582550404476933,3.960022926115495e-05,0.002787655801512301,0.03861303720623255,36.36299489927478,55.40827314276248,0.23783796397037804,92.06491205003113,0.3475808458124648,11.887792128,2025-12-08T04:38:21.248033
2160,0.051343194398723056,0.40845558485307265,3.959480338198245e-05,0.003192269941791892,0.036013460950925946,37.07822819822468,57.05813620088156,0.20135190500877798,94.39522286993451,0.3390002060177582,11.887908864,2025-12-08T04:53:57.004887
2170,0.051785808143539634,0.4365118897112552,3.958934134838107e-05,0.003326058038510382,0.03836016997229308,36.313341111992486,54.87294096592814,0.1922706620534882,91.43597790703643,0.34997164937126407,11.887850496,2025-12-08T05:09:23.154231
2180,0.05222842188835621,0.2681670588790439,3.9583843171574394e-05,0.0030965589685365558,0.04293266381137073,36.747210560017265,55.419405728112906,0.1984864929690957,92.424132333952,0.34622992060532226,11.887792128,2025-12-08T05:24:47.500642
2190,0.0526710356331728,0.30912564671598375,3.957830886286027e-05,0.003717707935720682,0.04391313693486154,37.28903125738725,56.34248296171427,0.20759808202274144,93.90033288195264,0.3407868643046132,11.898134016,2025-12-08T05:40:18.991055
2200,0.053113649377989375,0.4620990318217082,3.9572738433610774e-05,0.0027750810841098428,0.0382897281087935,37.07789929606952,56.046818728675134,0.16594261303544044,93.34518444200512,0.34281361369939156,11.894161408,2025-12-08T05:55:45.605753
2210,0.05355626312280595,0.3700055521912873,3.956713189527225e-05,0.0030867811292409897,0.04060855379793793,36.98096824390814,55.7767276908271,0.24739853001665324,93.06309490499552,0.3438527381092102,11.891706368,2025-12-08T06:11:13.247813
2220,0.05399887686762253,0.46937711436476093,3.9561489259365196e-05,0.00263589876703918,0.036517427884973586,36.71804641012568,55.35504103102721,0.22153862996492535,92.34750648401678,0.3465172067806559,11.887908864,2025-12-08T06:26:37.967887
2230,0.05444149061243911,0.5714477107860034,3.9555810537484295e-05,0.003011606982909143,0.04061701917089522,37.03623586008325,56.35024684481323,0.14907796296756715,93.59621604403947,0.341894163594639,11.89860096,2025-12-08T06:42:10.975509
2240,0.054884104357255686,0.32862787635531276,3.95500957412984e-05,0.0027754507027566433,0.037094613653607666,37.61148987384513,56.72422299825121,0.18212875293102115,94.57117974595167,0.33836947033929576,11.889186816,2025-12-08T06:57:46.804085
2250,0.055326718102072264,0.6277097673446406,3.954434488255048e-05,0.002895547077059746,0.03764347510877997,37.70450215775054,57.76013961026911,0.3011777630308643,95.82354912499432,0.33394713817433863,11.88773376,2025-12-08T07:13:21.723936
2260,0.05576933184688884,0.34049805094218755,3.9538557973057596e-05,0.003145208233036101,0.03877265681512654,37.34674196410924,56.47576966229826,0.19665544503368437,94.07788599003106,0.3401436975676821,11.88972032,2025-12-08T07:28:50.713480
2270,0.05621194559170542,0.44254887229180895,3.953273502471091e-05,0.002782011986710131,0.032185451942496,37.285460888175294,56.59439154318534,0.2486919149523601,94.17575946100987,0.33979019848784403,11.893576192,2025-12-08T07:44:18.830068
2280,0.056654559336522,0.35682145789905917,3.9526876049475605e-05,0.003034927067346871,0.032719532027840614,36.85493997391313,55.640646479907446,0.3087797820335254,92.85675935598556,0.3446168078870962,11.892780544,2025-12-08T07:59:46.735280
2290,0.057097173081338576,0.3660866252539563,3.952098105939091e-05,0.0033560339361429214,0.04318553383927792,36.770163851673715,55.59043677628506,0.220211370033212,92.64792018895969,0.3453936141764924,11.888254976,2025-12-08T08:15:14.743096
2300,0.057539786826155154,0.2946825234221251,3.951505006657009e-05,0.0028487459057942033,0.040839517139829695,36.60730151261669,55.206474668113515,0.16967292700428516,92.04371401201934,0.34766089508101927,11.888190976,2025-12-08T08:30:39.466962
2310,0.05798240057097173,0.8028121808310971,3.9509083083200324e-05,0.0028949150582775474,0.0384216959355399,36.66165299108252,55.887264563003555,0.21020116400904953,92.81555276096333,0.344769804715947,11.888468992,2025-12-08T08:46:13.044792
2320,0.05842501431578831,0.4555860456530354,3.9503080121542794e-05,0.0031344289891421795,0.04096989217214286,36.77891982998699,55.69266648881603,0.24541498406324536,92.77252587198745,0.3449297052034061,11.885689344,2025-12-08T09:01:46.963182
2330,0.05886762806060489,0.4138700677867746,3.949704119393261e-05,0.0033691346179693937,0.03681420173961669,36.58096785412636,56.185879160882905,0.23329383600503206,93.05859989405144,0.3438693472331677,11.889311744,2025-12-08T09:17:23.020099
2340,0.059310241805421465,0.6993349631302408,3.949096631277879e-05,0.0025620879605412483,0.04051452409476042,37.336551646119915,56.721975352964364,0.19836564594879746,94.31613062298857,0.3392844870610111,11.900412928,2025-12-08T09:32:54.578440
2350,0.05975285555023804,0.4511045878753066,3.948485549056419e-05,0.003370921011082828,0.043400251073762774,36.57058231381234,55.09706626390107,0.2467913159634918,91.97518450499047,0.3479199326668784,11.887966208,2025-12-08T09:48:22.078819
2360,0.06019546929505462,0.4892492548315204,3.9478708739845536e-05,0.002531931735575199,0.0382642128970474,36.53034903400112,54.869488385971636,0.25906438496895134,91.71501729497686,0.34890687418267113,11.887894528,2025-12-08T10:03:48.169624
2370,0.0606380830398712,0.583325572166359,3.9472526073253425e-05,0.0036626841174438596,0.04116470168810338,37.081279629142955,56.047341585042886,0.20587739802431315,93.39896489097737,0.3426162167573583,11.892875776,2025-12-08T10:19:21.027627
2380,0.06108069678468778,0.3592223087325692,3.946630750349219e-05,0.003150606993585825,0.043524956912733614,37.04715753288474,55.73930586222559,0.19832651095930487,93.04981561098248,0.3439018099056083,11.888594944,2025-12-08T10:34:52.190339
2390,0.061523310529504355,0.505106953176437,3.946005304333999e-05,0.00274632906075567,0.043222966603934765,36.293652318418026,54.65937401284464,0.15235788701102138,91.1643065289827,0.3510145715837442,11.888786432,2025-12-08T10:50:21.404518
2400,0.06196592427432093,0.4866457333264407,3.945376270564869e-05,0.0030049117049202323,0.053125120350159705,37.48922271875199,56.97180110530462,0.2350902509642765,94.77016812504735,0.3376589979008652,11.888023552,2025-12-08T11:05:47.851011
2410,0.06240853801913751,0.8610017633727693,3.944743650334391e-05,0.0034722309792414308,0.043232890078797936,36.56887990690302,55.369206074858084,0.20176069694571197,92.20297572005074,0.3470603822718184,11.887583744,2025-12-08T11:21:14.780134
2420,0.06285115176395409,0.2964040129299974,3.9441074449424975e-05,0.003174498095177114,0.040398716111667454,36.90398981876206,55.86103575734887,0.18201839993707836,93.0052777089877,0.34406649588346566,11.887617024,2025-12-08T11:36:42.631529
2430,0.06329376550877067,0.6123335479642265,3.943467655696483e-05,0.0029852426378056407,0.04766759101767093,36.95435085706413,55.838482319843024,0.16160683997441083,93.02177530399058,0.3440054750129803,11.887558656,2025-12-08T11:52:13.767244
2440,0.06373637925358724,0.4193297118181363,3.942824283911012e-05,0.0030672913417220116,0.05050273519009352,37.07698291295674,56.16659233404789,0.1702526779845357,93.4868905210169,0.3422939817728352,11.894336512,2025-12-08T12:07:50.199944
2450,0.06417899299840382,0.4398963351268321,3.942177330908105e-05,0.003360052825883031,0.04522691201418638,36.53171170898713,55.014994995086454,0.1722511879634112,91.7801584249828,0.34865923691072553,11.887617024,2025-12-08T12:23:11.290880
2460,0.0646216067432204,0.6073650958715007,3.9415267980171475e-05,0.002995398244820535,0.039686332223936915,36.54456980782561,55.29579528293107,0.2147395679494366,92.11483504995704,0.3473924692221975,11.88580608,2025-12-08T12:38:35.912078
2470,0.06506422048803698,0.5715911962033715,3.9408726865748756e-05,0.0028002250473946333,0.04781899496447295,36.72235908487346,55.382003805367276,0.15213819895870984,92.32343018404208,0.34660757227292815,11.887933952,2025-12-08T12:54:01.968675
2480,0.06550683423285356,0.3750052336836234,3.940214997925379e-05,0.0029151798225939274,0.04503971501253545,36.52994269609917,55.10262355895247,0.2128390419529751,91.90782603097614,0.348174920264297,11.887845376,2025-12-08T13:09:30.102869
2490,0.06594944797767013,0.31200272178648447,3.939553733420103e-05,0.0030522352317348123,0.052519636461511254,36.74672455166001,55.64378535724245,0.21323213796131313,92.67665031901561,0.34528654078290705,11.885864448,2025-12-08T13:24:56.968130
2500,0.06639206172248671,0.5716497747343965,3.938888894417835e-05,0.003928462858311832,0.043956348090432584,37.11366365815047,56.37088653887622,0.20597099291626364,93.7528594660107,0.34132292265284264,11.891005952,2025-12-08T13:40:28.121163
2510,0.06683467546730329,0.44230060069821775,3.9382204822847116e-05,0.002828395809046924,0.05006657086778432,36.57158443238586,55.08813464373816,0.19500059098936617,91.92293741507456,0.3481176831360948,11.888053248,2025-12-08T14:13:47.942842
2520,0.06727728921211987,0.4438275468419306,3.937548498394209e-05,0.00364047905895859,0.05251808592583984,37.10000566917006,56.184028045856394,0.24729349999688566,93.60320639703423,0.34186863069910717,11.88834816,2025-12-08T14:29:16.773373
2530,0.06771990295693645,0.4512862713309005,3.936872944127145e-05,0.002866088063456118,0.05315366806462407,36.79539065004792,55.687607837840915,0.27946627198252827,92.83322602696717,0.34470416864220904,11.897783808,2025-12-08T14:44:44.531160
2540,0.06816251670175302,0.3734567030114704,3.9361938208716715e-05,0.003987180767580867,0.061075622914358974,36.94079173414502,56.26354864274617,0.3052879619644955,93.59071086801123,0.34191427443188077,11.88773376,2025-12-08T15:00:17.137154
2550,0.0686051304465696,0.5215873719644151,3.9355111300232755e-05,0.0029154837829992175,0.05233853403478861,36.716406921856105,55.39958722109441,0.2773818529676646,92.46739324508235,0.34606793678269765,11.887908864,2025-12-08T15:15:46.289452
2560,0.06904774419138618,0.2338751442366629,3.934824872984773e-05,0.0033798653166741133,0.04557744797784835,36.455278669134714,54.84779660298955,0.1654080169973895,91.53431233891752,0.3495956781924127,11.887704064,2025-12-08T15:31:10.551528
2570,0.06949035793620276,0.4809776169768156,3.934135051166311e-05,0.0031957089668139815,0.04850439971778542,36.793405537260696,55.62549406592734,0.20008930505719036,92.68475676397793,0.34525634114235326,11.887792128,2025-12-08T15:46:38.116356
2580,0.06993297168101933,0.19058570358902216,3.933441665985359e-05,0.00273794773966074,0.037986354902386665,36.61789522797335,55.417480483301915,0.19534938700962812,92.2806419970002,0.34676828539012805,11.887847936,2025-12-08T16:02:04.297701
2590,0.07037558542583591,0.41167871333891526,3.932744718866711e-05,0.003923372132703662,0.05291035887785256,37.29084112518467,56.664280491066165,0.19766698102466762,94.22806790599134,0.33960157213374564,11.887967232,2025-12-08T16:17:33.715994
2600,0.07081819917065249,0.402895556850126,3.932044211242478e-05,0.004509661230258644,0.0474501809803769,36.64658709382638,55.26930127211381,0.18974262999836355,92.16953576297965,0.34718629897724795,11.88773376,2025-12-08T16:32:57.012869
2610,0.07126081291546907,0.44711674042628147,3.9313401445520856e-05,0.003041500342078507,0.052817890886217356,36.845714389695786,55.38032337813638,0.1940306139877066,92.4959770910209,0.34596099210358433,11.887967232,2025-12-08T16:48:25.895169
2620,0.07170342666028565,0.7035453633288853,3.930632520242279e-05,0.002989388885907829,0.052794666145928204,36.70799099188298,55.43435893324204,0.22354611696209759,92.4354390760418,0.34618756961467206,11.887967232,2025-12-08T17:03:49.879071
2630,0.07214604040510222,0.5395545262726955,3.92992133976711e-05,0.0025666250148788095,0.05287945712916553,36.9061550690094,55.95651870092843,0.20106723299250007,93.13510660594329,0.343586872514064,11.888144384,2025-12-08T17:19:16.855195
2640,0.0725886541499188,0.4116261483868584,3.929206604587934e-05,0.003079454181715846,0.04849513492081314,36.63552776805591,55.25722064799629,0.19656480092089623,92.15095655992627,0.3472562976510203,11.88790784,2025-12-08T17:34:44.111986
2650,0.07303126789473538,0.5850948975457868,3.928488316173418e-05,0.003066843026317656,0.048521961900405586,36.627916258061305,55.228096835897304,0.1732122339308262,92.09979220095556,0.34744920955063774,11.885747712,2025-12-08T17:50:12.613770
2660,0.07347388163955196,0.5049098402960226,3.927766475999523e-05,0.003581593744456768,0.05080891097895801,36.59228008403443,55.090473090996966,0.18504760309588164,91.93869898898993,0.34805800334233733,11.887956992,2025-12-08T18:05:40.596078
2670,0.07391649538436854,0.5963615325745195,3.927041085549514e-05,0.003330335021018982,0.05215148092247546,36.28917857236229,54.871239349711686,0.2970810589613393,91.52936762699392,0.3496145644795489,11.889603584,2025-12-08T18:21:06.754714
2680,0.07435910912918511,0.34341748559381813,3.9263121463139493e-05,0.0026676433626562357,0.04738684976473451,36.98833772924263,55.90855618484784,0.224850267986767,93.18746266304515,0.343393833092207,11.887675392,2025-12-08T18:36:36.646827
2690,0.0748017228740017,0.7038808841025457,3.9255796597906795e-05,0.0026343752397224307,0.04487152921501547,36.73217036679853,55.35800183902029,0.17441267101094127,92.32775311300065,0.34659134356746396,11.889626112,2025-12-08T18:52:05.965034
2700,0.07524433661881828,0.632293793862118,3.9248436274848416e-05,0.002776813809759915,0.044775811838917434,36.55897309782449,55.2736370092025,0.21301758603658527,92.1093995179981,0.34741296944127,11.887908864,2025-12-08T19:07:35.775428
2710,0.07568695036363486,0.46244587498222245,3.924104050908863e-05,0.0028088102117180824,0.04821022308897227,37.00882355985232,55.83280353015289,0.19526050402782857,93.10569592798129,0.34369540639868584,11.885630976,2025-12-08T19:23:06.771428
2720,0.07612956410845144,0.5474022007547319,3.9233609315824516e-05,0.0028888998785987496,0.04035597899928689,37.035202163271606,56.12591446994338,0.24466528499033302,93.46343907504342,0.3423798687132264,11.890889216,2025-12-08T19:38:32.586051
2730,0.07657217785326802,0.46684276103042066,3.9226142710325945e-05,0.002896249061450362,0.04336223017890006,37.060560147161596,55.82894912583288,0.19270412891637534,93.14733429299667,0.3435417689930171,11.88957184,2025-12-08T19:53:56.371017
2740,0.0770147915980846,0.4501001167373033,3.921864070793559e-05,0.003052894026041031,0.04018820507917553,36.952959420043044,55.89224663900677,0.2416799459606409,93.14013392094057,0.34356832713126995,11.891706368,2025-12-08T20:09:26.924473
2750,0.07745740534290117,0.4649393913568929,3.92111033240688e-05,0.0030580739257857203,0.044380506849847734,36.79912234900985,55.793823684798554,0.18027268000878394,92.83984989800956,0.34467957493634493,11.885747712,2025-12-08T20:24:57.126385
2760,0.07790001908771775,0.2656868356425548,3.9203530574213705e-05,0.002837006119079888,0.046264551929198205,36.528079590993,55.0986646238016,0.24697312095668167,91.93774283700623,0.3480616231435209,11.88913664,2025-12-08T20:40:25.028212
2770,0.07834263283253433,0.534644232102437,3.9195922473931016e-05,0.0027116902638226748,0.04490230593364686,37.28754327783827,56.58079864422325,0.2207837039604783,94.15473121905234,0.33986608623576803,11.899613696,2025-12-08T20:55:52.949975
2780,0.0787852465773509,0.42295809043571353,3.918827903885414e-05,0.0025892232079058886,0.04113824327941984,36.394117906689644,54.89197469118517,0.26304903090931475,91.60839352395851,0.34931296979496734,11.888202752,2025-12-08T21:11:18.034591
2790,0.07922786032216748,0.3801034671164416,3.91806002846891e-05,0.002797166001982987,0.034028384601697326,36.404751395923086,55.08883559703827,0.19815430894959718,91.73883883701637,0.34881627460808984,11.88913152,2025-12-08T21:26:43.977731
2800,0.07967047406698406,0.5237598116509616,3.917288622721444e-05,0.002644954831339419,0.036312331329099834,37.2448854460381,56.74962443404365,0.23646076396107674,94.28599414404016,0.33939293200975096,11.88828672,2025-12-08T21:42:13.079964
2810,0.08011308781180064,0.3790032686141558,3.916513688228132e-05,0.0033101310255005956,0.04360546020325273,36.46258615271654,54.82728522724938,0.30186991102527827,91.65436942107044,0.34913774653763,11.88790784,2025-12-08T21:57:38.302080
2820,0.08055570155661722,0.4037280297779944,3.915735226581334e-05,0.0031858243746683,0.03713575913570821,36.72765549470205,55.53840961016249,0.22035896801389754,92.54163806606084,0.34579029147027635,11.8877312,2025-12-08T22:13:07.067060
2830,0.0809983153014338,0.3867009928362677,3.914953239380661e-05,0.0029716568533331156,0.040972411748953164,37.06648586830124,56.24910926283337,0.19498700893018395,93.56995769904461,0.34199010865136614,11.890417152,2025-12-08T22:28:36.042821
2840,0.08144092904625037,0.41011222002271097,3.91416772823297e-05,0.002550693927332759,0.041439092019572854,37.20750837808009,56.21600924595259,0.18934096000157297,93.66937697899994,0.3416271254496994,11.89918464,2025-12-08T22:44:02.433370
2850,0.08188354279106695,0.27444185274725896,3.913378694752356e-05,0.003186106914654374,0.044373381650075316,36.8231796992477,55.526254995842464,0.19278776296414435,92.60527318599634,0.34555267641971604,11.890422272,2025-12-08T22:59:31.079989
2860,0.08232615653588353,0.3214634727919474,3.9125861405601514e-05,0.003540456062182784,0.04206886305473745,36.57556399400346,55.380490940762684,0.16844989906530827,92.18632775789592,0.3471230580313374,11.887850496,2025-12-08T23:15:00.097045
2870,0.08276877028070011,0.5686922451714054,3.911790067284928e-05,0.0031624739058315754,0.04608995432499796,36.85185002582148,55.708653060137294,0.263105405960232,92.88785935100168,0.3445014259514736,11.889545216,2025-12-08T23:30:26.029445
2880,0.08321138402551669,0.32325529781519435,3.9109904765624855e-05,0.002965613384731114,0.045222245273180306,37.20027858088724,56.5763500953326,0.2710521890548989,94.11383351602126,0.34001377698160123,11.902639616,2025-12-08T23:45:52.424290
2890,0.08365399777033326,0.4928448730497621,3.910187370035849e-05,0.00355079909786582,0.04700460494495928,36.934529581689276,55.69484456558712,0.2235218979185447,92.9188077300787,0.3443866831885887,11.887937536,2025-12-09T00:01:20.761871
2900,0.08409661151514984,0.42949959645193303,3.909380749355271e-05,0.003038221155293286,0.04248856601770967,36.64760405104607,55.25789253041148,0.16242023697122931,92.12545070401393,0.34735243904327245,11.887850496,2025-12-09T00:16:46.183342
2910,0.08453922525996642,0.2099612342135515,3.9085706161782236e-05,0.0026974681532010436,0.04580799618270248,36.581212232937105,55.404896951047704,0.20127334806602448,92.25005333696026,0.3468832682742645,11.888191488,2025-12-09T00:32:15.285770
2920,0.084981839004783,0.576796960667707,3.9077569721694015e-05,0.0026863310486078262,0.03699515527114272,36.926176173845306,55.538399663055316,0.20210264099296182,92.71924957295414,0.3451279011357991,11.891941888,2025-12-09T00:47:42.151286
2930,0.08542445274959957,0.42253329389495775,3.906939819000705e-05,0.0030366219580173492,0.03670711209997535,36.71440127014648,55.33831571612973,0.2101678429171443,92.31550094601698,0.3466373433721876,11.888509952,2025-12-09T01:03:07.726778
2940,0.08586706649441615,0.5045698440517299,3.9061191583512514e-05,0.0033203180646523833,0.041724414099007845,37.44884850108065,56.98425813193899,0.37124697701074183,94.86747338797431,0.33731266215061245,11.887617024,2025-12-09T01:18:45.922799
2950,0.08630968023923273,0.4838427391368896,3.9052949919073636e-05,0.0030586669454351068,0.04030554508790374,36.76043261180166,55.741825108998455,0.28747025306802243,92.85101604601368,0.3446381241982525,11.887967232,2025-12-09T01:34:17.647368
2960,0.08675229398404931,0.5549055359560953,3.904467321362566e-05,0.003274847287684679,0.039429725147783756,36.8690046868287,55.48262706096284,0.20328863593749702,92.61219770100433,0.3455268398155395,11.888079872,2025-12-09T01:49:47.085777
2970,0.08719490772886589,0.8767303357599303,3.903636148417589e-05,0.003209772170521319,0.0467023589881137,37.17785441677552,56.28368397522718,0.27015394100453705,93.79884704493452,0.34115557928628204,11.892240896,2025-12-09T02:05:18.195289
2980,0.08763752147368246,0.35094098091940396,3.902801474780352e-05,0.0030382517725229263,0.04437753523234278,37.81522374576889,57.33422019390855,0.27162357000634074,95.48098089697305,0.3351452791894649,11.891531264,2025-12-09T02:20:45.113460
2990,0.08808013521849904,0.46384720341302454,3.901963302165976e-05,0.002942263730801642,0.04707430105190724,36.93865827762056,55.749039117246866,0.24024080391973257,92.99667673592921,0.34409831752231657,11.894110208,2025-12-09T02:36:11.627265
3000,0.08852274896331562,0.3408684642345179,3.901121632296767e-05,0.0027317871572449803,0.036821894347667694,37.04632599349134,55.97511061828118,0.17981149989645928,93.25571225292515,0.3431425188540797,11.887908864,2025-12-09T02:51:35.256037
3010,0.0889653627081322,0.4429255482973531,3.9002764669022184e-05,0.003425686969421804,0.04177111422177404,37.274265887914225,57.11901698075235,0.20361299102660269,94.65808729291894,0.33805880633290397,11.887967232,2025-12-09T03:25:06.124284
3020,0.08940797645294878,0.53250433068024,3.899427807719005e-05,0.0029357410967350006,0.03928156802430749,37.07926082483027,56.026090197847225,0.21404114400502294,93.37771969102323,0.3426941684363737,11.88744192,2025-12-09T03:40:36.654078
3030,0.08985059019776535,0.507836502045393,3.8985756564909815e-05,0.0027727297274395823,0.04238289862405509,37.15867707133293,56.4035110368859,0.20148234395310283,93.82183169794735,0.34107200233546603,11.8901888,2025-12-09T03:56:02.299458
3040,0.09029320394258193,0.5552526991668856,3.89772001496918e-05,0.0033384989947080612,0.04314684099517763,37.04923156835139,55.89902368676849,0.17258665896952152,93.18185663304757,0.3434144924372647,11.887772672,2025-12-09T04:11:31.209803
3050,0.09073581768739851,0.47658712388874847,3.896860884911804e-05,0.0026572111528366804,0.039353554719127715,37.51695206121076,56.99177494086325,0.24477527604904026,94.80858283198904,0.33752218463920536,11.89031168,2025-12-09T04:27:02.530315
3060,0.09117843143221509,0.3561815401153581,3.895998268084223e-05,0.0029641117434948683,0.04229822917841375,36.570098173921,55.342951573082246,0.23201480798888952,92.20274322200567,0.3470612574178019,11.887850496,2025-12-09T04:42:30.175543
3070,0.09162104517703167,0.4695636752585415,3.895132166258972e-05,0.002788442769087851,0.04367641045246273,36.78431642893702,55.56700239703059,0.1692447270033881,92.58254196599592,0.3456375178351993,11.887675392,2025-12-09T04:58:06.638783
3080,0.09206365892184824,0.5820940622943453,3.89426258121575e-05,0.0030485562747344375,0.035690495977178216,36.67170967592392,55.55889054608997,0.17322473810054362,92.45820816000924,0.34610231624455057,11.886974976,2025-12-09T05:13:32.343178
3090,0.09250627266666482,0.38227525976253673,3.893389514741412e-05,0.002829721081070602,0.042814650223590434,36.42829817766324,54.927783109014854,0.20538614899851382,91.62071690196171,0.34926598570759315,11.889078272,2025-12-09T05:28:57.044931
3100,0.0929488864114814,0.3822395136812702,3.892512968629962e-05,0.0037407990312203765,0.03967009508050978,36.96585562906694,55.99420273897704,0.27209815103560686,93.28555636189412,0.3430327399866542,11.888494592,2025-12-09T05:44:28.231603
3110,0.09339150015629798,0.5697907302092062,3.8916329446825626e-05,0.0030715338652953506,0.04000547109171748,36.70887921995018,55.39374832739122,0.19874302903190255,92.36076257703826,0.34646747284387946,11.888079872,2025-12-09T05:59:54.981756
3120,0.09383411390111455,0.39627322046726476,3.8907494447075153e-05,0.003733005025424063,0.04146620002575219,37.18776464893017,56.291881083045155,0.1877165799960494,93.72823287907522,0.34141260340718516,11.8956032,2025-12-09T06:15:24.468912
3130,0.09427672764593113,0.38308822218095884,3.8898624705202694e-05,0.00338973815087229,0.04430316295474768,37.117450971272774,56.52622682007495,0.2326740330317989,93.93710061209276,0.3406534776088305,11.88763648,2025-12-09T06:30:55.532069
3140,0.09471934139074771,0.5128006092272699,3.888972023943409e-05,0.002510621794499457,0.0377316641388461,36.77082126564346,55.83764846902341,0.32480111299082637,92.98790374107193,0.34413078166709854,11.888538624,2025-12-09T06:46:25.281890
3150,0.09516195513556429,0.45043014269322157,3.888078106806658e-05,0.002568333176895976,0.044589700759388506,36.76957828493323,55.573598548886366,0.17758549191057682,92.58064018702134,0.34564461787428863,11.890130432,2025-12-09T07:01:50.405373
3160,0.09560456888038087,0.5190627641277388,3.8871807209468654e-05,0.00309292902238667,0.04403804789762944,36.979466866119765,55.82449090271257,0.17963093391153961,93.04948918404989,0.34390301634762,11.890363904,2025-12-09T07:17:19.356957
3170,0.09604718262519744,0.470791294996161,3.8862798682080157e-05,0.0037430812371894717,0.041981344926171005,36.82505747617688,55.31926847016439,0.2498407729435712,92.45652125799097,0.3461086310040489,11.887967232,2025-12-09T07:32:53.090937
3180,0.09648979637001402,0.5622621921938844,3.885375550441211e-05,0.0030642958590760827,0.04645622114185244,36.674262021901086,55.36851541989017,0.3183120449539274,92.42882258899044,0.3462123513386791,11.893752832,2025-12-09T07:48:23.583744
3190,0.0969324101148306,0.37338802800513804,3.8844677695046764e-05,0.0032436761539429426,0.04365748097188771,36.94535938091576,55.82522559794597,0.18924976501148194,93.02116918598767,0.34400771652330886,11.887908864,2025-12-09T08:03:52.189487
3200,0.09737502385964718,0.4829447800293565,3.8835565272637526e-05,0.003307485021650791,0.04223064798861742,37.3700863228878,56.58622462314088,0.20599075697828084,94.22395166801289,0.339616407861435,11.888618496,2025-12-09T08:19:22.319237
3210,0.09781763760446376,0.2863673306637793,3.882641825590891e-05,0.0029557247180491686,0.04090330586768687,37.216538415174,56.40476100274827,0.1946522380458191,93.87659557303414,0.3408730344839213,11.889778688,2025-12-09T08:34:55.441381
3220,0.09826025134928033,0.41562086527846986,3.881723666365655e-05,0.003014007001183927,0.0384163991548121,36.897127736825496,55.53902994899545,0.1763590530026704,92.66802713391371,0.34531867127976185,11.887849472,2025-12-09T08:50:18.286700
3230,0.09870286509409691,0.29764781342237256,3.880802051474711e-05,0.0035531941102817655,0.03926806803792715,36.988532571238466,56.09185318578966,0.2030134970555082,93.3388790069148,0.3428367722053889,11.887908864,2025-12-09T09:05:43.368923
3240,0.09914547883891349,0.39083273430696863,3.8798769828118255e-05,0.00280957471113652,0.03887341800145805,37.227660121861845,56.26385965524241,0.16122617397923023,93.70714892202523,0.3414894206911317,11.885745152,2025-12-09T09:21:14.704326
3250,0.09958809258373007,0.23055812269740272,3.878948462277863e-05,0.0028622703393921256,0.03935353388078511,36.973855276359245,56.26092610543128,0.26521289302036166,93.55451917496976,0.34204654443418386,11.887675392,2025-12-09T09:36:45.296059
3260,0.10003070632854665,0.4031724976375699,3.878016491780778e-05,0.0027246777899563313,0.04540721978992224,37.5460561751388,56.82767480739858,0.21610482910182327,94.65825676301029,0.3380582010940294,11.888319488,2025-12-09T09:52:14.866867
3270,0.10047332007336322,0.3207574608095456,3.877081073235622e-05,0.003221709281206131,0.04291572701185942,36.889783904422075,55.68166477303021,0.23518702294677496,92.87212291790638,0.34455979894296335,11.891825152,2025-12-09T10:07:42.700141
3280,0.1009159338181798,0.2691704362605378,3.876142208564521e-05,0.0036325573455542326,0.045824139029718935,37.17872200906277,55.935833364957944,0.31951923202723265,93.50128794799093,0.34224127498435797,11.887850496,2025-12-09T10:23:11.690322
3290,0.10135854756299638,0.5033083517555497,3.875199899696691e-05,0.0028653439367190003,0.04095684364438057,36.4835434849374,55.014185239211656,0.19346442504320294,91.74789595999755,0.34878184033726645,11.887617024,2025-12-09T10:38:37.694335
3300,0.10180116130781296,0.4632824456321032,3.874254148568419e-05,0.0029114553472027183,0.044736584881320596,36.85061559989117,55.63718072231859,0.18699750397354364,92.73969298496377,0.34505182160985026,11.885864448,2025-12-09T10:54:06.019914
3310,0.10224377505262953,0.40518070749385515,3.873304957123071e-05,0.003071647137403488,0.038160696625709534,36.884385603363626,55.591317938873544,0.1607348689576611,92.69370823493227,0.3452229995901769,11.88790784,2025-12-09T11:09:32.741384
3320,0.10268638879744611,0.6434130131383426,3.872352327311078e-05,0.0033812320325523615,0.04468206723686308,36.4250219296664,54.86135150108021,0.23118683299981058,91.581588148023,0.34941521158465294,11.889603584,2025-12-09T11:25:00.461910
3330,0.10312900254226269,0.3357407301082276,3.8713962610899364e-05,0.002616233192384243,0.04029084672220051,36.67060999840032,55.46418041375,0.2138527239440009,92.40323784993961,0.3463082111036752,11.888768,2025-12-09T11:40:26.166382
3340,0.10357161628707927,0.6376941813796293,3.8704367604242084e-05,0.002742763957940042,0.03780171601101756,36.99653078429401,56.31962814414874,0.2866889659781009,93.6593205240788,0.3416638068794568,11.888027648,2025-12-09T11:56:01.316135
3350,0.10401423003189585,0.5313549533602782,3.869473827285508e-05,0.003504213993437588,0.042486409773118794,36.389452119357884,54.66206019569654,0.17627824295777828,91.28622073994484,0.3505457859972234,11.887932928,2025-12-09T12:11:30.436908
3360,0.10445684377671242,0.4680581852517207,3.8685074636525035e-05,0.0029949708841741085,0.04255117115098983,36.62505881197285,55.32433614844922,0.21342018304858357,92.22458417201415,0.34697906515159443,11.89334272,2025-12-09T12:26:55.685573
3370,0.10489945752152902,0.3731091147292318,3.867537671510916e-05,0.0036620303289964795,0.04184311395511031,36.9718009600183,55.956972955027595,0.20029478101059794,93.19277269800659,0.3433742668403779,11.887908864,2025-12-09T12:42:28.076334
3380,0.1053420712663456,0.4565721234193916,3.866564452853507e-05,0.002864623791538179,0.03596685791853815,37.31347797997296,56.49615551892202,0.17520377202890813,94.03938658197876,0.34028295125153785,11.887849472,2025-12-09T12:57:58.540673
3390,0.10578468501116217,0.3850599937577499,3.865587809680082e-05,0.003237652243115008,0.04837393423076719,37.28156158095226,56.20186669914983,0.20544134103693068,93.75808249705005,0.3413039083964503,11.891005952,2025-12-09T13:13:29.442391
3400,0.10622729875597875,0.6543689886457287,3.8646077439974805e-05,0.0031002042815089226,0.04242262931074947,37.04749029362574,56.0331358370604,0.20307266293093562,93.3456294479547,0.3428119794065104,11.887792128,2025-12-09T13:28:53.200828
3410,0.10666991250079533,0.4692080406130117,3.8636242578195785e-05,0.003220059326849878,0.04559895012062043,36.40394357685,54.80035847995896,0.16407881397753954,91.43311597499996,0.3499826037728997,11.888365568,2025-12-09T13:44:16.528233
3420,0.1071125262456119,0.6172614779789001,3.8626373531672775e-05,0.003141887136735022,0.043263052590191364,37.37041631725151,56.80112848512363,0.21493677492253482,94.44645806890912,0.33881630560092013,11.88826112,2025-12-09T13:59:48.482234
3430,0.10755513999042848,0.426391692366451,3.861647032068503e-05,0.003212639014236629,0.04370073101017624,37.27118881198112,56.58181775349658,0.20983632002025843,94.123080360936,0.33998037332914355,11.895387136,2025-12-09T14:15:18.944574
3440,0.10799775373524506,0.5293687079902156,3.8606532965582043e-05,0.003018104936927557,0.043772323871962726,37.00065582583193,56.18850444536656,0.21068454498890787,93.4572518649511,0.3424025355061915,11.89047552,2025-12-09T14:30:50.380816
3450,0.10844036748006164,0.4230150778312236,3.859656148678343e-05,0.003164827823638916,0.03430492233019322,36.93077877385076,55.85540991288144,0.2045630170032382,93.04072893608827,0.3439353965292072,11.887908864,2025-12-09T14:46:25.843554
3460,0.10888298122487822,0.44432921361294575,3.8586555904778935e-05,0.003240757971070707,0.042340217041783035,37.212456381181255,56.72509259684011,0.21257116296328604,94.2127007850213,0.3396569648610224,11.887850496,2025-12-09T15:01:59.957340
3470,0.1093255949696948,0.3635534695786191,3.857651624012843e-05,0.00390323786996305,0.0334063118789345,36.848144227056764,55.44953753903974,0.19818534003570676,92.54499591293279,0.3457777450236845,11.889540096,2025-12-09T15:17:29.531016
3480,0.10976820871451137,0.6110315183395869,3.8566442513461715e-05,0.003780163126066327,0.04663798271212727,37.216917203506455,56.03119314671494,0.18895799398887902,93.51055538805667,0.3422073568829118,11.887915008,2025-12-09T15:33:04.138215
3490,0.11021082245932795,0.4670513182882132,3.855633474547869e-05,0.003487565089017153,0.042941037798300385,36.37190870207269,54.90582919982262,0.21898272796534002,91.55875645997003,0.3495023440383943,11.887813632,2025-12-09T15:48:38.871086
3500,0.11065343620414453,0.43576047860551625,3.854619295694911e-05,0.003036084701307118,0.04182284907437861,36.943999032024294,55.6705344573129,0.17493696103338152,92.84829579701182,0.344648221330411,11.887973376,2025-12-09T16:04:04.296789
3510,0.1110960499489611,0.792129594454309,3.853601716871272e-05,0.002924460102804005,0.04891056404449046,36.68432733917143,55.47384651971515,0.18700142204761505,92.41199330298696,0.3462754005866216,11.885919744,2025-12-09T16:37:34.717818
3520,0.11153866369377768,0.5272751513402909,3.85258074016791e-05,0.0024288720451295376,0.060848231078125536,37.5247560829157,56.75207971886266,0.2172827939502895,94.57278638298158,0.33836372199517234,11.89199104,2025-12-09T16:53:07.382149
3530,0.11198127743859426,0.7104061147656466,3.851556367682761e-05,0.004021135624498129,0.05093476886395365,36.84268963697832,55.49263285892084,0.1834571351064369,92.58730870694853,0.34561972312300776,11.887963136,2025-12-09T17:08:32.752363
3540,0.11242389118341084,0.44553412683308125,3.8505286015207434e-05,0.0027014492079615593,0.04382309305947274,37.0313527531689,56.24955520185176,0.1644122670404613,93.50797696306836,0.3422167930404336,11.890020864,2025-12-09T17:24:07.484841
3550,0.11286650492822742,0.43238951032981277,3.849497443793748e-05,0.002764715813100338,0.04631074017379433,37.70359575981274,57.05824142927304,0.16065057495143265,94.98800089408178,0.3368846559438831,11.891948032,2025-12-09T17:39:43.439443
3560,0.113309118673044,0.3969597742197948,3.848462896620635e-05,0.0027499189600348473,0.04488986695650965,36.52404437237419,55.1695065057138,0.2247303199255839,91.97812503902242,0.3479088096916931,11.887091712,2025-12-09T17:55:13.553186
3570,0.11375173241786057,0.25376213153367644,3.847424962127227e-05,0.002826186828315258,0.039219855214469135,36.93444263318088,56.0617292097304,0.19973353494424373,93.25400618999265,0.34314879657614117,11.886449664,2025-12-09T18:10:41.091203
3580,0.11419434616267715,0.2444647959928261,3.8463836424463105e-05,0.0025126287946477532,0.04634688002988696,37.721496571204625,56.963573236134835,0.2019961830228567,94.95511650899425,0.3370013241673915,11.887965184,2025-12-09T18:26:08.925845
3590,0.11463695990749373,0.5058511676616035,3.845338939717626e-05,0.003136264975182712,0.04480852698907256,37.34384752518963,56.740806109737605,0.18843760201707482,94.34136669500731,0.33919372933669284,11.896147968,2025-12-09T18:41:39.052626
3600,0.11507957365231031,0.38778015720890835,3.844290856087865e-05,0.0037557203322649,0.04068610502872616,36.46485823497642,55.08729471359402,0.18929598003160208,91.80503982899245,0.3485647417571759,11.890247168,2025-12-09T18:57:09.877188
3610,0.11552218739712689,0.6631713137903716,3.8432393937106684e-05,0.003459500730969012,0.04021072620525956,36.93834327207878,55.661979017197154,0.31978580506984144,92.97979736304842,0.34416078446646825,11.895914496,2025-12-09T19:12:37.810570
3620,0.11596480114194346,0.48319793994596694,3.8421845547466174e-05,0.0029288820223882794,0.04115276085212827,36.262723753694445,54.78318219317589,0.19116508890874684,91.29579544404987,0.3505090222869138,11.887850496,2025-12-09T19:28:04.805477
3630,0.11640741488676004,0.48060537602214026,3.8411263413632326e-05,0.002986270934343338,0.04157379851676524,37.258245546370745,56.54908355686348,0.18807226605713367,94.0581475039944,0.3402150781104959,11.887817216,2025-12-09T19:43:33.909164
3640,0.11685002863157662,0.44207666703732684,3.84006475573497e-05,0.002988845924846828,0.0386675059562549,37.167507060221396,56.403442653710954,0.21048738504759967,93.84258541394956,0.3409965727057137,11.894278144,2025-12-09T19:59:04.831272
3650,0.1172926423763932,0.39609638744877884,3.838999800043212e-05,0.0033783772960305214,0.04295109189115465,36.17101703805383,54.75122733670287,0.223785434034653,91.20283092395402,0.35086630180023654,11.887792128,2025-12-09T20:14:31.092582
3660,0.11773525612120977,0.2738642647454981,3.837931476476269e-05,0.0031296919332817197,0.041872636997140944,37.15333562716842,56.38163109112065,0.22644389094784856,93.82346784893889,0.3410660545133742,11.887675392,2025-12-09T20:30:04.930593
3670,0.11817786986602635,0.4167567164186039,3.83685978722937e-05,0.003199649043381214,0.040480882627889514,36.89037078921683,55.76652251789346,0.18693206505849957,92.89746996108443,0.3444657859186594,11.88773376,2025-12-09T20:45:29.877392
3680,0.11862048361084293,0.7037624670992955,3.8357847345046585e-05,0.0027670213021337986,0.04732717573642731,36.42319026682526,55.06538926507346,0.20062705595046282,91.754807573976,0.3487555676491443,11.892408832,2025-12-09T21:00:58.760055
3690,0.11906309735565951,0.38536197843495756,3.8347063205111925e-05,0.0030234919395297766,0.04729274520650506,36.72426930745132,55.266082611633465,0.2145613299217075,92.27283727913164,0.346797616108821,11.887908864,2025-12-09T21:16:29.120410
3700,0.11950571110047609,0.5357637664419599,3.833624547464937e-05,0.003141099354252219,0.040629888186231256,36.89752031560056,55.768013305496424,0.20369522110559046,92.92699805484153,0.3443563299130245,11.890882048,2025-12-09T21:31:57.633646
3710,0.11994832484529266,0.29958150190941524,3.832539417588755e-05,0.0029631303623318672,0.047721101669594646,36.83264408563264,55.5227702842094,0.18404436600394547,92.6042392521631,0.34555653454334195,11.891005952,2025-12-09T21:47:27.813965
3720,0.12039093859010924,0.3837915454059839,3.831450933112411e-05,0.0028830363880842924,0.03788670781068504,36.93475177907385,55.625904206652194,0.19198455894365907,92.81075622001663,0.34478762272059277,11.887857664,2025-12-09T22:02:58.762518
3730,0.12083355233492582,0.3461483157770999,3.8303590962725616e-05,0.003162637585774064,0.0457996113691479,36.944051031488925,57.08513059699908,0.23744460102170706,94.33525937004015,0.33921568895545806,11.887850496,2025-12-09T22:18:35.852012
3740,0.1212761660797424,0.3181554880247859,3.8292639093127525e-05,0.002945705084130168,0.04252662695944309,37.55502328486182,56.14209550409578,0.21737385401502252,93.9722625860013,0.340526013947087,11.889511424,2025-12-09T22:34:04.248657
3750,0.12171877982455898,0.6022943767238758,3.828165374483413e-05,0.002821975853294134,0.03684611665084958,36.59310502232984,55.41898519010283,0.18126627593301237,92.24610257800668,0.3468981247520959,11.8888448,2025-12-09T22:49:36.041918
3760,0.12216139356937555,0.2983381138474215,3.8270634940418505e-05,0.0032460172660648823,0.04267744277603924,36.794845797587186,55.90717946947552,0.2863099961541593,93.05046120099723,0.34389942389299033,11.88860928,2025-12-09T23:05:08.966915
3770,0.12260400731419213,0.4419528047565109,3.82595827025225e-05,0.002904763212427497,0.0465339554939419,36.74012384447269,55.389324073214084,0.16055207792669535,92.35364606813528,0.34649417064044796,11.88580608,2025-12-09T23:20:40.267225
3780,0.12304662105900871,0.3738581270445138,3.8248497053856635e-05,0.003888381877914071,0.03945700894109905,36.80027826875448,55.27073703939095,0.30451805191114545,92.4336053871084,0.3461944372502319,11.89209856,2025-12-09T23:36:07.783796
3790,0.12348923480382529,0.40298703957523685,3.8237378017200096e-05,0.002676363568753004,0.042111751390621066,36.80034837592393,55.7026294071693,0.18111129314638674,92.7447494789958,0.34503300919743324,11.887850496,2025-12-09T23:51:37.252087
3800,0.12393184854864187,0.5098859228310175,3.8226225615400666e-05,0.002880476415157318,0.04552479088306427,37.18933101114817,56.2293297520373,0.17933374806307256,93.66603716998361,0.3416393066990431,11.89405184,2025-12-10T00:07:04.748269
3810,0.12437446229345844,0.5917944798711687,3.821503987137473e-05,0.0029858544003218412,0.041235269512981176,36.86636507837102,55.55951412208378,0.2050445070490241,92.69050772301853,0.34523491980024185,11.88773376,2025-12-10T00:22:38.370460
3820,0.12481707603827502,0.3401336329989135,3.820382080810713e-05,0.003039370756596327,0.045020887395367026,37.03779501304962,56.03202606411651,0.1923938321415335,93.32793576689437,0.34287697179895366,11.892058624,2025-12-10T00:38:07.460227
3830,0.1252596897830916,0.4623674119793577,3.81925684486512e-05,0.0027087463531643152,0.037965960102155805,37.01247425493784,56.18328486266546,0.18570817285217345,93.43716909899376,0.3424761292382157,11.887908864,2025-12-10T00:53:42.146959
3840,0.12570230352790818,0.6042705648142146,3.818128281612868e-05,0.002933017211034894,0.038904496002942324,37.54602242028341,56.43253563879989,0.22517993091605604,94.25892618484795,0.3394903941218882,11.887850496,2025-12-10T01:09:16.544490
3850,0.12614491727272475,0.2360137194118579,3.81699639337297e-05,0.0032456577755510807,0.03617216576822102,37.08901535719633,56.7002844940871,0.18540353304706514,94.02448966586962,0.34033686450962813,11.888319488,2025-12-10T01:24:58.220855
3860,0.12658753101754133,0.4241978020472743,3.815861182471269e-05,0.0026709716767072678,0.04139133542776108,36.590362885734066,55.10174832935445,0.165269467048347,91.91394052701071,0.3481517582264485,11.887792128,2025-12-10T01:40:24.422293
3870,0.1270301447623579,0.2382952795305755,3.814722651240439e-05,0.002959978999570012,0.04162567248567939,36.82828450948,55.715820929035544,0.20442722411826253,92.80954071506858,0.3447921383238186,11.888086016,2025-12-10T01:55:50.527113
3880,0.1274727585071745,0.48503859598577037,3.813580802019974e-05,0.0035700954031199217,0.04043406946584582,37.04678131896071,56.11627850611694,0.21381858992390335,93.43557121488266,0.342481986077942,11.887908864,2025-12-10T02:11:23.910687
3890,0.12791537225199107,0.49398578833643114,3.812435637156186e-05,0.0032809232361614704,0.04973481083288789,37.056518502300605,56.12247562385164,0.27431945805437863,93.52637098403648,0.34214948857004096,11.8880256,2025-12-10T02:26:53.730400
3900,0.12835798599680764,0.2647819377598353,3.8112871590021995e-05,0.0030356459319591522,0.045750712510198355,36.88655423861928,55.62057472742163,0.20900810696184635,92.78181667090394,0.3448951653264523,11.889640448,2025-12-10T02:42:22.147646
3910,0.12880059974162422,0.7128208647336578,3.810135369917948e-05,0.003628657665103674,0.04211583430878818,37.211034366628155,57.3869798053056,0.27360753691755235,94.93324037408456,0.3370789817550097,11.887961088,2025-12-10T02:57:58.881744
3920,0.1292432134864408,0.490384389879182,3.8089802722701726e-05,0.0029694694094359875,0.04282446368597448,37.30954852513969,56.09253650018945,0.1751850110013038,93.64062424795702,0.341732023435311,11.887850496,2025-12-10T03:13:33.710867
3930,0.12968582723125738,0.6415613123681396,3.807821868432406e-05,0.0030341329984366894,0.04724650387652218,37.17559550330043,56.40687547437847,0.19164372701197863,93.84170913207345,0.34099975688809103,11.890830848,2025-12-10T03:29:11.627955
3940,0.13012844097607396,0.3167200665011478,3.806660160784978e-05,0.0038654082454741,0.038098025834187865,37.03958274796605,56.309960812097415,0.22687852382659912,93.63272083783522,0.34176086856881555,11.889253376,2025-12-10T03:44:52.046041
3950,0.13057105472089053,0.19839800533827656,3.805495151715007e-05,0.0028401685412973166,0.03537544049322605,36.999117453582585,56.27241561678238,0.21801576600410044,93.54564519412816,0.3420789918503725,11.892233728,2025-12-10T04:00:32.731063
3960,0.1310136684657071,0.34018567367456853,3.804326843616396e-05,0.002770845079794526,0.036503528943285346,36.95000461162999,56.05382401566021,0.21118706511333585,93.26834468985908,0.34309604299731195,11.889311744,2025-12-10T04:16:07.016550
3970,0.1314562822105237,0.4120211385015864,3.803155238889824e-05,0.00287055061198771,0.04791150870732963,36.776495658559725,56.3034228309989,0.2334369169548154,93.37856580503285,0.3426910632447868,11.887848448,2025-12-10T04:31:41.623851
3980,0.13189889595534027,0.23584774587652646,3.8019803399427486e-05,0.002821909496560693,0.04163686325773597,36.847745972452685,55.41976364143193,0.21672977088019252,92.54440635000356,0.34577994783364635,11.887906816,2025-12-10T04:47:16.961018
3990,0.13234150970015685,0.3891646290139761,3.800802149189393e-05,0.002793814055621624,0.0406340875197202,37.18912255601026,56.550226733554155,0.17723536305129528,93.97116036503576,0.3405300080971052,11.90164736,2025-12-10T05:02:52.235873
4000,0.13278412344497342,0.34667876339517534,3.7996206690507456e-05,0.0028527239337563515,0.04301821975968778,37.58569939341396,57.606818553293124,0.18473239499144256,95.43795749009587,0.3352963625957819,11.888086016,2025-12-10T05:18:27.520993
4010,0.13322673718979,0.30707433474162826,3.798435901954554e-05,0.003534096758812666,0.04290334996767342,36.8954328217078,55.73824881017208,0.23409325489774346,92.93520215107128,0.3443259309640521,11.887617024,2025-12-10T05:51:56.179682
4020,0.13366935093460658,0.3968190490268171,3.79724785033532e-05,0.0028329258784651756,0.05221350630745292,36.58048828411847,55.351507341256365,0.21101861097849905,92.21295050298795,0.34702284034348424,11.887857664,2025-12-10T06:07:26.031295
4030,0.13411196467942316,0.26693685485588503,3.7960565166342954e-05,0.0037125316448509693,0.054559626849368215,37.10607789759524,55.99369734735228,0.22733646887354553,93.40305165294558,0.34260122590963377,11.888377856,2025-12-10T06:22:53.223611
4040,0.13455457842423973,0.35504746244987473,3.7948619032994715e-05,0.002935126656666398,0.05045039881952107,37.0659109398257,56.10432886984199,0.2525806990452111,93.49035983509384,0.3422812796575421,11.888494592,2025-12-10T06:38:18.830527
4050,0.1349971921690563,0.45345831548183924,3.793664012785585e-05,0.003135759849101305,0.04988382873125374,36.826363121159375,55.55040228110738,0.20609573600813746,92.65665562590584,0.34536105133340395,11.887499264,2025-12-10T06:53:52.386462
4060,0.1354398059138729,0.5020492851617746,3.7924628475541043e-05,0.0030681067146360874,0.0459899608977139,36.75989986816421,55.272689362987876,0.2060181237757206,92.3017772550229,0.34668888239915896,11.887850496,2025-12-10T07:09:18.624144
4070,0.13588241965868947,0.3019559879321605,3.7912584100732244e-05,0.0034441398456692696,0.04371444322168827,37.36325879720971,56.33009948092513,0.18528413400053978,93.94023046805523,0.3406421278781271,11.887847424,2025-12-10T07:24:47.266508
4080,0.13632503340350605,0.6307484569006192,3.790050702817867e-05,0.0029105411376804113,0.04641242465004325,36.58016487606801,55.383580402005464,0.16649542097002268,92.19629208906554,0.3470855418901949,11.887753728,2025-12-10T07:40:13.215893
4090,0.13676764714832262,0.46975404465047177,3.788839728269673e-05,0.003014299552887678,0.046017819084227085,36.93855865066871,55.5296889799647,0.16571599896997213,92.70273030595854,0.3451894015892127,11.889683456,2025-12-10T07:55:38.334469
4100,0.1372102608931392,0.544428064575186,3.7876254889169966e-05,0.002718319883570075,0.04900538385845721,36.6093699678313,55.108918751822785,0.17141945287585258,91.95890952087939,0.3479815079009213,11.88801792,2025-12-10T08:11:01.724936
4110,0.13765287463795578,0.4148804274300346,3.786407987254899e-05,0.0033870369661599398,0.04832614469341934,36.365391516592354,54.87248774478212,0.1991296971682459,91.5081715749111,0.3496955457557571,11.887827968,2025-12-10T08:26:25.044127
4120,0.13809548838277236,0.4932047760594287,3.785187225785147e-05,0.0027429452165961266,0.048992604250088334,36.834302531555295,55.73711145413108,0.2137062270194292,92.85318830702454,0.3446300615353144,11.887850496,2025-12-10T08:41:50.422080
4130,0.13853810212758894,0.46265668130945414,3.783963207016203e-05,0.003486999776214361,0.0513456491753459,36.90505320066586,55.76630837423727,0.23827323713339865,92.98263829015195,0.3441502692163254,11.891297792,2025-12-10T08:57:16.262927
4140,0.1389807158724055,0.5294004346651491,3.782735933463227e-05,0.0030111742671579123,0.0467713070102036,36.558499698061496,55.27424323535524,0.27645428595133126,92.17486411007121,0.3471662291987433,11.890021376,2025-12-10T09:12:44.685273
4150,0.1394233296172221,0.39927557347982656,3.7815054076480635e-05,0.0029691001400351524,0.0554794289637357,36.45580977969803,55.108639298705384,0.23113178089261055,91.86996939615346,0.34831839185678254,11.888669696,2025-12-10T09:28:18.070233
4160,0.13986594336203867,0.43339587185619166,3.780271632099238e-05,0.0036913256626576185,0.05090217711403966,37.1820744080469,56.71269726823084,0.15875013708136976,94.12193169211969,0.33998452246682037,11.88609792,2025-12-10T09:43:49.189053
4170,0.14030855710685525,0.41562013109069085,3.779034609351958e-05,0.0030353660695254803,0.04644628125242889,37.00922075007111,56.309884020127356,0.23245578911155462,93.61654960992746,0.3418199039949086,11.891246592,2025-12-10T09:59:28.281121
4180,0.14075117085167183,0.6929248869419098,3.7777943419481047e-05,0.002685014856979251,0.04255738202482462,36.96866343496367,55.96708162664436,0.19871795014478266,93.19986932794563,0.34334812087987465,11.890200576,2025-12-10T10:15:02.669544
4190,0.1411937845964884,0.27089766084645817,3.77655083243622e-05,0.003419308690354228,0.04668660112656653,36.889534258516505,55.471421195426956,0.20720301289111376,92.63150327699259,0.3454548276552478,11.887792128,2025-12-10T10:30:30.809694
4200,0.14163639834130498,0.4060161364497503,3.775304083371514e-05,0.0028762021102011204,0.052373836282640696,36.945853957673535,55.572147603845224,0.2066522049717605,92.79881280404516,0.3448319976632837,11.892416,2025-12-10T10:45:59.741291
4210,0.14207901208612156,0.22330578434630155,3.774054097315851e-05,0.0031171960290521383,0.04646034422330558,36.280956694157794,54.94794003851712,0.1862689300905913,91.48101576208137,0.34979935162967346,11.889798144,2025-12-10T11:01:28.428621
4220,0.14252162583093814,0.4528601513011381,3.772800876837744e-05,0.002838701009750366,0.05567007674835622,36.9237245763652,56.075446012662724,0.27225239388644695,93.34081496694125,0.3428296615080286,11.893459456,2025-12-10T11:16:56.016814
4230,0.14296423957575471,0.38769898303144146,3.771544424512358e-05,0.003502062289044261,0.05277423025108874,37.04406069312245,56.042762137018144,0.16898099798709154,93.33014033804648,0.34286887262886767,11.889895424,2025-12-10T11:32:27.432759
4240,0.1434068533205713,0.4525721507379785,3.770284742921495e-05,0.0036821099929511547,0.06081885797902942,37.21247062506154,56.402131946990266,0.27934064995497465,93.97674358380027,0.3405097769903592,11.887850496,2025-12-10T11:48:00.666810
4250,0.14384946706538787,0.5013150842460163,3.769021834653594e-05,0.002989391330629587,0.0549021540209651,36.39361119479872,54.7724685925059,0.21353873400948942,91.45270678191446,0.34990763123403,11.888070656,2025-12-10T12:03:28.874957
4260,0.14429208081020445,0.3600494521451765,3.767755702303724e-05,0.0026782508939504623,0.049894062569364905,37.15933552128263,56.168050521286204,0.20046594110317528,93.5929201731924,0.341906203383594,11.888268288,2025-12-10T12:18:54.474864
4270,0.14473469455502103,0.22523379678023048,3.76648634847358e-05,0.0028517674654722214,0.04694211180321872,36.7696336642839,55.65167260961607,0.18657910311594605,92.66780159296468,0.3453195117389019,11.888367616,2025-12-10T12:34:26.624462
4280,0.1451773082998376,0.554556475195568,3.7652137757714725e-05,0.0029886907432228327,0.06104938453063369,36.99226857163012,55.71973712416366,0.19686504220589995,92.99208292691037,0.34411531597965456,11.892058624,2025-12-10T12:49:50.002332
4290,0.14561992204465418,0.41733166319318116,3.763937986812332e-05,0.002887963317334652,0.049555239267647266,36.85808146884665,55.70565237174742,0.19153206795454025,92.82103842287324,0.3447494290487755,11.88790528,2025-12-10T13:05:24.131682
4300,0.14606253578947076,0.452607013983652,3.7626589842176934e-05,0.003416075836867094,0.05686423182487488,36.84739265893586,55.97704278212041,0.17467109207063913,93.07432583719492,0.34381124668014484,11.887850496,2025-12-10T13:21:07.309066
4310,0.14650514953428734,0.4214328208909137,3.761376770615696e-05,0.0027901395224034786,0.0586054774466902,37.18373708566651,56.666848216205835,0.235290840966627,94.16671088105068,0.33982284929142,11.89155328,2025-12-10T13:36:44.625458
4320,0.14694776327910392,0.4190605758703896,3.760091348641081e-05,0.0033033050131052732,0.05419811303727329,37.3540319618769,56.7683690728154,0.21814325405284762,94.41490704310127,0.3389295292679969,11.889938432,2025-12-10T13:52:21.653595
4330,0.1473903770239205,0.4112165637779981,3.758802720935177e-05,0.0035902035888284445,0.047051141737028956,36.70660850265995,55.84219669736922,0.2748047721106559,92.88949591503479,0.3444953563885213,11.888595968,2025-12-10T14:07:59.845251
4340,0.14783299076873707,0.2934434273206534,3.757510890145903e-05,0.00287004210986197,0.06158361793495715,36.790059864055365,55.87704836879857,0.24371058819815516,92.99445180292241,0.344106550225337,11.893986304,2025-12-10T14:23:32.809429
4350,0.14827560451355365,0.3381409435751266,3.756215858927757e-05,0.002837516600266099,0.05068636289797723,37.13543899380602,56.230588166974485,0.4337136789690703,93.87268607108854,0.34088723077303684,11.887584256,2025-12-10T14:39:05.462072
4360,0.14871821825837023,0.633112858136883,3.7549176299418175e-05,0.0029564308933913708,0.04991045291535556,36.46631963411346,55.46517542214133,0.17270555603317916,92.1730558029376,0.3471730401172199,11.887822848,2025-12-10T14:54:36.361287
4370,0.1491608320031868,0.43256683490471914,3.7536162058557316e-05,0.002984464867040515,0.04904628009535372,37.35901219281368,57.40209107892588,0.22135540400631726,95.04711325210519,0.3366751383087506,11.894511616,2025-12-10T15:10:09.711920
4380,0.1496034457480034,0.4548766682855785,3.752311589343711e-05,0.003288501175120473,0.054857138777151704,38.03052500775084,57.18081097025424,0.2805262429174036,95.56962431897409,0.33483442284126275,11.887675392,2025-12-10T15:25:45.456378
4390,0.15004605949282,0.41948342268005945,3.751003783086529e-05,0.002824971918016672,0.037878356175497174,37.033172288676724,56.3191383110825,0.19424005411565304,93.60275418916717,0.34187028231380207,11.888029696,2025-12-10T15:41:20.353242
4400,0.15048867323763657,0.6411050477527169,3.7496927897715113e-05,0.003400221699848771,0.058548190630972385,37.18690715217963,56.00797140831128,0.1849343148060143,93.46168747800402,0.34238628536993965,11.887871488,2025-12-10T15:56:58.062533
4410,0.15093128698245314,0.40005900322012167,3.748378612092534e-05,0.002956552430987358,0.04792157537303865,36.98346451600082,56.148778999457136,0.17067589494399726,93.3718247700017,0.3427158040321484,11.890597376,2025-12-10T16:12:32.623426
4420,0.15137390072726972,0.32501200986507683,3.747061252750018e-05,0.0031232149340212345,0.04581873840652406,37.27863310999237,56.97561684669927,0.15924707683734596,94.4779308878351,0.338703437927643,11.887872512,2025-12-10T16:28:19.447335
4430,0.1518165144720863,0.3977308537796489,3.7457407144509185e-05,0.0036809740122407675,0.036743415519595146,37.11363336094655,56.4475850162562,0.2586185361724347,93.8788557460066,0.3408648278221181,11.890045952,2025-12-10T16:43:53.696397
4440,0.15225912821690288,0.28179466466099257,3.744416999908723e-05,0.002787400037050247,0.0436430259142071,36.81864154804498,56.33124691667035,0.19883606699295342,93.41138592199422,0.3425706586424324,11.891472896,2025-12-10T16:59:34.734135
4450,0.15270174196171946,0.44313466823659553,3.743090111843451e-05,0.0032655445393174887,0.047185229836031795,37.15784145705402,55.73483640421182,0.17968910303898156,93.13538734312169,0.34358583684317806,11.891181056,2025-12-10T17:15:13.761668
4460,0.15314435570653603,0.32683110429206863,3.741760052981637e-05,0.0031003637704998255,0.04294876125641167,37.59445413481444,56.57229833607562,0.20169481309130788,94.43066923203878,0.33887295579117765,11.8880256,2025-12-10T17:30:52.000949
4470,0.1535869694513526,0.4707798350827943,3.740426826056335e-05,0.0033415730576962233,0.043847240740433335,37.63248506234959,57.80068640364334,0.20064736204221845,95.69620770402253,0.33439151631768266,11.892439552,2025-12-10T17:46:29.230225
4480,0.1540295831961692,0.3953323400583031,3.7390904338071055e-05,0.0034992648288607597,0.040613303892314434,37.177671211073175,56.529933851677924,0.22623766213655472,93.9995119809173,0.3404272993087057,11.887966208,2025-12-10T18:02:07.733027
4490,0.15447219694098577,0.457256767549552,3.7377508789800165e-05,0.0029695064295083284,0.044655843172222376,37.013258083723485,55.546627641888335,0.18755048396997154,92.8068934129551,0.34480197346561603,11.888077824,2025-12-10T18:17:39.054018
4500,0.15491481068580235,0.3149945362456492,3.736408164327633e-05,0.002855416852980852,0.041460489854216576,37.47440593037754,56.58888540463522,0.19309076177887619,94.31644946499728,0.33928334009091216,11.88580352,2025-12-10T18:33:15.923295
4510,0.15535742443061892,0.4248298411257565,3.7350622926090105e-05,0.0029283526819199324,0.04332233755849302,36.29819529084489,54.61057842196897,0.2226729670073837,91.19460067106411,0.35089796725381733,11.890655744,2025-12-10T19:06:34.091567
4520,0.1558000381754355,0.4868054659818881,3.7337132665896964e-05,0.00355326384305954,0.03732165554538369,36.231361476005986,54.88007361581549,0.26036839303560555,91.4268605990801,0.3500065493917,11.887963136,2025-12-10T19:21:59.955647
4530,0.15624265192025208,0.30688856774941087,3.732361089041716e-05,0.0027073316741734743,0.04443633323535323,36.170717087807134,54.5845991151873,0.23078772285953164,91.05078037199564,0.3514522321419026,11.887967232,2025-12-10T19:37:23.822178
4540,0.15668526566506866,0.34249109159281943,3.731005762743572e-05,0.003131273901090026,0.04596630926243961,36.67469929973595,55.517216589068994,0.2591323128435761,92.5155570670031,0.34588777298097495,11.888144384,2025-12-10T19:52:55.224883
4550,0.15712787940988523,0.5301652144407853,3.729647290480237e-05,0.0026073893532156944,0.042336899787187576,36.80283425282687,55.62140736496076,0.21049377019517124,92.6939295581542,0.34522217530894383,11.890072064,2025-12-10T20:08:24.833562
4560,0.1575704931547018,0.2812843901301676,3.7282856750431504e-05,0.0035866855178028345,0.04297571023926139,36.648756586480886,54.98265078384429,0.22902724100276828,91.92238927888684,0.3481197589731266,11.890074624,2025-12-10T20:23:54.098452
4570,0.1580131068995184,0.5021264608949423,3.726920919230207e-05,0.0027614093851298094,0.04736445774324238,37.10167624359019,56.184929691953585,0.2513766149058938,93.60280633787625,0.34187009184842404,11.889973248,2025-12-10T20:39:21.691497
4580,0.15845572064433497,0.5127498909130281,3.7255530258457546e-05,0.003416784107685089,0.04073389666154981,36.73487673792988,55.59911497798748,0.24549724301323295,92.63938750396483,0.34542542715570573,11.8880256,2025-12-10T20:54:54.237257
4590,0.15889833438915155,0.47922872798517346,3.72418199770059e-05,0.002985440893098712,0.03800920443609357,36.790758637245744,55.67817407497205,0.20235105091705918,92.72614755295217,0.3451022267664694,11.887908864,2025-12-10T21:10:25.605744
4600,0.15934094813396812,0.2560701922393491,3.7228078376119515e-05,0.002643193816766143,0.037552734138444066,36.437669289298356,54.88447842001915,0.23262510006316006,91.61032799002714,0.34930559361695085,11.887792128,2025-12-10T21:25:49.921561
4610,0.1597835618787847,0.3740658679889748,3.721430548403511e-05,0.002833272097632289,0.04496375401504338,37.35433767409995,56.505049402825534,0.22396058193407953,94.14664111286402,0.33989529123655143,11.890460672,2025-12-10T21:41:20.800691
4620,0.16022617562360128,0.48553736839676276,3.7200501329053706e-05,0.0037410908844321966,0.04190640989691019,36.64168668491766,55.16495290212333,0.23478261404670775,92.10401679901406,0.3474332728596322,11.886039552,2025-12-10T21:56:43.408048
4630,0.16066878936841786,0.6016587875201367,3.718666593954059e-05,0.003344176569953561,0.0433266491163522,36.972854535095394,56.05390054639429,0.22905867686495185,93.31854240503162,0.3429114854913829,11.887870464,2025-12-10T22:12:15.629924
4640,0.16111140311323444,0.32032382504985435,3.717279934392522e-05,0.0033161405008286238,0.03996662306599319,36.66198654985055,55.629763836506754,0.39761673496104777,92.74999818904325,0.3450134838253854,11.892350464,2025-12-10T22:27:50.846233
4650,0.161554016858051,0.2734313355758786,3.715890157070116e-05,0.0035121089313179255,0.04361189203336835,36.795533614000306,56.53828998026438,0.3149206091184169,93.71280984510668,0.34146879229094973,11.89084928,2025-12-10T22:43:26.018632
4660,0.1619966306028676,0.34855856696958654,3.714497264842605e-05,0.0033247799146920443,0.045711146434769034,36.68320176145062,55.98560111434199,0.19958591205067933,92.93112033302896,0.34434105480838345,11.887650816,2025-12-10T22:59:01.683991
4670,0.16243924434768417,0.31657368590822443,3.7131012605721514e-05,0.003310173051431775,0.03972851065918803,36.871480893110856,55.90973856067285,0.19927071500569582,93.03794962819666,0.34394567085667893,11.887848448,2025-12-10T23:14:37.170450
4680,0.16288185809250075,0.5090461562867858,3.711702147127318e-05,0.0032674288377165794,0.03837135573849082,37.047380273230374,55.166915029753,0.3107011409010738,92.58152640517801,0.34564130926027015,11.892000256,2025-12-10T23:30:13.883125
4690,0.16332447183731733,0.3887513063964434,3.710299927383051e-05,0.002945033833384514,0.039378446992486715,36.7154832908418,55.42114641703665,0.22100529703311622,92.41207057889551,0.3462751110276276,11.887845376,2025-12-10T23:45:45.970638
4700,0.1637670855821339,0.2563775588205317,3.708894604220683e-05,0.002771414816379547,0.044060310116037726,36.74555676942691,55.72211744822562,0.1717399440240115,92.70083911600523,0.34519644379869535,11.889743872,2025-12-11T00:01:22.289958
4710,0.16420969932695048,0.6186843471732573,3.70748618052792e-05,0.003627599449828267,0.042047700844705105,37.541406160453334,56.30961332865991,0.18351335497573018,94.09655616106465,0.3400762079456526,11.886153216,2025-12-11T00:16:58.901081
4720,0.16465231307176706,0.42604684946127236,3.706074659198844e-05,0.0029574688524007797,0.03638520743697882,36.99765525967814,55.84498978033662,0.17528872191905975,93.0731555139646,0.34381556984171185,11.887798272,2025-12-11T00:32:31.093846
4730,0.16509492681658364,0.4888285782035382,3.704660043133897e-05,0.0025223316624760628,0.033956236438825727,36.68577540363185,55.8879656996578,0.18364834389649332,92.80919371079654,0.34479342746706165,11.886332928,2025-12-11T00:48:10.759261
4740,0.16553754056140021,0.4165576227605925,3.703242335239884e-05,0.0032693452667444944,0.04034149693325162,37.418908696155995,56.199753324268386,0.2124373260885477,93.89070095214993,0.34082182447768017,11.892992512,2025-12-11T01:03:50.496982
4750,0.1659801543062168,0.4022754652542062,3.701821538429958e-05,0.0033765695989131927,0.04131515743210912,36.66890626470558,55.69517965056002,0.16057697893120348,92.58664943487383,0.3456221841412357,11.887792128,2025-12-11T01:19:28.886156
4760,0.16642276805103337,0.3258093719705357,3.700397655623627e-05,0.0027002464048564434,0.0455339087639004,37.855489594629034,57.74411245575175,0.22552106715738773,95.8883678689599,0.33372139615235585,11.890953728,2025-12-11T01:35:07.950185
4770,0.16686538179584995,0.36384348270803457,3.698970689746734e-05,0.0027317272033542395,0.03793315542861819,36.89984773937613,55.925863242242485,0.1961571390274912,93.07377942791209,0.3438132650966944,11.886683136,2025-12-11T01:50:43.541285
4780,0.16730799554066653,0.6042917687445879,3.697540643731461e-05,0.002919131889939308,0.05017807031981647,37.50177756813355,56.2520243441686,0.16445571789518,93.98700147517957,0.3404726132097179,11.887675392,2025-12-11T02:06:22.060306
4790,0.1677506092854831,0.45344620989635587,3.696107520516317e-05,0.0032110041938722134,0.042075142497196794,37.203555975575,56.732955081155524,0.2537765128072351,94.25111827603541,0.3395185180326547,11.892934144,2025-12-11T02:22:00.818616
4800,0.16819322303029968,0.5612895266021951,3.694671323046135e-05,0.002589769894257188,0.041355909779667854,36.97715426213108,56.05729684000835,0.1693441839888692,93.26248504291289,0.34311759959297494,11.887967232,2025-12-11T02:37:39.160380
4810,0.16863583677511626,0.4569399905128648,3.693232054272063e-05,0.002992466790601611,0.03624422918073833,37.092835968360305,56.68449747469276,0.19473142991773784,94.02820623689331,0.3403234123107662,11.892068864,2025-12-11T02:53:17.532366
4820,0.16907845051993284,0.5212115105587145,3.691789717151563e-05,0.0028670011088252068,0.04035811638459563,36.632368369726464,55.36337487609126,0.21575019019655883,92.2677022209391,0.346816916751374,11.88797184,2025-12-11T03:08:53.016669
4830,0.16952106426474942,0.2997463423234876,3.6903443146484e-05,0.0031255576759576797,0.03530894359573722,38.17611506138928,57.20203776168637,0.17095658113248646,95.60348608181812,0.3347158279627396,11.892350464,2025-12-11T03:24:31.227780
4840,0.169963678009566,0.4122899416834116,3.6888958497326386e-05,0.002581646665930748,0.043956432957202196,37.13166762981564,56.48957208869979,0.21182937896810472,93.894385720836,0.34080844934798815,11.887850496,2025-12-11T03:40:09.620442
4850,0.17040629175438257,0.33017314150492894,3.687444325380636e-05,0.0029594306834042072,0.04458858515135944,37.0151177700609,56.190991557668895,0.21460783993825316,93.48673791415058,0.34229454053029196,11.8880256,2025-12-11T03:55:49.593048
4860,0.17084890549919915,0.4036870929394354,3.685989744575038e-05,0.00303869741037488,0.040727456798776984,37.56842924049124,56.8741405333858,0.1631800790783018,94.66606675297953,0.33803031115151755,11.889400832,2025-12-11T04:11:29.232786
4870,0.17129151924401573,0.3450223844265565,3.6845321103047686e-05,0.003423756454139948,0.04406240442767739,37.150824474170804,55.93061593361199,0.28038271609693766,93.42404637904838,0.3425242348224433,11.887908864,2025-12-11T04:27:07.868292
4880,0.1717341329888323,0.2966583240777254,3.683071425565025e-05,0.0027929702773690224,0.04166495124809444,37.00528651080094,56.62171548907645,0.22679569385945797,93.90877141198143,0.3407562416040431,11.899067904,2025-12-11T04:42:41.991881
4890,0.17217674673364888,0.7288116243653349,3.6816076933572754e-05,0.0031039929017424583,0.03807074879296124,37.117465631337836,56.01014023600146,0.20482585905119777,93.38829666911624,0.34265535555680054,11.889837056,2025-12-11T04:58:17.930018
4900,0.17261936047846546,0.3184599625710689,3.680140916689249e-05,0.00273898639716208,0.04128797980956733,37.45802377606742,56.17965153674595,0.20408394583500922,93.90146205411293,0.3407827663168785,11.893986304,2025-12-11T05:13:54.285818
4910,0.17306197422328204,0.5846914470894262,3.67867109857493e-05,0.0029727453365921974,0.0448235678486526,36.61064350511879,55.62026417721063,0.22190010617487133,92.5155206671916,0.34588790906894856,11.888401408,2025-12-11T05:29:27.629669
4920,0.17350458796809862,0.4327356149442494,3.6771982420345545e-05,0.002529890276491642,0.043971149483695626,37.29254793492146,56.22701656934805,0.22858245694078505,93.8059116450604,0.3411298865798619,11.891181056,2025-12-11T05:45:07.543587
4930,0.1739472017129152,0.20212511849967996,3.6757223500945996e-05,0.0033058179542422295,0.03748046490363777,36.861167813884094,55.53001869423315,0.2552755489014089,92.70635843998753,0.345175892338764,11.887906816,2025-12-11T06:00:44.366149
4940,0.17438981545773177,0.30992372983746463,3.6742434257877794e-05,0.002743583871051669,0.04415246518328786,36.76412770617753,55.8496649726294,0.22345788590610027,92.89992563403212,0.3444566804720607,11.888144384,2025-12-11T06:16:17.669441
4950,0.17483242920254835,0.29978868323087227,3.672761472153041e-05,0.0029573391657322645,0.04181876126676798,36.80217944108881,56.0259029797744,0.1813200379256159,93.06762808701023,0.34383598956752986,11.887967232,2025-12-11T06:31:55.842555
4960,0.17527504294736493,0.6804480735154357,3.671276492235556e-05,0.002969557186588645,0.041998547269031405,36.56288798619062,56.48340718750842,0.19433267111890018,93.29879997810349,0.34298404703501173,11.887720448,2025-12-11T06:47:32.493702
4970,0.1757176566921815,0.2264531761757098,3.669788489086714e-05,0.002634217496961355,0.03901530220173299,37.15278377500363,57.00504890666343,0.20314095495268703,94.41728612408042,0.3389209890861144,11.888831488,2025-12-11T07:03:13.880414
4980,0.17616027043699808,0.36309782427269965,3.6682974657641174e-05,0.0029443169478327036,0.04123364947736263,37.26599733810872,56.58155408222228,0.20009912201203406,94.10621528606862,0.34004130229576074,11.887850496,2025-12-11T07:18:50.824159
4990,0.17660288418181466,0.5021518371941056,3.666803425331571e-05,0.0027184425853192806,0.04659444186836481,36.832143052015454,55.453322844114155,0.21763046691194177,92.56664376496337,0.3456968806306884,11.885628416,2025-12-11T07:34:30.685209
5000,0.17704549792663124,0.3988006107174442,3.665306370859087e-05,0.004206658340990543,0.050668711541220546,37.484423531917855,56.5174426715821,0.31068885000422597,94.3811323151458,0.3390508167792431,11.888086016,2025-12-11T07:50:13.561191
5010,0.17748811167144782,0.3919156668271171,3.663806305422863e-05,0.0028972295112907887,0.04865310085006058,36.93226105137728,56.00575473275967,0.2095137508586049,93.22083671786822,0.34327089443369435,11.891297792,2025-12-11T08:23:49.374944
5020,0.1779307254162644,0.21083029541478027,3.662303232105287e-05,0.0034740364644676447,0.04333918774500489,37.53096523787826,56.812947273021564,0.15382193308323622,94.55918839387596,0.33841238005033947,11.888113152,2025-12-11T08:39:30.858806
5030,0.17837333916108097,0.32640662844642065,3.6607971539949304e-05,0.0028617396019399166,0.039857984287664294,36.938651035074145,55.58641566662118,0.2538240049034357,92.84112816792913,0.34467482926445114,11.887792128,2025-12-11T08:55:07.183387
5040,0.17881595290589755,0.4232439352444999,3.659288074186534e-05,0.003160008229315281,0.04075886937789619,37.01485537854023,56.62865547579713,0.22847769502550364,93.93101291800849,0.3406755554518772,11.88790784,2025-12-11T09:10:46.462994
5050,0.17925856665071413,0.21983217082743067,3.65777599578101e-05,0.0030023790895938873,0.039949988946318626,36.85564236785285,57.160470290109515,0.24217943102121353,94.31541829789057,0.3392870495355233,11.889545216,2025-12-11T09:26:22.983778
5060,0.1797011803955307,0.3108666588086635,3.656260921885429e-05,0.003061117371544242,0.04428980709053576,36.853966909693554,56.086126684211195,0.1628480909857899,93.16681561712176,0.3434699338819002,11.885747712,2025-12-11T09:41:58.097182
5070,0.18014379414034729,0.5449328323065856,3.6547428556130213e-05,0.0033271482679992914,0.04641521954908967,37.331852175528184,56.587326049106196,0.19328065402805805,94.1810352418106,0.33977116430966947,11.889370112,2025-12-11T09:57:33.661335
5080,0.18058640788516386,0.5455875041807303,3.653221800083161e-05,0.00328311650082469,0.04576355102472007,36.918455072212964,55.40730858268216,0.21175502194091678,92.60393561888486,0.34555766756714595,11.88788736,2025-12-11T10:13:08.129705
5090,0.18102902162998044,0.6334684579633176,3.651697758421368e-05,0.0031207483261823654,0.041392703307792544,37.55340337846428,57.371900415746495,0.38675876008346677,95.3737342460081,0.3355221461441243,11.891531264,2025-12-11T10:28:46.982714
5100,0.18147163537479702,0.3078679351892788,3.650170733759298e-05,0.0029031166341155767,0.03587594162672758,37.48505656514317,57.22033803863451,0.261116388021037,95.01993173197843,0.33677144801852743,11.889974272,2025-12-11T10:44:25.461640
5110,0.1819142491196136,0.37816503080466646,3.648640729234735e-05,0.0030373220797628164,0.038374271942302585,36.719988711643964,56.03514015674591,0.2700285129249096,93.08106540399604,0.343786352907669,11.88826112,2025-12-11T11:00:00.308981
5120,0.18235686286443017,0.42553822859190404,3.647107747991588e-05,0.003004538593813777,0.04413395212031901,37.117295974865556,55.86434400873259,0.1993714238051325,93.24712944612838,0.3431741029463791,11.8880256,2025-12-11T11:15:37.560920
5130,0.18279947660924675,0.4203908467752626,3.645571793179879e-05,0.003169707488268614,0.04781334358267486,37.08847819082439,55.9834802208934,0.20269650290720165,93.34275142196566,0.34282254928763195,11.887792128,2025-12-11T11:31:08.725752
5140,0.18324209035406333,0.6456511911237612,3.644032867955746e-05,0.003204480977728963,0.04245502618141472,36.88081406475976,55.28743812022731,0.2557467019651085,92.48445323389024,0.3460040999439443,11.887558656,2025-12-11T11:46:32.893933
5150,0.1836847040988799,0.34100888238754123,3.6424909754814263e-05,0.003435579128563404,0.04454602301120758,36.75456723361276,55.364201763877645,0.30874900496564806,92.48895625793375,0.34598725398909475,11.887904768,2025-12-11T12:01:58.741059
5160,0.1841273178436965,0.3911517609958537,3.6409461189252535e-05,0.0032977063674479723,0.04413859685882926,37.186130580026656,56.159286642912775,0.24882152816280723,93.65878690197133,0.3416657535132613,11.890830848,2025-12-11T12:17:26.570026
5170,0.18456993158851306,0.3765314454503823,3.639398301461656e-05,0.002859697910025716,0.04575452208518982,36.81717557879165,55.56425446132198,0.27245268295519054,92.71662539988756,0.345137669344454,11.887792128,2025-12-11T12:32:59.794012
5180,0.18501254533332964,0.24501074608997442,3.637847526271143e-05,0.0028748412150889635,0.045697646448388696,36.87914293096401,55.94331374322064,0.20028775208629668,93.08950140303932,0.343755198144774,11.88773376,2025-12-11T12:48:29.037494
5190,0.18545515907814622,0.3261962361866608,3.6362937965403035e-05,0.0031455974094569683,0.04445476899854839,36.66437576524913,55.226692728931084,0.25480563985183835,92.21045715990476,0.3470322237369228,11.89093632,2025-12-11T13:03:56.298418
5200,0.1858977728229628,0.2955835396423936,3.6347371154617975e-05,0.002749994397163391,0.03844181448221207,36.744251975324005,55.75463585485704,0.21376562002114952,92.76758931414224,0.3449480603795496,11.887792128,2025-12-11T13:19:25.749427
5210,0.18634038656777938,0.34330232602223987,3.633177486234348e-05,0.003118874505162239,0.04392243269830942,36.664266255451366,55.20997500931844,0.23698057001456618,92.17368908110075,0.3471706548692458,11.888494592,2025-12-11T13:34:51.196120
5220,0.18678300031259595,0.3411324994176539,3.631614912062734e-05,0.0031884601339697838,0.04067958449013531,37.10830557974987,56.27105548628606,0.18583537498489022,93.62313031195663,0.3417958777213976,11.8974336,2025-12-11T13:50:23.201338
5230,0.18722561405741253,0.44143606384750456,3.630049396157793e-05,0.0030152699910104275,0.043349366867914796,36.4134969310835,54.804071026155725,0.18903665896505117,91.47108961106278,0.3498373107400901,11.887181312,2025-12-11T14:05:46.416136
5240,0.1876682278022291,0.5491497328039259,3.6284809417364e-05,0.0029936619102954865,0.04832712677307427,37.11090002418496,56.357265890343115,0.1991184300277382,93.73434985009953,0.34139032330383223,11.887792128,2025-12-11T14:21:15.136635
5250,0.1881108415470457,0.38885959007166093,3.626909552021472e-05,0.00332524417899549,0.04019396496005356,36.59275789326057,54.91383882239461,0.21370668499730527,91.78330778796226,0.34864727335744294,11.887792128,2025-12-11T14:36:46.609177
5260,0.18855345529186227,0.419901313027367,3.625335230241957e-05,0.0030428653117269278,0.044252278516069055,36.707851415965706,55.47430728096515,0.20168880210258067,92.44567298702896,0.34614924599542823,11.888080896,2025-12-11T14:52:12.068607
5270,0.18899606903667884,0.4659725004567008,3.6237579796328263e-05,0.0030859122052788734,0.042591598350554705,37.52663440722972,56.92577167158015,0.2376746239606291,94.75267640710808,0.3377213310842104,11.894161408,2025-12-11T15:07:42.710812
5280,0.18943868278149542,0.35258661169791594,3.6221778034350716e-05,0.002759997034445405,0.044566783821210265,37.04989422298968,56.058740007225424,0.2407886190339923,93.4118576431647,0.3425689286925509,11.891585536,2025-12-11T15:23:11.709836
5290,0.189881296526312,0.5054118415282574,3.620594704895694e-05,0.003049527993425727,0.04624378099106252,36.97037831903435,55.82625007699244,0.2201607278548181,93.079820725834,0.3437909500734406,11.887757824,2025-12-11T15:38:37.816097
5300,0.19032391027112858,0.2665757517388556,3.6190086872677025e-05,0.003385657211765647,0.04202400962822139,36.55770561052486,55.00632947124541,0.2610700619406998,91.88450813386589,0.348263277998718,11.888024576,2025-12-11T15:54:10.738099
5310,0.19076652401594515,0.40620525564372656,3.617419753810102e-05,0.002896701917052269,0.04838095442391932,37.28946480574086,56.371231492608786,0.1736289421096444,93.9056021689903,0.34076774186926095,11.887847936,2025-12-11T16:09:43.216171
5320,0.19120913776076173,0.4919771990098525,3.6158279077878884e-05,0.0025230685714632273,0.03692621923983097,36.943416508845985,55.53533879923634,0.1647065351717174,92.69839659705758,0.3452055394129195,11.888086016,2025-12-11T16:25:12.311860
5330,0.1916517515055783,0.4180777478904929,3.614233152472045e-05,0.0027124094776809216,0.04242956102825701,37.24280961812474,56.48001711978577,0.3155383539851755,94.09796743816696,0.3400711074979131,11.887908864,2025-12-11T16:40:44.482380
5340,0.1920943652503949,0.32282849573675776,3.6126354911395336e-05,0.0027949076611548662,0.04250337276607752,36.58051738678478,55.048441319260746,0.25204084115102887,91.9431119270157,0.34804129781251636,11.887091712,2025-12-11T16:56:13.638542
5350,0.19253697899521147,0.40592527248918486,3.611034927073282e-05,0.003280393313616514,0.044042505556717515,36.47691556462087,55.05036865151487,0.20433867303654552,91.79946968401782,0.3485858917284264,11.8877312,2025-12-11T17:11:38.870073
5360,0.19297959274002804,0.3998711576714413,3.609431463562187e-05,0.002932170871645212,0.04571830062195659,36.52720414777286,55.03619919042103,0.28988957591354847,91.91897985502146,0.34813267129891745,11.88770048,2025-12-11T17:27:06.460594
5370,0.19342220648484462,0.344876605528043,3.607825103901104e-05,0.002703695325180888,0.0426264014095068,36.896988545777276,55.7744065374136,0.2674391728360206,93.00141399912536,0.3440807900006869,11.887730688,2025-12-11T17:42:34.896077
5380,0.1938648202296612,0.5212810835801065,3.606215851390838e-05,0.003063006093725562,0.04492663755081594,36.451618302380666,54.963360098190606,0.2238982799462974,91.70255958498456,0.3489542728667707,11.888589824,2025-12-11T17:58:01.848934
5390,0.19430743397447778,0.3040212264168076,3.604603709338138e-05,0.002655417425557971,0.04290769877843559,36.78868283168413,55.640059971250594,0.19104785285890102,92.68056209012866,0.3452719672640861,11.88855296,2025-12-11T18:13:29.035499
5400,0.19475004771929436,0.5149935401168477,3.60298868105569e-05,0.002712794579565525,0.04869535635225475,37.06708037015051,56.19597190548666,0.20369122200645506,93.53578368318267,0.34211505736016473,11.88773376,2025-12-11T18:28:58.767699
5410,0.19519266146411093,0.5795241396845086,3.6013707698621136e-05,0.0029012635350227356,0.04145254520699382,36.74372599506751,55.29643356963061,0.19353840500116348,92.29710054211318,0.34670644919554205,11.887967232,2025-12-11T18:44:31.068558
5420,0.1956352752089275,0.5292360946768895,3.599749979081949e-05,0.002780781826004386,0.046578347217291594,36.71064129495062,55.264820052077994,0.17968489485792816,92.22287564608268,0.34698549330433126,11.887838208,2025-12-11T18:59:55.007939
5430,0.1960778889537441,0.3464975623646751,3.598126312045655e-05,0.0027991943061351776,0.0446009065490216,37.05981506360695,55.967681927839294,0.20142600312829018,93.29325355007313,0.34300443796640334,11.895369728,2025-12-11T19:15:24.754081
5440,0.19652050269856067,0.4170415943044645,3.5964997720895996e-05,0.0027474481612443924,0.041768348310142756,37.47696931893006,56.694690397940576,0.2689950750209391,94.49847763380967,0.33862979384708136,11.890803712,2025-12-11T19:30:54.512304
5450,0.19696311644337725,0.322196799563244,3.594870362556056e-05,0.002699404489248991,0.04513343935832381,36.36171506205574,54.93643459258601,0.25402884697541595,91.61794266593643,0.3492765616521272,11.887904768,2025-12-11T19:46:24.514656
5460,0.19740573018819382,0.45827711158017337,3.593238086793193e-05,0.004004793707281351,0.0453119205776602,36.32691302313469,55.114240899449214,0.24162941495887935,91.74558023014106,0.3487906438623959,11.888963584,2025-12-11T20:01:50.027841
5470,0.1978483439330104,0.3862541602111378,3.591602948155069e-05,0.002676597097888589,0.04338336596265435,37.17095529893413,56.691693318774924,0.20587915717624128,94.13161641405895,0.3399495431932333,11.887675392,2025-12-11T20:17:22.344871
5480,0.19829095767782698,0.5360409347340465,3.589964950001624e-05,0.0033093667589128017,0.04588114353828132,36.738455534912646,55.33742741169408,0.3109842150006443,92.45121561107226,0.34612849369789767,11.887966208,2025-12-11T20:32:53.280524
5490,0.19873357142264356,0.29051258668187074,3.5883240956986774e-05,0.0025900418404489756,0.040608627256006,36.96976495254785,55.994189106626436,0.24562653410248458,93.26408648700453,0.3431117078968966,11.888008192,2025-12-11T20:48:21.735650
5500,0.19917618516746013,0.5765752128208987,3.586680388617913e-05,0.0027729866560548544,0.0412029295694083,37.170007828390226,56.52011372009292,0.17122860020026565,93.92339742393233,0.34070317809698586,11.885864448,2025-12-11T21:03:53.298509
5510,0.1996187989122767,0.30269934333045967,3.58503383213688e-05,0.002963392762467265,0.04587741056457162,36.93054883903824,55.5205412840005,0.27602455602027476,92.79175218287855,0.3448582362895015,11.887792128,2025-12-11T21:37:28.928250
5520,0.2000614126570933,0.41440016753040254,3.583384429638979e-05,0.00282945204526186,0.04424950061365962,36.79948894144036,55.861339228227735,0.20389773114584386,92.92938952194527,0.34434746816498996,11.900296192,2025-12-11T21:53:03.532872
5530,0.20050402640190987,0.573938365210779,3.581732184513463e-05,0.0030671916902065277,0.04029538156464696,36.72804521978833,55.323602789314464,0.32682808791287243,92.43874086812139,0.34617520424313336,11.897140224,2025-12-11T22:08:31.605869
5540,0.20094664014672645,0.32716302767948946,3.580077100155425e-05,0.002842201851308346,0.040433148154988885,36.56019647652283,55.12777297059074,0.19901277008466423,91.94644272699952,0.3480286898647292,11.887850496,2025-12-11T22:24:00.126920
5550,0.20138925389154302,0.5857825223356485,3.5784191799657884e-05,0.003071195911616087,0.04148071352392435,37.01184152509086,55.91342948493548,0.19999033003114164,93.18758511799388,0.34339338184889845,11.890422272,2025-12-11T22:39:25.197510
5560,0.2018318676363596,0.42326443824276794,3.5767584273513094e-05,0.002919590100646019,0.04767342051491141,36.633229926461354,55.36512137600221,0.19920652196742594,92.26520162704401,0.3468263162676537,11.888710656,2025-12-11T22:54:51.585651
5570,0.20227448138117618,0.5678705924656242,3.575094845724561e-05,0.0030446334276348352,0.043782372726127505,36.86276299250312,55.38740274915472,0.20992593304254115,92.52486070198938,0.3458529929925306,11.8880256,2025-12-11T23:10:25.733379
5580,0.20271709512599276,0.5604397407705619,3.5734284385039295e-05,0.0024852610658854246,0.04316945397295058,37.366787628270686,56.68414095789194,0.2626289071049541,94.37518743006513,0.3390721742800561,11.887908864,2025-12-11T23:26:02.896423
5590,0.20315970887080934,0.5995658934116364,3.5717592091136086e-05,0.0027147012297064066,0.042261421447619796,37.5891904309392,57.336974140489474,0.23158974992111325,95.21639451407827,0.3360765776031209,11.888144384,2025-12-11T23:41:39.252092
5600,0.2036023226156259,0.3737143770613329,3.57008716098359e-05,0.0032746114302426577,0.0432188764680177,37.179762774379924,55.90364281088114,0.2196349638979882,93.36918437085114,0.3427254957363648,11.887850496,2025-12-11T23:57:13.369137
5610,0.2040449363604425,0.4432377810298931,3.5684122975496566e-05,0.002900039777159691,0.04461363726295531,36.744184971554205,55.73578546522185,0.206790636992082,92.74885415402241,0.34501773948451736,11.887716352,2025-12-12T00:12:47.943072
5620,0.20448755010525907,0.23224959190702066,3.566734622253379e-05,0.002977647352963686,0.0406165299937129,37.040559604996815,56.267936734016985,0.19234942086040974,93.5609580418095,0.3420230047847542,11.887583744,2025-12-12T00:28:25.670215
5630,0.20493016385007565,0.46631427155807614,3.5650541385421044e-05,0.0027639756444841623,0.042685700580477715,37.00821714219637,55.963272008812055,0.22049937793053687,93.25539754913189,0.3431436768380158,11.891941888,2025-12-12T00:44:03.709105
5640,0.20537277759489223,0.29512312744918745,3.563370849868948e-05,0.003183445893228054,0.04098484921269119,36.44608018733561,55.096085355151445,0.15531134908087552,91.76101913512684,0.34873195940508195,11.887908864,2025-12-12T00:59:40.801825
5650,0.2058153913397088,0.41707063046487747,3.5616847596927946e-05,0.0030010531190782785,0.045117287896573544,36.6659233730752,55.63038370455615,0.21011258685030043,92.56933973706327,0.3456868126195321,11.887558656,2025-12-12T01:15:21.475905
5660,0.20625800508452538,0.4255421874986496,3.55999587147828e-05,0.00284366006962955,0.04297581501305103,36.968018501996994,56.387924419716,0.22198778111487627,93.64000053191558,0.341734299639323,11.888837632,2025-12-12T01:30:51.682531
5670,0.20670061882934196,0.24736609651881736,3.558304188695794e-05,0.002610553056001663,0.041501305531710386,37.6734977751039,57.2327864211984,0.16413193009793758,95.12927027791739,0.336384373668724,11.891825152,2025-12-12T01:46:30.277421
5680,0.20714323257415854,0.42981492294347845,3.556609714821464e-05,0.0029029876459389925,0.045358201721683145,37.147844878491014,56.434265287360176,0.23210473195649683,93.8766331509687,0.3408728980356471,11.891472896,2025-12-12T02:02:06.692378
5690,0.20758584631897511,0.24954183454610757,3.5549124533371565e-05,0.002677813870832324,0.049006998306140304,37.69033893872984,57.69513059826568,0.19756095297634602,95.64837101311423,0.33455875579535505,11.896213504,2025-12-12T02:17:43.382335
5700,0.2080284600637917,0.28915490611689165,3.5532124077304656e-05,0.002888699062168598,0.049483456183224916,36.821877588983625,56.76768106967211,0.19436159706674516,93.8588951381389,0.34093731822544143,11.891181056,2025-12-12T02:33:18.693465
5710,0.20847107380860827,0.3922732692790305,3.551509581494705e-05,0.002560253022238612,0.04158997652120888,36.92258592066355,56.035924590192735,0.22589706094004214,93.24411510792561,0.34318519686697146,11.89106432,2025-12-12T02:48:54.395423
5720,0.20891368755342485,0.3975085435904475,3.5498039781289026e-05,0.0026206530164927244,0.04131995793431997,36.93454043380916,56.06550627457909,0.24256343278102577,93.30018418189138,0.3429789585153989,11.885805056,2025-12-12T03:04:38.516450
5730,0.20935630129824145,0.30313563330855686,3.548095601137793e-05,0.0026703535113483667,0.04162407200783491,36.9491312650498,56.09479719679803,0.20753062888979912,93.30867570615374,0.34294774583205867,11.887962112,2025-12-12T03:20:14.864786
5740,0.20979891504305803,0.4066015433636494,3.5463844540318114e-05,0.002979035023599863,0.04524379177019,37.643622991628945,56.53353730170056,0.18842559587210417,94.43354808609001,0.3388626250792495,11.89091584,2025-12-12T03:35:53.008324
5750,0.2102415287878746,0.39886362571269274,3.5446705403270815e-05,0.0025460899341851473,0.04420033097267151,37.0847230211366,56.17977609555237,0.23634629393927753,93.56742790597491,0.3419993550763896,11.891083776,2025-12-12T03:51:31.337273
5760,0.2106841425326912,0.31392859579064236,3.542953863545417e-05,0.003183778841048479,0.040413901675492525,37.34687500214204,56.41270739980973,0.241418823832646,94.05939612188376,0.3402105618298235,11.887850496,2025-12-12T04:07:09.311146
5770,0.21112675627750777,0.3022961651086007,3.5412344272143026e-05,0.0027797999791800976,0.04563552653416991,36.80145037826151,55.31733902753331,0.231620485894382,92.41569051193073,0.34626154739241866,11.887850496,2025-12-12T04:22:43.271308
5780,0.21156937002232434,0.3556110182435077,3.5395122348669e-05,0.003968681208789349,0.049811522010713816,37.027621685760096,56.34325315291062,0.20217543095350266,93.64244660013355,0.3417253730740773,11.887675392,2025-12-12T04:38:20.597489
5790,0.21201198376714092,0.34426876680299756,3.537787290042031e-05,0.0027323320973664522,0.04664916708134115,36.66915180115029,56.05620163399726,0.17025982006452978,92.95584668801166,0.3442494597182447,11.8885504,2025-12-12T04:53:54.936422
5800,0.2124545975119575,0.5470620049396473,3.536059596284173e-05,0.003090058919042349,0.04062594776041806,37.361945354612544,56.32860990730114,0.1776255490258336,93.92943133390509,0.3406812917481081,11.885978112,2025-12-12T05:09:32.284339
5810,0.21289721125677408,0.32762265906785615,3.5343291571434555e-05,0.0027631339617073536,0.046878712717443705,37.77629383234307,57.50045949500054,0.20525724906474352,95.54804586293176,0.3349100414455941,11.889661952,2025-12-12T05:25:09.979888
5820,0.21333982500159065,0.3858079902129248,3.532595976175644e-05,0.003346462035551667,0.04232632857747376,36.71895685303025,55.25521734612994,0.21063744113780558,92.24471941892989,0.3469033262995991,11.887675392,2025-12-12T05:40:43.417329
5830,0.21378243874640723,0.293754574842751,3.5308600569421405e-05,0.0031885451171547174,0.03922312310896814,37.152146575041115,56.50831780396402,0.22872595489025116,93.9493581680581,0.3406090326105038,11.887799296,2025-12-12T05:56:18.275543
5840,0.2142250524912238,0.29307255665480625,3.529121403009973e-05,0.002644320484250784,0.04586175596341491,37.54628456640057,56.477028891211376,0.20784606505185366,94.29073994210921,0.33937584984110564,11.887417856,2025-12-12T06:11:55.006509
5850,0.2146676662360404,0.38753038382856175,3.5273800179517934e-05,0.002779407659545541,0.04325016215443611,36.936258929083124,55.92306384979747,0.33312230301089585,93.25407615117729,0.3431485391386403,11.888576512,2025-12-12T06:27:29.764800
5860,0.21511027998085697,0.2340250131310313,3.525635905345857e-05,0.0024822033010423183,0.03524941951036453,36.42190843075514,54.85014828527346,0.26052324287593365,91.58131659892388,0.349416247640799,11.887675392,2025-12-12T06:42:53.876477
5870,0.21555289372567354,0.4236401663729339,3.523889068776031e-05,0.0033672458957880735,0.04502563760615885,37.179164403816685,56.455713448580354,0.2810838718432933,93.985762686003,0.34047710084461186,11.889857536,2025-12-12T06:58:25.175203
5880,0.21599550747049012,0.383195168513339,3.522139511831778e-05,0.0028736493550240993,0.04550397698767483,36.985839814879,55.68927748175338,0.20499253901652992,92.94856334500946,0.34427643471175956,11.887850496,2025-12-12T07:13:52.075025
5890,0.2164381212153067,0.3582608061406063,3.520387238108148e-05,0.003395962994545698,0.04060830525122583,36.52501549082808,54.96855137636885,0.1888838040176779,91.74296648893505,0.3488005808473553,11.887850496,2025-12-12T07:29:15.056092
5900,0.21688073496012328,0.5042471680790186,3.518632251205776e-05,0.0031081538181751966,0.04182865680195391,36.60070873773657,55.413521704031155,0.23996691103093326,92.31378995790146,0.34664376811517755,11.888961536,2025-12-12T07:44:42.625444
5910,0.21732334870493986,0.3167274250772607,3.516874554730872e-05,0.0027089242357760668,0.03892340278252959,36.85450999811292,55.802111150929704,0.19414358283393085,92.90908481297083,0.3444227231859736,11.89494016,2025-12-12T08:00:10.074496
5920,0.21776596244975643,0.21091806574258953,3.515114152295214e-05,0.003121372312307358,0.045206417329609394,36.57458085450344,55.06172222504392,0.18926449213176966,91.89030749211088,0.3482412984932858,11.887857664,2025-12-12T08:15:38.805032
5930,0.218208576194573,0.4267220706678927,3.513351047516138e-05,0.0025690551847219467,0.05191327864304185,37.24522121390328,56.12896627839655,0.180622274056077,93.62002983898856,0.34180719718883734,11.887850496,2025-12-12T08:31:09.174495
5940,0.2186511899393896,0.36732898093760014,3.5115852440165356e-05,0.002947533270344138,0.04985912889242172,36.504235526314005,55.21504348702729,0.18299053818918765,91.97372652194463,0.3479254479524096,11.8877312,2025-12-12T08:46:39.121842
5950,0.21909380368420617,0.4288705523649696,3.509816745424841e-05,0.002776309149339795,0.040192811051383615,36.852360256481916,55.826201412593946,0.20776368910446763,92.94322472112253,0.3442962098207422,11.895095296,2025-12-12T09:02:08.206704
5960,0.21953641742902275,0.29209926871044445,3.508045555375033e-05,0.0033347513526678085,0.0444396014790982,37.252152991481125,56.36933857691474,0.17534498614259064,93.86191610689275,0.3409263450743691,11.889626624,2025-12-12T09:17:35.405645
5970,0.21997903117383932,0.44296980458602775,3.506271677506611e-05,0.002933559939265251,0.04665645956993103,36.54382830671966,55.075832206523046,0.1674519639927894,91.850913093891,0.34839065744821995,11.887847936,2025-12-12T09:33:03.633620
5980,0.2204216449186559,0.27331904352467973,3.504495115464606e-05,0.0028116614557802677,0.04331447253935039,36.84233258338645,55.51543343486264,0.2628369659651071,92.68458027904853,0.34525699856067255,11.888086016,2025-12-12T09:48:33.150080
5990,0.22086425866347248,0.5679359524510801,3.502715872899558e-05,0.003032971639186144,0.04434863361530006,36.70786894392222,55.46366299712099,0.1704378821887076,92.40193353407085,0.34631309947860367,11.887500288,2025-12-12T10:03:56.914031
6000,0.22130687240828906,0.42790677816446987,3.500933953467519e-05,0.002824169583618641,0.05195716372691095,36.94359327526763,55.95693213772029,0.2127150429878384,93.18442971701734,0.34340500979807104,11.892151808,2025-12-12T10:19:27.498929
6010,0.22174948615310563,0.35462015424855053,3.499149360830042e-05,0.003966989694163203,0.04935426777228713,36.759895420633256,55.53147934493609,0.21218714001588523,92.56925374292769,0.345687133752494,11.889311744,2025-12-12T10:53:16.103597
6020,0.2221920998979222,0.47297085012542084,3.49736209865417e-05,0.002527926815673709,0.049110698979347944,36.68816060386598,55.157381566474214,0.19521684083156288,92.10481775109656,0.3474302515474987,11.891343872,2025-12-12T11:08:43.091743
6030,0.2226347136427388,0.2311467057916161,3.495572170612434e-05,0.0027026673778891563,0.04716455424204469,36.41993881063536,55.120339777786285,0.21079780207946897,91.81709342286922,0.3485189827630684,11.887616,2025-12-12T11:24:09.526566
6040,0.22307732738755537,0.6050063147558831,3.493779580382841e-05,0.003025561571121216,0.04673088970594108,37.007248875685036,56.05335470242426,0.1955839281436056,93.32025535777211,0.3429051911326012,11.885689344,2025-12-12T11:39:37.965094
6050,0.22351994113237195,0.24748641102331703,3.4919843316488685e-05,0.002827148884534836,0.04591827490366995,36.86199580132961,55.760627512587234,0.2626747810281813,92.95039215311408,0.34426966103905693,11.8880256,2025-12-12T11:55:05.250322
6060,0.22396255487718852,0.30349441901199725,3.4901864280994595e-05,0.002671642694622278,0.0428013508208096,36.480520671699196,55.11444673803635,0.19662864110432565,91.85209576413035,0.3483861716359061,11.887908864,2025-12-12T12:10:30.863786
6070,0.2244051686220051,0.3866909416865383,3.488385873429009e-05,0.003009712789207697,0.049092684872448444,36.11062240693718,54.478438809514046,0.24649859918281436,90.9053422701545,0.35201451532850175,11.887908864,2025-12-12T12:25:57.240489
6080,0.22484778236682168,0.2672031642287038,3.4865826713373607e-05,0.0032795313745737076,0.047947152983397245,36.54811522690579,55.501079697394744,0.19569490593858063,92.31146756280214,0.34665248906620927,11.887906816,2025-12-12T12:41:28.052282
6090,0.22529039611163826,0.3204553936202501,3.484776825529799e-05,0.0024155343417078257,0.04496683902107179,36.46482420270331,55.09868881176226,0.1811235100030899,91.80669034202583,0.34855847521334227,11.8880256,2025-12-12T12:56:57.715390
6100,0.22573300985645484,0.23237112336801147,3.4829683397170425e-05,0.002886377042159438,0.05040103825740516,37.31360470992513,56.74355445499532,0.18522260687313974,94.31403442309238,0.3392920279122843,11.887904768,2025-12-12T13:12:28.179128
6110,0.2261756236012714,0.5649227209396486,3.481157217615228e-05,0.003106107236817479,0.04411547025665641,36.872276838868856,55.70466924016364,0.21940882597118616,92.8583351271227,0.3446109598690535,11.885689344,2025-12-12T13:27:57.877682
6120,0.226618237346088,0.23631828769430285,3.479343462945916e-05,0.0030118192080408335,0.04360312130302191,36.85092240595259,55.777144014369696,0.24617480603046715,92.93362895399332,0.34433175977494174,11.887908864,2025-12-12T13:43:26.156635
6130,0.22706085109090457,0.2833666940750845,3.477527079436074e-05,0.0025622653774917126,0.04346672282554209,36.87082097842358,55.773320994572714,0.1649410838726908,92.87406515516341,0.3445525933051175,11.88781312,2025-12-12T13:59:00.662897
6140,0.22750346483572115,0.4418825576576637,3.475708070818073e-05,0.0031754893716424704,0.050764782819896936,36.68504141457379,55.5273842161987,0.20939844893291593,92.49303897190839,0.3459719818452382,11.889545216,2025-12-12T14:14:30.915002
6150,0.22794607858053773,0.24443355371477082,3.473886440829674e-05,0.0033630880061537027,0.05061032623052597,37.00371678569354,56.05452268105,0.16947838594205678,93.29497206490487,0.34299811974580746,11.890886144,2025-12-12T14:29:56.298260
6160,0.2283886923253543,0.25422681032068795,3.4720621932140275e-05,0.002666519721969962,0.05556647083722055,36.75774531182833,55.43513365928084,0.17604585806839168,92.44359289295971,0.3461570347774426,11.8877312,2025-12-12T14:45:22.674835
6170,0.22883130607017088,0.24041096976725385,3.470235331719665e-05,0.0030010510236024857,0.04233064432628453,37.41137845115736,56.740605493076146,0.23197191301733255,94.44255778216757,0.3388302980294988,11.888621568,2025-12-12T15:00:52.287412
6180,0.22927391981498746,0.44655539685481926,3.4684058601004856e-05,0.0028028187807649374,0.047964592231437564,36.970704874489456,56.10155587038025,0.2198879630304873,93.36204079096206,0.3427517193165059,11.89159168,2025-12-12T15:16:19.749117
6190,0.22971653355980404,0.2053571340628082,3.4665737821157504e-05,0.002611639676615596,0.046446762746199965,36.89398207888007,55.835946715204045,0.1891695170197636,92.98132172902115,0.3441551421828436,11.897783808,2025-12-12T15:31:45.257115
6200,0.23015914730462061,0.3548729653703049,3.4647391015300815e-05,0.00321390712633729,0.04925081669352949,36.44045451586135,54.92201267648488,0.23774264194071293,91.67162745981477,0.34907201810099353,11.88781312,2025-12-12T15:47:12.979729
6210,0.2306017610494372,0.39040269755059853,3.462901822113444e-05,0.0030876598320901394,0.045209445990622044,37.19619833934121,56.07040889072232,0.170975835993886,93.50379846710712,0.3422320860179493,11.887908864,2025-12-12T16:02:41.113060
6220,0.23104437479425377,0.4484549984044861,3.461061947641147e-05,0.003003963502123952,0.04528409126214683,37.13383897813037,56.40804794197902,0.2872746977955103,93.89746245299466,0.3407972820992824,11.887848448,2025-12-12T16:18:18.580938
6230,0.23148698853907035,0.40895802044542506,3.4592194818938275e-05,0.002779919421300292,0.05211665132082999,36.759269000729546,55.78690939815715,0.17735607596114278,92.7972870839294,0.3448376671944944,11.887792128,2025-12-12T16:33:49.213052
6240,0.23192960228388693,0.3294795746216437,3.457374428657451e-05,0.003444253234192729,0.05399310472421348,36.673914208775386,55.879851151490584,0.19927519606426358,92.82502720109187,0.3447346148434373,11.889152,2025-12-12T16:49:23.103963
6250,0.2323722160287035,0.46873062453232706,3.455526791723299e-05,0.002899541286751628,0.05038902419619262,37.58828802476637,57.56562816933729,0.18464751890860498,95.40831529092975,0.3354005350835722,11.893225984,2025-12-12T17:05:05.310618
6260,0.23281482977352008,0.4094618904637173,3.453676574887964e-05,0.0026522984262555838,0.05898434482514858,37.29410487902351,56.74196502100676,0.23320644511841238,94.34871263918467,0.33916731988041815,11.890655744,2025-12-12T17:20:35.274038
6270,0.23325744351833666,0.39110834494931623,3.4518237819533323e-05,0.0036374249029904604,0.054342471063137054,36.94622491719201,56.25887529109605,0.1823188909329474,93.4646028301213,0.34237560564144615,11.887558656,2025-12-12T17:36:06.261623
6280,0.23370005726315324,0.29662099769120687,3.4499684167265914e-05,0.002586344489827752,0.06171487527899444,36.8703271842096,56.09278589556925,0.1961658550426364,93.24492041789927,0.34318223294721467,11.889569792,2025-12-12T17:51:42.202494
6290,0.23414267100796982,0.39727002182553406,3.448110483020212e-05,0.0036903200671076775,0.055635922122746706,36.807577029569075,56.31446554255672,0.21136405295692384,93.41047443891875,0.34257400138701627,11.890624,2025-12-12T18:07:21.473116
6300,0.2345852847527864,0.5102918888442218,3.446249984651942e-05,0.002774951048195362,0.05002026678994298,37.49429461359978,56.515826556133106,0.1600271761417389,94.2401369549334,0.3395580803888552,11.88771328,2025-12-12T18:22:55.491903
6310,0.23502789849760297,0.319406703045388,3.4443869254448005e-05,0.002587614580988884,0.05524658504873514,37.070967451436445,56.56641582236625,0.23117806506343186,93.94193923496641,0.340635931731854,11.887850496,2025-12-12T18:38:32.468418
6320,0.23547051224241955,0.4174280871757219,3.442521309227067e-05,0.002674184739589691,0.048492450499907136,36.90420012944378,56.20343270665035,0.2027464190032333,93.37887353100814,0.3426899339214434,11.89305088,2025-12-12T18:54:09.612911
6330,0.23591312598723613,0.44648037606384605,3.440653139832278e-05,0.0030076932162046432,0.055581141728907824,37.63942756713368,57.49348438717425,0.24243178800679743,95.45197073300369,0.33524713795076844,11.88580608,2025-12-12T19:09:45.330990
6340,0.2363557397320527,0.22856217228036257,3.438782421099214e-05,0.002424619859084487,0.05032578902319074,36.77155580325052,55.94867792725563,0.18229263089597225,92.97246735286899,0.34418791832797935,11.887707136,2025-12-12T19:25:23.652156
6350,0.23679835347686928,0.377133536778274,3.436909156871894e-05,0.0031106851529330015,0.05412755021825433,37.323780776467174,57.23739442345686,0.21903864108026028,94.85414477391168,0.3373600602933395,11.90169856,2025-12-12T19:41:04.197767
6360,0.23724096722168586,0.29012598672125023,3.435033350999568e-05,0.003058631205931306,0.05989391775801778,36.96014127321541,56.14290491538122,0.23550256504677236,93.4192259029951,0.34254190923427524,11.888589824,2025-12-12T19:56:40.053809
6370,0.23768358096650244,0.386007513057848,3.433155007336708e-05,0.0030390513129532337,0.05762029765173793,36.670103521086276,55.46893718186766,0.19841505284421146,92.41632101195864,0.34625918506168635,11.888760832,2025-12-12T20:12:04.178636
6380,0.23812619471131902,0.3152560767484829,3.431274129743001e-05,0.0026761603076010942,0.0655174155253917,37.81188839208335,55.46872287383303,0.20386506500653923,93.56847203709185,0.3419955387036218,11.889513472,2025-12-12T20:27:35.838385
6390,0.2385688084561356,0.27608636836612277,3.4293907220833435e-05,0.0029826608952134848,0.06036791019141674,36.759323393926024,55.3793847928755,0.25734870810993016,92.47234484413639,0.3460494059487354,11.887850496,2025-12-12T20:42:58.518034
6400,0.23901142220095217,0.33484542835503817,3.427504788227828e-05,0.002680043689906597,0.04199676774442196,37.20929208188318,56.04764481401071,0.2269766922108829,93.54402884002775,0.34208490265823477,11.892934144,2025-12-12T20:58:27.255168
6410,0.23945403594576875,0.29821556666865945,3.425616332051738e-05,0.00297167687676847,0.05036564893089235,37.484191137133166,56.86387864779681,0.19452015194110572,94.61112220399082,0.33822661918125096,11.902398976,2025-12-12T21:13:59.966413
6420,0.23989664969058533,0.42395264580227376,3.4237253574355406e-05,0.002691473811864853,0.06009144755080342,36.72268250398338,56.02540856669657,0.22446891688741744,93.0522528749425,0.3438928022839638,11.885922816,2025-12-12T21:29:38.241626
6430,0.2403392634354019,0.3457760400542611,3.421831868264878e-05,0.0024926033802330494,0.05026352358981967,37.01576237427071,56.525265478063375,0.20855527883395553,93.81703932397068,0.34108942501902056,11.888246784,2025-12-12T21:45:13.600392
6440,0.24078187718021848,0.42187940343865193,3.419935868430561e-05,0.0032810948323458433,0.055869744159281254,37.22090879851021,56.51292110234499,0.18112222314812243,93.99187325499952,0.3404549658584221,11.887792128,2025-12-12T22:00:52.306313
6450,0.24122449092503506,0.25330811794412966,3.418037361828552e-05,0.0027925369795411825,0.05772750568576157,36.79191783210263,55.80192413064651,0.2059229458682239,92.87671385891736,0.3445427671849911,11.887850496,2025-12-12T22:16:25.675218
6460,0.24166710466985164,0.326119259087136,3.4161363523599786e-05,0.0027434853836894035,0.05265048611909151,37.08756263856776,55.52622251561843,0.2270209020934999,92.91205174499191,0.3444117248409041,11.889686528,2025-12-12T22:32:03.442262
6470,0.24210971841466822,0.2790249717509141,3.414232843931095e-05,0.002650921931490302,0.05686673359014094,36.946210221154615,55.782572598196566,0.1867269640788436,92.98920844891109,0.344125953255974,11.887816192,2025-12-12T22:47:35.277118
6480,0.2425523321594848,0.23485752689884976,3.412326840453302e-05,0.0037885112687945366,0.06202825088985264,37.44405289716087,56.9660714189522,0.24374500708654523,94.73334808694199,0.3377902359223264,11.887792128,2025-12-12T23:03:11.138271
6490,0.24299494590430137,0.4956373096210882,3.410418345843123e-05,0.0032108789309859276,0.042054303688928485,37.19037408474833,56.23891440057196,0.2658781548961997,93.75636858982034,0.3413101475804644,11.887850496,2025-12-12T23:18:48.261566
6500,0.24343755964911795,0.255739067380091,3.4085073640222016e-05,0.003298495663329959,0.04524452076293528,37.032372429501265,56.0736298551783,0.2686370760202408,93.43518063495867,0.3424834177291378,11.887908864,2025-12-12T23:34:24.946208
6510,0.24388017339393453,0.5364583523478359,3.406593898917289e-05,0.0029400107450783253,0.0413759988732636,36.95848752302118,55.92423829762265,0.2114392810035497,93.1531921918504,0.3435201655150531,11.88773376,2025-12-13T00:08:16.802706
6520,0.2443227871387511,0.4532985153491609,3.404677954460241e-05,0.002721912693232298,0.047473368933424354,37.688531659776345,57.045389351435006,0.25089101400226355,95.05049234395847,0.33666316934163637,11.891531264,2025-12-13T00:23:52.018980
6530,0.24476540088356769,0.4697124450467527,3.402759534588011e-05,0.0027036385145038366,0.0468425746075809,36.940568261547014,55.93723399285227,0.17903220700100064,93.1241480531171,0.34362730472173036,11.890422272,2025-12-13T00:39:28.197395
6540,0.24520801462838426,0.3365752048775903,3.400838643242635e-05,0.002966296160593629,0.044027924071997404,36.540780326817185,55.636148538207635,0.16855907207354903,92.40804800996557,0.3462901845578322,11.887908864,2025-12-13T00:55:04.318955
6550,0.24565062837320084,0.3986318082024809,3.398915284371231e-05,0.0030382468830794096,0.04779057879932225,37.08045565197244,56.300570824183524,0.18989868112839758,93.63728793011978,0.34174419942492523,11.887908864,2025-12-13T01:10:39.154301
6560,0.24609324211801742,0.36979371146298945,3.396989461925985e-05,0.0031869092490524054,0.0493999810423702,37.27172575076111,56.946167807793245,0.24488883698359132,94.52986278780736,0.33851736431513596,11.899595776,2025-12-13T01:26:18.723967
6570,0.246535855862834,0.5839585441499366,3.395061179864144e-05,0.0027516307309269905,0.042069610208272934,36.42811622680165,55.42384086642414,0.20137017196975648,92.1156227379106,0.34738949864180046,11.889253376,2025-12-13T01:41:49.607859
6580,0.24697846960765057,0.42353696876671165,3.3931304421480114e-05,0.0030892130453139544,0.05159482383169234,37.71949679823592,56.88970465492457,0.14797653397545218,94.82654990791343,0.3374582332803985,11.887967232,2025-12-13T01:57:29.906102
6590,0.24742108335246715,0.45401113366824575,3.3911972527449354e-05,0.0026650037616491318,0.05116715072654188,36.55180222843774,55.55561272846535,0.1624770830385387,92.3384707570076,0.34655111501910496,11.887792128,2025-12-13T02:13:09.150217
6600,0.24786369709728373,0.31199343624757603,3.389261615627302e-05,0.0031487152446061373,0.0445369528606534,37.60465769190341,57.13517484697513,0.1822594520635903,94.9846232989803,0.3368966353561728,11.892292096,2025-12-13T02:28:44.240993
6610,0.2483063108421003,0.3754939567515976,3.3873235347725275e-05,0.003207978792488575,0.04456267459318042,37.09391234628856,57.02671376639046,0.17472040909342468,94.35837233997881,0.33913259847999605,11.886537216,2025-12-13T02:44:24.759783
6620,0.2487489245869169,0.5225100200404995,3.38538301416305e-05,0.002568668220192194,0.05385105707682669,37.27789401146583,56.09699680446647,0.22822877811267972,93.67308461200446,0.34161360365727844,11.889998848,2025-12-13T03:00:03.299874
6630,0.24919153833173346,0.23204657883616164,3.38344005778632e-05,0.0029416403267532587,0.03877247031778097,36.762983926339075,55.82668506144546,0.20894372602924705,92.86147498595528,0.34459930778441544,11.8880256,2025-12-13T03:15:37.621846
6640,0.24963415207655004,0.35262532575870864,3.381494669634795e-05,0.0027414634823799133,0.04999017249792814,36.81601739209145,55.90337587078102,0.19994642492383718,92.99601084389724,0.34410078141647477,11.887848448,2025-12-13T03:31:15.301531
6650,0.2500767658213666,0.4960333617491415,3.379546853705927e-05,0.0027748302090913057,0.04570058290846646,37.35301962820813,56.097853646147996,0.16059365100227296,93.6773400050588,0.34159808549508264,11.887325184,2025-12-13T03:46:51.545809
6660,0.2505193795661832,0.3773912422475405,3.377596614002158e-05,0.003232554765418172,0.046726682456210256,37.09717782121152,57.016687092604116,0.17234803386963904,94.3529728569556,0.3391520058251243,11.887675392,2025-12-13T04:02:28.262237
6670,0.2509619933109998,0.33697973760718014,3.3756439545309086e-05,0.0024586559738963842,0.043976288754493,36.90706255007535,56.24911575508304,0.19034601585008204,93.40835915785283,0.3425817591541513,11.887792128,2025-12-13T04:17:59.560706
6680,0.25140460705581635,0.431547269062321,3.373688879304574e-05,0.0031945952214300632,0.047756067011505365,37.146930400747806,56.914222561521456,0.2967921399977058,94.42743986099958,0.33888454507614624,11.889895424,2025-12-13T04:33:38.643209
6690,0.25184722080063293,0.3715844236430712,3.371731392340511e-05,0.0024216147139668465,0.04273953381925821,36.99602232500911,56.31471051322296,0.21552132605575025,93.58806206588633,0.3419239515556149,11.887967232,2025-12-13T04:49:18.848549
6700,0.2522898345454495,0.3390380666969577,3.3697714976610346e-05,0.002870490774512291,0.05558998486958444,37.86841932195239,56.99802548275329,0.20969897601753473,95.15266664000228,0.33630166268558537,11.89106432,2025-12-13T05:05:00.337225
6710,0.2527324482902661,0.3141808927466627,3.367809199293407e-05,0.0028568136040121317,0.045073436573147774,37.2527025048621,57.120190128684044,0.21381178312003613,94.64905204204842,0.33809107761358037,11.88773376,2025-12-13T05:20:39.096322
6720,0.25317506203508267,0.4792099785991013,3.3658445012698284e-05,0.003240796970203519,0.049235625192523,37.61542703118175,56.68454740871675,0.2550550140440464,94.62629402498715,0.33817238992314375,11.886332928,2025-12-13T05:36:15.964554
6730,0.25361767577989924,0.3941987995585805,3.3638774076274296e-05,0.0029376090969890356,0.05435010534711182,36.84739420050755,56.1919460974168,0.24603762687183917,93.35892111388966,0.3427631726909399,11.887751168,2025-12-13T05:51:50.504184
6740,0.2540602895247158,0.4355394091689959,3.361907922408267e-05,0.00309195788577199,0.039102151757106185,37.0942367434036,56.58376041636802,0.158808529144153,93.89905480807647,0.34079150280485687,11.88580608,2025-12-13T06:07:23.139191
6750,0.2545029032695324,0.3479873106407467,3.359936049659304e-05,0.002680068137124181,0.055360834347084165,36.62725058174692,55.98303955094889,0.19187059300020337,92.87791063403711,0.3445383275910269,11.887773696,2025-12-13T06:23:01.100446
6760,0.254945517014349,0.35352766309006256,3.3579617934324205e-05,0.003025111509487033,0.04850405617617071,37.22834825725295,56.45599981513806,0.15615881397388875,93.90944949397817,0.34075378114160876,11.887792128,2025-12-13T06:38:45.467962
6770,0.25538813075916555,0.2074414728449483,3.355985157784386e-05,0.0029214350506663322,0.04964551539160311,37.90013186936267,57.58088340703398,0.21618301887065172,95.7648446590174,0.33415184991882946,11.887967232,2025-12-13T06:54:28.801973
6780,0.25583074450398213,0.37659774673738866,3.354006146776863e-05,0.00300062564201653,0.0488656519446522,37.58926307223737,56.78419447597116,0.2013225620612502,94.64980686083436,0.33808838138518643,11.889742848,2025-12-13T07:10:10.798787
6790,0.2562733582487987,0.44057489942133543,3.352024764476393e-05,0.0027823480777442455,0.045945019694045186,37.21333972737193,56.890891168499365,0.17240181402303278,94.33882654085755,0.3392028624199709,11.887908864,2025-12-13T07:25:51.490128
6800,0.2567159719936153,0.4722105896071298,3.35004101495439e-05,0.0027172802947461605,0.049956364557147026,37.106834284961224,55.9451176575385,0.18674220703542233,93.30915572983213,0.34294598155676154,11.886923264,2025-12-13T07:41:33.275536
6810,0.25715858573843187,0.4295770742755849,3.348054902287134e-05,0.003037925809621811,0.05465361406095326,37.25618784176186,56.686487117549405,0.21370808803476393,94.23146747495048,0.33958932039879935,11.889222656,2025-12-13T07:57:14.672875
6820,0.25760119948324844,0.3428476734115975,3.346066430555759e-05,0.0031807315535843372,0.044514690758660436,37.326393919065595,56.79573418293148,0.1649258949328214,94.34953043307178,0.33916438007817823,11.887714304,2025-12-13T08:13:01.959030
6830,0.258043813228065,0.2073654008563608,3.344075603846249e-05,0.0027107615023851395,0.042639244347810745,36.492302478989586,56.17144770198502,0.2050326419994235,92.92972175707109,0.34434623708065815,11.891111424,2025-12-13T08:28:38.891509
6840,0.2584864269728816,0.2920608479907969,3.342082426249427e-05,0.0034277408849447966,0.04453406692482531,37.07901254692115,55.90020334487781,0.21944471495226026,93.2608227902092,0.3431237152173126,11.886449664,2025-12-13T08:44:19.021609
6850,0.2589290407176982,0.34535703030996956,3.340086901860945e-05,0.0028537700418382883,0.04495817259885371,37.05168119003065,56.578014471801,0.19214270496740937,93.88719620206393,0.34083454714239875,11.887850496,2025-12-13T08:59:59.042010
6860,0.25937165446251476,0.35719426537980326,3.338089034781275e-05,0.0024567937944084406,0.04666119022294879,37.79939624550752,57.2130065523088,0.20390284713357687,95.2798970779404,0.33585258781108374,11.887558656,2025-12-13T09:15:36.073153
6870,0.25981426820733133,0.2623356653120936,3.336088829115707e-05,0.002653642790392041,0.04820464923977852,36.643781796097755,55.44204767793417,0.2000446009915322,92.35211869212799,0.346499901173655,11.887904256,2025-12-13T09:31:11.355608
6880,0.2602568819521479,0.5414075286826119,3.334086288974334e-05,0.0030623627826571465,0.05792343895882368,36.860881799366325,55.86604406335391,0.15773103502579033,92.95947649795562,0.34423601773084156,11.88609792,2025-12-13T09:46:52.403470
6890,0.2606994956969645,0.2627123761803887,3.332081418472047e-05,0.0030270908027887344,0.05226379609666765,36.864068241091445,56.21179358405061,0.16055671102367342,93.30909649911337,0.3429461992519032,11.885689344,2025-12-13T10:02:21.988772
6900,0.26114210944178107,0.15691741970067596,3.3300742217285275e-05,0.0031564622186124325,0.049952613189816475,36.97432089038193,55.442899810383096,0.1750939548946917,92.66028476087376,0.34534752491406273,11.887967232,2025-12-13T10:17:58.801486
6910,0.26158472318659765,0.43411623826250434,3.328064702868232e-05,0.002990635111927986,0.03891659155488014,36.80309579288587,55.73542873049155,0.2664888030849397,92.86429302790202,0.34458885064020545,11.887967232,2025-12-13T10:33:31.765959
6920,0.2620273369314142,0.3620201347512193,3.3260528660203935e-05,0.002646792447194457,0.03847098117694259,37.360492954729125,56.92457488900982,0.24659501388669014,94.5884338079486,0.3383077476996022,11.892474368,2025-12-13T10:49:11.878049
6930,0.2624699506762308,0.36155349847103935,3.324038715319005e-05,0.002803702838718891,0.047336503164842725,37.19421250396408,56.591053346171975,0.2556238700635731,94.10529214609414,0.3400446379819051,11.887754752,2025-12-13T11:04:53.571608
6940,0.2629125644210474,0.45211553937770077,3.322022254902814e-05,0.0028201877139508724,0.0535343773663044,36.87284096633084,55.83156248810701,0.24652148317545652,93.02351564588025,0.3439990391442187,11.8924672,2025-12-13T11:20:34.159528
6950,0.26335517816586396,0.3218133587797638,3.320003488915317e-05,0.003136509330943227,0.046091786585748196,37.945919264806435,57.224314861465245,0.1998027351219207,95.4368418760132,0.33530028206059886,11.887850496,2025-12-13T11:36:18.092953
6960,0.26379779191068053,0.43621560552855954,3.317982421504747e-05,0.0034056950826197863,0.04398322477936745,37.180716935545206,57.238498356658965,0.2552653851453215,94.73805261822417,0.3377734618311582,11.895762944,2025-12-13T11:51:58.167915
6970,0.2642404056554971,0.6074709915701533,3.3159590568240624e-05,0.002918090671300888,0.05067259049974382,37.07645768695511,56.57254154793918,0.24304797896184027,93.9597528448794,0.34057135136178607,11.891239424,2025-12-13T12:07:37.449873
6980,0.2646830194003137,0.3635412408148113,3.3139333990309485e-05,0.003146590432152152,0.03974046069197357,37.45846032653935,56.98469177284278,0.19621166097931564,94.6993075569626,0.3379116577040616,11.887908864,2025-12-13T12:23:20.196935
6990,0.26512563314513027,0.4674056100884627,3.311905452287798e-05,0.0033511945512145758,0.04407404945231974,36.85662360326387,55.74016619171016,0.19681692798621953,92.86028698203154,0.34460371640023035,11.891297792,2025-12-13T12:38:55.586616
7000,0.26556824688994685,0.47871868242509663,3.309875220761706e-05,0.003380597336217761,0.04233081662096083,37.372677110368386,56.983501996612176,0.18665734119713306,94.60455525806174,0.3382500970773616,11.888232448,2025-12-13T12:54:33.519327
7010,0.2660108606347634,0.41736051542829955,3.307842708624467e-05,0.002757339272648096,0.049747642828151584,36.51006512949243,55.96465643798001,0.20114835305139422,92.74467022786848,0.3450333040311404,11.887208448,2025-12-13T13:28:27.031108
7020,0.26645347437958,0.47229003068059683,3.305807920052559e-05,0.0029321876354515553,0.043102087220177054,36.583439115202054,55.64193555456586,0.195352824870497,92.48590599396266,0.34599866494348785,11.887716352,2025-12-13T13:44:01.505698
7030,0.2668960881243966,0.47523299319436774,3.3037708592271355e-05,0.0044522974640131,0.04127606307156384,37.263668169500306,55.862041304819286,0.20838130312040448,93.40146557381377,0.34260704372685546,11.892058624,2025-12-13T13:59:39.537566
7040,0.26733870186921316,0.3752319866907783,3.301731530334024e-05,0.0025963454972952604,0.05468839919194579,36.86359820142388,56.46185341151431,0.21187873277813196,93.60861483891495,0.3418488784933603,11.88580608,2025-12-13T14:15:15.729974
7050,0.26778131561402974,0.29599674727069214,3.29968993756371e-05,0.002643259009346366,0.047793739242479205,36.82335675135255,55.59786092978902,0.20528219710104167,92.6947568799369,0.34521909412253027,11.8879744,2025-12-13T14:30:50.610529
7060,0.2682239293588463,0.4299246004084125,3.297646085111331e-05,0.00280624907463789,0.04289704095572233,36.627882710890844,55.686172666959465,0.2444452829658985,92.62281975592487,0.3454872145365995,11.888728064,2025-12-13T14:46:24.448731
7070,0.2686665431036629,0.23072699656768236,3.295599977176668e-05,0.0025823330506682396,0.039904694305732846,36.84678712673485,56.65955332526937,0.23880739603191614,93.8014522229787,0.3411461042621354,11.888003072,2025-12-13T15:01:59.335087
7080,0.26910915684847947,0.22554069352918305,3.293551617964137e-05,0.0025985275860875845,0.0432255647610873,37.42977562593296,56.08690538839437,0.22729782899841666,93.80646611889824,0.34112787021995367,11.887908864,2025-12-13T15:17:40.097563
7090,0.26955177059329605,0.29177531064487994,3.291501011682779e-05,0.003367393044754863,0.04384560347534716,36.683441328350455,55.784759908448905,0.2985679057892412,92.83345450600609,0.34470332026618355,11.887850496,2025-12-13T15:33:18.055390
7100,0.2699943843381126,0.2993320847281211,3.289448162546251e-05,0.0028130540158599615,0.045670483727008104,37.96700632106513,57.69148899195716,0.18486840301193297,95.90971157792956,0.33364712992593065,11.885747712,2025-12-13T15:49:00.237584
7110,0.2704369980829292,0.2812058132549282,3.287393074772822e-05,0.0031064311042428017,0.04419510089792311,37.34346038359217,56.32607216085307,0.19341141497716308,93.9266542729456,0.3406913644236682,11.890655744,2025-12-13T16:04:38.781873
7120,0.2708796118277458,0.40169929592811826,3.28533575258536e-05,0.002853359328582883,0.04185302508994937,36.42596224043518,55.53427864960395,0.24309380492195487,92.26442998996936,0.3468292168875797,11.885747712,2025-12-13T16:20:18.890571
7130,0.27132222557256236,0.6161043030206201,3.283276200211323e-05,0.0028888056986033916,0.041083553805947304,36.831886355997995,55.47997531038709,0.18824307713657618,92.56048033596016,0.3457198999384174,11.886964736,2025-12-13T16:35:56.181606
7140,0.27176483931737894,0.4320567120666965,3.2812144218827544e-05,0.0026991376653313637,0.050115250051021576,36.93173941131681,55.52976259961724,0.20713128591887653,92.73777396813966,0.3450589617451212,11.886929408,2025-12-13T16:51:27.248020
7150,0.2722074530621955,0.5599466275889426,3.279150421836269e-05,0.0026567899622023106,0.04521742812357843,37.2508136825636,56.59802952455357,0.25682746805250645,94.17138719419017,0.3398059745473752,11.887908864,2025-12-13T17:07:07.563536
7160,0.2726500668070121,0.464711307460675,3.2770842043130473e-05,0.0029478531796485186,0.041672491235658526,37.28983585862443,56.11445516301319,0.17698240117169917,93.64336434798315,0.34172202400894625,11.89077248,2025-12-13T17:22:43.975468
7170,0.27309268055182867,0.35354831435196843,3.275015773558826e-05,0.0026755996514111757,0.04649941227398813,36.85721928183921,56.384212928125635,0.2831662290263921,93.58873675996438,0.3419214865788106,11.887908864,2025-12-13T17:38:20.094567
7180,0.27353529429664525,0.524941423907876,3.2729451338238916e-05,0.002892842050641775,0.03881125943735242,38.24593099299818,58.036849468015134,0.2287814358714968,96.56908682198264,0.33136898207383314,11.887850496,2025-12-13T17:53:59.118158
7190,0.2739779080414618,0.36733393687745775,3.270872289363067e-05,0.00299315107986331,0.044103901367634535,37.10188270127401,55.747379834996536,0.1839215389918536,93.09600236988626,0.3437311934497311,11.887850496,2025-12-13T18:09:32.486469
7200,0.2744205217862784,0.2765404416277306,3.2687972444357075e-05,0.0025407453067600727,0.03901750151999295,37.298780142795295,56.3192454802338,0.20347755285911262,93.88096903194673,0.3408571548628852,11.890947584,2025-12-13T18:25:07.181208
7210,0.274863135531095,0.42923182835875195,3.2667200033056875e-05,0.0026653411332517862,0.04088298114947975,37.01602774998173,56.261152300052345,0.1944862448144704,93.52786726295017,0.34214401478901657,11.890072064,2025-12-13T18:40:39.570596
7220,0.27530574927591156,0.264761695463676,3.2646405702414005e-05,0.0025279291439801455,0.04243447189219296,37.13931469921954,56.1211616077926,0.21919327997602522,93.54165175999515,0.34209359571823816,11.88796416,2025-12-13T18:56:19.450664
7230,0.27574836302072814,0.32675117852049596,3.2625589495157366e-05,0.0028478933963924646,0.0404586736112833,37.260975170647725,56.388026364846155,0.32040945207700133,94.0305038059596,0.3403150967481242,11.887850496,2025-12-13T19:11:56.886248
7240,0.2761909767655447,0.3710313306073658,3.260475145406086e-05,0.002785240299999714,0.042925032088533044,36.83222101582214,55.92096843174659,0.21358055295422673,93.02966753509827,0.343976291089367,11.88867072,2025-12-13T19:27:36.639040
7250,0.2766335905103613,0.42243891721591353,3.258389162194321e-05,0.0028758603148162365,0.042910009855404496,36.59264012053609,55.81217997544445,0.20501311286352575,92.67059429991059,0.3453091052425772,11.8879744,2025-12-13T19:43:13.595532
7260,0.27707620425517787,0.3636787788491347,3.256301004166796e-05,0.0025614299811422825,0.04356342018581927,37.68089468427934,57.32636433048174,0.1990746429655701,95.26773447403684,0.3358954653080462,11.887792128,2025-12-13T19:58:54.086028
7270,0.27751881799999445,0.5993575372704072,3.254210675614332e-05,0.002513209590688348,0.04267861833795905,36.776428134180605,55.950984116178006,0.20595558686181903,92.99656734196469,0.3440987222929464,11.888443392,2025-12-13T20:14:29.137304
7280,0.277961431744811,0.5126156189417088,3.2521181808322116e-05,0.0024888727348297834,0.04326292430050671,36.79095513257198,55.75687009468675,0.16214221296831965,92.7722180900164,0.3449308495453948,11.890617856,2025-12-13T20:30:04.728583
7290,0.2784040454896276,0.19935948454076424,3.250023524120166e-05,0.0029048766009509563,0.03497116733342409,37.07990026171319,56.001302460208535,0.19864072697237134,93.32896154513583,0.3428732032395339,11.889339392,2025-12-13T20:45:38.497049
7300,0.2788466592344442,0.3600614480965305,3.247926709782371e-05,0.0033161903265863657,0.03949548373930156,37.477142051793635,57.3546514979098,0.2000911170616746,95.0868766179774,0.33653434772669766,11.887850496,2025-12-13T21:01:13.780831
7310,0.27928927297926076,0.5225362929049879,3.245827742127436e-05,0.002577160717919469,0.040112811140716076,37.26013422757387,57.119561876636,0.2152946051210165,94.6519096759148,0.3380808703127809,11.885805056,2025-12-13T21:16:53.203733
7320,0.27973188672407734,0.2899085562530672,3.243726625468394e-05,0.002653578296303749,0.04109139391221106,36.963386102812365,56.332638254622,0.213749191025272,93.56784453894943,0.3419978322433128,11.889366016,2025-12-13T21:32:30.083570
7330,0.2801745004688939,0.2853380731521611,3.241623364122695e-05,0.0028600888326764107,0.03887438238598406,36.9869416274596,56.097912973258644,0.20318718184717,93.34819817799143,0.34280254600077104,11.887906816,2025-12-13T21:48:05.932766
7340,0.2806171142137105,0.29875292340329906,3.239517962412196e-05,0.002585518406704068,0.041011449648067355,36.879919599276036,55.83997915266082,0.1763417418114841,92.95655609900132,0.34424683253023175,11.888078848,2025-12-13T22:03:40.734976
7350,0.2810597279585271,0.4045972923995578,3.237410424663149e-05,0.002701260382309556,0.04796532168984413,36.942725444212556,56.115877700736746,0.221619653981179,93.34695997997187,0.3428070930951129,11.891648,2025-12-13T22:19:13.918625
7360,0.28150234170334365,0.33437476215931383,3.235300755206197e-05,0.0028215614147484303,0.04813699913211167,36.9818559368141,56.57160816574469,0.2079858430661261,93.82777519500814,0.34105039721438984,11.8880256,2025-12-13T22:34:53.771309
7370,0.28194495544816023,0.24562151956706657,3.233188958376368e-05,0.002592074917629361,0.042589178308844566,37.07860142481513,55.82687296462245,0.19239982008002698,93.15589639008977,0.3435101935576916,11.889370112,2025-12-13T22:50:33.299356
7380,0.2823875691929768,0.3379639639842935,3.2310750385130545e-05,0.004345252178609371,0.044146613916382194,37.36653083586134,56.374350272351876,0.22227354999631643,94.0296881410759,0.3403180488271888,11.890100224,2025-12-13T23:06:10.675585
7390,0.2828301829377934,0.5320992699125782,3.228958999960016e-05,0.002988026011735201,0.04251577262766659,37.388595246942714,56.74786662706174,0.2549197720363736,94.45183312380686,0.3387970242785506,11.892292096,2025-12-13T23:21:52.196801
7400,0.28327279668260996,0.33767159380931844,3.226840847065363e-05,0.003852365305647254,0.03830379410646856,36.528566027991474,56.603266219841316,0.2763442378491163,93.46573101496324,0.3423714729720245,11.887908864,2025-12-13T23:37:26.669251
7410,0.28371541042742654,0.46507073623797623,3.2247205841815515e-05,0.0029073096811771393,0.04318020609207451,37.013204222079366,56.05856695328839,0.25485452404245734,93.38772756000981,0.34265744371429524,11.88793344,2025-12-13T23:53:01.720337
7420,0.2841580241722431,0.2876906857127324,3.222598215665374e-05,0.0027548412326723337,0.03822745895013213,37.009752568555996,56.228358862688765,0.28289009793661535,93.57735659508035,0.3419630684639615,11.889905664,2025-12-14T00:08:32.818841
7430,0.2846006379170597,0.3902388962333134,3.220473745877947e-05,0.002671654801815748,0.040733953937888145,36.65722980396822,55.65598027664237,0.20931101008318365,92.57978097908199,0.3456478257086206,11.888427008,2025-12-14T00:24:04.280915
7440,0.2850432516618763,0.4999432855233863,3.218347179184709e-05,0.0029479472432285547,0.04097985848784447,36.78397049056366,56.01030815136619,0.20204806607216597,93.05972375697456,0.3438651943946018,11.887695872,2025-12-14T00:39:37.833560
7450,0.28548586540669285,0.27268612789339386,3.2162185199554045e-05,0.0026898535434156656,0.040197083028033376,36.790688985958695,56.130859535653144,0.2092178009916097,93.1881667401176,0.343391238602658,11.88773376,2025-12-14T00:55:09.604633
7460,0.28592847915150943,0.5425082134606782,3.214087772564078e-05,0.002779916627332568,0.03928635804913938,37.78404442383908,57.32725496101193,0.19823696184903383,95.36540321889333,0.3355514570262973,11.901523456,2025-12-14T01:10:48.907351
7470,0.286371092896326,0.405088275882008,3.2119549413890626e-05,0.0027830409817397594,0.04126138868741691,37.362929090857506,56.8098466724623,0.24934780201874673,94.48748132400215,0.3386692030690336,11.88848128,2025-12-14T01:26:30.173028
7480,0.2868137066411426,0.3403455831576139,3.2098200308129794e-05,0.002644828986376524,0.04781919741071761,37.509713262319565,57.02556989644654,0.1563569458667189,94.75700394297019,0.33770590740985545,11.889455104,2025-12-14T01:42:11.617356
7490,0.28725632038595916,0.3635182516882196,3.207683045222719e-05,0.0027099784929305315,0.03889847872778773,36.5781026170589,56.0073781888932,0.2169489951338619,92.86002482892945,0.3446046892508559,11.887967232,2025-12-14T01:57:46.362711
7500,0.28769893413077574,0.4244644414866343,3.2055439890094325e-05,0.0027918992564082146,0.0396136362105608,37.06919539696537,56.43068251898512,0.20463515492156148,93.76316520106047,0.34128540702930615,11.890655744,2025-12-14T02:13:21.811083
7510,0.2881415478755923,0.224951835547472,3.203402866568531e-05,0.002846072195097804,0.04224545671604574,36.768113596364856,56.12595627759583,0.20354602904990315,93.15647179703228,0.34350807177112774,11.887908864,2025-12-14T02:47:11.147364
7520,0.2885841616204089,0.44703231263042653,3.201259682299668e-05,0.0027302061207592487,0.045990214217454195,37.83730173832737,57.712445087498054,0.20042253308929503,95.81442069401965,0.33397895398429633,11.894628352,2025-12-14T03:02:52.442214
7530,0.2890267753652255,0.21417929939934766,3.1991144406067364e-05,0.0028864946216344833,0.040357078425586224,36.74017313076183,55.796528729144484,0.19257038179785013,92.79388295905665,0.3448503174947354,11.88773376,2025-12-14T03:18:27.200896
7540,0.28946938911004205,0.4204920553602278,3.1969671458978545e-05,0.003106221556663513,0.04268649802543223,37.41211511287838,56.32450481876731,0.20938510494306684,94.00542782992125,0.34040587590214266,11.88773376,2025-12-14T03:34:01.693975
7550,0.28991200285485863,0.36029812034102804,3.194817802585359e-05,0.002633739961311221,0.042707761051133275,36.642551126889884,55.582274673040956,0.22502710390836,92.51250478695147,0.34589918491228094,11.889513472,2025-12-14T03:49:35.099585
7560,0.2903546165996752,0.4824653241666965,3.1926664150857966e-05,0.003424235852435231,0.042429993860423565,36.88787028635852,56.29501712950878,0.21906448691152036,93.4657202269882,0.34237151248913195,11.888377856,2025-12-14T04:05:11.611183
7570,0.2907972303444918,0.384154761035461,3.190512987819918e-05,0.002873340854421258,0.04941323306411505,37.26788554247469,56.28932773601264,0.3451188358012587,93.97482941695489,0.3405167128106175,11.895980032,2025-12-14T04:20:47.561770
7580,0.29123984408930836,0.38046126850531437,3.188357525212659e-05,0.0024520913138985634,0.04619860230013728,36.573172754608095,55.720526173943654,0.18846285599283874,92.54747068719007,0.3457684987216973,11.889603584,2025-12-14T04:36:21.172517
7590,0.29168245783412494,0.33593679824844,3.186200031693144e-05,0.003038968425244093,0.037356159184128046,36.88166495761834,55.67171845422126,0.20762274111621082,92.81769527192228,0.34476184639417706,11.890714112,2025-12-14T04:51:59.498523
7600,0.2921250715789415,0.31202744581969455,3.184040511694666e-05,0.0033502192236483097,0.042407104978337884,37.74251797841862,56.90739684482105,0.2634134090039879,94.9807673280593,0.33691031247908787,11.887855616,2025-12-14T05:07:41.154808
7610,0.2925676853237581,0.4346127731841989,3.181878969654684e-05,0.0026206031907349825,0.04481020709499717,37.735150889959186,56.98527732677758,0.22238132893107831,95.00451672705822,0.33682609103663896,11.89135616,2025-12-14T05:23:17.520768
7620,0.2930102990685747,0.40211350936442614,3.17971541001481e-05,0.00252640713006258,0.04402647912502289,37.12920814403333,57.13325851224363,0.20748356799595058,94.53272682102397,0.3385071083433852,11.887325184,2025-12-14T05:38:53.114009
7630,0.29345291281339125,0.2604121691110777,3.1775498372208065e-05,0.0026835757307708263,0.0396860281471163,36.6668218174018,55.71025826386176,0.22179804206825793,92.65846577193588,0.3453543044708179,11.889686528,2025-12-14T05:54:35.693812
7640,0.29389552655820783,0.3538218008943659,3.1753822557225674e-05,0.0025527861434966326,0.04567686305381358,37.44697233918123,57.330727758584544,0.23225384298712015,95.07260174001567,0.33658487739198295,11.887411712,2025-12-14T06:10:11.754875
7650,0.2943381403030244,0.39141567365732044,3.173212669974116e-05,0.0028290695045143366,0.04490379267372191,37.465581487631425,57.18684340431355,0.21997837722301483,94.93629886605777,0.3370681223327197,11.899303936,2025-12-14T06:25:49.619514
7660,0.294780754047841,0.3024540654296288,3.1710410844335975e-05,0.0031594561878591776,0.041137330466881394,36.94780412479304,55.93945080181584,0.20502433297224343,93.1541200329084,0.3435167439582427,11.887848448,2025-12-14T06:41:18.660504
7670,0.29522336779265757,0.2446060130605474,3.168867503563259e-05,0.0027509916108101606,0.04114877199754119,36.70498526003212,54.684489510254934,0.24790205108001828,91.69764006510377,0.3489729940408558,11.887967232,2025-12-14T06:56:50.419671
7680,0.29566598153747414,0.29874935846601147,3.166691931829454e-05,0.0037254011258482933,0.04717050353065133,36.468497316585854,55.78831670363434,0.1664386459160596,92.49224677798338,0.34597494508715076,11.887967232,2025-12-14T07:12:28.670855
7690,0.2961085952822907,0.42929802188882604,3.164514373702625e-05,0.002810508944094181,0.045996042899787426,36.956668799044564,56.45007485104725,0.18123938888311386,93.65257447003387,0.3416884178687376,11.89217536,2025-12-14T07:28:10.550686
7700,0.2965512090271073,0.19330550197992125,3.162334833657296e-05,0.002860953798517585,0.04282095027156174,37.089711824432015,56.686622485751286,0.19229141087271273,94.02853281004354,0.340322230323921,11.887916032,2025-12-14T07:43:50.178906
7710,0.2969938227719239,0.17970375362347113,3.160153316172061e-05,0.0034113090950995684,0.04550282284617424,36.7876280839555,55.90950684226118,0.2649613758549094,93.02841471205465,0.343980923452772,11.887850496,2025-12-14T07:59:24.345253
7720,0.29743643651674045,0.21541570956469513,3.1579698257295846e-05,0.002605617046356201,0.037265973864123225,36.95987555524334,55.90066938730888,0.2224483140744269,93.13858223799616,0.34357405095807336,11.887850496,2025-12-14T08:14:58.102064
7730,0.29787905026155703,0.182012263295519,3.1557843668165795e-05,0.002963057952001691,0.03974391403608024,37.080058871768415,56.88832270051353,0.2144269929267466,94.24343826202676,0.33954618581539664,11.88868096,2025-12-14T08:30:35.980320
7740,0.2983216640063736,0.5386768474309065,3.1535969439238014e-05,0.002812115242704749,0.04053021455183625,37.80788336368278,57.59024822781794,0.2142249820753932,95.67190808802843,0.3344764480975603,11.888086016,2025-12-14T08:46:10.761622
7750,0.29876427775119024,0.2008495960080836,3.151407561546047e-05,0.003048496088013053,0.039722391637042165,37.004782032221556,56.606270824791864,0.25453572999686,93.92047164496034,0.34071379156790127,11.906429952,2025-12-14T09:01:46.205476
7760,0.2992068914960068,0.5082427346496843,3.1492162241821367e-05,0.0026541873812675476,0.03995800530537963,37.2295397198759,56.49207863234915,0.21222401596605778,93.99453143891878,0.34044533772472513,11.8888448,2025-12-14T09:17:20.666465
7770,0.2996495052408234,0.3522716951556504,3.147022936334911e-05,0.0028043659403920174,0.04734303639270365,37.02791135665029,56.417923184111714,0.19951009494252503,93.7122954830993,0.3414706665228481,11.891472896,2025-12-14T09:32:53.720094
7780,0.30009211898564,0.35634205340465996,3.144827702511212e-05,0.0030247331596910954,0.03904502186924219,37.11356888222508,55.86676373844966,0.23927182820625603,93.27683263411745,0.34306482216780915,11.888484352,2025-12-14T09:48:28.870006
7790,0.30053473273045656,0.5757375013927231,3.1426305272218874e-05,0.0028778098057955503,0.041834990261122584,36.56039359839633,55.62628797488287,0.26729964395053685,92.5132567929104,0.34589637322607225,11.886563328,2025-12-14T10:04:01.815792
7800,0.30097734647527313,0.44933096544991713,3.14043141498177e-05,0.0030989758670330048,0.04437681706622243,37.04308670270257,55.687376169953495,0.21806126087903976,93.01109264884144,0.344044985266589,11.885864448,2025-12-14T10:19:36.756498
7810,0.3014199602200897,0.17394101994614175,3.138230370309672e-05,0.0037540686316788197,0.0450890539214015,36.96445685997605,56.131651679752395,0.24982428294606507,93.41175652807578,0.3425692995119099,11.888023552,2025-12-14T10:35:11.365950
7820,0.3018625739649063,0.17034267070994247,3.1360273977283804e-05,0.0031552324071526527,0.04911520075984299,36.86204028176144,56.40847435989417,0.2077653978485614,93.54705337504856,0.3420738424726827,11.89135616,2025-12-14T10:50:46.606916
7830,0.30230518770972287,0.24241723290015216,3.133822501764642e-05,0.003179057501256466,0.042369387578219175,36.81086074281484,55.379541205242276,0.16569525399245322,92.41766233881935,0.3462541595423869,11.887850496,2025-12-14T11:06:22.706218
7840,0.30274780145453944,0.37208588515932206,3.131615686949157e-05,0.0027081556618213654,0.045024813851341605,37.102034953655675,55.10678259166889,0.27451707306317985,92.54868066008203,0.34576397817632204,11.887908864,2025-12-14T11:21:51.865432
7850,0.303190415199356,0.4382780878804624,3.1294069578165646e-05,0.0027008377946913242,0.03680054796859622,37.059030972654,57.177042375318706,0.16490469290874898,94.459046975011,0.3387711503003577,11.8887936,2025-12-14T11:37:34.343361
7860,0.3036330289441726,0.2327947867452167,3.12719631890544e-05,0.0028988467529416084,0.04204589268192649,36.571285848040134,55.28541703149676,0.20713501214049757,92.12594281299971,0.34735058359136317,11.887847936,2025-12-14T11:53:05.256916
7870,0.3040756426889892,0.3572605046792887,3.1249837747582844e-05,0.0034275108482688665,0.042281063506379724,36.79738316684961,55.15721991402097,0.19240746297873557,92.21294588502496,0.3470228577221572,11.889019904,2025-12-14T12:08:36.355433
7880,0.30451825643380576,0.13929984015703667,3.1227693299215114e-05,0.0028507523238658905,0.039781234692782164,36.88242849125527,55.611275986535475,0.24418344115838408,92.79459381010383,0.34484767577608294,11.887967232,2025-12-14T12:24:03.201116
7890,0.30496087017862233,0.27249568817205727,3.120552988945442e-05,0.0025217104703187943,0.03675207914784551,36.988864726619795,56.259217533282936,0.21369174495339394,93.5172395419795,0.3421828975783158,11.890655744,2025-12-14T12:39:33.579502
7900,0.3054034839234389,0.2518753786389425,3.118334756384291e-05,0.0029220585711300373,0.050695040030404925,37.28872695588507,56.432899669976905,0.27113740984350443,94.0647704899311,0.3401911239811652,11.894278144,2025-12-14T12:55:04.334411
7910,0.3058460976682555,0.3636529344075825,3.116114636796164e-05,0.002414202317595482,0.04432778526097536,36.770962801296264,55.34847307624295,0.23819205001927912,92.41861666296609,0.34625058408630144,11.886614016,2025-12-14T13:10:29.736638
7920,0.30628871141307207,0.4309495662455447,3.11389263474304e-05,0.0034819876309484243,0.039187954971566796,37.18187426566146,56.062996320892125,0.19907910586334765,93.50265830918215,0.34223625914662936,11.887908864,2025-12-14T13:25:57.515623
7930,0.30673132515788865,0.4936724189665256,3.11166875479077e-05,0.0027675300370901823,0.04190204478800297,36.97802284779027,55.92798955272883,0.16309608682058752,93.13038971391506,0.343604274590711,11.8924672,2025-12-14T13:41:21.628810
7940,0.3071739389027052,0.38060100856091594,3.109443001509059e-05,0.0024851218331605196,0.04187395633198321,36.93334185448475,57.20181246823631,0.25646566483192146,94.44997697509825,0.33880368238138164,11.88773376,2025-12-14T13:57:00.012985
7950,0.3076165526475218,0.3338906232092995,3.107215379471466e-05,0.0028345936443656683,0.043509155977517366,37.21078196587041,56.66837978316471,0.2673578590620309,94.20743523002602,0.339675949375606,11.888740352,2025-12-14T14:12:41.763111
7960,0.3080591663923384,0.333442268834915,3.104985893255388e-05,0.002755500143393874,0.04197313217446208,36.968702567974105,56.29163749096915,0.16462779487483203,93.48538848711178,0.3422994814255025,11.885689344,2025-12-14T14:28:28.319951
7970,0.30850178013715496,0.24057699312038494,3.102754547442053e-05,0.0030044454615563154,0.0361880490090698,37.47660586144775,57.292996133212,0.2668140260502696,95.09199290093966,0.336516240997656,11.898367488,2025-12-14T14:44:10.598590
7980,0.30894439388197154,0.29516653289465467,3.100521346616508e-05,0.0031651665922254324,0.04792607529088855,36.29399779019877,55.46813934086822,0.21672558295540512,92.04718853300437,0.34764777186568935,11.887792128,2025-12-14T14:59:47.043150
7990,0.3093870076267881,0.25321485828681034,3.098286295367615e-05,0.0033462713472545147,0.041401644703000784,37.45297729852609,57.090285593410954,0.22210873290896416,94.82753829983994,0.3374547159372375,11.887967232,2025-12-14T15:15:28.421918
8000,0.3098296213716047,0.4182589516058215,3.096049398288037e-05,0.0029578059911727905,0.04340792982839048,37.25616761413403,56.98027350031771,0.16083962400443852,94.45804187399335,0.33877475506731203,11.887908864,2025-12-14T15:31:11.686138
8010,0.31027223511642127,0.37907214666483924,3.093810659974231e-05,0.0028437734581530094,0.04296361329033971,36.87396438186988,55.96654873993248,0.25953685492277145,93.16408229107037,0.34348001089114094,11.88773376,2025-12-14T16:05:07.092924
8020,0.31071484886123785,0.43010154974035686,3.091570085026433e-05,0.002715018577873707,0.039464444387704134,37.05513883102685,55.9229697342962,0.2002329749520868,93.23815996595658,0.3432071161816572,11.888971776,2025-12-14T16:20:48.517334
8030,0.3111574626060544,0.37561670900322497,3.089327678048658e-05,0.0032846254762262106,0.04502103920094669,36.813953324686736,55.99564673844725,0.22677352605387568,93.09985056100413,0.3437169856575854,11.89273344,2025-12-14T16:36:24.138022
8040,0.311600076350871,0.18153766103932867,3.087083443648685e-05,0.002739676972851157,0.0399388677906245,37.03521776176058,56.31790942582302,0.22275398904457688,93.63302486902103,0.34175975885392296,11.887675392,2025-12-14T16:52:00.343509
8050,0.3120426900956876,0.20007490817079088,3.084837386438044e-05,0.0031594382598996162,0.04827759088948369,36.814314098097384,56.093245937721804,0.1756166738923639,93.15085623809136,0.3435287800061522,11.887710208,2025-12-14T17:07:38.304976
8060,0.31248530384050416,0.33727123526477953,3.0825895110320165e-05,0.0027499038260430098,0.04258712660521269,36.5147594595328,55.64771033404395,0.2820592150092125,92.50486365403049,0.34592775704940726,11.887962624,2025-12-14T17:23:09.470369
8070,0.31292791758532074,0.37812888211919926,3.0803398220496146e-05,0.0027894547674804926,0.04761184751987457,37.011573367519304,56.535110528813675,0.26076476206071675,93.87598034390248,0.3408752684421739,11.88580608,2025-12-14T17:38:44.025576
8080,0.3133705313301373,0.3718453252222389,3.07808832411358e-05,0.002802407369017601,0.042318170657381415,37.072218272602186,55.63285611686297,0.18824508506804705,92.95418246719055,0.344255623046277,11.88942848,2025-12-14T17:54:16.959475
8090,0.3138131450749539,0.275693551171571,3.075835021850371e-05,0.00262300088070333,0.046248984755948186,36.80567241832614,56.50748298037797,0.18608653405681252,93.56340543413535,0.3420140582904139,11.887850496,2025-12-14T18:09:55.107536
8100,0.31425575881977047,0.3700898726237938,3.073579919890154e-05,0.0025457250885665417,0.03882714477367699,37.18429212551564,56.065177948912606,0.22114177886396646,93.52720402181149,0.3421464410775851,11.889661952,2025-12-14T18:25:31.858850
8110,0.31469837256458705,0.43413032948592445,3.0713230228667926e-05,0.0028502095956355333,0.04922591894865036,37.029296615859494,55.869401233503595,0.22849450004287064,93.19125119084492,0.34337987301477146,11.887876608,2025-12-14T18:41:06.963039
8120,0.3151409863094036,0.598648646948277,3.0690643354178395e-05,0.002723934128880501,0.03732493449933827,37.08237089542672,56.27189246751368,0.2420273399911821,93.64964633015916,0.34169910142730187,11.893869568,2025-12-14T18:56:44.744820
8130,0.3155836000542202,0.23681332974956604,3.0668038621845256e-05,0.003198513062670827,0.03659088118001819,37.707603096496314,57.06841380498372,0.24315521214157343,95.07473844499327,0.33657731300006694,11.888881664,2025-12-14T19:12:16.416556
8140,0.3160262137990368,0.3598798928819633,3.064541607811752e-05,0.003079919144511223,0.03944753622636199,37.069262586766854,56.862629242939875,0.27678266586735845,94.26677584298886,0.3394621245273025,11.894219776,2025-12-14T19:27:52.005100
8150,0.31646882754385336,0.32890890212729573,3.062277576948079e-05,0.0026453582104295492,0.047093646600842476,37.018364479299635,56.37555508175865,0.17597493203356862,93.63288424885832,0.3417602721171134,11.885747712,2025-12-14T19:43:34.319137
8160,0.31691144128866994,0.39165433146990836,3.060011774245721e-05,0.002648047637194395,0.04450520290993154,36.853884785436094,56.19799312343821,0.24022925202734768,93.35780124017037,0.3427672843073655,11.890305536,2025-12-14T19:59:12.335247
8170,0.3173540550334865,0.32869356821174733,3.057744204360526e-05,0.003205440239980817,0.04201534949243069,37.13910580333322,56.05066050845198,0.21032720105722547,93.46228770283051,0.3423840865285269,11.890013696,2025-12-14T20:14:43.104446
8180,0.3177966687783031,0.352133828220758,3.055474871951977e-05,0.002398269483819604,0.04750430793501437,36.91113360179588,55.932312780292705,0.20881182211451232,93.1198441979941,0.34364318664409144,11.888709632,2025-12-14T20:30:19.972678
8190,0.31823928252311967,0.2540129673958518,3.053203781683183e-05,0.002800811780616641,0.04195531900040805,36.622884133132175,55.639930937904865,0.18485088413581252,92.50967235886492,0.34590977552990476,11.887789056,2025-12-14T20:45:55.307210
8200,0.31868189626793625,0.3611177627462894,3.050930938220859e-05,0.00277882581576705,0.045910920947790146,37.75470015429892,57.25267523271032,0.161217707907781,95.2348115129862,0.3360115853816384,11.887848448,2025-12-14T21:01:34.652059
8210,0.3191245100127528,0.31465137999020953,3.048656346235326e-05,0.0029701993335038424,0.0477035827934742,36.922667622799054,56.66302398708649,0.17874545394442976,93.83330826717429,0.3410302864829776,11.888596992,2025-12-14T21:17:19.881266
8220,0.3195671237575694,0.3134577412856743,3.046380010400493e-05,0.0025345769245177507,0.04669177299365401,37.09925734810531,56.55369054689072,0.25236337818205357,93.9684725550469,0.34053974838480366,11.88773376,2025-12-14T21:32:58.269115
8230,0.320009737502386,0.23404746425649137,3.0441019353938586e-05,0.0028232440818101168,0.04709628433920443,37.12871935241856,56.62534889532253,0.15845488011837006,93.97885719803162,0.34050211881774445,11.887558656,2025-12-14T21:48:34.473383
8240,0.32045235124720256,0.3041327432729304,3.0418221258964925e-05,0.002781675197184086,0.04548312816768885,37.20849387533963,56.123747194651514,0.20536501798778772,93.60264916601591,0.3418706658958341,11.891584512,2025-12-14T22:04:14.437753
8250,0.32089496499201914,0.3647644665616099,3.039540586593029e-05,0.002860770095139742,0.043907594634220004,37.411135773640126,56.50061811832711,0.1997116149868816,94.17341296398081,0.3397986649611953,11.893016064,2025-12-14T22:19:50.190851
8260,0.3213375787368357,0.3205965165325324,3.0372573221716567e-05,0.0027873751241713762,0.038500817492604256,36.639177922857925,56.27411461621523,0.1931137170176953,93.1645922998432,0.3434781305864616,11.893167616,2025-12-14T22:35:23.096455
8270,0.3217801924816523,0.26702239546011697,3.0349723373241065e-05,0.002799372421577573,0.045326507184654474,36.80955678108148,55.9247312808875,0.24077902198769152,93.04006727505475,0.34393784245015924,11.887675392,2025-12-14T22:50:56.525240
8280,0.32222280622646887,0.49896542513670283,3.0326856367456495e-05,0.0026398450136184692,0.04328905185684562,36.866232874570414,55.5073351515457,0.21364033012650907,92.64862507907674,0.34539098634963666,11.887908864,2025-12-14T23:06:29.420476
8290,0.32266541997128545,0.32792478278133785,3.030397225135077e-05,0.0025186853017657995,0.04169462411664426,36.856409387197345,55.293746469775215,0.2923792509827763,92.49921182286926,0.3459488937189885,11.887792128,2025-12-14T23:22:03.454888
8300,0.323108033716102,0.24724783072815626,3.0281071071946997e-05,0.002431069500744343,0.041427407413721085,37.20007392833941,56.52388084237464,0.1727448261808604,93.95539590786211,0.3405871444720533,11.887908864,2025-12-14T23:37:41.496049
8310,0.3235506474609186,0.32219682075083256,3.0258152876303333e-05,0.0026964303106069565,0.04227152140811086,37.084077880950645,56.446785726817325,0.26877185399644077,93.85760531201959,0.3409420035128684,11.890363904,2025-12-14T23:53:19.456070
8320,0.3239932612057352,0.3809480300405994,3.023521771151291e-05,0.00284752668812871,0.04465965903364122,36.80998007301241,55.238500631647184,0.207246296107769,92.32199621712789,0.34661295586309315,11.890597376,2025-12-15T00:08:53.767861
8330,0.32443587495055176,0.23814186116214842,3.0212265624703698e-05,0.0026474054902791977,0.04317144607193768,36.58387503796257,55.33211714681238,0.19661025214008987,92.1769507850986,0.34715837015052514,11.888823296,2025-12-15T00:24:29.883355
8340,0.32487848869536834,0.2859417044528527,3.0189296663038487e-05,0.003081447212025523,0.04850864829495549,37.54867332917638,57.2184526163619,0.17734468402341008,95.01443544705398,0.3367909291828791,11.892350464,2025-12-15T00:40:02.310427
8350,0.3253211024401849,0.17543480671884026,3.0166310873714726e-05,0.002777168760076165,0.046029657358303666,37.318609145935625,55.89233702025376,0.21964788110926747,93.49275437183678,0.3422725131482435,11.887849472,2025-12-15T00:55:42.131184
8360,0.3257637161850015,0.289520014077425,3.0143308303964416e-05,0.0030914261005818844,0.041753973346203566,37.6132514574565,58.39571552397683,0.19032722292467952,96.26194048696198,0.3324262926564854,11.894219776,2025-12-15T01:11:31.859746
8370,0.3262063299298181,0.29330418653262313,3.0120289001054055e-05,0.0030092450324445963,0.04564939555712044,36.78215100360103,56.61775106098503,0.2000746801495552,93.6661996981129,0.34163871389184486,11.889569792,2025-12-15T01:27:22.847537
8380,0.32664894367463465,0.30172024469356984,3.009725301228455e-05,0.0029856301844120026,0.043406018521636724,36.91659640427679,57.02063004905358,0.2077471639495343,94.20937521010637,0.3396689546940884,11.887792128,2025-12-15T01:43:08.036246
8390,0.32709155741945123,0.3352554924786091,3.0074200384991054e-05,0.0027467035688459873,0.03924097307026386,37.51361954235472,58.22821037028916,0.29746093787252903,96.09672199189663,0.33299783110914444,11.89077248,2025-12-15T01:58:48.182789
8400,0.3275341711642678,0.15788501713541336,3.0051131166542912e-05,0.0026131358463317156,0.04301243368536234,37.18224178394303,56.27510715276003,0.17862180713564157,93.70028425194323,0.34151443888854965,11.896213504,2025-12-15T02:14:32.254919
8410,0.3279767849090844,0.32053176150657237,3.0028045404343592e-05,0.00274098152294755,0.045821387553587556,36.669944185065106,55.41528249531984,0.2635241560637951,92.41222818894312,0.34627452045170704,11.887857664,2025-12-15T02:30:05.560606
8420,0.32841939865390096,0.3513668780651642,3.0004943145830538e-05,0.002605617046356201,0.04704121989198029,37.09663544083014,56.248569844290614,0.2453100278507918,93.65412713191472,0.3416827531255191,11.889370112,2025-12-15T02:45:35.521272
8430,0.32886201239871754,0.28229243302484974,2.9981824438475093e-05,0.002674628049135208,0.04223019629716873,36.859919290058315,55.908908979501575,0.19412963092327118,93.02240441297181,0.3440031485096472,11.895036928,2025-12-15T03:01:05.230812
8440,0.3293046261435341,0.6287437505088747,2.9958689329782417e-05,0.003320172894746065,0.04084343742579222,36.7099990833085,55.24945454671979,0.26424583117477596,92.28526925784536,0.34675089813729526,11.887325184,2025-12-15T03:16:27.061228
8450,0.3297472398883507,0.3520164991961785,2.9935537867291325e-05,0.002873059129342437,0.048543087439611554,36.47963348450139,54.99872747575864,0.18804572196677327,91.73523275996558,0.3488299864429537,11.887850496,2025-12-15T03:31:49.964130
8460,0.3301898536331673,0.489125582482302,2.9912370098574286e-05,0.0025195206981152296,0.0404025970492512,36.65595460310578,55.46101536974311,0.24904122296720743,92.42338726506568,0.34623271172939796,11.89463552,2025-12-15T03:47:17.336938
8470,0.33063246737798385,0.42231618508230895,2.9889186071237273e-05,0.002757104579359293,0.04363386705517769,37.2132992525585,56.254240681184456,0.1798799429088831,93.71244973712601,0.3414701044499809,11.897790976,2025-12-15T04:02:46.280872
8480,0.33107508112280043,0.3972332382618333,2.9865985832919624e-05,0.0028752514626830816,0.03977336757816374,36.9004473129753,55.69179163989611,0.16772832977585495,92.81980991107412,0.3447539919620343,11.893284352,2025-12-15T04:18:10.299116
8490,0.331517694867617,0.25758624259651697,2.9842769431294025e-05,0.0029903703834861517,0.04071820992976427,36.81468893121928,55.558394436724484,0.2665946139022708,92.69998492812738,0.3451996246257257,11.887908864,2025-12-15T04:33:38.647797
8500,0.3319603086124336,0.37937077577225864,2.9819536914066362e-05,0.003227789653465152,0.046174450777471066,36.86619744217023,55.95706466306001,0.22440241603180766,93.11525147804059,0.3436601361437183,11.892642304,2025-12-15T04:49:02.547406
8510,0.33240292235725016,0.2903814293531468,2.9796288328975655e-05,0.0028002902399748564,0.03976834728382528,37.20950108463876,56.478258044691756,0.23595429491251707,93.98400024487637,0.34048348566376874,11.887792128,2025-12-15T05:22:52.889311
8520,0.33284553610206674,0.20929121207700518,2.9773023723793906e-05,0.002867580857127905,0.04408938088454306,37.656708548776805,57.39837340032682,0.2794942900072783,95.39999967394397,0.33542977053845807,11.887757824,2025-12-15T05:38:29.488659
8530,0.3332881498468833,0.3289529936373583,2.9749743146326048e-05,0.0030280619394034147,0.04257777612656355,36.45305392285809,55.72997756442055,0.2724448291119188,92.5158939899411,0.34588651333228465,11.887848448,2025-12-15T05:54:05.922634
8540,0.3337307635916999,0.2676877328194678,2.9726446644409872e-05,0.0030568204820156097,0.03881401289254427,37.1512104133144,56.50410268525593,0.31479143211618066,94.03038767795078,0.340315517039006,11.888692224,2025-12-15T06:09:43.528295
8550,0.3341733773365165,0.19060019883909263,2.9703134265915826e-05,0.0024510344956070185,0.04159837798215449,36.88224682887085,56.135441430378705,0.25415118783712387,93.33260450907983,0.342859820191634,11.892992512,2025-12-15T06:25:16.051740
8560,0.33461599108133305,0.2609266616873356,2.967980605874703e-05,0.0025334039237350225,0.04272819822654128,36.988460327964276,56.132771122734994,0.22513133194297552,93.40509229013696,0.34259374104145085,11.889195008,2025-12-15T06:40:46.754290
8570,0.33505860482614963,0.4378903071847162,2.9656462070839126e-05,0.0026600491255521774,0.043450019089505076,36.97194346319884,55.89678113069385,0.233030348084867,93.16143157915212,0.3434897838899358,11.887908864,2025-12-15T06:56:22.078910
8580,0.3355012185709662,0.2972744951957793,2.9633102350160166e-05,0.003027259837836027,0.04186292481608689,36.709385711699724,56.5062134033069,0.21925445599481463,93.49771660706028,0.34225434760599904,11.887961088,2025-12-15T07:11:59.221708
8590,0.3359438323157828,0.34298857624526136,2.960972694471053e-05,0.0030628954991698265,0.04198483959771693,36.75436488981359,56.005647100973874,0.19726933515630662,93.01461619697511,0.34403195227118144,11.887849472,2025-12-15T07:27:30.443812
8600,0.33638644606059936,0.48623648592911195,2.958633590252283e-05,0.0028644681442528963,0.04378038342110813,37.33562091039494,57.603747360175475,0.21680229785852134,95.21838314109482,0.3360695586752647,11.887967232,2025-12-15T07:43:08.308409
8610,0.33682905980541594,0.25012829257684643,2.956292927166183e-05,0.0030704208184033632,0.04279609443619847,36.53672881075181,55.66265619569458,0.20649735094048083,92.46604486787692,0.34607298328509917,11.894453248,2025-12-15T07:58:45.587998
8620,0.3372716735502325,0.44363593857269734,2.9539507100224303e-05,0.0027612592093646526,0.03679639776237309,36.77205225988291,56.15147690125741,0.16741823684424162,93.14550854102708,0.34354850278052007,11.887905792,2025-12-15T08:14:23.184285
8630,0.3377142872950491,0.3103839156246977,2.9516069436338942e-05,0.0032229276839643717,0.044834944885224104,36.87454494717531,56.362068170448765,0.22705762810073793,93.53498143004254,0.34211799169419527,11.8901888,2025-12-15T08:30:05.198056
8640,0.3381569010398657,0.3830235203204211,2.9492616328166327e-05,0.002583725843578577,0.044196489034220576,36.42574367020279,55.25715467194095,0.21327268378809094,91.95604351302609,0.34799235349297103,11.887702528,2025-12-15T08:45:37.632753
8650,0.33859951478468225,0.18338341813068837,2.946914782389871e-05,0.0026971676852554083,0.04972651298157871,37.36894357926212,56.55849275109358,0.15063338284380734,94.14806234184653,0.339890160286143,11.89439488,2025-12-15T09:01:10.799509
8660,0.33904212852949883,0.30208529671654105,2.944566397176002e-05,0.0027065512258559465,0.04492428316734731,36.49539913306944,55.41346201347187,0.2567286759149283,92.22972770384513,0.34695971458089747,11.888996352,2025-12-15T09:16:45.622980
8670,0.3394847422743154,0.24878281354904175,2.9422164820005724e-05,0.0037632575258612633,0.04872743459418416,37.28463538107462,56.38086342997849,0.15734752896241844,93.89061932894401,0.34082212076894075,11.887675392,2025-12-15T09:32:24.529784
8680,0.339927356019132,0.30513108303421177,2.9398650416922705e-05,0.002761361189186573,0.04646480013616383,36.70435667131096,55.7391570834443,0.20175059302709997,92.71085930312984,0.34515913497654,11.886319616,2025-12-15T09:48:04.397914
8690,0.34036996976394857,0.41506422639758966,2.9375120810829184e-05,0.002978187520056963,0.05181173328310251,37.240934427594766,56.75826707482338,0.20438610203564167,94.2757127250079,0.3394299451582037,11.887908864,2025-12-15T10:03:45.028979
8700,0.34081258350876514,0.41408561216667295,2.935157605007467e-05,0.002749982988461852,0.05624515004456043,37.2637210348621,57.815490446286276,0.17259983206167817,95.32351251295768,0.3356989178892261,11.886216192,2025-12-15T10:19:24.507112
8710,0.3412551972535817,0.41466550015320536,2.9328016183039752e-05,0.0031932652927935123,0.046716926619410515,37.69024544977583,56.55245842621662,0.2814823549706489,94.58947999798693,0.3383040059072217,11.888151552,2025-12-15T10:35:03.212183
8720,0.3416978109983983,0.2345214535598643,2.9304441258136078e-05,0.0034087547101080418,0.05321397422812879,37.32095016585663,57.82239505997859,0.2136086761020124,95.43192170490511,0.3353175690933952,11.88826112,2025-12-15T10:50:38.463364
8730,0.3421404247432149,0.43806861524353735,2.9280851323806275e-05,0.0029534646309912205,0.0437308622058481,36.76355557423085,56.27149897022173,0.18771584914065897,93.28737433790229,0.3430260549952956,11.890363904,2025-12-15T11:06:11.526920
8740,0.34258303848803145,0.2314760587301805,2.925724642852374e-05,0.0029725302010774612,0.052864204393699765,36.658650734927505,55.77781983651221,0.16447983006946743,92.67572611710057,0.3452899841277353,11.890013696,2025-12-15T11:21:49.262397
8750,0.34302565223284803,0.30103745113592595,2.923362662079267e-05,0.002661918755620718,0.04579151561483741,37.306964334333315,57.014414629898965,0.21187117602676153,94.5964542790316,0.33827906388128937,11.88790784,2025-12-15T11:37:23.095527
8760,0.3434682659776646,0.3796969711838756,2.9209991949147894e-05,0.002632047748193145,0.04334941948764026,37.16567597934045,56.473003273131326,0.22180561115965247,93.92552728392184,0.3406954522945516,11.887850496,2025-12-15T11:52:56.507776
8770,0.3439108797224812,0.39292519725859165,2.9186342462154773e-05,0.0028766945470124483,0.04427516832947731,36.784070626832545,55.48227420193143,0.18600199394859374,92.51592924911529,0.345886381509874,11.887672832,2025-12-15T12:08:30.878629
8780,0.34435349346729777,0.2046044896414969,2.9162678208409114e-05,0.0036503993906080723,0.04620798886753619,37.08120464743115,56.03795776073821,0.1792234422173351,93.36382819409482,0.3427451575086975,11.892086272,2025-12-15T12:24:08.181546
8790,0.34479610721211434,0.20031486608786508,2.913899923653707e-05,0.00280279153957963,0.050990323536098,37.135357801103964,56.23361853999086,0.15391212608665228,93.59391078096814,0.3419025846124494,11.888903168,2025-12-15T12:39:42.719888
8800,0.3452387209569309,0.2561236886322149,2.911530559519503e-05,0.0036111397203058004,0.05156222218647599,37.104789316654205,56.27791661536321,0.25099919899366796,93.70222440198995,0.34150736766629436,11.890130432,2025-12-15T12:55:26.661136
8810,0.3456813347017475,0.48100749847799307,2.9091597333069553e-05,0.0031708180904388428,0.05130336154252291,37.41393118421547,57.29571907711215,0.21538291312754154,94.99331619287841,0.33686580574812086,11.887847936,2025-12-15T13:11:09.939089
8820,0.3461239484465641,0.3191531410557218,2.9067874498877187e-05,0.0026800783816725016,0.052863088669255376,36.957523447461426,56.361582171171904,0.2203340830747038,93.61002719309181,0.341843720801328,11.892233728,2025-12-15T13:26:47.932461
8830,0.34656656219138066,0.460184812778607,2.904413714136449e-05,0.002557066734880209,0.050315275555476546,37.55452470923774,58.15184836392291,0.1986975041218102,95.9747189139016,0.3334211380051764,11.887792128,2025-12-15T13:42:31.431283
8840,0.34700917593619723,0.2693726765282918,2.9020385309307813e-05,0.00296057783998549,0.05152798676863313,37.21218098606914,57.64670462999493,0.22429048083722591,95.15568274399266,0.33629100309324633,11.888723968,2025-12-15T13:58:12.212026
8850,0.3474517896810138,0.2755398367298767,2.8996619051513276e-05,0.0029103034175932407,0.04742604563944042,37.16233668127097,56.78042488312349,0.18023757892660797,94.1908491619397,0.3397357629187873,11.890247168,2025-12-15T14:13:49.291431
8860,0.3478944034258304,0.555229163961485,2.8972838416816625e-05,0.002686374820768833,0.04771106760017574,37.20097395288758,56.4005979585927,0.18598822900094092,93.85180460498668,0.34096307614632404,11.887967232,2025-12-15T14:29:29.306248
8870,0.34833701717064697,0.3407378581468947,2.894904345408315e-05,0.003597393399104476,0.04988818895071745,37.001621573232114,56.24249693704769,0.25910661998204887,93.57511919713579,0.3419712448624856,11.888996352,2025-12-15T14:45:06.355958
8880,0.34877963091546355,0.35420931968837976,2.8925234212207596e-05,0.0026437193155288696,0.0425501826684922,36.999462303938344,56.35843555419706,0.2163632430601865,93.63528553489596,0.3417515076415744,11.888019456,2025-12-15T15:00:43.613694
8890,0.3492222446602801,0.21302565812112562,2.8901410740114047e-05,0.0030758888460695744,0.05118266143836081,36.987473752116784,56.32181684533134,0.21855214308016002,93.60007136501372,0.3418800812149927,11.887950848,2025-12-15T15:16:25.346762
8900,0.3496648584050967,0.16268269026204507,2.8877573086755814e-05,0.002493909327313304,0.05017853109166026,36.89648989099078,55.89182618702762,0.1840023121330887,93.03600342106074,0.3439528658080351,11.88790784,2025-12-15T15:31:52.496778
8910,0.3501074721499133,0.43989783800498117,2.8853721301115363e-05,0.002905403496697545,0.0474325402174145,36.671561104245484,55.245585163356736,0.21184264309704304,92.19382172892801,0.3470948421477492,11.892875776,2025-12-15T15:47:17.401768
8920,0.35055008589472986,0.43095336481928825,2.8829855432204176e-05,0.002565070055425167,0.04936292674392462,37.4028323830571,55.948004719102755,0.19042746513150632,93.60928069311194,0.3418464468807168,11.889284096,2025-12-15T16:02:42.823146
8930,0.35099269963954643,0.3648624425932212,2.88059755290627e-05,0.00291256420314312,0.05220096674747765,36.735587233211845,55.40167493978515,0.20204950403422117,92.41550894500688,0.3462622276856371,11.888086016,2025-12-15T16:18:17.618483
8940,0.351435313384363,0.3226858873385936,2.878208164076023e-05,0.0026092310436069965,0.0451841012109071,37.333751403260976,56.37386410986073,0.15312380087561905,93.92702776310034,0.3406900097031639,11.8880256,2025-12-15T16:33:50.622088
8950,0.3518779271291796,0.43466687365435064,2.8758173816394747e-05,0.0034926547668874264,0.038863690104335546,37.1482512075454,55.94984899205156,0.18517140788026154,93.34173484891653,0.3428262829247323,11.887908864,2025-12-15T16:49:30.183366
8960,0.35232054087399617,0.2919003143470036,2.873425210509292e-05,0.0029224299360066652,0.05225414037704468,37.2826221070718,57.10404228698462,0.17502968898043036,94.631865644129,0.3381524794231434,11.891589632,2025-12-15T17:05:06.580406
8970,0.35276315461881275,0.24941971639054827,2.871031655600993e-05,0.0030275967437773943,0.039667218923568726,37.472809235565364,57.23381163878366,0.207078323001042,94.97288937680423,0.33693825901242447,11.88972032,2025-12-15T17:20:44.523556
8980,0.3532057683636293,0.2667280770568823,2.868636721832939e-05,0.00295693869702518,0.04782064654864371,36.90936553082429,55.9629685417749,0.20548529992811382,93.14718533796258,0.343542318363089,11.887880192,2025-12-15T17:36:27.203326
8990,0.3536483821084459,0.40882174491343903,2.866240414126326e-05,0.002812111983075738,0.045591688016429543,36.73440395318903,56.066687274258584,0.15445055114105344,93.02254767203704,0.34400261872874216,11.892116992,2025-12-15T17:52:05.639616
9000,0.3540909958532625,0.31112286349525675,2.863842737405173e-05,0.0027956324629485607,0.046188384061679244,36.743063820758834,55.40643954020925,0.18873176793567836,92.40324557898566,0.3463081821368127,11.887908864,2025-12-15T18:07:42.422217
9010,0.35453360959807906,0.3695585919456903,2.8614436965963095e-05,0.00304198800586164,0.0451832739636302,36.64195260568522,55.39581114216708,0.20690885395742953,92.3099667369388,0.3466581251317347,11.889511936,2025-12-15T18:41:32.707781
9020,0.35497622334289564,0.278065592283383,2.859043296629372e-05,0.0028079457115381956,0.04142141900956631,37.101833852473646,56.14737154589966,0.2505774269811809,93.55682935495861,0.3420380983475897,11.893927936,2025-12-15T18:57:08.043513
9030,0.3554188370877122,0.22787533106748015,2.856641542436787e-05,0.002844893606379628,0.04193937359377742,37.621504911920056,57.1878144685179,0.21491954405792058,95.08749054814689,0.3365321749005146,11.894161408,2025-12-15T19:12:41.335303
9040,0.3558614508325288,0.13784940085042763,2.8542384389537655e-05,0.0024762297980487347,0.039654812309890985,37.20076856156811,56.642136581707746,0.2242162050679326,94.12267255806364,0.33998184635332596,11.88790272,2025-12-15T19:28:16.179063
9050,0.35630406457734537,0.4504331593398092,2.8518339911182894e-05,0.0031303351279348135,0.0441627586260438,37.24452320882119,56.90149285108782,0.18963161809369922,94.3963928159792,0.33899600445943223,11.888669696,2025-12-15T19:43:53.180158
9060,0.35674667832216195,0.37777982930401777,2.8494282038711046e-05,0.0032168307807296515,0.04642495955340564,37.291120001580566,56.16049687820487,0.23636701609939337,93.75303300912492,0.3413222908413583,11.887792128,2025-12-15T19:59:29.849579
9070,0.3571892920669785,0.3224543879041448,2.8470210821557067e-05,0.002621518215164542,0.05071434611454606,36.785504868021235,55.94452388398349,0.1973156980238855,92.99916259408928,0.3440891198092768,11.889226752,2025-12-15T20:15:02.181127
9080,0.3576319058117951,0.44201052878634073,2.8446126309183366e-05,0.0025753104127943516,0.0450427473988384,37.22471738047898,55.94763237028383,0.28347738506272435,93.5191946181003,0.3421757440349739,11.891538432,2025-12-15T20:30:42.671459
9090,0.3580745195566117,0.3379449370549992,2.8422028551079652e-05,0.0028092183638364077,0.049893155694007874,37.02546643232927,56.31667130324058,0.20029415492899716,93.6070035980083,0.34185476267804465,11.8885376,2025-12-15T20:46:18.472477
9100,0.35851713330142826,0.3076749873580411,2.839791759676286e-05,0.002718909876421094,0.03846075339242816,37.58570115198381,56.45443349098787,0.19454040797427297,94.29075351799838,0.33937580097810743,11.887916032,2025-12-15T21:01:51.185349
9110,0.35895974704624484,0.30372163286665455,2.8373793495777034e-05,0.0026756497099995613,0.049530558520928025,36.95797492121346,56.05526344804093,0.18850736995227635,93.26650489890017,0.3431028109682853,11.887849472,2025-12-15T21:17:25.120007
9120,0.3594023607910614,0.22747906399308704,2.8349656297693243e-05,0.003551448229700327,0.04788941401056945,36.83515526074916,55.745207488304004,0.1784304240718484,92.8263878931757,0.34472956156416956,11.887558656,2025-12-15T21:33:01.608280
9130,0.359844974535878,0.3260638489609846,2.832550605210944e-05,0.003284947481006384,0.050989320734515786,37.29904109868221,56.809043045621365,0.18518480192869902,94.36723061604425,0.3391007640162684,11.888077824,2025-12-15T21:48:39.530514
9140,0.36028758828069457,0.2888954586469481,2.830134280865043e-05,0.0031903632916510105,0.04473968758247793,36.92033832380548,56.28395674494095,0.21614629100076854,93.48102730815299,0.34231545075466996,11.889603584,2025-12-15T22:04:16.067432
9150,0.36073020202551115,0.4048100305881235,2.827716661696772e-05,0.0030628531239926815,0.05005640164017677,36.49965177895501,55.287046779179946,0.1913325460627675,92.04659069306217,0.3476500298279047,11.887965184,2025-12-15T22:19:51.228619
9160,0.3611728157703277,0.26729889743728563,2.8252977526739384e-05,0.003069187281653285,0.045460731256753206,36.58420513942838,55.554464732529595,0.16080007888376713,92.36502661881968,0.3464514781342562,11.889311744,2025-12-15T22:35:25.763992
9170,0.3616154295151443,0.2933798085023227,2.822877558767003e-05,0.0029566099401563406,0.05112017644569278,37.580287353368476,56.8644096723292,0.15985176502726972,94.67488018190488,0.3379988433945346,11.896498176,2025-12-15T22:51:02.327370
9180,0.3620580432599609,0.3007877771751737,2.820456084949068e-05,0.004176151938736439,0.04969068430364132,38.06286348262802,57.723836249206215,0.21206589485518634,96.0666381008923,0.3331021115404555,11.887850496,2025-12-15T23:06:37.618593
9190,0.36250065700477746,0.22175275697372854,2.8180333361958627e-05,0.00310569629073143,0.039753060787916183,36.84761338005774,56.349037589505315,0.1818431408610195,93.43621794483624,0.3424796155479288,11.887965184,2025-12-15T23:22:10.369839
9200,0.36294327074959404,0.1342763634165749,2.8156093174857383e-05,0.0027897644322365522,0.04101865505799651,37.442248904379085,56.18883268488571,0.19321230286732316,93.88189895101823,0.3408537786042826,11.887850496,2025-12-15T23:37:48.291842
9210,0.3633858844944106,0.2256084408836614,2.8131840337996527e-05,0.0026621930301189423,0.04864357179030776,36.923674137564376,56.50601622229442,0.24641460506245494,93.74471616605297,0.3413525722699655,11.887558656,2025-12-15T23:53:27.618417
9220,0.3638284982392272,0.18333420221460983,2.8107574901211686e-05,0.002669166075065732,0.042863598093390465,36.86315019312315,56.37974670599215,0.204116903943941,93.5053666990716,0.34222634624797127,11.888079872,2025-12-16T00:08:59.584822
9230,0.36427111198404377,0.25801193970255554,2.808329691436432e-05,0.0024557120632380247,0.04767272272147238,36.96030007605441,56.01371603109874,0.1759833418764174,93.21554525499232,0.3432903805096413,11.890597376,2025-12-16T00:24:36.837549
9240,0.36471372572886035,0.2655908518936485,2.8059006427341708e-05,0.003080726135522127,0.046210961882025,37.13127217441797,56.683430560166016,0.2497498788870871,94.1264627519995,0.3399681562910982,11.887850496,2025-12-16T00:40:16.475411
9250,0.3651563394736769,0.2685635081179498,2.803470349005682e-05,0.002762458985671401,0.0479848210234195,36.84820027719252,55.39971332997084,0.23992916103452444,92.55244301096536,0.34574992251915737,11.88773376,2025-12-16T00:55:50.879420
9260,0.3655989532184935,0.37145988550037146,2.8010388152448183e-05,0.002790115773677826,0.04137152247130871,37.09450508677401,56.33194425795227,0.22224202193319798,93.70457567297854,0.3414987984330396,11.892837888,2025-12-16T01:11:27.256155
9270,0.3660415669633101,0.5186574216932058,2.798606046447983e-05,0.0027737924829125404,0.04798835329711437,37.222828176338226,56.053443767363206,0.2500675420742482,93.59217419591732,0.34190892855009564,11.887908864,2025-12-16T01:27:01.428682
9280,0.36648418070812666,0.41315605563795543,2.7961720476141128e-05,0.003073978004977107,0.04099841834977269,37.398891201242805,56.80276872497052,0.1510276780463755,94.41697841207497,0.33892209365500653,11.890422272,2025-12-16T01:42:40.975015
9290,0.36692679445294324,0.39268594819589,2.79373682374468e-05,0.002751171588897705,0.04831794695928693,36.548387304414064,55.52754199993797,0.19696317706257105,92.34300690609962,0.3465340914503649,11.887850496,2025-12-16T01:58:18.441167
9300,0.3673694081977598,0.4187100691251544,2.7913003798436665e-05,0.0026236793491989374,0.04341678833588958,36.32393952109851,55.59347773948684,0.23128499719314277,92.20780349499546,0.3470422110395113,11.887792128,2025-12-16T02:13:58.015214
9310,0.3678120219425764,0.5013173434999771,2.7888627209175657e-05,0.002757023787125945,0.04419549158774316,37.429655882297084,57.150787118123844,0.21438557095825672,94.8598889131099,0.3373396318154186,11.88627456,2025-12-16T02:29:33.047700
9320,0.368254635687393,0.20419006013253238,2.7864238519753647e-05,0.0027104797773063183,0.044266348937526345,36.81704696104862,56.10537659772672,0.16612790897488594,93.15202968614176,0.34352445253010566,11.886660608,2025-12-16T02:45:05.462818
9330,0.36869724943220955,0.31274237892193923,2.7839837780285367e-05,0.0032355631701648235,0.05161754437722266,36.92302519385703,55.91646004281938,0.2096414938569069,93.12169854994863,0.3436363436050926,11.887712256,2025-12-16T03:00:37.634517
9340,0.36913986317702613,0.2300556758464154,2.781542504091037e-05,0.0030662405770272017,0.04608861147426069,36.84861891227774,56.823483978630975,0.1810811620671302,93.92188031598926,0.3407086814312034,11.888290816,2025-12-16T03:16:12.809074
9350,0.3695824769218427,0.33943491062382236,2.7791000351792785e-05,0.00256457575596869,0.04956985358148813,36.694718047976494,55.70650903880596,0.23685916396789253,92.70618543005548,0.3451765365121533,11.885861376,2025-12-16T03:31:44.506039
9360,0.3700250906666593,0.4054133056633873,2.7766563763121355e-05,0.002553150989115238,0.03999979025684297,36.815264963544905,55.68545890552923,0.1967243228573352,92.75919861602597,0.3449792632692212,11.891414528,2025-12-16T03:47:15.632408
9370,0.37046770441147586,0.31956916658964474,2.774211532510923e-05,0.002714125905185938,0.048185333609580994,36.831020712153986,55.7100679485593,0.20099160308018327,92.8061810999643,0.3448046199156912,11.8865664,2025-12-16T04:02:45.802408
9380,0.37091031815629244,0.344083433796186,2.7717655087993968e-05,0.002745745237916708,0.046380952233448625,36.789624051889405,55.681734598241746,0.16990372515283525,92.71007506619208,0.3451620546866455,11.88790272,2025-12-16T04:18:14.011504
9390,0.371352931901109,0.429382913696827,2.769318310203731e-05,0.002925044158473611,0.047931700479239225,37.40690831467509,56.864958277205005,0.29250010498799384,94.62799840304069,0.3381662989816737,11.89947904,2025-12-16T04:33:42.091751
9400,0.3717955456459256,0.27865807734633563,2.7668699417525164e-05,0.0030789286829531193,0.03828538488596678,37.01789416698739,55.762036060215905,0.15452581993304193,92.99292840994895,0.34411218731527166,11.891127808,2025-12-16T04:49:07.075009
9410,0.3722381593907422,0.3477360812976258,2.764420408476748e-05,0.003025888931006193,0.04067414836026728,36.79847438051365,55.89289370109327,0.19247324508614838,92.94551373482682,0.34428773067300344,11.887906304,2025-12-16T05:04:32.668825
9420,0.37268077313555875,0.2694542550470942,2.7619697154098157e-05,0.0036117362324148417,0.04921742482110858,36.75134649453685,55.80125756608322,0.25737452902831137,92.8804391999729,0.34452894792092387,11.88982784,2025-12-16T05:20:00.429947
9430,0.37312338688037533,0.4320407742397947,2.7595178675874886e-05,0.004094937117770314,0.042890941724181175,36.952687634853646,56.001716843107715,0.22838847991079092,93.24760635499842,0.34317234780455763,11.892350464,2025-12-16T05:35:34.214582
9440,0.3735660006251919,0.1950794592166858,2.7570648700479125e-05,0.0032012504525482655,0.052358451997861266,37.35883329366334,56.49040109338239,0.19636564003303647,94.11688594007865,0.3400027495637013,11.890305536,2025-12-16T05:51:10.612154
9450,0.3740086143700085,0.2535610107224784,2.7546107278315927e-05,0.0025498566683381796,0.04686442925594747,37.954262286191806,57.11913772323169,0.217106661060825,95.35047412291169,0.3356039945721753,11.887883264,2025-12-16T06:06:51.474772
9460,0.37445122811482506,0.22023826679378544,2.752155445981388e-05,0.003692010184749961,0.04557467298582196,37.56925103976391,56.93732932000421,0.27684215595945716,94.84884837898426,0.337378898604427,11.892408832,2025-12-16T06:22:29.941239
9470,0.37489384185964164,0.26909347963555774,2.749699029542501e-05,0.003079488640651107,0.03983396477997303,36.892556241946295,56.09480815404095,0.17495126998983324,93.22336508496664,0.34326158437677307,11.887827968,2025-12-16T06:38:07.505860
9480,0.3753364556044582,0.33743228791136026,2.747241483562463e-05,0.0025559253990650177,0.04866430163383484,37.06784561416134,56.413679792545736,0.1654931060038507,93.71890455717221,0.3414465859497829,11.89977088,2025-12-16T06:53:44.858553
9490,0.3757790693492748,0.3720982353988802,2.7447828130911248e-05,0.0025800922885537148,0.048135917633771896,37.22050583129749,56.69286391790956,0.17705572582781315,94.15864777192473,0.33985194941957775,11.891706368,2025-12-16T07:09:22.241852
9500,0.3762216830940914,0.30106618355421233,2.742323023180653e-05,0.0028453280683606863,0.042684451676905155,36.92430516611785,56.08232047967613,0.19483533594757318,93.26367086498067,0.3431132369465375,11.887915008,2025-12-16T07:24:56.714921
9510,0.37666429683890795,0.4412419007276185,2.7398621188855106e-05,0.002883374458178878,0.04974019411019981,37.130185928195715,56.83182873693295,0.19858881598338485,94.23064159904607,0.33959229669857144,11.890539008,2025-12-16T07:58:43.420223
9520,0.37710691058372453,0.3718935013639566,2.737400105262452e-05,0.0025716477539390326,0.046080238185822964,37.43204260384664,56.369971714913845,0.20092401700094342,94.06514303502627,0.34018977665387085,11.8879744,2025-12-16T08:14:23.990336
9530,0.3775495243285411,0.30765138417518756,2.7349369873705074e-05,0.002697075018659234,0.046997340163215995,36.48795814416371,55.34916316648014,0.1966870599426329,92.09727429202758,0.34745870869676854,11.888078848,2025-12-16T08:29:59.841475
9540,0.3779921380733577,0.28213296696776524,2.7324727702709836e-05,0.003580461023375392,0.046466831816360354,36.740891334367916,55.66569118620828,0.1989049359690398,92.67048422200605,0.34530951541527716,11.892292096,2025-12-16T08:45:33.925804
9550,0.37843475181817426,0.3914495942881331,2.7300074590274386e-05,0.0028422547038644552,0.04822882218286395,37.1938970903866,56.13626412069425,0.2369645789731294,93.63376024388708,0.3417570747628832,11.886741504,2025-12-16T09:01:07.057003
9560,0.37887736556299084,0.3563909203858202,2.7275410587056825e-05,0.0031864983029663563,0.042350746458396316,37.23577926051803,56.5297895972617,0.18392757698893547,94.00944175594486,0.3403913415747565,11.89410304,2025-12-16T09:16:42.618547
9570,0.3793199793078074,0.31585650422493927,2.7250735743737648e-05,0.003393456107005477,0.04874597070738673,37.58807573420927,56.69264983595349,0.19223508215509355,94.54115451686084,0.33847693275517376,11.887792128,2025-12-16T09:32:16.808905
9580,0.379762593052624,0.23569730495364638,2.7226050111019575e-05,0.002935986500233412,0.04836656991392374,36.51093777338974,54.95169294974767,0.20833246712572873,91.74070288310759,0.34880918713663167,11.88819456,2025-12-16T09:47:47.873400
9590,0.3802052067974406,0.4537077045679325,2.720135373962754e-05,0.0024408623576164246,0.053844656329602,36.640478214249015,55.896825458155945,0.2379586729221046,92.84708156902343,0.3446527285428017,11.89106432,2025-12-16T10:03:16.886468
9600,0.38064782054225715,0.3541711867728736,2.7176646680308524e-05,0.0032340132165700197,0.04913378995843232,37.04804933280684,55.94593305885792,0.1873239369597286,93.24925024993718,0.34316629800486315,11.894044672,2025-12-16T10:18:45.634279
9610,0.38109043428707373,0.24747997321719595,2.7151928983831448e-05,0.0032604336738586426,0.04521202854812145,36.937805068911985,56.31737564573996,0.1743494439870119,93.49342076596804,0.3422700735285121,11.887638528,2025-12-16T10:34:12.110591
9620,0.3815330480318903,0.2647485324705485,2.7127200700987147e-05,0.0028081294149160385,0.04753482062369585,37.40757671720348,56.729860075283796,0.18633818114176393,94.3865941229742,0.3390311971455174,11.887850496,2025-12-16T10:49:48.058992
9630,0.3819756617767069,0.309443749836646,2.7102461882588172e-05,0.00297851231880486,0.04541500215418637,37.68498625350185,57.471124205272645,0.16853001387789845,95.39098339504562,0.3354614750901289,11.896439808,2025-12-16T11:05:24.342969
9640,0.38241827552152347,0.12681989018460627,2.7077712579468717e-05,0.0024346376303583384,0.03993583470582962,37.098474346799776,56.48449525027536,0.23561214888468385,93.87525986297987,0.3408778846173862,11.891643904,2025-12-16T11:20:56.940610
9650,0.38286088926634004,0.25982539313827147,2.7052952842484538e-05,0.0031927861273288727,0.05112956580705941,37.006981721147895,56.110567815136164,0.17803356586955488,93.37038160394877,0.34272110117033805,11.88790784,2025-12-16T11:36:30.932543
9660,0.3833035030111566,0.20674798548861872,2.7028182722512813e-05,0.002835696330294013,0.041975672356784344,36.97546895663254,56.52726143156178,0.17814839002676308,93.74432741012424,0.3413539878525391,11.894453248,2025-12-16T11:52:11.270468
9670,0.3837461167559732,0.3649729681201279,2.700340227045209e-05,0.003100945148617029,0.04186606593430042,37.4978010316845,57.02700785291381,0.19643412297591567,94.7807952100411,0.3376211386398023,11.88580608,2025-12-16T12:07:50.723179
9680,0.3841887305007898,0.38571550613778527,2.6978611537222105e-05,0.003028256818652153,0.04305562446825206,37.90515626082197,58.97964370902628,0.20873725903220475,97.15699133393355,0.32936384258765655,11.894920192,2025-12-16T12:23:32.681019
9690,0.38463134424560635,0.18051691485743504,2.695381057376376e-05,0.002752049593254924,0.04407964018173516,37.18746227002703,56.58278268924914,0.15338551090098917,93.9873870559968,0.34047121642965456,11.888144384,2025-12-16T12:39:07.014987
9700,0.38507395799042293,0.2699113888666034,2.6928999431038943e-05,0.0027218719478696585,0.037251854315400124,37.23806170676835,56.05160208698362,0.2006447329185903,93.5457179218065,0.3420787258990126,11.887850496,2025-12-16T12:54:38.562127
9710,0.3855165717352395,0.3300082813948393,2.6904178160030476e-05,0.0031568044796586037,0.04423936503008008,37.15190119552426,56.1595681514591,0.2306635151617229,93.60601938492619,0.3418583570828898,11.887732736,2025-12-16T13:10:10.422218
9720,0.3859591854800561,0.33007870940491557,2.6879346811741995e-05,0.003247296204790473,0.045859993901103735,37.767887687310576,57.153757854830474,0.19757529185153544,95.1879132820759,0.3361771352752795,11.886332928,2025-12-16T13:25:46.205096
9730,0.38640179922487267,0.3217528836685233,2.6854505437197816e-05,0.003035040805116296,0.04018705408088863,37.53143038158305,57.43767865654081,0.24364120000973344,95.2711269480642,0.335883504531697,11.885747712,2025-12-16T13:41:28.590804
9740,0.38684441296968924,0.36957145044721074,2.682965408744291e-05,0.002935391152277589,0.0449989375192672,38.224315690109506,57.680208584759384,0.203173658112064,96.1753804681357,0.3327254838425315,11.890830848,2025-12-16T13:57:08.216088
9750,0.3872870267145058,0.4729152200743556,2.6804792813542717e-05,0.002829029457643628,0.04647819511592388,37.16565949120559,57.61306902044453,0.17599027883261442,95.01831935206428,0.3367771627430369,11.887908864,2025-12-16T14:12:44.501218
9760,0.3877296404593224,0.3322824267743272,2.6779921666583056e-05,0.0027508544735610485,0.045940117444843054,36.89272131724283,56.04764851834625,0.28226669202558696,93.28777858894318,0.34302456853434776,11.887908864,2025-12-16T14:28:22.136355
9770,0.388172254204139,0.2586568930382782,2.675504069767005e-05,0.0025214722845703363,0.04470814228989184,36.85920731956139,55.78721620631404,0.2091601889114827,92.91642677411437,0.3443955079955237,11.888032768,2025-12-16T14:43:56.967427
9780,0.38861486794895556,0.3105947902840853,2.6730149957929995e-05,0.0026631164364516735,0.05392106808722019,37.11554346908815,56.354791461955756,0.19499571388587356,93.73757073888555,0.3413785928924794,11.887792128,2025-12-16T14:59:29.569319
9790,0.38905748169377213,0.2111908978795327,2.6705249498509285e-05,0.0025602669920772314,0.04886979074217379,37.20045897504315,56.25277380621992,0.2390736979432404,93.7615027539432,0.3412914582222203,11.888086016,2025-12-16T15:15:04.385057
9800,0.3895000954385887,0.21952007091749692,2.6680339370574254e-05,0.0024390139151364565,0.044988208916038275,37.70173823018558,56.932662029983476,0.1956757539883256,94.89393704407848,0.3372185936930398,11.887908864,2025-12-16T15:30:46.448108
9810,0.3899427091834053,0.2648986586191313,2.6655419625311124e-05,0.0031841907184571028,0.0462612344417721,36.61664627538994,55.51141611277126,0.23656442807987332,92.42673040204681,0.3462201882594275,11.893225984,2025-12-16T15:46:24.930703
9820,0.39038532292822187,0.3048475594841875,2.6630490313925882e-05,0.0034278850071132183,0.04520942084491253,37.2526371460408,56.33395925257355,0.19842391298152506,93.85180433792993,0.3409630771165397,11.891122688,2025-12-16T16:02:05.001212
9830,0.39082793667303845,0.31307584122987464,2.6605551487644167e-05,0.002637469908222556,0.05198464845307171,36.667769006453454,55.615169047610834,0.1938992589712143,92.54749818495475,0.3457683959867666,11.887908864,2025-12-16T16:17:42.083458
9840,0.391270550417855,0.41995474323630333,2.6580603197711153e-05,0.002567416988313198,0.04907600721344352,36.93675497197546,56.07550224638544,0.2551950679626316,93.33625000016764,0.3428464289056238,11.887675392,2025-12-16T16:33:16.317084
9850,0.3917131641626716,0.3693512916652253,2.6555645495391485e-05,0.0027793750632554293,0.05501344031654298,37.605688207549974,56.740691740764305,0.26710639195516706,94.68643192504533,0.33795760754118925,11.887879168,2025-12-16T16:48:53.828813
9860,0.3921557779074882,0.43429830740205944,2.653067843196913e-05,0.0031320673879235983,0.04992663278244436,36.722904223250225,55.37661945843138,0.21537941484712064,92.38295532111079,0.34638424251283456,11.887964672,2025-12-16T17:04:27.016262
9870,0.39259839165230476,0.22373980162956286,2.650570205874731e-05,0.0028192405588924885,0.05393574433401227,36.64574069599621,55.97612823313102,0.2343933298252523,92.9299121890217,0.3443455314464434,11.887675392,2025-12-16T17:20:01.434155
9880,0.39304100539712133,0.29044245852855965,2.6480716427048353e-05,0.0029803342185914516,0.05169023014605045,37.16768729244359,57.43523380579427,0.24706656183116138,94.9222597440239,0.3371179751334844,11.8924672,2025-12-16T17:35:38.215115
9890,0.3934836191419379,0.3800102161876566,2.6455721588213664e-05,0.0027862084098160267,0.03741457313299179,37.47275418927893,56.960398733150214,0.22353278403170407,94.71222163690254,0.33786558320507076,11.887908864,2025-12-16T17:51:16.353984
9900,0.3939262328867545,0.3169433973962441,2.643071759360348e-05,0.0025724919978529215,0.04772942862473428,36.667549109552056,56.5123282878194,0.27974308002740145,93.52584030199796,0.34215142998631143,11.887929856,2025-12-16T18:06:54.503677
9910,0.39436884663157107,0.14446615946962993,2.6405704494596925e-05,0.002964532235637307,0.04662891989573836,37.10966138402,55.78718962939456,0.16384049085900187,93.12542711617425,0.34362258505488413,11.88913664,2025-12-16T18:22:30.822096
9920,0.39481146037638765,0.4589604532375233,2.6380682342591807e-05,0.0024740116205066442,0.04539986653253436,37.20052434387617,56.746166763827205,0.19520062301307917,94.20322157791816,0.33969114287171054,11.893927936,2025-12-16T18:38:05.508411
9930,0.3952540741212042,0.31168642033571814,2.635565118900452e-05,0.002955846255645156,0.052563970210030675,37.22252388368361,56.53041637153365,0.27993834507651627,94.10061147809029,0.3400615521765302,11.889603584,2025-12-16T18:53:46.028580
9940,0.3956966878660208,0.22862824021285633,2.633061108526998e-05,0.0035463497042655945,0.04745134222321212,37.13305720221251,56.5927521630656,0.2981363858561963,94.09537149313837,0.3400804895311296,11.885747712,2025-12-16T19:09:21.793958
9950,0.3961393016108374,0.35713457938982174,2.630556208284148e-05,0.0031500800978392363,0.04491344699636102,37.088841412682086,56.474258264293894,0.17057760315947235,93.79619567608461,0.34116522284665646,11.89077248,2025-12-16T19:24:59.280390
9960,0.39658191535565396,0.32214502445276594,2.6280504233190628e-05,0.0028463194612413645,0.04433434666134417,36.792391726979986,55.692234402755275,0.22399991704151034,92.77272586897016,0.34492896161309294,11.888934912,2025-12-16T19:40:36.044978
9970,0.39702452910047054,0.4378747743467102,2.6255437587807147e-05,0.0038135561626404524,0.04907416203059256,36.904341456945986,56.06871297117323,0.18643187312409282,93.2279663819354,0.3432446425882843,11.896439808,2025-12-16T19:56:14.244912
9980,0.3974671428452871,0.4290971642039949,2.6230362198198908e-05,0.004632898140698671,0.04499344411306083,36.67581217107363,55.525967456400394,0.19615627615712583,92.46467121411115,0.3460781245401372,11.887675392,2025-12-16T20:11:43.480951
9990,0.3979097565901037,0.5070571956348431,2.6205278115891683e-05,0.003251184243708849,0.03959573223255575,36.93756557488814,56.07737927790731,0.17587816691957414,93.24912039306946,0.34316677589141453,11.887908864,2025-12-16T20:27:18.642491
10000,0.39835237033492027,0.2907486770709511,2.618018539242916e-05,0.0029743718914687634,0.039781179279088974,37.18443063180894,56.89720631297678,0.18104607705026865,94.31697667902336,0.339281443561337,11.885630976,2025-12-16T20:42:53.451093
10010,0.39879498407973685,0.12378814747899014,2.6155084079372753e-05,0.0030863655265420675,0.042167485458776355,36.99985441216268,56.507043168414384,0.2246241788379848,93.78769413009286,0.34119614835196627,11.887796736,2025-12-16T21:17:02.100043
10020,0.3992375978245534,0.30731279782776255,2.6129974228301533e-05,0.0032202093861997128,0.04687808873131871,36.766588740749285,56.63719812827185,0.22834483510814607,93.69818257982843,0.34152209913716125,11.88790784,2025-12-16T21:32:43.916132
10030,0.39968021156937,0.39999924815492705,2.610485589081212e-05,0.003068350488319993,0.03683971054852009,36.82936499384232,56.322145397774875,0.21603156602941453,93.42217329517007,0.34253110232080636,11.88747008,2025-12-16T21:48:24.988241
10040,0.4001228253141866,0.16899655482848175,2.6079729118518578e-05,0.0030770397279411554,0.055979759665206075,36.78840564121492,56.365379355149344,0.25668798782862723,93.48723912402056,0.3422927053985268,11.887971328,2025-12-16T22:04:01.673985
10050,0.40056543905900316,0.2995291617116891,2.6054593963052277e-05,0.0033714747987687588,0.049543532310053706,36.88933162600733,55.886418846668676,0.26068450999446213,93.10577490716241,0.34369511485090826,11.888538624,2025-12-16T22:19:37.972893
10060,0.40100805280381974,0.2539255512820091,2.602945047606184e-05,0.0028272955678403378,0.04138761991634965,36.6833408579696,55.20352931832895,0.1884726642165333,92.13551892479882,0.3473144816834261,11.887967232,2025-12-16T22:35:15.633624
10070,0.4014506665486363,0.38798038247023214,2.6004298709212988e-05,0.002833815524354577,0.04342465871013701,37.038034797180444,56.294629014562815,0.20241686794906855,93.59656069381163,0.3418929046408407,11.887850496,2025-12-16T22:50:50.651931
10080,0.4018932802934529,0.35909398848889396,2.5979138714188488e-05,0.002909836359322071,0.049288735492154956,37.20229805656709,56.88197647710331,0.17169123888015747,94.32558043394238,0.33925049655443235,11.887792128,2025-12-16T23:06:30.500451
10090,0.40233589403826947,0.42833760446046654,2.5953970542687992e-05,0.002821945818141103,0.05152895697392523,37.4174756326247,56.844310676911846,0.16615815414115787,94.49958543502726,0.3386258241524398,11.887903744,2025-12-16T23:22:07.231457
10100,0.40277850778308605,0.2239489375569974,2.5928794246427937e-05,0.0033436520025134087,0.04559517954476178,37.0606999816373,56.04080433608033,0.20236563496291637,93.36840988998301,0.3427283386073077,11.887752192,2025-12-16T23:37:41.811485
10110,0.4032211215279026,0.3358418214425001,2.590360987714149e-05,0.0034365584142506123,0.04586475994437933,37.02001866186038,56.61414639418945,0.16681252606213093,93.86514275101945,0.34091462562285885,11.8952704,2025-12-16T23:53:16.507136
10120,0.4036637352727192,0.3645137103230809,2.587841748657836e-05,0.0038187173195183277,0.045921351527795196,37.404361189575866,56.61765516293235,0.22154887486249208,94.30728426598944,0.3393163131465587,11.887908864,2025-12-17T00:08:53.098932
10130,0.4041063490175358,0.22426059928329778,2.5853217126504796e-05,0.003336095018312335,0.04269941849634051,36.735465412959456,55.53602986573242,0.16017964598722756,92.4937128839083,0.3459694610828758,11.887908864,2025-12-17T00:24:19.096430
10140,0.40454896276235236,0.2816476528532803,2.5828008848703404e-05,0.0033131216187030077,0.04556298931129277,37.19201687630266,56.308096398133785,0.32449731905944645,93.88747033802792,0.3408335519616062,11.893576192,2025-12-17T00:39:45.852688
10150,0.40499157650716894,0.3255605153244687,2.5802792704973048e-05,0.002855024766176939,0.04471888882108033,36.777035320177674,55.53740165103227,0.22641305811703205,92.60398153890856,0.3455574962136467,11.8877312,2025-12-17T00:55:15.420178
10160,0.4054341902519855,0.14091293604542443,2.577756874712874e-05,0.002728144871070981,0.04461845965124667,36.65806008083746,55.66822977014817,0.16220038617029786,92.54675221792422,0.34577118303026005,11.888872448,2025-12-17T01:10:40.566298
10170,0.4058768039968021,0.4069487917470269,2.575233702700159e-05,0.002852238714694977,0.0519022939261049,36.913411292713135,56.04888166161254,0.25740123889409006,93.29010194796138,0.3430160256213471,11.88793088,2025-12-17T01:26:09.455876
10180,0.40631941774161867,0.354691042273771,2.5727097596438614e-05,0.0029072377365082502,0.0474611995741725,37.45347053417936,56.211425290908664,0.1663074130192399,93.90253247786313,0.3407788816296704,11.887670272,2025-12-17T01:41:43.123712
10190,0.40676203148643525,0.2273454258684069,2.5701850507302705e-05,0.0030466883908957243,0.03754088724963367,36.762315014144406,55.863763506989926,0.21106886700727046,92.89333304204047,0.34448112638522566,11.889253376,2025-12-17T01:57:11.611079
10200,0.4072046452312518,0.2872918266803026,2.567659581147246e-05,0.013030113186687231,0.05070223635993898,37.25158573756926,56.771213254658505,0.20893270103260875,94.31056644092314,0.33930450433722126,11.887908864,2025-12-17T02:12:50.753563
10210,0.4076472589760684,0.24917744652339024,2.5651333560842164e-05,0.0034730841871351004,0.05117332353256643,37.12695444538258,56.70319923036732,0.1773166200146079,94.07816274696961,0.340142696940909,11.890883072,2025-12-17T02:28:32.301397
10220,0.408089872720885,0.4240376885398405,2.562606380732157e-05,0.0028124949894845486,0.05548301641829312,37.05623096670024,55.77808999014087,0.347037561936304,93.25748785608448,0.34313598549193813,11.886894592,2025-12-17T02:44:11.776906
10230,0.40853248646570156,0.3206387949830969,2.560078660283588e-05,0.00249380711466074,0.05731251882389188,37.83682433888316,57.99585468717851,0.23737980099394917,96.14435455203056,0.33283285481606223,11.891181056,2025-12-17T02:59:48.667953
10240,0.40897510021051814,0.2514738061981916,2.5575501999325584e-05,0.012725037522614002,0.04769507166929543,37.33866950403899,56.30436869431287,0.1642063099425286,93.8816297580488,0.3408547559567321,11.888180224,2025-12-17T03:15:21.167607
10250,0.4094177139553347,0.4104838972198195,2.5550210048746372e-05,0.0026538900565356016,0.04890536260791123,37.608925266889855,57.37529348069802,0.22617072681896389,95.27926729386672,0.335854807754802,11.887908864,2025-12-17T03:31:03.090011
10260,0.4098603277001513,0.2772157793399401,2.552491080306906e-05,0.0038359255995601416,0.04916865797713399,37.707819864852354,57.496578144375235,0.1762275150977075,95.45054870285094,0.33525213249029984,11.889243136,2025-12-17T03:46:39.133639
10270,0.4103029414449679,0.26168309027116265,2.549960431427944e-05,0.002786970930173993,0.052570868050679564,37.32872963324189,56.2288599612657,0.1731459649745375,93.80516735301353,0.3411325932565695,11.887908864,2025-12-17T04:02:19.565217
10280,0.41074555518978445,0.3594651899766177,2.5474290634378177e-05,0.0027127829380333424,0.0495336577296257,37.59596637287177,56.5716132374946,0.24679560190998018,94.48301255702972,0.3386852211204091,11.898484224,2025-12-17T04:17:54.969568
10290,0.41118816893460103,0.42904931580414996,2.544896981538075e-05,0.002880750223994255,0.04564458364620805,37.7811135223601,56.88497222145088,0.1697039029095322,94.9022785469424,0.33718895362635093,11.899829248,2025-12-17T04:33:36.619966
10300,0.4116307826794176,0.3502776405075565,2.5423641909317256e-05,0.0030219971667975187,0.05118454177863896,37.44176655402407,56.36498671583831,0.2064826781861484,94.08601878304034,0.3401142955553373,11.887850496,2025-12-17T04:49:18.947186
10310,0.4120733964242342,0.21196270613472734,2.5398306968232385e-05,0.003012656234204769,0.05141839990392327,36.74159936513752,55.83319419203326,0.18606198811903596,92.82784385606647,0.3447241546363758,11.887908864,2025-12-17T05:04:58.319697
10320,0.41251601016905076,0.42840474905096926,2.537296504418527e-05,0.003164656227454543,0.04112327913753688,37.04035473125987,56.353823450161144,0.1630277750082314,93.62130183819681,0.3418025531764634,11.890247168,2025-12-17T05:20:34.903605
10330,0.41295862391386734,0.3300039354362525,2.534761618924942e-05,0.0032605412416160107,0.04869885998778045,36.79729444021359,56.8776893496979,0.17901185690425336,93.92440447304398,0.34069952510781054,11.88790784,2025-12-17T05:36:12.195597
10340,0.4134012376586839,0.3501034677901771,2.532226045551253e-05,0.003193201031535864,0.04642586153931916,36.81433014757931,55.81936292303726,0.1641107490286231,92.86498624901287,0.34458627834384836,11.887967232,2025-12-17T05:51:45.327193
10350,0.4138438514035005,0.14140107214188902,2.5296897895076497e-05,0.002853951882570982,0.05071855126880109,37.19445992144756,56.709297517547384,0.19144801585935056,94.16516683110967,0.33982842145221,11.887850496,2025-12-17T06:07:23.847142
10360,0.4142864651483171,0.3970983284061731,2.5271528560057202e-05,0.0030918163247406483,0.049670568434521556,37.07556719542481,56.22199741564691,0.21791623602621257,93.58203679812141,0.3419459662865809,11.887908864,2025-12-17T06:23:03.679819
10370,0.41472907889313365,0.27280610863817856,2.5246152502584456e-05,0.0028147331904619932,0.04977253079414368,36.92329165805131,56.37651323969476,0.19859562907367945,93.56475790613331,0.3420091145012448,11.88779008,2025-12-17T06:38:43.782110
10380,0.41517169263795023,0.21643850280270271,2.5220769774801883e-05,0.003423770423978567,0.057393219554796815,37.77559302793816,56.63071607379243,0.3080743339378387,94.79093424393795,0.3375850259862425,11.88983296,2025-12-17T06:54:24.310763
10390,0.4156143063827668,0.34934848407283425,2.519538042886684e-05,0.0036310553550720215,0.05175424553453922,37.1517004261259,56.158444869332016,0.1982345380820334,93.5820982279256,0.34194574182405924,11.889955328,2025-12-17T07:10:03.434151
10400,0.4160569201275834,0.25868140840975684,2.5169984516950226e-05,0.0029864173848181963,0.04740922199562192,37.251649498939514,55.746224399190396,0.1883958550170064,93.25315140001476,0.343151941994262,11.887844352,2025-12-17T07:25:40.381125
10410,0.41649953387239996,0.15332209771167982,2.5144582091236474e-05,0.002840157598257065,0.04871347523294389,36.990126739488915,55.614834224339575,0.17099279910326004,92.84343327698298,0.34466627170640396,11.888582656,2025-12-17T07:41:15.216067
10420,0.41694214761721654,0.20166608589352109,2.5119173203923407e-05,0.0030409637838602066,0.044809320010244846,36.4548909640871,55.38113012444228,0.2550578829832375,92.15480222599581,0.3472418064717323,11.88773376,2025-12-17T07:56:50.701112
10430,0.4173847613620331,0.45403405086835846,2.5093757907222115e-05,0.003009231062605977,0.046005269046872854,37.084980443585664,55.87874697870575,0.26186931994743645,93.29179964284413,0.34300978352339606,11.89135616,2025-12-17T08:12:26.893549
10440,0.4178273751068497,0.1814637761344784,2.5068336253356842e-05,0.0026949995663017035,0.047289809212088585,36.98886513430625,56.09479254973121,0.20007403893396258,93.34734934405424,0.3428056632016005,11.887962112,2025-12-17T08:28:03.858389
10450,0.41826998885166633,0.4194295920897275,2.5042908294564915e-05,0.0027112632524222136,0.04771037702448666,37.522278582910076,56.16206274810247,0.1848355799447745,93.93753535486758,0.3406519010650395,11.890050048,2025-12-17T08:43:40.201812
10460,0.4187126025964829,0.28910311026265845,2.5017474083096613e-05,0.002478093607351184,0.04854563879780471,36.249600717565045,55.68037020973861,0.16942548006772995,92.16835136385635,0.347190760456075,11.887762432,2025-12-17T08:59:12.659476
10470,0.4191552163412995,0.20019521165522747,2.4992033671215048e-05,0.0027790514286607504,0.04355195118114352,36.9989645218011,56.55113555002026,0.22814115998335183,93.83777837804519,0.341014040966329,11.888016384,2025-12-17T09:14:45.505053
10480,0.41959783008611606,0.339175263652578,2.496658711119609e-05,0.0029447306878864765,0.05229496560059488,37.85804260172881,57.048652110854164,0.1950296708382666,95.17927321908064,0.33620765233564465,11.88781312,2025-12-17T09:30:22.093591
10490,0.42004044383093264,0.2267821790301241,2.4941134455328243e-05,0.0034561934880912304,0.04625993990339339,37.05724440421909,57.18433436076157,0.2354363191407174,94.54245365411043,0.33847228163840587,11.88855296,2025-12-17T09:45:57.524085
10500,0.4204830575757492,0.5450966741082084,2.4915675755912525e-05,0.0032506866846233606,0.04674682090990245,36.6751207804773,55.954081965610385,0.23831150098703802,92.93044735421427,0.3443435484392817,11.888202752,2025-12-17T10:01:33.391764
10510,0.4209256713205658,0.3622647196116304,2.489021106526239e-05,0.0033656780142337084,0.04420311586000025,37.784164775395766,57.712897529127076,0.19122122903354466,95.75277910684235,0.33419395550173986,11.894803456,2025-12-17T10:35:38.697926
10520,0.4213682850653824,0.24775688433874166,2.486474043570356e-05,0.0032688905484974384,0.050233923364430666,36.84798522666097,55.90514819137752,0.19686934002675116,93.01968332193792,0.344013211582855,11.88826112,2025-12-17T10:51:26.096697
10530,0.42181089881019895,0.34016551834065467,2.4839263919574025e-05,0.0031439978629350662,0.038324328837916255,37.20310655515641,56.86849669087678,0.21047903993166983,94.3430142190773,0.339187805953408,11.885871616,2025-12-17T11:07:15.199241
10540,0.42225351255501553,0.2322895874531241,2.4813781569223824e-05,0.002709221327677369,0.04419980361126363,36.598276587203145,56.50966511340812,0.2312487771268934,93.40116056287661,0.34260816254481075,11.887850496,2025-12-17T11:23:05.006760
10550,0.4226961262998321,0.40380152976104,2.4788293437015003e-05,0.0027974483091384172,0.044860600493848324,36.93416957044974,56.572118502808735,0.3369641921017319,93.90340193011798,0.34077572635562337,11.887847936,2025-12-17T11:38:45.340118
10560,0.4231387400446487,0.29443090741369815,2.476279957532149e-05,0.0028450360987335443,0.0448222104460001,36.88302973052487,55.988411931321025,0.18305260897614062,93.11734010302462,0.34365242783562483,11.887967232,2025-12-17T11:54:31.769757
10570,0.42358135378946526,0.29240307537838817,2.4737300036528978e-05,0.002727087587118149,0.04996989178471267,37.969377730507404,57.17136440775357,0.19709855294786394,95.40910048200749,0.3353977748279332,11.886332928,2025-12-17T12:10:10.555856
10580,0.42402396753428184,0.34212664992082864,2.4711794873034805e-05,0.0027612345293164253,0.051169735146686435,37.467493566451594,56.78232789062895,0.30728784296661615,94.62790977000259,0.33816661572444584,11.887850496,2025-12-17T12:25:50.581523
10590,0.4244665812790984,0.34718475566478446,2.4686284137247903e-05,0.0028185429982841015,0.04451044276356697,37.126756753074005,56.21095786825754,0.2617436549626291,93.66329153906554,0.3416493214596594,11.898425856,2025-12-17T12:41:25.485568
10600,0.424909195023915,0.29450971574988216,2.4660767881588655e-05,0.002957294462248683,0.038260018453001976,36.74215640267357,55.829632935114205,0.22141543310135603,92.84978909813799,0.3446426783606095,11.887850496,2025-12-17T12:57:02.534574
10610,0.4253518087687316,0.3631749952219252,2.463524615848876e-05,0.0032978844828903675,0.036398070864379406,36.87646256037988,56.316274968674406,0.19434894598089159,93.44280247506686,0.3424554824170486,11.887848448,2025-12-17T13:12:40.736919
10620,0.42579442251354815,0.21073981116842333,2.4609719020391167e-05,0.003398593980818987,0.042125794338062406,37.26719573675655,57.17434813268483,0.1836272191721946,94.68460665200837,0.33796412248517527,11.887967232,2025-12-17T13:28:15.706134
10630,0.42623703625836473,0.1977285265925275,2.4584186519749943e-05,0.0029536071233451366,0.04340260894969106,36.60352629632689,55.54688401380554,0.16883892193436623,92.38461860595271,0.3463780062402954,11.889955328,2025-12-17T13:43:51.566089
10640,0.4266796500031813,0.16617436909291428,2.455864870903019e-05,0.002787209814414382,0.04641832341440022,36.92447818140499,56.078301820438355,0.21484961593523622,93.28437512600794,0.3430370837214121,11.887850496,2025-12-17T13:59:30.492264
10650,0.4271222637479979,0.2783596271533497,2.453310564070791e-05,0.0028513185679912567,0.0528803369961679,37.23063084622845,56.47128683608025,0.1936923109460622,93.9669784300495,0.3405451631481511,11.888251904,2025-12-17T14:15:18.467824
10660,0.42756487749281447,0.4969065571203828,2.45075573672699e-05,0.003112669102847576,0.065864218166098,37.00636961380951,56.23781520407647,0.19964899588376284,93.53275164193474,0.34212614766754096,11.885572608,2025-12-17T14:31:04.369982
10670,0.42800749123763104,0.25041399092879146,2.4482003941213675e-05,0.003338203765451908,0.05172522226348519,37.28491357108578,57.35526833473705,0.17581586097367108,94.88911081291735,0.3372357452383652,11.889837056,2025-12-17T14:46:47.018272
10680,0.4284501049824476,0.35456291638547555,2.4456445415047318e-05,0.0027297548949718475,0.04221771075390279,37.30349518102594,56.739035048289225,0.18187339208088815,94.2859399409499,0.3393931271199205,11.887850496,2025-12-17T15:02:27.299603
10690,0.4288927187272642,0.18948925508016146,2.443088184128939e-05,0.002605310408398509,0.04612770606763661,36.61754101328552,55.57291896943934,0.20142611302435398,92.4567656388972,0.34610771617277275,11.891245568,2025-12-17T15:18:04.969517
10700,0.4293353324720808,0.25574143439280306,2.4405313272468846e-05,0.002578038489446044,0.061867446871474385,36.464599079685286,55.88725255918689,0.1873102190438658,92.62225700099953,0.34548931365011626,11.887212032,2025-12-17T15:33:50.317689
10710,0.42977794621689736,0.23136236899881624,2.4379739761124887e-05,0.0027701242361217737,0.06600901344791055,36.70498125744052,56.02698754426092,0.23724035592749715,93.05164244794287,0.3438950582511447,11.887908864,2025-12-17T15:49:29.600307
10720,0.43022055996171393,0.6245156830177621,2.4354161359806895e-05,0.002840494504198432,0.05278535815887153,36.52298564580269,56.38949785986915,0.17524760495871305,93.15799075108953,0.3435024708240151,11.886147072,2025-12-17T16:05:07.849234
10730,0.4306631737065305,0.1916820676815405,2.432857812107425e-05,0.002621244639158249,0.04436582326889038,37.62741394224577,57.025899013271555,0.20267362287268043,94.92092277109623,0.33712272348182565,11.89217536,2025-12-17T16:20:48.807469
10740,0.4311057874513471,0.4229078344651498,2.4302990097496318e-05,0.002590425778180361,0.054060814436525106,37.32245391141623,56.92880544345826,0.22507978999055922,94.54510038206354,0.3384628063293148,11.887755776,2025-12-17T16:36:26.640983
10750,0.43154840119616367,0.3379557170901535,2.4277397341652275e-05,0.013217023806646466,0.056746615562587976,36.40799019066617,55.570574530866,0.18261797004379332,92.24581898003817,0.34689919124599833,11.88776192,2025-12-17T16:52:04.285359
10760,0.43199101494098024,0.3117536074714735,2.4251799906131033e-05,0.002770849969238043,0.05061379284597933,37.25573181686923,56.88255889690481,0.25822688010521233,94.4650419249665,0.3387496511716744,11.887553024,2025-12-17T17:07:39.231778
10770,0.4324336286857968,0.24112401832826436,2.4226197843531124e-05,0.0032442715018987656,0.05089599289931357,37.113182622240856,56.46401979075745,0.23605419509112835,93.88397117098793,0.34084625523263606,11.887675392,2025-12-17T17:23:20.996634
10780,0.4328762424306134,0.26778712566010654,2.4200591206460563e-05,0.0032728484366089106,0.05280615366064012,37.117963349446654,56.58016220573336,0.19311556313186884,93.96445072698407,0.3405543240281025,11.890597376,2025-12-17T17:39:03.492451
10790,0.43331885617543,0.46047391070169397,2.4174980047536773e-05,0.012711687944829464,0.05193477217108011,37.93272055173293,57.36271380260587,0.18422389891929924,95.5609072460793,0.3348649664616166,11.887838208,2025-12-17T17:54:42.449446
10800,0.43376146992024656,0.25510869378422285,2.41493644193865e-05,0.0025938667822629213,0.049715662840753794,37.54810341191478,56.37794300168753,0.2329272881615907,94.22873448720202,0.3395991697664812,11.890797568,2025-12-17T18:10:20.684254
10810,0.43420408366506313,0.4194945404919963,2.4123744374645635e-05,0.013360499637201428,0.06308120209723711,37.10826724139042,56.39774418086745,0.20363493310287595,93.8038382360246,0.34113742680212267,11.897315328,2025-12-17T18:25:56.796301
10820,0.4346466974098797,0.2879771332809469,2.409811996595917e-05,0.0025681995321065187,0.052678877022117376,36.58373337541707,55.882649849168956,0.20895251701585948,92.74815598805435,0.34502033662126386,11.887850496,2025-12-17T18:41:38.543789
10830,0.4350893111546963,0.33199781403891393,2.407249124598103e-05,0.003111007623374462,0.04100075690075755,36.88051404012367,56.75096705672331,0.19970857608132064,93.89163045096211,0.3408184504444517,11.887850496,2025-12-17T18:57:17.252698
10840,0.43553192489951287,0.31121392234927114,2.4046858267374034e-05,0.0033873124048113823,0.04113909788429737,36.706490613520145,55.15218998864293,0.20817854395136237,92.12476470391266,0.3473550255769708,11.887758336,2025-12-17T19:12:54.447039
10850,0.43597453864432945,0.2959659006910442,2.402122108280974e-05,0.003207949921488762,0.04453212907537818,37.0706915226765,56.521793731022626,0.19633449194952846,93.85878702905029,0.3409377109262627,11.887967232,2025-12-17T19:28:33.599342
10860,0.436417152389146,0.39624496944452403,2.3995579744968364e-05,0.0027924790047109127,0.04226290644146502,37.552274466492236,57.23824983742088,0.16000756295397878,95.00826560496353,0.33681280040468625,11.888242688,2025-12-17T19:44:12.428389
10870,0.4368597661339626,0.27260632205286583,2.3969934306538617e-05,0.002609043614938855,0.0512593318708241,36.85031434474513,56.09981940430589,0.2658683068584651,93.2846824710723,0.34303595351705507,11.887850496,2025-12-17T19:59:53.961996
10880,0.4373023798787792,0.3827494337688222,2.3944284820217663e-05,0.0027846824377775192,0.04305254598148167,36.81850600335747,55.224409005837515,0.23321281420066953,92.33764390507713,0.3465542182654771,11.887675392,2025-12-17T20:15:34.628919
10890,0.43774499362359576,0.3033185004751431,2.3918631338710996e-05,0.0030005555599927902,0.046592313796281815,37.471655236324295,57.138653833186254,0.18956380616873503,94.86239298712462,0.3373307270916438,11.889261568,2025-12-17T20:31:10.157008
10900,0.43818760736841234,0.29946768536319723,2.3892973914732295e-05,0.00274472963064909,0.048354090889915824,36.83880866318941,56.02138340938836,0.21896334690973163,93.14588050195016,0.3435471308828309,11.892048384,2025-12-17T20:46:45.446242
10910,0.4386302211132289,0.30910121570923366,2.386731260100335e-05,0.0027434644289314747,0.05105969589203596,36.87638453999534,55.99237864674069,0.20538315013982356,93.1447036350146,0.3435514715403602,11.887908864,2025-12-17T21:02:23.427224
10920,0.4390728348580455,0.285285041663883,2.384164745025393e-05,0.0027397230733186007,0.054639534559100866,37.78854306181893,56.8335353275761,0.17959853308275342,94.87581543880515,0.33728300359789776,11.887908864,2025-12-17T21:18:03.291319
10930,0.43951544860286207,0.35220546450000256,2.381597851522172e-05,0.0027350292075425386,0.04994008573703468,37.14516696939245,56.30144618684426,0.1661300950217992,93.68457452510484,0.3415717065718743,11.8952704,2025-12-17T21:33:44.001976
10940,0.43995806234767865,0.3360803433770343,2.3790305848652158e-05,0.0032737909350544214,0.05197893432341516,37.344234578777105,57.32125526526943,0.2173453290015459,94.95476027508266,0.33700258846735465,11.88580608,2025-12-17T21:49:23.162491
10950,0.4404006760924952,0.29024486583512044,2.376462950329835e-05,0.0028180088847875595,0.046612052945420146,36.893159464234486,56.77052224683575,0.24807283701375127,93.97756742290221,0.34050679196662886,11.887905792,2025-12-17T22:05:06.492390
10960,0.4408432898373118,0.23319654003717005,2.3738949531920968e-05,0.002701287157833576,0.045345742953941226,37.01718332245946,56.4648946269881,0.2541790618561208,93.79902939521708,0.3411549160617617,11.892000256,2025-12-17T22:21:36.709618
10970,0.4412859035821284,0.19474541208182927,2.3713265987288132e-05,0.0028922860510647297,0.04201107658445835,36.816994808847085,56.18154191202484,0.19743307097814977,93.25561084388755,0.34314289199787534,11.88885504,2025-12-17T22:37:18.018149
10980,0.44172851732694496,0.24408900883281603,2.3687578922175307e-05,0.0029344744980335236,0.04542647209018469,36.82160995528102,55.86043884977698,0.21114155487157404,92.95736558316275,0.3442438347865155,11.887967232,2025-12-17T22:52:50.608241
10990,0.44217113107176154,0.2243853560576099,2.3661888389365174e-05,0.0032820110209286213,0.05202333885245025,36.89837340568192,56.09625278459862,0.19228187296539545,93.25768590089865,0.3431352567980849,11.89048064,2025-12-17T23:08:27.435158
11000,0.4426137448165781,0.27256464268430136,2.3636194441647552e-05,0.003159153275191784,0.05341235990636051,37.2001782564912,56.713703092886135,0.28538325894623995,94.27212856896222,0.33944285003166413,11.887792128,2025-12-17T23:24:05.500729
11010,0.4430563585613947,0.38479221474517544,2.3610497131819318e-05,0.0026118347886949778,0.04403525381349027,36.904365479247645,56.27345906035043,0.22187160002067685,93.46025578398257,0.3423915302988528,11.88574464,2025-12-17T23:58:00.979495
11020,0.44349897230621127,0.27240985253592953,2.358479651268418e-05,0.002966332482174039,0.046498725889250636,36.965851032175124,55.55832248413935,0.2886593830771744,92.87849279679358,0.3445361680234407,11.885747712,2025-12-18T00:13:48.316151
11030,0.44394158605102785,0.3399613122805931,2.3559092637052715e-05,0.003120274981483817,0.048109304159879684,37.68395092198625,57.903099364135414,0.25277849892154336,95.9063958839979,0.3336586648371721,11.887908864,2025-12-18T00:29:36.283517
11040,0.4443841997958444,0.2570803666476422,2.353338555774214e-05,0.004088991321623325,0.046272589126601815,36.957032399019226,54.596960140392184,0.2128742311615497,91.8319440591149,0.34846262188896565,11.887838208,2025-12-18T00:45:23.456672
11050,0.444826813540661,0.41987615532707423,2.3507675327576288e-05,0.0028410691302269697,0.04527820786461234,36.66848555859178,57.732462655054405,0.20298363803885877,94.66628499818034,0.3380295318509129,11.890422272,2025-12-18T01:01:07.403171
11060,0.4452694272854776,0.24551785648509394,2.3481961999385446e-05,0.0028102854266762733,0.03777124616317451,38.579473548801616,57.8042311493773,0.2373114989604801,96.67380020092241,0.3310100558113228,11.890653696,2025-12-18T01:16:55.282725
11070,0.44571204103029416,0.4166232973802835,2.3456245626006304e-05,0.003191862953826785,0.045655005145817995,37.344222019659355,56.65899592265487,0.21256695501506329,94.28551335004158,0.339394662690097,11.887849472,2025-12-18T01:32:42.882132
11080,0.44615465477511074,0.3671081048087217,2.3430526260281756e-05,0.0029142715502530336,0.046713599003851414,36.89215146913193,56.3460995729547,0.30754530895501375,93.61525831418112,0.3418246189377073,11.887850496,2025-12-18T01:48:30.886539
11090,0.4465972685199273,0.41499126092548977,2.340480395506089e-05,0.0031370874494314194,0.04989450238645077,37.36031814222224,55.974750879686326,0.30446257698349655,93.71164042712189,0.3414730534451151,11.887850496,2025-12-18T02:04:17.501456
11100,0.4470398822647439,0.15864492586115375,2.3379078763198804e-05,0.002952317241579294,0.0409585942979902,36.98338067741133,57.7934993840754,0.25378816900774837,95.0905602290295,0.33652131108415695,11.887798272,2025-12-18T02:20:01.721441
11110,0.44748249600956047,0.25423314623185433,2.335335073755653e-05,0.0030607462394982576,0.048704967368394136,37.53801213763654,57.25227508065291,0.2481919159181416,95.10697783296928,0.3364632199353416,11.889837056,2025-12-18T02:35:49.804152
11120,0.44792510975437705,0.36331607919419184,2.332761993100093e-05,0.0031899013556540012,0.052250903099775314,37.14695637091063,56.644712205044925,0.21234544506296515,94.07445744099095,0.34015609412440445,11.889311744,2025-12-18T02:51:38.876743
11130,0.4483677234991936,0.29836912438622676,2.3301886396404605e-05,0.002927227411419153,0.046126649249345064,37.36782574118115,57.042726441752166,0.28241717792116106,94.76062883110717,0.33769298911084605,11.89334272,2025-12-18T03:07:23.342116
11140,0.4488103372440102,0.36114569292658416,2.327615018664574e-05,0.0025323808658868074,0.04865719098597765,36.950688055483624,56.09022986073978,0.20216445811092854,93.31240369006991,0.34293404450586845,11.887850496,2025-12-18T03:23:05.172404
11150,0.4492529509888268,0.20131747766572516,2.3250411354608e-05,0.0024706667754799128,0.03779438161291182,37.227121458388865,55.70020662271418,0.2619184800423682,93.24228207906708,0.34319194346685783,11.8865152,2025-12-18T03:38:40.886356
11160,0.44969556473364336,0.31984924946436877,2.322466995318043e-05,0.0029453684110194445,0.044784959172829986,37.493026695912704,56.33376481872983,0.1705745910294354,94.0656334781088,0.3401880029590948,11.890697216,2025-12-18T03:54:21.272620
11170,0.45013817847845994,0.3052630300371675,2.319892603525743e-05,0.0025556269101798534,0.043085991172119975,37.05727596068755,56.109338640235364,0.3223389850463718,93.54970452398993,0.3420641482816646,11.887850496,2025-12-18T04:10:01.513474
11180,0.4505807922232765,0.3405611770431278,2.3173179653738497e-05,0.0028573148883879185,0.04829486249946058,37.10202191513963,56.60266774264164,0.2682944799307734,94.04179982305504,0.3402742191260674,11.887967232,2025-12-18T04:25:39.635097
11190,0.4510234059680931,0.38935804303037,2.3147430861528212e-05,0.0027490975335240364,0.05312566366046667,36.946607516147196,55.42990557476878,0.22257269802503288,92.67212140304036,0.3453034150457049,11.888786432,2025-12-18T04:41:12.591053
11200,0.45146601971290967,0.25573074049316347,2.312167971153611e-05,0.002763510448858142,0.043212801683694124,37.24735281825997,56.3091091606766,0.19108995702117682,93.81359540694393,0.3411019464843089,11.887950848,2025-12-18T04:56:47.585912
11210,0.45190863345772625,0.2503011832086486,2.3095926256676565e-05,0.0029910504817962646,0.04498772229999304,36.866488008527085,55.803418058436364,0.20284085301682353,92.9368068180047,0.3443199857583295,11.887967232,2025-12-18T05:12:23.912762
11220,0.4523512472025428,0.35629482867079787,2.3070170549868703e-05,0.002853223355486989,0.04398850444704294,37.495982960565016,57.83805633173324,0.1866025768686086,95.58196911797859,0.33479117761742083,11.886624768,2025-12-18T05:28:05.769282
11230,0.4527938609473594,0.20917040478661875,2.3044412644036255e-05,0.00331870443187654,0.045853921212255955,37.24931263853796,56.096682365750894,0.2580016169231385,93.66810606094077,0.34163176075302193,11.890714112,2025-12-18T05:43:43.683830
11240,0.453236474692176,0.3210173002589727,2.3018652592107505e-05,0.0026613250374794006,0.048456340562552214,36.83821356482804,56.131371825234964,0.19720702804625034,93.23254544497468,0.34322778432437223,11.887840256,2025-12-18T05:59:21.401060
11250,0.45367908843699256,0.1764621034162701,2.2992890447015106e-05,0.002656796481460333,0.04985135234892368,36.914496165234596,56.412313404725865,0.19477948895655572,93.58753675292246,0.34192587079711484,11.887850496,2025-12-18T06:15:02.853260
11260,0.45412170218180914,0.2866260406735819,2.296712626169605e-05,0.00260940077714622,0.05014977045357227,37.392117904964834,56.38696182286367,0.21291469200514257,94.0652881290298,0.34018925191730076,11.887966208,2025-12-18T06:30:43.174811
11270,0.4545643159266257,0.3707222647499293,2.2941360089091495e-05,0.00262150214985013,0.050948674557730556,36.75829538120888,56.31169482693076,0.20388499088585377,93.3481563909445,0.3428026994553933,11.889486848,2025-12-18T06:46:15.573441
11280,0.4550069296714423,0.4585414394387044,2.2915591982146693e-05,0.0030435991939157248,0.039412645157426596,36.82890643319115,55.85566657525487,0.18982878793030977,92.9279209880624,0.34435290986560163,11.887967232,2025-12-18T07:01:51.235917
11290,0.4554495434162589,0.41889989557967056,2.288982199381085e-05,0.0028659217059612274,0.038648674031719565,36.99464789405465,56.948047765530646,0.2100031969603151,94.20862587401643,0.33967165642340486,11.887850496,2025-12-18T07:17:24.002658
11300,0.45589215716107545,0.4172198684536852,2.2864050177037076e-05,0.0031882028561085463,0.04374245787039399,37.0205797997769,55.693047975422814,0.2289310758933425,93.0006506680511,0.3440836141482298,11.888786432,2025-12-18T07:33:00.113044
11310,0.45633477090589203,0.19429624941840018,2.2838276584782218e-05,0.003112883772701025,0.04651979869231582,37.87269290583208,56.96640515886247,0.19954675901681185,95.1010375909973,0.33648423624590684,11.887908864,2025-12-18T07:48:38.549265
11320,0.4567773846507086,0.23272474954137579,2.2812501270006763e-05,0.0029277894645929337,0.04958981438539922,37.2996552917175,56.694324920419604,0.22468821797519922,94.28237643418834,0.33940595485877334,11.891005952,2025-12-18T08:04:24.104855
11330,0.4572199983955252,0.225892167101847,2.2786724285674752e-05,0.0026687034405767918,0.034457694040611386,37.133416783064604,56.6478695939295,0.1639230279251933,93.99515550304204,0.3404430773984342,11.894920192,2025-12-18T08:20:05.889519
11340,0.45766261214034176,0.3310284053208363,2.2760945684753643e-05,0.002513178624212742,0.042490152176469564,37.05132970795967,56.37477381248027,0.23222973686642945,93.71977683203295,0.34144340801569817,11.889545216,2025-12-18T08:35:45.356691
11350,0.45810522588515834,0.2923032937105745,2.273516552021424e-05,0.0026525729335844517,0.03821896039880812,37.31189676118083,57.526072196662426,0.20850900490768254,95.10295670409687,0.3364774462224632,11.891572224,2025-12-18T08:51:26.403192
11360,0.4585478396299749,0.30579073552507907,2.2709383845030517e-05,0.002874181140214205,0.03930466063320637,37.39280183147639,56.39286401960999,0.21691694180481136,94.06008170102723,0.34020808212470993,11.887908864,2025-12-18T09:07:08.226249
11370,0.4589904533747915,0.23355654896295164,2.2683600712179597e-05,0.0033240432385355234,0.04043031367473304,36.97687828284688,56.15576190594584,0.1947025558911264,93.38523196591996,0.3426666007712878,11.887675392,2025-12-18T09:22:46.058373
11380,0.4594330671196081,0.2923742725979537,2.265781617464158e-05,0.003380491165444255,0.04087438294664025,37.095990179805085,55.98199339932762,0.3398211949970573,93.4843693189323,0.34230321318025314,11.887675392,2025-12-18T09:38:24.186566
11390,0.45987568086442465,0.3281606998643838,2.2632030285399456e-05,0.002815659623593092,0.03872710536234081,37.47061738814227,58.15866443980485,0.20603401702828705,95.8933497571852,0.333704058529901,11.897667072,2025-12-18T09:54:07.644475
11400,0.46031829460924123,0.18216288281109883,2.2606243097438982e-05,0.0026547308079898357,0.03962020040489733,37.063656298210844,56.3502411399968,0.18264046008698642,93.6566234070342,0.3416736460904333,11.890363904,2025-12-18T10:09:45.668294
11410,0.4607609083540578,0.23976611580474128,2.2580454663748583e-05,0.0025342523586004972,0.038714713184162974,36.449469873216,55.462454905733466,0.2624145180452615,92.22770404582843,0.34696732756243215,11.89106432,2025-12-18T10:25:19.413197
11420,0.4612035220988744,0.48134100241441047,2.2554665037319262e-05,0.0026605771854519844,0.04612413025461137,36.56310474895872,55.94708796474151,0.19871442299336195,92.77548009599559,0.34491872170199844,11.89135616,2025-12-18T10:40:55.643434
11430,0.46164613584369096,0.18936741091602016,2.2528874271144465e-05,0.00292754964902997,0.04099220153875649,36.51125553343445,55.54094838304445,0.20325905014760792,92.31320735486224,0.34664595583802477,11.88773376,2025-12-18T10:56:31.610619
11440,0.46208874958850754,0.388654901922564,2.2503082418219952e-05,0.0035009945277124643,0.0394670229870826,36.96331025962718,56.292520969640464,0.2615532798226923,93.57581085991114,0.34196871719237365,11.88781312,2025-12-18T11:12:06.592410
11450,0.4625313633333241,0.22343709159395075,2.2477289531543775e-05,0.0026183919981122017,0.04329872573725879,37.48140403069556,57.1544912494719,0.2466354719363153,94.94308212888427,0.3370440403078586,11.889837056,2025-12-18T11:27:48.449574
11460,0.4629739770781407,0.4081183800881263,2.2451495664116067e-05,0.0026618533302098513,0.04487430048175156,38.08843796350993,57.26960566267371,0.31146091991104186,95.73284836206585,0.334263531770982,11.888247808,2025-12-18T11:43:24.958565
11470,0.4634165908229573,0.3862189905557898,2.242570086893898e-05,0.0028227968141436577,0.043085099663585424,38.088215054012835,57.478770586894825,0.20983929187059402,95.83745962707326,0.3338986668106578,11.897900544,2025-12-18T11:59:15.261847
11480,0.46385920456777385,0.40902755930437706,2.2399905199016587e-05,0.002853244310244918,0.04243889730423689,36.97226849687286,56.34953614231199,0.2216159098315984,93.60700239590369,0.34185476706815626,11.891005952,2025-12-18T12:14:56.717773
11490,0.46430181831259043,0.2451147251704242,2.237410870735473e-05,0.003183072665706277,0.04173396970145404,36.584665425354615,55.617033580783755,0.23802781710401177,92.49930252716877,0.3459485544834352,11.887850496,2025-12-18T12:30:33.811679
11500,0.464744432057407,0.27156846436628257,2.234831144696097e-05,0.0029341899789869785,0.03754397155717015,37.159931850852445,56.20915715652518,0.16728393896482885,93.59253733395599,0.34190760194712866,11.887908864,2025-12-18T12:46:10.858285
11510,0.4651870458022236,0.32504903899825877,2.2322513470844444e-05,0.0027466542087495327,0.04003078420646489,37.41786824632436,56.06965158879757,0.19139983807690442,93.73717252886854,0.34138004312157866,11.895622656,2025-12-18T13:20:06.155819
11520,0.46562965954704016,0.257204016961623,2.229671483201575e-05,0.002791909733787179,0.04680313798598945,38.07920444989577,57.52325329114683,0.2675196460913867,95.932439745171,0.33356808275701966,11.894569984,2025-12-18T13:35:44.205461
11530,0.46607227329185674,0.24353662720386637,2.227091558348685e-05,0.0024183287750929594,0.04236614122055471,37.08304404071532,56.38290353841148,0.26019031601026654,93.7827263160143,0.3412142220324394,11.8880256,2025-12-18T13:51:19.565082
11540,0.4665148870366733,0.25818944712682423,2.224511577827097e-05,0.003201322164386511,0.045156033942475915,37.26774872117676,56.32916862820275,0.19358849804848433,93.85705756000243,0.3409439932584988,11.887848448,2025-12-18T14:06:56.120386
11550,0.4669575007814899,0.22414180290797958,2.221931546938244e-05,0.0027287802658975124,0.040538211818784475,36.601026794174686,55.21091050491668,0.2522568991407752,92.12446209113114,0.34735616657761365,11.886893568,2025-12-18T14:22:25.581160
11560,0.4674001145263065,0.47344462235923856,2.219351470983667e-05,0.0026492606848478317,0.04267906188033521,37.29534825286828,56.49163906974718,0.26769021479412913,94.11557155894116,0.34000749790867035,11.888078848,2025-12-18T14:37:58.105514
11570,0.46784272827112305,0.4794508749328088,2.216771355264997e-05,0.0031734479125589132,0.045041708974167705,36.83230303460732,55.38785486132838,0.21333122183568776,92.49523576512001,0.3459637648933613,11.887908864,2025-12-18T14:53:24.477199
11580,0.46828534201593963,0.2817419443745166,2.21419120508395e-05,0.0032696600537747145,0.043325009755790234,37.40594015689567,56.38297715666704,0.17948758299462497,94.0341249818448,0.3403019914970044,11.887617024,2025-12-18T15:08:54.218966
11590,0.4687279557607562,0.22489384664731915,2.211611025742308e-05,0.0026447598356753588,0.03939594770781696,36.47045448492281,54.98517319816165,0.20638457592576742,91.72217130986974,0.3488796606427115,11.889457152,2025-12-18T15:24:18.938993
11600,0.4691705695055728,0.316330857014691,2.2090308225419173e-05,0.002867716597393155,0.04327135276980698,36.88452264433727,55.729854692937806,0.3469643627759069,93.02344870800152,0.34399928667928953,11.8946048,2025-12-18T15:39:47.720731
11610,0.46961318325038937,0.09866412198425678,2.2064506007846698e-05,0.0028891577385365963,0.04402369004674256,36.35591933620162,54.820618668571115,0.19585458911024034,91.43482123408467,0.3499760765986075,11.8879744,2025-12-18T15:55:09.326284
11620,0.47005579699520594,0.3453917183624071,2.2038703657725005e-05,0.0028158556669950485,0.04171952838078141,37.40017252671532,56.64075982547365,0.21179483993910253,94.31011118879542,0.33930614222202066,11.88580608,2025-12-18T16:10:35.530575
11630,0.4704984107400225,0.25647958370973356,2.2012901228073626e-05,0.003563476027920842,0.04358422011137009,36.75412508123554,55.63398707914166,0.15886486996896565,92.61467158282176,0.3455176102566387,11.887850496,2025-12-18T16:26:02.750158
11640,0.4709410244848391,0.2050147823174484,2.1987098771912346e-05,0.0024858354590833187,0.04352130740880966,36.79098546295427,55.71925144386478,0.2592902600299567,92.83217333490029,0.3447080774954731,11.893993472,2025-12-18T16:41:25.312348
11650,0.4713836382296557,0.2415469220140949,2.1961296342260994e-05,0.0024922462180256844,0.03968752198852599,37.06362922117114,55.99595629097894,0.23647935292683542,93.35709882085212,0.34276986329027315,11.8877568,2025-12-18T16:56:51.199116
11660,0.47182625197447225,0.22810529777780175,2.1935493992139274e-05,0.0031837159767746925,0.047112266067415476,37.14516751281917,56.11900530918501,0.23040677490644157,93.56575594097376,0.3420054664036199,11.887792128,2025-12-18T17:12:22.133069
11670,0.47226886571928883,0.23327108984813094,2.1909691774566812e-05,0.0025259351823478937,0.0428166757337749,37.237555894302204,56.24087839736603,0.21223916998133063,93.75080016907305,0.3413304200315115,11.888941056,2025-12-18T17:27:58.187316
11680,0.4727114794641054,0.3182334579068993,2.1883889742562904e-05,0.0023847816046327353,0.038981025107204914,37.01832960289903,56.325128560187295,0.16567201889120042,93.5670114189852,0.34200087738943263,11.8877312,2025-12-18T17:43:29.928518
11690,0.473154093208922,0.20693328243214637,2.1858087949146494e-05,0.0029241275042295456,0.0452759254258126,36.99337737634778,56.17884720489383,0.16909783915616572,93.40816964092664,0.34258245422228306,11.894161408,2025-12-18T17:59:02.713077
11700,0.47359670695373857,0.25127066253480734,2.1832286447336022e-05,0.0035147201269865036,0.043618868105113506,37.184171391883865,56.23955039586872,0.2673293889965862,93.75484739709646,0.3413156854116007,11.887908864,2025-12-18T18:14:35.835658
11710,0.47403932069855514,0.43949300275562564,2.1806485290149335e-05,0.0025701241102069616,0.040499870432540774,36.61012816266157,55.35721531533636,0.15781194414012134,92.18146873707883,0.3471413553983481,11.885805056,2025-12-18T18:30:14.503938
11720,0.4744819344433717,0.23865497949009296,2.1780684530603565e-05,0.002585687441751361,0.042728204280138016,36.76298543391749,55.72022698260844,0.24448698898777366,92.7891565489117,0.34486788316835193,11.887558656,2025-12-18T18:45:52.391654
11730,0.4749245481881883,0.32955207451595925,2.175488422171504e-05,0.0032603624276816845,0.03637492167763412,37.516258934978396,57.45233543100767,0.18318404396995902,95.20586463995278,0.33611374804500566,11.885922816,2025-12-18T19:01:32.025425
11740,0.4753671619330049,0.28044209368454176,2.1729084416499142e-05,0.002877696417272091,0.03756169253028929,36.86825801455416,56.39267761120573,0.20683579496107996,93.51890827808529,0.34217679172265,11.891589632,2025-12-18T19:17:07.202766
11750,0.47580977567782146,0.22710990320774727,2.170328516797023e-05,0.002694624476134777,0.0445496195461601,37.244541752617806,56.68440080923028,0.18724044202826917,94.18209015997127,0.33976735858852763,11.895095296,2025-12-18T19:32:44.078546
11760,0.47625238942263803,0.2355448543385137,2.167748652914155e-05,0.002598108956590295,0.04218867979943752,37.45791525952518,56.62757440796122,0.20553984306752682,94.3538284630049,0.339148930374848,11.888086016,2025-12-18T19:48:23.358317
11770,0.4766950031674546,0.2564713163592387,2.1651688553025028e-05,0.002973852213472128,0.047295807395130396,37.388076913077384,57.9866122903768,0.20499844895675778,95.64352279808372,0.3345757147356051,11.888710656,2025-12-18T20:04:07.497732
11780,0.4771376169122712,0.31224136939272285,2.1625891292631277e-05,0.0028209530282765627,0.04238604800775647,37.01537353382446,56.390886067412794,0.26292225788347423,93.73219305207022,0.3413981787689884,11.887849472,2025-12-18T20:19:43.524464
11790,0.47758023065708777,0.33940822817385197,2.160009480096944e-05,0.002971127862110734,0.04647405003197491,36.457058934960514,55.1108719680924,0.18254662700928748,91.81686144904234,0.348519863290685,11.887850496,2025-12-18T20:35:17.248206
11800,0.47802284440190435,0.44975162467744667,2.1574299131047027e-05,0.003190402640029788,0.04503688821569085,37.041830010479316,56.432576487539336,0.24129561497829854,93.77804503706284,0.3412312550059345,11.898425856,2025-12-18T20:50:52.875576
11810,0.4784654581467209,0.27169443550519645,2.1548504335869932e-05,0.002632172778248787,0.04156637145206332,37.27761033969,56.01281153736636,0.29644949990324676,93.64590570796281,0.34171275036618076,11.88773376,2025-12-18T21:06:36.967860
11820,0.4789080718915375,0.2028402186697349,2.1522710468442224e-05,0.0040844823233783245,0.04468407854437828,37.1770225726068,56.869057301664725,0.19489326188340783,94.30573754594661,0.33932187831529664,11.903043072,2025-12-18T21:22:16.428881
11830,0.4793506856363541,0.42101051344070584,2.1496917581766054e-05,0.0030647472012788057,0.045228518545627594,37.03041611658409,55.71423145709559,0.2861128409858793,93.09756862209179,0.3437254105947348,11.887850496,2025-12-18T21:37:57.612224
11840,0.47979329938117066,0.2751940463203937,2.147112572884156e-05,0.002603034721687436,0.04262149450369179,36.61864838632755,54.526004483224824,0.1881071210373193,91.39202840300277,0.3501399472051614,11.886008832,2025-12-18T21:53:33.188223
11850,0.48023591312598723,0.21988510235678405,2.1445334962666757e-05,0.0029512110631912947,0.0381208925973624,37.18438785499893,56.57258146069944,0.18571260222233832,94.0010579507798,0.34042170053826015,11.888319488,2025-12-18T22:09:13.652980
11860,0.4806785268708038,0.22686516790417954,2.1419545336237437e-05,0.0033115509431809187,0.043648390332236886,37.05882755178027,55.72980356449261,0.16769389109686017,93.02446087705903,0.3439955437343641,11.887850496,2025-12-18T22:24:49.387135
11870,0.4811211406156204,0.33318089922249783,2.1393756902547024e-05,0.002908612135797739,0.04344202717766166,37.25578499166295,57.226460941601545,0.2710665138438344,94.81634224089794,0.337494563107046,11.885630976,2025-12-18T22:40:23.515371
11880,0.48156375436043697,0.29131223983137033,2.1367969714586537e-05,0.0032768931705504656,0.04259240231476724,37.13536392664537,56.79304303973913,0.1995377119164914,94.19123050197959,0.3397343874738685,11.887673344,2025-12-18T22:55:56.738844
11890,0.48200636810525355,0.2367001363087411,2.1342183825344398e-05,0.003117793472483754,0.04234433569945395,36.962747080717236,56.03666619886644,0.2114972248673439,93.27577967988327,0.34306869489402314,11.889623552,2025-12-18T23:11:30.310294
11900,0.4824489818500701,0.22479201387614012,2.1316399287806375e-05,0.002658521756529808,0.041365214390680194,37.35217882483266,56.02532221726142,0.19259207393042743,93.62779796402901,0.34177883807855997,11.891648,2025-12-18T23:27:08.955385
11910,0.4828915955948867,0.21253798931866186,2.1290616154955455e-05,0.0030612428672611713,0.051385590340942144,36.843681445810944,55.94820946804248,0.1746933690737933,93.04078239179216,0.34393519892436936,11.890363904,2025-12-18T23:42:45.774502
11920,0.4833342093397033,0.3255657998852257,2.126483447977174e-05,0.0031057472806423903,0.046184762846678495,37.31242847698741,57.00088562187739,0.31476769410073757,94.69249296095222,0.3379359756976263,11.887712256,2025-12-18T23:58:27.724886
11930,0.48377682308451986,0.3088680093758853,2.123905431523233e-05,0.0028996493201702833,0.03786529088392854,37.14509125123732,56.38689620490186,0.1532993190921843,93.74101490504108,0.34136605020135263,11.89667328,2025-12-19T00:14:01.916124
11940,0.48421943682933644,0.28702317050192505,2.1213275714311206e-05,0.0031928932294249535,0.043504520785063505,36.865469426847994,55.84493745607324,0.16529448796063662,92.93887901399285,0.34431230868603535,11.887848448,2025-12-19T00:29:38.555895
11950,0.484662050574153,0.1435930309817195,2.1187498729979195e-05,0.0034107693936675787,0.04457144718617201,37.53712171292864,55.64252918306738,0.1573662639129907,93.40091370488517,0.34260906805589736,11.8877312,2025-12-19T00:45:15.831749
11960,0.4851046643189696,0.4465967284850194,2.1161723415203747e-05,0.002842759480699897,0.0465998447034508,36.80411655944772,56.55300983181223,0.2535077619832009,93.67827611789107,0.34159467195712523,11.888477184,2025-12-19T01:00:55.430201
11970,0.48554727806378617,0.3570642238482833,2.1135949822948876e-05,0.0028117692563682795,0.0481118590105325,37.79682133090682,56.651960195275024,0.20357671496458352,94.72172348992899,0.3378316907779059,11.890691584,2025-12-19T01:16:36.166037
11980,0.48598989180860275,0.1463357191387331,2.11101780061751e-05,0.002649276750162244,0.04211504943668842,36.990026546875015,56.09902010229416,0.17987355892546475,93.33069841796532,0.34286682241135236,11.895622656,2025-12-19T01:32:16.088158
11990,0.4864325055534193,0.3274633627588628,2.1084408017839266e-05,0.003041630843654275,0.051373060094192624,36.67716653691605,55.9759172082413,0.19779203203506768,92.92213043989614,0.34437436860854403,11.892713984,2025-12-19T01:47:54.721435
12000,0.4868751192982359,0.1343120689616626,2.1058639910894456e-05,0.0027736853808164597,0.04422266874462366,36.58125000074506,55.00593442632817,0.18171422509476542,91.83304510917515,0.34845844392894737,11.887850496,2025-12-19T02:03:31.508485
12010,0.4873177330430525,0.32721665029021096,2.10328737382899e-05,0.0032538981176912785,0.050738798920065165,37.64274001889862,56.970161291072145,0.20390504994429648,94.88686728198081,0.3372437189321863,11.887850496,2025-12-19T02:37:23.783205
12020,0.48776034678786906,0.24977109984320123,2.1007109552970852e-05,0.003897394286468625,0.04931999486871064,37.039200086379424,55.99752628686838,0.22207929799333215,93.32963531394489,0.3428707279564255,11.887848448,2025-12-19T02:52:58.130986
12030,0.48820296053268564,0.40394665161147714,2.0981347407878467e-05,0.0030245441012084484,0.04465709929354489,36.99486813507974,55.68205978535116,0.2241108228918165,92.96404133783653,0.3442191146113174,11.89217536,2025-12-19T03:08:25.517011
12040,0.4886455742775022,0.28950439384641413,2.0955587355949717e-05,0.0034483973868191242,0.04014474619179964,36.41414003027603,55.17680008360185,0.19520123093388975,91.84324941597879,0.3484197282161129,11.891472896,2025-12-19T03:23:54.877269
12050,0.4890881880223188,0.387105212721508,2.0929829450117276e-05,0.003011005697771907,0.059887694427743554,36.73021832644008,55.52821887517348,0.2065683000255376,92.54589721490629,0.3457743775036392,11.889545216,2025-12-19T03:39:24.809180
12060,0.48953080176713537,0.21766610342274362,2.0904073743309407e-05,0.0030936510302126408,0.05230495985597372,36.543007019907236,55.424564104992896,0.16656191903166473,92.20463414094411,0.3470541399370965,11.89077248,2025-12-19T03:54:55.324684
12070,0.48997341551195195,0.20575271942652762,2.0878320288449868e-05,0.0030943823512643576,0.051943348720669746,36.47911492153071,55.032812748337165,0.23418610310181975,91.82006308506243,0.34850771089489546,11.887966208,2025-12-19T04:10:20.363233
12080,0.4904160292567685,0.29287206518347375,2.085256913845776e-05,0.0027006343007087708,0.0573241300880909,37.38294988009147,56.14589213114232,0.25642944197170436,93.864330915967,0.34091757420237007,11.892000256,2025-12-19T04:25:49.117336
12090,0.4908586430015851,0.2927103902620729,2.082682034624747e-05,0.0026576081290841103,0.05430990247987211,36.61523229093291,55.62489683134481,0.2701146549079567,92.58078282303177,0.3456440853515791,11.887906816,2025-12-19T04:41:28.237491
12100,0.4913012567464017,0.27098489410127513,2.0801073964728534e-05,0.0028328089974820614,0.04668787377886474,36.79462787974626,56.876320058945566,0.17840591701678932,93.91479100100696,0.340734400395534,11.891181056,2025-12-19T04:57:08.863039
12110,0.49174387049121826,0.26346045386708283,2.0775330046805522e-05,0.0026348591782152653,0.05076515907421708,37.01389396190643,56.213326391996816,0.1686969210859388,93.46497582411394,0.34237423931097843,11.889370112,2025-12-19T05:12:48.311682
12120,0.49218648423603484,0.25897550313129614,2.074958864537798e-05,0.002680602017790079,0.05739022418856621,37.37747226585634,56.496898882091045,0.1984566270839423,94.14952471200377,0.3398848809687098,11.893993472,2025-12-19T05:28:25.528912
12130,0.4926290979808514,0.25729472510283813,2.072384981334024e-05,0.0030400927644222975,0.04841635935008526,37.44972252030857,56.223493029596284,0.24057453591376543,93.98123583802953,0.3404935007999883,11.889061888,2025-12-19T05:44:02.418235
12140,0.493071711725668,0.29255169981627205,2.069811360358138e-05,0.002514811232686043,0.05808220570906997,37.13004558160901,56.11541915917769,0.19531051395460963,93.51961792097427,0.3421741952265092,11.889895424,2025-12-19T05:59:35.681629
12150,0.49351432547048457,0.13513207702635555,2.0672380068985047e-05,0.0028005740605294704,0.04741270933300257,37.65021178685129,56.90706644952297,0.1867323738988489,94.81074744509533,0.3375144787096117,11.89048064,2025-12-19T06:15:12.837855
12160,0.49395693921530115,0.27656080251472304,2.0646649262429463e-05,0.0030366864521056414,0.04608293389901519,37.639722305350006,57.42343352804892,0.16589323012158275,95.29224900412373,0.335809054088074,11.900471296,2025-12-19T06:30:55.306446
12170,0.4943995529601177,0.33508130311747664,2.0620921236787195e-05,0.0026648445054888725,0.03443706571124494,37.3677670317702,56.22601662389934,0.22017037100158632,93.86853926302865,0.3409022900668874,11.887898624,2025-12-19T06:46:36.073400
12180,0.4948421667049343,0.20577542697719764,2.0595196044925108e-05,0.0031363798771053553,0.04675066890195012,37.442972716875374,56.18512519611977,0.17488852492533624,93.87169949011877,0.3408908134593688,11.8880256,2025-12-19T07:02:10.532046
12190,0.4952847804497509,0.2776135137391975,2.0569473739704257e-05,0.0028457720763981342,0.056823430117219687,36.93904232792556,56.31678699981421,0.2739063100889325,93.60853789909743,0.34184915946976396,11.887792128,2025-12-19T07:17:46.933607
12200,0.49572739419456746,0.2913844506965688,2.0543754373979702e-05,0.0028152416925877333,0.053592735435813665,37.20848911278881,56.06325167790055,0.16303943889215589,93.5065421978943,0.3422220440177994,11.887966208,2025-12-19T07:33:22.758471
12210,0.49617000793938404,0.22291410469915718,2.0518038000600566e-05,0.0026376154273748398,0.05024904804304242,37.07877420959994,56.27763955038972,0.20146444300189614,93.62626770907082,0.3417844242113235,11.892525568,2025-12-19T07:49:01.431767
12220,0.4966126216842006,0.20672152109182207,2.049232467240974e-05,0.0027072629891335964,0.05469020456075668,36.94369600364007,55.95744414324872,0.2085697827860713,93.18164401385002,0.34341527603058486,11.887850496,2025-12-19T08:04:35.999565
12230,0.4970552354290172,0.18885994437732734,2.0466614442243894e-05,0.003194548189640045,0.05508941342122853,36.74631110113114,55.98621628712863,0.19768995814956725,93.00518295704387,0.34406684641198737,11.887792128,2025-12-19T08:20:10.535778
12240,0.4974978491738338,0.34890785938841873,2.044090736293334e-05,0.0025289698969572783,0.05237613362260163,37.54307629959658,57.292018045904115,0.205339299980551,95.11289439117536,0.3364422900263351,11.886088704,2025-12-19T08:36:01.739829
12250,0.49794046291865035,0.3280154480435158,2.0415203487301872e-05,0.002782897325232625,0.04248772747814655,37.253577729919925,57.84283146052621,0.1976028559729457,95.35625677905045,0.3355836426564756,11.887857664,2025-12-19T08:51:45.577033
12260,0.49838307666346693,0.26958644371916307,2.0389502868166735e-05,0.0030262356158345938,0.036382656544446945,36.98570081125945,56.735763642704114,0.1802747508045286,93.95887742517516,0.34057452448262204,11.888144384,2025-12-19T09:07:28.911342
12270,0.4988256904082835,0.16966475059598451,2.0363805558338488e-05,0.00277616991661489,0.04187873029150069,37.37331483699381,57.12627014494501,0.22219808609224856,94.78057889197953,0.33762190919376084,11.888304128,2025-12-19T09:23:08.512355
12280,0.4992683041531001,0.330036515253596,2.033811161062088e-05,0.003340946976095438,0.041012431029230356,37.237374240066856,56.58578676986508,0.2571695242077112,94.14239669917151,0.33991061542925016,11.893927936,2025-12-19T09:38:49.674066
12290,0.49971091789791666,0.19656381213280838,2.0312421077810767e-05,0.0027440122794359922,0.03595601860433817,37.029240760719404,55.782707770587876,0.1891675239894539,93.05398961296305,0.34388638394868115,11.88761088,2025-12-19T09:54:28.798376
12300,0.5001535316427332,0.35990836126711656,2.0286734012697935e-05,0.0027979796286672354,0.03872298845089972,36.80171224940568,56.3122038715519,0.23493002401664853,93.40944647789001,0.3425777713774847,11.887617024,2025-12-19T10:10:02.819993
12310,0.5005961453875498,0.20661384181585163,2.0261050468065106e-05,0.002435848815366626,0.03946924256160855,37.35859619616531,56.89605820039287,0.19230260304175317,94.50272548897192,0.33861457258959443,11.887850496,2025-12-19T10:25:35.309465
12320,0.5010387591323664,0.4907930426998064,2.0235370496687724e-05,0.0029408023692667484,0.03284800495021045,37.4379312726669,56.59285516734235,0.19240638008341193,94.27602127194405,0.33942883427053366,11.88905472,2025-12-19T10:41:13.157903
12330,0.501481372877183,0.42232110700570047,2.0209694151333916e-05,0.0025873868726193905,0.04125126521103084,37.021661336300895,56.290193856926635,0.29645484290085733,93.66705909185112,0.34163557936222155,11.887091712,2025-12-19T10:56:55.806076
12340,0.5019239866219996,0.2589090910041705,2.0184021484764355e-05,0.002594433957710862,0.04081314872018993,37.70333543443121,56.952161222696304,0.20899396017193794,94.92304893094115,0.33711517234640015,11.889902592,2025-12-19T11:12:37.518959
12350,0.5023666003668161,0.302250491006987,2.0158352549732144e-05,0.0026864258106797934,0.036515319254249334,37.24800415453501,55.36309368326329,0.2778128229547292,92.93974574515596,0.3443090977217123,11.893517824,2025-12-19T11:28:18.199353
12360,0.5028092141116327,0.20131193315137352,2.0132687398982736e-05,0.0029107644222676754,0.040274160681292415,37.17426746315323,56.25301368907094,0.18514418695122004,93.66992383101024,0.34162513100502945,11.887850496,2025-12-19T11:43:58.925699
12370,0.5032518278564493,0.2710380382063704,2.0107026085253792e-05,0.0027705093380063772,0.03778120782226324,37.08190380758606,55.86333270231262,0.22625200496986508,93.22775904415175,0.34324540596159897,11.887821824,2025-12-19T11:59:39.174681
12380,0.5036944416012659,0.3609583827659719,2.0081368661275098e-05,0.0027732853777706623,0.038091215305030346,37.421133236726746,56.53648177627474,0.1738292989321053,94.18799918494187,0.33974604277522374,11.887847424,2025-12-19T12:15:16.473328
12390,0.5041370553460824,0.17698899018387237,2.005571517976843e-05,0.0026855014730244875,0.04235477698966861,36.95439558220096,56.069771924521774,0.19907116191461682,93.28232544194907,0.3430446212440754,11.887905792,2025-12-19T12:30:49.381536
12400,0.504579669090899,0.29807948146481067,2.0030065693447477e-05,0.0026435633189976215,0.044563234550878406,37.429029072402045,56.96631081169471,0.19841961399652064,94.65464850398712,0.3380710879577359,11.88803072,2025-12-19T12:46:27.142419
12410,0.5050222828357156,0.2645922299070662,2.0004420255017737e-05,0.0028525220695883036,0.0427611896302551,36.79337768442929,56.10631368891336,0.28960584406740963,93.25223174900748,0.3431553261495062,11.887906816,2025-12-19T13:02:03.136991
12420,0.5054648965805322,0.24264975222104113,1.9978778917176354e-05,0.0030947313643991947,0.04134978796355426,37.06998271308839,56.668914914596826,0.20178764895536005,94.0042408471927,0.3404101741751966,11.888538624,2025-12-19T13:17:42.989777
12430,0.5059075103253488,0.2543217351776548,1.9953141732612067e-05,0.0029079390224069357,0.04333008313551545,37.931357602356,56.73947403742932,0.22399545810185373,94.95667449198663,0.336995794884334,11.889370112,2025-12-19T13:33:24.711912
12440,0.5063501240701653,0.36013014760101214,1.9927508754005098e-05,0.0026809892151504755,0.033601207891479135,37.92472380353138,57.14047080371529,0.19459409010596573,95.30941033712588,0.33574858858963097,11.88761088,2025-12-19T13:48:59.827243
12450,0.5067927378149819,0.18837829758558655,1.9901880034026965e-05,0.002899531042203307,0.040481789503246546,37.005186947993934,56.33839106047526,0.2128386169206351,93.61673017195426,0.34181924471430186,11.88939776,2025-12-19T14:04:43.016017
12460,0.5072353515597985,0.3507745422903099,1.9876255625340486e-05,0.0030013283248990774,0.04143144842237234,36.844555356074125,55.997220654506236,0.18043475807644427,93.08215612405911,0.34378232448065205,11.888509952,2025-12-19T14:20:16.936191
12470,0.5076779653046151,0.36261714034480974,1.9850635580599633e-05,0.002529744990170002,0.04135752399452031,36.709140894701704,55.756821024697274,0.21049141814000905,92.73548794095404,0.34506746781097264,11.887967232,2025-12-19T14:35:52.139818
12480,0.5081205790494316,0.18750901462044567,1.9825019952449355e-05,0.003451594850048423,0.04377009975723922,37.65705777099356,57.426593912765384,0.17975085088983178,95.32893181592226,0.3356798339227296,11.887850496,2025-12-19T14:51:29.043294
12490,0.5085631927942482,0.3321403338450182,1.979940879352558e-05,0.002692093141376972,0.04105582879856229,36.92180330562405,56.04920391528867,0.20379492989741266,93.23715382697992,0.34321081979167195,11.892233728,2025-12-19T15:07:05.273286
12500,0.5090058065390648,0.3942282279494975,1.9773802156455004e-05,0.0029125409200787544,0.03852827218361199,37.32300941739231,56.652335424441844,0.2322955159470439,94.26619404205121,0.339464219651481,11.887792128,2025-12-19T15:22:48.544058
12510,0.5094484202838814,0.08170521720603574,1.9748200093855094e-05,0.0026105151046067476,0.047865306958556175,36.861531684873626,56.394313730997965,0.16520849708467722,93.48603505501524,0.34229711401460594,11.890830848,2025-12-19T15:56:35.112710
12520,0.509891034028698,0.32360893952136394,1.972260265833386e-05,0.0030738613568246365,0.04247613134793937,37.07326102722436,56.81690404866822,0.18833487201482058,94.1397486180067,0.3399201768622437,11.887847936,2025-12-19T16:12:09.470919
12530,0.5103336477735145,0.1633690537532857,1.9697009902489823e-05,0.0027153531555086374,0.042848614044487476,36.745538224000484,55.85806158883497,0.20421256287954748,92.87167435581796,0.34456146313674546,11.887905792,2025-12-19T16:27:44.815751
12540,0.5107762615183311,0.21379198413342237,1.9671421878911893e-05,0.003063768381252885,0.03994091390632093,36.81699160696007,56.3055550029967,0.29344275314360857,93.47372872196138,0.3423421793216824,11.887962112,2025-12-19T16:43:23.788313
12550,0.5112188752631477,0.3158851943881018,1.964583864017926e-05,0.002650429727509618,0.04538270574994385,36.92372326506302,56.12337673990987,0.24904565000906587,93.3617253608536,0.34275287733079474,11.890013696,2025-12-19T16:58:59.597902
12560,0.5116614890079643,0.37034843272977014,1.9620260238861268e-05,0.0033650482073426247,0.038675781805068254,37.33161144820042,56.620411267504096,0.21835419489070773,94.22881974512711,0.33959886249827326,11.887967232,2025-12-19T17:14:33.707293
12570,0.5121041027527808,0.20220140321180224,1.9594686727517322e-05,0.00419118907302618,0.042221799958497286,36.92217811453156,56.34775261953473,0.19538218597881496,93.53054200601764,0.3421342303131437,11.887913984,2025-12-19T17:30:12.377285
12580,0.5125467164975974,0.32351221394492313,1.9569118158696784e-05,0.002990707289427519,0.03998212167061865,37.35472388355993,57.03468319028616,0.2098926049657166,94.6614246990066,0.3380468876498519,11.88766976,2025-12-19T17:45:55.667676
12590,0.512989330242414,0.3168353009677958,1.9543554584938864e-05,0.0031291868072003126,0.04461182444356382,37.53888269443996,56.95890937745571,0.25312004587613046,94.8170918431133,0.337491894952315,11.88773376,2025-12-19T18:01:31.118440
12600,0.5134319439872306,0.4551556126212688,1.9517996058772514e-05,0.0026475447230041027,0.04144696984440088,37.34165479266085,56.108498867368326,0.2575045330449939,93.76402405486442,0.34128228094472296,11.894803456,2025-12-19T18:17:12.470232
12610,0.5138745577320472,0.30190833929518845,1.9492442632716296e-05,0.003080340102314949,0.04244816955178976,36.70792521210387,55.876251608133316,0.2093046100344509,92.85258180787787,0.3446323126072196,11.887792128,2025-12-19T18:32:47.723805
12620,0.5143171714768637,0.3080345146590844,1.946689435927828e-05,0.00283804046921432,0.04820877104066312,38.00062046246603,58.407840804429725,0.17878737999126315,96.65135268890299,0.3310869337028335,11.887792128,2025-12-19T18:48:28.723910
12630,0.5147597852216803,0.2615952750784345,1.9441351290955993e-05,0.0027463529258966446,0.038204423151910305,36.87003983766772,56.67960210912861,0.20194589206948876,93.80748050101101,0.34112418145219364,11.887791104,2025-12-19T19:04:05.757779
12640,0.5152023989664969,0.2463658248534557,1.941581348023624e-05,0.0030700762290507555,0.0443894537165761,36.80009287013672,55.853301408700645,0.27635578298941255,92.99011892988347,0.34412258386429945,11.8878208,2025-12-19T19:19:46.439631
12650,0.5156450127113135,0.2707230879805138,1.939028097959502e-05,0.0033251196146011353,0.04111740691587329,36.7454414635431,55.98999190470204,0.17368715908378363,92.96765815606341,0.3442057230943914,11.887850496,2025-12-19T19:35:24.082767
12660,0.51608762645613,0.2512515870730567,1.9364753841497437e-05,0.0030168360099196434,0.044654546305537224,37.50949849258177,57.08320137462579,0.1869816139806062,94.84209495503455,0.3374029223539555,11.891472896,2025-12-19T19:51:04.899215
12670,0.5165302402009466,0.2667710153327789,1.933923211839754e-05,0.0033710994757711887,0.04152718582190573,37.05521882488392,56.476573296356946,0.16083642421290278,93.75063633406535,0.34133101652743064,11.88763904,2025-12-19T20:06:43.913816
12680,0.5169728539457632,0.3421962260326836,1.9313715862738285e-05,0.0028152961749583483,0.05130646517500281,37.00922181433998,56.252795272739604,0.15230838302522898,93.48509156890213,0.3423005686036555,11.889778688,2025-12-19T20:22:24.003691
12690,0.5174154676905798,0.3686619602904102,1.9288205126951404e-05,0.0028012481052428484,0.035904329968616366,36.672509101452306,55.821049492107704,0.23230235814116895,92.7792871131096,0.3449045686348935,11.887850496,2025-12-19T20:38:07.478738
12700,0.5178580814353964,0.29663214325046283,1.9262699963457245e-05,0.0027693905867636204,0.037828694796189666,36.69946972839534,55.450684651965275,0.20154299680143595,92.40748059703037,0.34629231089575185,11.888144384,2025-12-19T20:53:44.601295
12710,0.5183006951802129,0.2946533086433192,1.9237200424664738e-05,0.00281428056769073,0.04734702571295202,37.309209475293756,56.20765326800756,0.2530370759777725,93.8350414170418,0.341023987593065,11.88723968,2025-12-19T21:09:19.981262
12720,0.5187433089250295,0.24324563079881045,1.921170656297124e-05,0.003283242927864194,0.03355594049207866,36.720789135899395,55.87439822265878,0.2617438770830631,92.90904191997834,0.34442288219440786,11.889955328,2025-12-19T21:24:56.316883
12730,0.5191859226698461,0.18161551642697304,1.9186218430762443e-05,0.00298624811694026,0.039484133245423436,36.47762787877582,55.3680961842183,0.17396894097328186,92.07890337705612,0.34752803113827746,11.888274432,2025-12-19T21:40:30.331505
12740,0.5196285364146627,0.13706589707217098,1.9160736080412252e-05,0.0027277935296297073,0.04691523965448141,37.24297337583266,57.37926511699334,0.15843022102490067,94.85053860908374,0.33737288653556885,11.890130432,2025-12-19T21:55:58.987451
12750,0.5200711501594792,0.3642492817743914,1.9135259564282732e-05,0.0027715947944670916,0.043506646528840065,37.79027865710668,58.52183500002138,0.33458047010935843,96.70618354598992,0.3308992127145828,11.889603584,2025-12-19T22:11:48.797755
12760,0.5205137639042958,0.25985108269378543,1.910978893472393e-05,0.0027307437267154455,0.03848001267760992,38.006907244212925,57.39105344284326,0.20665564201772213,95.663352973992,0.3345063601178587,11.887967232,2025-12-19T22:27:36.716857
12770,0.5209563776491124,0.2926178749657993,1.9084324244073803e-05,0.0027594526764005423,0.041890430031344295,37.17627050890587,56.15830452926457,0.19454329391010106,93.59140278585255,0.3419117466720691,11.887967232,2025-12-19T22:43:28.709513
12780,0.521398991393929,0.40042593353427947,1.9058865544658105e-05,0.0035573309287428856,0.04584068828262389,36.99990903749131,56.62278740876354,0.18904472887516022,93.8805984351784,0.3408585004077812,11.887650816,2025-12-19T22:59:18.021881
12790,0.5218416051387456,0.15686569737954414,1.903341288879028e-05,0.002774151973426342,0.040278437081724405,37.075955995125696,56.418006983585656,0.191223249072209,93.74173595011234,0.34136342447327644,11.887325184,2025-12-19T23:15:01.505547
12800,0.5222842188835621,0.32360731760854833,1.9007966328771344e-05,0.0026740406174212694,0.043879309203475714,37.08489907812327,58.78871211083606,0.16590406093746424,96.10028505511582,0.332985484711593,11.889195008,2025-12-19T23:30:55.336302
12810,0.5227268326283787,0.21252796033513732,1.89825259168898e-05,0.0025302721187472343,0.04867044626735151,37.19238308467902,57.08439242024906,0.17465095105580986,94.52211233507842,0.3385451214479934,11.888078848,2025-12-19T23:46:47.883016
12820,0.5231694463731953,0.28545447532087564,1.895709170542152e-05,0.0027429729234427214,0.04420182039029896,37.15322572714649,56.796412201365456,0.28295424999669194,94.29542162409052,0.33935900013860976,11.888319488,2025-12-20T00:02:33.625738
12830,0.5236120601180119,0.1782972552056883,1.8931663746629625e-05,0.002662557177245617,0.04854707978665829,37.68586490978487,57.526745098875836,0.3085740660317242,95.59231184190139,0.33475495448759823,11.89497856,2025-12-20T00:18:13.898701
12840,0.5240546738628284,0.18141109100542963,1.8906242092764372e-05,0.002664269180968404,0.04089152091182768,36.74812254239805,55.93297164840624,0.19446950708515942,92.93346920306794,0.3443323516749078,11.887966208,2025-12-20T00:33:56.822472
12850,0.524497287607645,0.22341215833330352,1.8880826796063107e-05,0.003230628091841936,0.04303368297405541,37.31490298034623,56.93567148223519,0.24383096885867417,94.55541022703983,0.33842590205218126,11.8880256,2025-12-20T00:49:37.654295
12860,0.5249399013524616,0.3498512303485768,1.8855417908750074e-05,0.0027075286488980055,0.0482091645244509,37.392806901130825,57.23792350757867,0.19770051212981343,94.89611753984354,0.3372108451809351,11.88773376,2025-12-20T01:05:18.039990
12870,0.5253825150972782,0.2923617389548099,1.8830015483036356e-05,0.002947644330561161,0.045731255086138844,36.50573917571455,56.08655883837491,0.27346339193172753,92.92465511895716,0.34436501226757654,11.887879168,2025-12-20T01:20:54.927446
12880,0.5258251288420948,0.2763942132005468,1.8804619571119776e-05,0.003190332790836692,0.041570419212803245,38.033229265827686,57.32601860840805,0.1674623868893832,95.59051396511495,0.33476125059520195,11.890363904,2025-12-20T01:36:38.237145
12890,0.5262677425869113,0.22863686241908,1.8779230225184743e-05,0.0030599096789956093,0.0401137329172343,36.91696091624908,55.693764224415645,0.2685126829892397,92.93577408487909,0.3443238119561377,11.887908864,2025-12-20T01:52:12.876387
12900,0.5267103563317279,0.2008989850000944,1.87538474974022e-05,0.002762767719104886,0.050684534246101975,37.118304893840104,56.618637514300644,0.20880027092061937,94.01307298592292,0.34037819404958214,11.887850496,2025-12-20T02:07:54.742099
12910,0.5271529700765445,0.2982487771951128,1.872847143992948e-05,0.0029469423461705446,0.044349586591124535,36.929726808099076,56.0921025944408,0.18836491997353733,93.27210741606541,0.34308220202697215,11.887675392,2025-12-20T02:23:33.053316
12920,0.5275955838213611,0.32953222855576314,1.8703102104910207e-05,0.003802272491157055,0.04372033174149692,36.88192273792811,56.58763013780117,0.19562216405756772,93.73065578611568,0.341403778002161,11.890714112,2025-12-20T02:39:04.883402
12930,0.5280381975661776,0.17155792927951552,1.8677739544474197e-05,0.002656135242432356,0.04150492255575955,37.03572643920779,56.13140456331894,0.15401913598179817,93.38406278612092,0.342670890998715,11.889327104,2025-12-20T02:54:39.969368
12940,0.5284808113109942,0.4615234381053597,1.8652383810737346e-05,0.0025798510760068893,0.03923912113532424,37.00059172650799,55.941817878279835,0.19864963903091848,93.19722797698341,0.3433578518869995,11.890714112,2025-12-20T03:10:19.398299
12950,0.5289234250558108,0.22954703264986165,1.8627034955801508e-05,0.003454174380749464,0.04566638148389757,37.84414060926065,58.01742502069101,0.2281495979987085,96.15582194109447,0.33279316170375367,11.891825152,2025-12-20T03:26:01.517663
12960,0.5293660388006274,0.26551128685241565,1.8601693031754424e-05,0.0029065420385450125,0.046521083218976855,37.20390854589641,57.00657732691616,0.16636890801601112,94.44593031797558,0.33881819886006825,11.8880256,2025-12-20T03:41:40.514619
12970,0.529808652545444,0.2372786690484645,1.857635809066957e-05,0.0028856589924544096,0.03949835221283138,37.16539842681959,56.284837004495785,0.33686174009926617,93.84207294997759,0.340998434860423,11.8878208,2025-12-20T03:57:18.812171
12980,0.5302512662902605,0.26549786901887273,1.85510301846061e-05,0.0028062164783477783,0.03843554202467203,36.61172816948965,55.786726460792124,0.17139617982320487,92.62975377310067,0.3454613522819563,11.88957184,2025-12-20T04:12:56.690586
12990,0.5306938800350771,0.2545702866045758,1.852570936560869e-05,0.0028120095375925303,0.04168464778922498,37.095783655298874,56.0142886666581,0.22559938114136457,93.39679935202003,0.34262416080651154,11.885864448,2025-12-20T04:28:32.149494
13000,0.5311364937798937,0.15465122275600152,1.850039568570746e-05,0.0024460279382765293,0.04037283034995198,36.75240156264044,55.61986172501929,0.24228018801659346,92.67104500602,0.3453074258299478,11.887850496,2025-12-20T04:44:06.974464
13010,0.5315791075247103,0.18845235038679675,1.847508919691787e-05,0.003184302942827344,0.04065338405780494,37.157419949769974,56.572285738773644,0.17256464203819633,93.95903537189588,0.3405739519711111,11.88790784,2025-12-20T05:17:54.493506
13020,0.5320217212695268,0.19047249503000785,1.844978995124059e-05,0.00274254335090518,0.04126254911534488,37.92931793094613,57.008944648783654,0.19051179918460548,95.18982851714827,0.336170371335791,11.889019904,2025-12-20T05:33:39.881085
13030,0.5324643350143434,0.37580594181781635,1.8424498000661405e-05,0.002992238849401474,0.03715541190467775,36.964025313733146,56.271875048056245,0.2976923908572644,93.59113390301354,0.341912728968119,11.885864448,2025-12-20T05:49:20.302350
13040,0.53290694875916,0.2662278318312019,1.8399213397151117e-05,0.002481995150446892,0.042309822514653206,36.98604259593412,56.55210273270495,0.1871951180510223,93.78373505896889,0.34121055191371075,11.88987392,2025-12-20T06:04:54.174624
13050,0.5333495625039766,0.2487470656633377,1.837393619266544e-05,0.002578285988420248,0.04425135115161538,37.263415751513094,56.20705752167851,0.20917620696127415,93.74502890789881,0.3413514334870905,11.887675392,2025-12-20T06:20:37.790995
13060,0.5337921762487932,0.13698934382864536,1.8348666439144868e-05,0.002647347515448928,0.035700752632692456,37.22067443956621,55.99199179839343,0.15678852098062634,93.42302100802772,0.34252799422157715,11.88790784,2025-12-20T06:36:17.337264
13070,0.5342347899936097,0.23133943618449848,1.83234041885146e-05,0.0032059799414128065,0.04148017265833914,36.93225448555313,56.68923636293039,0.17968171299435198,93.86011692998,0.3409328801909774,11.887905792,2025-12-20T06:52:00.234441
13080,0.5346774037384263,0.19647157296640216,1.82981494926844e-05,0.0026609674096107483,0.04255279409699142,36.99228862649761,56.57117140106857,0.2336303829215467,93.85915302787907,0.3409363814575975,11.894453248,2025-12-20T07:07:46.500059
13090,0.5351200174832429,0.31316522065060326,1.8272902403548517e-05,0.0028180410154163837,0.04826440801844001,36.67672863625921,55.74310783902183,0.1841083529870957,92.67007592809387,0.34531103681009157,11.887732736,2025-12-20T07:23:25.190860
13100,0.5355626312280595,0.2563731401460245,1.824766297298557e-05,0.002519971691071987,0.04127006325870752,36.7725874716416,55.98132059443742,0.2572667438071221,93.06838786392473,0.3438331826139204,11.890947584,2025-12-20T07:39:07.282536
13110,0.536005244972876,0.19107188539055642,1.8222431252858432e-05,0.0027371512260288,0.0430086983833462,36.963499650824815,56.57063867058605,0.22891641804017127,93.82771702017635,0.34105060867162357,11.891764736,2025-12-20T07:54:46.820309
13120,0.5364478587176926,0.11398652708885493,1.819720729501415e-05,0.0026523980777710676,0.04017647076398134,37.01284787617624,56.28539592027664,0.1899747890420258,93.54905421007425,0.3420665261686199,11.88773376,2025-12-20T08:10:25.293769
13130,0.5368904724625092,0.21963414155197825,1.8171991151283808e-05,0.002972335321828723,0.041679972782731056,37.507872483925894,56.556587557075545,0.27199873817153275,94.39860870805569,0.3389880469421497,11.885922816,2025-12-20T08:26:05.526661
13140,0.5373330862073258,0.24902778142131865,1.8146782873482443e-05,0.002562863752245903,0.04959746915847063,37.46267453255132,56.715613819193095,0.19052160601131618,94.4344790710602,0.33885928439252144,11.891005952,2025-12-20T08:41:40.896925
13150,0.5377756999521424,0.21675592759856954,1.8121582513408913e-05,0.00368875521235168,0.04182987008243799,36.71703466097824,55.599769121501595,0.2717946309130639,92.64939480717294,0.3453881168527887,11.892408832,2025-12-20T08:57:17.707550
13160,0.5382183136969589,0.38372661434550537,1.809639012284582e-05,0.0027959197759628296,0.04247532691806555,36.93972277012654,56.19903749646619,0.2901202340144664,93.49091536807828,0.3422792457856942,11.886332928,2025-12-20T09:12:53.665791
13170,0.5386609274417755,0.32208074352820404,1.8071205753559383e-05,0.0025598821230232716,0.042906965827569366,38.15807027928531,57.41130580520257,0.2035996860358864,95.83611970790662,0.33390333516768994,11.887850496,2025-12-20T09:28:37.944339
13180,0.5391035411865921,0.06688644981068137,1.8046029457299355e-05,0.002754991175606847,0.04133200738579035,37.28740240051411,56.90873477421701,0.2466359648387879,94.50692716403864,0.33859951815443745,11.887879168,2025-12-20T09:44:21.164697
13190,0.5395461549314087,0.25307301946122607,1.8020861285798866e-05,0.0027580384630709887,0.042083185631781816,37.41164602409117,57.134209289681166,0.21109840413555503,94.81839131820016,0.3374872696649271,11.893927936,2025-12-20T09:59:59.508432
13200,0.5399887686762253,0.12649174112593187,1.7995701290774394e-05,0.0028894969727844,0.04309491440653801,37.04138854262419,56.28445084695704,0.18771969620138407,93.57838044594973,0.3419593270101847,11.887792128,2025-12-20T10:15:36.738845
13210,0.5404313824210418,0.40075411056750454,1.7970549523925573e-05,0.002896877471357584,0.04424467007629573,37.03558730543591,56.251937119988725,0.20571880787611008,93.55698825791478,0.34203751740899857,11.88776192,2025-12-20T10:31:18.186377
13220,0.5408739961658584,0.13984885416539328,1.794540603693516e-05,0.0030449116602540016,0.040015023900195956,37.47036931337789,56.2480048739817,0.1746547610964626,93.95229650801048,0.34059838012870336,11.887908864,2025-12-20T10:46:55.277154
13230,0.541316609910675,0.2375224008319492,1.7920270881468885e-05,0.0029127616435289383,0.04334374447353184,36.69224307872355,55.76850069430657,0.17154208500869572,92.69175686105154,0.34523026732538054,11.887850496,2025-12-20T11:02:31.810352
13240,0.5417592236554916,0.24792581528890878,1.7895144109175365e-05,0.0028526210226118565,0.045631842920556664,38.65446472004987,57.27554671000689,0.18155989004299045,96.17635942809284,0.33272209709627343,11.891706368,2025-12-20T11:18:09.711163
13250,0.5422018374003081,0.2232243011931132,1.7870025771685977e-05,0.0027515911497175694,0.04556761006824672,36.6479019979015,55.7288925757166,0.23725209687836468,92.67885349108838,0.3452783325926339,11.88790784,2025-12-20T11:33:51.339594
13260,0.5426444511451247,0.28884873740025796,1.7844915920614784e-05,0.0029678044375032187,0.04284603055566549,37.021710528759286,57.22173739899881,0.21458829008042812,94.52043419005349,0.3385511320827957,11.887908864,2025-12-20T11:49:26.076440
13270,0.5430870648899413,0.19312466903284076,1.7819814607558403e-05,0.003350607119500637,0.04002927429974079,37.445598976453766,56.825776550220326,0.25534717505797744,94.58695666096173,0.3383130309890513,11.897315328,2025-12-20T12:05:02.336974
13280,0.5435296786347579,0.24550807515333872,1.7794721884095906e-05,0.002950966125354171,0.04320510197430849,37.34532078867778,56.17138873715885,0.2037075248081237,93.78112581185997,0.3412200453233751,11.892875776,2025-12-20T12:20:41.594070
13290,0.5439722923795745,0.27147181854525115,1.7769637801788704e-05,0.0025784566532820463,0.04313333588652313,37.1754688420333,57.164899168303236,0.18308226112276316,94.58478210191242,0.33832080900203276,11.88767232,2025-12-20T12:36:22.049680
13300,0.544414906124391,0.41680719247506204,1.7744562412180478e-05,0.0029303203336894512,0.0444921615999192,37.374145617941394,57.09391310461797,0.2224636150058359,94.75288037396967,0.3377206040988172,11.887850496,2025-12-20T12:52:02.721167
13310,0.5448575198692076,0.39663831769576063,1.7719495766797028e-05,0.0026135146617889404,0.03994225966744125,36.51673332811333,55.718481365125626,0.2133329100906849,92.50412567704916,0.34593051678277087,11.88715008,2025-12-20T13:07:37.659005
13320,0.5453001336140242,0.3107227188302204,1.7694437917146187e-05,0.0026506970170885324,0.040818530367687345,37.27763609983958,55.98426406132057,0.21699105203151703,93.54191971104592,0.3420926157903222,11.887850496,2025-12-20T13:23:14.848018
13330,0.5457427473588408,0.34127748472383246,1.7669388914717715e-05,0.0029875491745769978,0.039685626747086644,36.50325707672164,55.76562676182948,0.22565544885583222,92.54937069001608,0.34576140022799806,11.892058624,2025-12-20T13:38:53.412509
13340,0.5461853611036573,0.4014028809942829,1.7644348810983202e-05,0.0027737871278077364,0.042290642857551575,36.23642491758801,55.20623584743589,0.23406686098314822,91.73871805611998,0.3488167338508525,11.886555648,2025-12-20T13:54:31.554422
13350,0.5466279748484739,0.28250347943685483,1.761931765739594e-05,0.0029703492764383554,0.045207738410681486,36.93728209170513,56.17127587203868,0.18541098991408944,93.35972703597508,0.3427602138089925,11.889955328,2025-12-20T14:10:09.630617
13360,0.5470705885932905,0.25294129489338957,1.7594295505390836e-05,0.0029808904509991407,0.04022637475281954,37.54672168730758,56.11220682039857,0.20088256197050214,93.91598295699805,0.3407300758876373,11.887847936,2025-12-20T14:25:45.194244
13370,0.5475132023381071,0.2941989811370149,1.7569282406384303e-05,0.002741277450695634,0.03883555973879993,36.727472353260964,56.022775013465434,0.35902290092781186,93.1672518090345,0.3434683258189326,11.887908864,2025-12-20T14:41:26.853181
13380,0.5479558160829237,0.29951522647752427,1.7544278411774145e-05,0.002587112132459879,0.04251046315766871,37.068204121897,56.604055314091966,0.27372348797507584,94.00677393306978,0.3404010015574315,11.889711104,2025-12-20T14:57:05.204422
13390,0.5483984298277402,0.32849680124786573,1.7519283572939462e-05,0.002955002011731267,0.044040843145921826,37.56966586620547,56.81624773470685,0.19353048014454544,94.64355087280273,0.3381107292033745,11.893935104,2025-12-20T15:12:43.170114
13400,0.5488410435725568,0.16484070087608416,1.7494297941240536e-05,0.002796487882733345,0.04645866574719548,36.81754752853885,55.205733648967,0.19150307215750217,92.27942646597512,0.3467728531212632,11.887967232,2025-12-20T15:28:19.772217
13410,0.5492836573173734,0.1831253940163151,1.7469321568018742e-05,0.0029259177390486,0.051700170850381255,37.22595651354641,57.16609126981348,0.2965935270767659,94.75833064108156,0.33770117923675946,11.887792128,2025-12-20T15:43:57.321569
13420,0.54972627106219,0.3457341234170599,1.7444354504596408e-05,0.0038514412008225918,0.04745931504294276,37.029446311760694,56.107083099661395,0.2928124649915844,93.4962666281499,0.3422596554284813,11.8880256,2025-12-20T15:59:32.174863
13430,0.5501688848070065,0.25202457890554797,1.7419396802276757e-05,0.0033665967639535666,0.042733679758384824,36.86037183669396,55.517225987045094,0.17303635692223907,92.61599698103964,0.34551266566348193,11.88991488,2025-12-20T16:15:07.117145
13440,0.5506114985518231,0.2313378381891198,1.739444851234376e-05,0.002682287245988846,0.04427701258100569,36.84103594557382,55.68049907591194,0.24401677888818085,92.82520986488089,0.34473393646596806,11.887827968,2025-12-20T16:30:38.306043
13450,0.5510541122966397,0.33402481195662403,1.7369509686062055e-05,0.003084453521296382,0.0443464582785964,37.26527136634104,56.99160119192675,0.2705316611099988,94.59178209211677,0.3382957725528132,11.887012352,2025-12-20T16:46:18.855110
13460,0.5514967260414563,0.36063719299272634,1.7344580374676834e-05,0.003031977452337742,0.049486711621284485,37.07491711108014,55.90824237908237,0.21600136207416654,93.27116654487327,0.34308566286243053,11.887908864,2025-12-20T17:01:57.040307
13470,0.5519393397862729,0.25121871775047566,1.7319660629413724e-05,0.003421357600018382,0.04265125747770071,37.27715552924201,56.316467351745814,0.2394099780358374,93.89254550589249,0.34081512890703075,11.887908864,2025-12-20T17:17:39.227965
13480,0.5523819535310894,0.32395306316175265,1.7294750501478706e-05,0.0035196684766560793,0.03744421526789665,37.561750281834975,57.1170853395015,0.2552452399395406,94.9914342481643,0.3368724796427463,11.887967232,2025-12-20T17:33:14.373362
13490,0.552824567275906,0.37959394659264944,1.7269850042058003e-05,0.0031121918000280857,0.05115028703585267,36.651665788376704,55.45480809966102,0.23119791806675494,92.41114901402034,0.3462785642362812,11.887732736,2025-12-20T17:48:49.316118
13500,0.5532671810207226,0.2544390412804205,1.7244959302317988e-05,0.002599557861685753,0.051836146507412195,36.75173610984348,56.44166240119375,0.2193502769805491,93.48364542680793,0.3423058638107355,11.887850496,2025-12-20T18:04:28.948244
13510,0.5537097947655392,0.366772635759844,1.7220078333405014e-05,0.002697728341445327,0.05268798815086484,36.931640449212864,55.79949977551587,0.1624413700774312,92.96460665017366,0.34421702143500893,11.887792128,2025-12-20T18:38:19.558874
13520,0.5541524085103557,0.3185071539481896,1.7195207186445376e-05,0.0035079645458608866,0.046341325622051954,36.52857443410903,55.04375135991722,0.2733753430657089,91.90954282600433,0.3481684166417822,11.887908864,2025-12-20T18:53:48.418868
13530,0.5545950222551723,0.24984961566224229,1.7170345912545196e-05,0.0030485044699162245,0.055268796160817146,37.037138941697776,55.966794171137735,0.19691874994896352,93.27594910585321,0.3430680717457524,11.887908864,2025-12-20T19:09:17.017833
13540,0.5550376359999889,0.26976382607426785,1.7145494562790324e-05,0.0029033042956143618,0.047539748484268785,36.797304559266195,55.589599607745185,0.18673942587338388,92.63863925309852,0.3454282171888625,11.896848384,2025-12-20T19:24:47.135570
13550,0.5554802497448055,0.3105308972299099,1.7120653188246186e-05,0.003285052487626672,0.041266846703365445,37.48286436148919,56.6316545358859,0.18613593094050884,94.3586143690627,0.33913172860761953,11.887967232,2025-12-20T19:40:18.686528
13560,0.555922863489622,0.20578457118244842,1.7095821839957722e-05,0.003114508930593729,0.05227504181675613,36.66961177671328,55.851248214254156,0.29780996800400317,92.88985343603417,0.34449403047057064,11.887850496,2025-12-20T19:55:51.593124
13570,0.5563654772344386,0.3053766040447954,1.7071000568949293e-05,0.0028997629415243864,0.04228280228562653,36.8504362355452,55.72670991439372,0.18047353718429804,92.81605986598879,0.34476792104946885,11.88627456,2025-12-20T20:11:28.717712
13580,0.5568080909792552,0.32639281707815826,1.7046189426224502e-05,0.002721499651670456,0.04642556793987751,37.24482011701912,56.6278068611864,0.2369638008531183,94.1768444571644,0.3397862838200631,11.891764736,2025-12-20T20:27:05.601051
13590,0.5572507047240718,0.275937613008864,1.7021388462766178e-05,0.002656969241797924,0.05459262547083199,37.42965604015626,56.42580240010284,0.21594027220271528,94.14140129089355,0.33991420948920387,11.887641088,2025-12-20T20:42:41.457236
13600,0.5576933184688884,0.27383952906529885,1.699659772953622e-05,0.0027441687416285276,0.04665026068687439,37.05662343488075,56.73890642914921,0.17126643285155296,94.03115030704066,0.34031275694820434,11.88813824,2025-12-20T20:58:22.198157
13610,0.5581359322137049,0.24100605407420517,1.6971817277475517e-05,0.0027267802506685257,0.05225962935946882,36.58051162911579,55.5434007961303,0.17889063898473978,92.37366462103091,0.34641908092833734,11.887850496,2025-12-20T21:13:58.296778
13620,0.5585785459585215,0.2070138127419341,1.6947047157503826e-05,0.0027830456383526325,0.039699561428278685,36.85410059080459,56.12559615983628,0.25424417201429605,93.29023443511687,0.34301553848335453,11.889739776,2025-12-20T21:29:38.996298
13630,0.5590211597033381,0.3214656144627952,1.6922287420519668e-05,0.0030470658093690872,0.040094466181471944,36.580953303026035,55.61583644291386,0.15001237392425537,92.40444699302316,0.34630367954494773,11.887547392,2025-12-20T21:45:18.211224
13640,0.5594637734481547,0.27333158417604864,1.689753811740024e-05,0.0028387350030243397,0.05648870160803199,37.42370621068403,56.26431372971274,0.19124896405264735,93.95370100717992,0.3405932885768339,11.890714112,2025-12-20T22:01:01.220315
13650,0.5599063871929713,0.24189073940942762,1.6872799299001285e-05,0.003320110961794853,0.054463202599436045,36.887072323821485,56.66712190769613,0.20109342806972563,93.82852092501707,0.3410476866151685,11.888669696,2025-12-20T22:16:43.409350
13660,0.5603490009377878,0.27522113057784736,1.6848071016157004e-05,0.003129195887595415,0.056709851836785674,36.9064556020312,55.86334594967775,0.17627813597209752,93.02392932213843,0.3439975093847647,11.887906816,2025-12-20T22:32:22.299618
13670,0.5607916146826044,0.19052657851943877,1.6823353319679962e-05,0.0034598526544868946,0.051018141908571124,37.06696403189562,55.934633017517626,0.16301339794881642,93.2342416420579,0.3432215400308981,11.887966208,2025-12-20T22:48:00.336157
13680,0.561234228427421,0.10053941258593113,1.6798646260360965e-05,0.003163831541314721,0.045466243755072355,36.883271037368104,55.99950293311849,0.219469377072528,93.1669688669499,0.34346936891011914,11.887850496,2025-12-20T23:03:35.463578
13690,0.5616768421722376,0.22767376306001097,1.6773949888968948e-05,0.002904073102399707,0.04821904143318534,38.02563946135342,56.99965388816781,0.1982707199640572,95.292641117936,0.33580767228810654,11.888436224,2025-12-20T23:19:16.201230
13700,0.5621194559170541,0.24171891110017896,1.67492642562509e-05,0.0027608859818428755,0.04491482977755368,37.53004992171191,56.443466959288344,0.203238656045869,94.23934528487734,0.3395609328913182,11.88773376,2025-12-20T23:34:51.148485
13710,0.5625620696618707,0.22732065735544893,1.672458941293175e-05,0.002407500986009836,0.043809107039123774,37.53959761024453,56.505178689491004,0.2012012389022857,94.30604708311148,0.33932076457195315,11.890102272,2025-12-20T23:50:32.308870
13720,0.5630046834066873,0.34516272717155516,1.6699925409714225e-05,0.0026297082658857107,0.05074303597211838,37.04277991061099,55.87842376739718,0.1789656321052462,93.16705288691446,0.34346905916237774,11.888823296,2025-12-21T00:06:08.644935
13730,0.5634472971515039,0.22885736980242655,1.6675272297278803e-05,0.0028222156688570976,0.04554444411769509,37.37377389683388,56.76845898712054,0.16507682600058615,94.37437572097406,0.33907509062217,11.887967232,2025-12-21T00:21:50.656320
13740,0.5638899108963205,0.20974066804046743,1.665063012628358e-05,0.0032672518864274025,0.04370310832746327,36.86747155454941,55.860515092965215,0.16234518797136843,92.95891236001626,0.34423810678925204,11.88893696,2025-12-21T00:37:27.181358
13750,0.564332524641137,0.3033463998754087,1.6625998947364177e-05,0.0028071505948901176,0.05291876452974975,37.269642867846414,56.58037548628636,0.1726141890976578,94.09768750402145,0.34007211918605773,11.890247168,2025-12-21T00:52:58.565229
13760,0.5647751383859536,0.263063513055954,1.660137881113361e-05,0.003140686545521021,0.05103407334536314,37.074393338058144,56.143819933524355,0.19290526793338358,93.47845540707931,0.34232486898341047,11.888022528,2025-12-21T01:08:36.221304
13770,0.5652177521307702,0.22937074388755718,1.6576769768182212e-05,0.002897044410929084,0.04877531202509999,37.6821216433309,58.18228448694572,0.18859451194293797,96.11926577007398,0.332919729917069,11.889098752,2025-12-21T01:24:24.394059
13780,0.5656603658755868,0.3351230042462703,1.6552171869077523e-05,0.0029689527582377195,0.04503215407021344,37.919433943228796,57.17507695406675,0.21009332803077996,95.37320562801324,0.3355240058178446,11.886156288,2025-12-21T01:40:03.707617
13790,0.5661029796204033,0.28064785943388415,1.652758516436418e-05,0.0028747478500008583,0.05544292996637523,36.80181871447712,55.98052377603017,0.20909453299827874,93.06524915108457,0.34384477871058355,11.887850496,2025-12-21T01:55:37.281383
13800,0.5665455933652199,0.2429057921981439,1.650300970456382e-05,0.003080923343077302,0.03728515701368451,37.16146644693799,56.6545687536709,0.1572303818538785,94.02813336695544,0.3403236760546588,11.887792128,2025-12-21T02:11:14.531156
13810,0.5669882071100365,0.40407613094430417,1.6478445540174958e-05,0.0024122055619955063,0.04848785325884819,37.53123375074938,56.47504623490386,0.2177690090611577,94.28780424199067,0.3393864164857594,11.895972864,2025-12-21T02:26:50.648465
13820,0.5674308208548531,0.27634532551746815,1.6453892721672945e-05,0.003045502817258239,0.04501442052423954,37.452307858504355,56.78143500490114,0.2147828871384263,94.5100359248463,0.33858838044931194,11.890539008,2025-12-21T02:42:31.578281
13830,0.5678734345996697,0.17731231751258747,1.6429351299509774e-05,0.0031366448383778334,0.04174925712868571,38.04587707063183,57.71216968353838,0.18699511606246233,96.00910723791458,0.3333017139790985,11.888728064,2025-12-21T02:58:21.507663
13840,0.5683160483444862,0.34129893500357866,1.6404821324114033e-05,0.00255762436427176,0.04188451007939875,38.22504075267352,58.169587708311155,0.1916705418843776,96.64560581208207,0.33110662125933454,11.898367488,2025-12-21T03:14:06.695020
13850,0.5687586620893028,0.31581208509305725,1.6380302845890783e-05,0.003033846616744995,0.04284641961567104,37.39191582403146,56.937665910925716,0.2336474189069122,94.62351479684003,0.3381823225305582,11.889019904,2025-12-21T03:29:47.797192
13860,0.5692012758341194,0.27985854749567807,1.635579591522147e-05,0.0031391028314828873,0.046018337830901146,37.656174891395494,57.32308033457957,0.20336622814647853,95.2476342858281,0.3359663496100216,11.88773376,2025-12-21T03:45:25.796629
13870,0.569643889578936,0.30229949868953554,1.6331300582463816e-05,0.0033667522948235273,0.048743687104433775,37.01787874265574,56.18411030550487,0.17123348591849208,93.44212238793261,0.34245797486436985,11.887789056,2025-12-21T04:01:04.078824
13880,0.5700865033237525,0.14298493883097763,1.6306816897951698e-05,0.0032269221264868975,0.05861350195482373,36.68000348517671,56.45485856756568,0.19714839197695255,93.4140148810111,0.3425610176455959,11.88848128,2025-12-21T04:16:44.673589
13890,0.5705291170685691,0.23948661495268198,1.628234491199506e-05,0.0024467138573527336,0.039416732266545296,36.613898418610916,55.31026556179859,0.22571475408039987,92.20498796086758,0.34705280817975936,11.89224192,2025-12-21T04:32:21.568126
13900,0.5709717308133857,0.29863683246094297,1.625788467487981e-05,0.0034325849264860153,0.05535907298326492,37.19370772014372,57.271632528398186,0.19299450400285423,94.73266931902617,0.33779265621910537,11.885745152,2025-12-21T04:48:04.587728
13910,0.5714143445582023,0.23151897978414127,1.6233436236867723e-05,0.0032127758022397757,0.049059102311730385,37.110042677260935,56.939235175959766,0.22549850889481604,94.34161693206988,0.33919282963998176,11.887906816,2025-12-21T05:03:49.427169
13920,0.5718569583030189,0.2874900249998973,1.6208999648196324e-05,0.0038530416786670685,0.04920176975429058,37.15848422050476,57.05559641867876,0.20544971292838454,94.48741032904945,0.3386694575347234,11.88825088,2025-12-21T05:19:34.765122
13930,0.5722995720478354,0.5330068592447788,1.618457495907877e-05,0.003638221649453044,0.05172976874746382,37.403033854672685,56.75280902441591,0.2565893209539354,94.48334860103205,0.33868401653633246,11.898367488,2025-12-21T05:35:22.706867
13940,0.572742185792652,0.17718958356090297,1.616016221970379e-05,0.003114459104835987,0.05359184788540006,37.43762841844,57.35083551867865,0.1975144159514457,95.0615899679251,0.33662386680884654,11.887908864,2025-12-21T05:51:13.525304
13950,0.5731847995374686,0.30331824559834786,1.613576148023556e-05,0.00351702724583447,0.0495029385201633,37.01247128401883,56.98489901050925,0.19901464600116014,94.26299197995104,0.3394757510647035,11.892934144,2025-12-21T06:07:06.316237
13960,0.5736274132822852,0.20241765563832814,1.6111372790813575e-05,0.0032750072423368692,0.04754567891359329,37.25827486696653,57.26717123645358,0.2983493818901479,94.89000632893294,0.3372325626059408,11.887967232,2025-12-21T06:22:53.723677
13970,0.5740700270271017,0.31367121334187686,1.608699620155258e-05,0.0024693317245692015,0.051092549692839384,38.04718816932291,57.13626104523428,0.22181922709569335,95.47547559114173,0.3351646043328951,11.887208448,2025-12-21T06:38:48.559420
13980,0.5745126407719183,0.2024126738542691,1.606263176254247e-05,0.0027495070826262236,0.04973010765388608,37.64184616692364,57.82634463487193,0.17972296895459294,95.71593786100857,0.3343225873884031,11.898250752,2025-12-21T06:54:41.658817
13990,0.5749552545167349,0.252871540697015,1.603827952384816e-05,0.00327108521014452,0.039995229337364435,37.778792230412364,56.63409509300254,0.15674276393838227,94.63005265500396,0.33815895798624884,11.88773376,2025-12-21T07:10:35.163562
14000,0.5753978682615515,0.2606855310223182,1.6013939535509502e-05,0.0030449891928583384,0.04525863076560199,37.565829678438604,57.27516364096664,0.19759696605615318,95.10049279010855,0.33648616385853614,11.887850496,2025-12-21T07:26:20.431165
14010,0.5758404820063681,0.3827574765805366,1.598961184754116e-05,0.003503568237647414,0.038981961784884334,36.94733775802888,56.23720702296123,0.17095242184586823,93.41580545785837,0.3425544514994928,11.887510528,2025-12-21T08:00:10.786070
14020,0.5762830957511846,0.3260533179854974,1.5965296509932554e-05,0.003204083302989602,0.05308343190699816,36.89039265667088,56.02554210904054,0.3078911209013313,93.29672610200942,0.34299167116552,11.887967232,2025-12-21T08:15:50.978623
14030,0.5767257094960012,0.21498334121133666,1.5940993572647693e-05,0.0026938344817608595,0.03842140198685229,36.804930966114625,55.61265440378338,0.15343168610706925,92.62731401296332,0.3454704515724331,11.887967232,2025-12-21T08:31:28.130803
14040,0.5771683232408178,0.19711814719630638,1.5916703085625108e-05,0.00324988248758018,0.042385189328342676,36.52232573740184,55.601646106923,0.20353723014704883,92.3891254349146,0.34636110959339095,11.890830848,2025-12-21T08:47:03.180619
14050,0.5776109369856344,0.2538102403632365,1.5892425098777762e-05,0.002701256424188614,0.04996436554938555,36.92523736599833,56.00385206006467,0.19432281400077045,93.1899804091081,0.34338455550176744,11.88773376,2025-12-21T09:02:41.219490
14060,0.578053550730451,0.20533009490645782,1.5868159661992934e-05,0.0029275044798851013,0.041594046633690596,37.29811324249022,56.240229630609974,0.19967357092536986,93.79632303817198,0.3411647595927302,11.88785664,2025-12-21T09:18:19.238621
14070,0.5784961644752675,0.20186384447151795,1.584390682513212e-05,0.0024721252266317606,0.04600431863218546,37.74913609563373,57.62933420902118,0.18773385579697788,95.63163720513694,0.3346172975304985,11.89947904,2025-12-21T09:34:01.956683
14080,0.5789387782200841,0.20810357225127518,1.5819666638030902e-05,0.003060670802369714,0.04804628319106996,37.42304339213297,56.877437667455524,0.21116915391758084,94.5828004439827,0.33832789735330593,11.887847936,2025-12-21T09:49:53.042643
14090,0.5793813919649007,0.2694961448664799,1.579543915049887e-05,0.0029611962381750345,0.04416588181629777,36.692797678522766,55.83691456867382,0.18601543898694217,92.78186071710661,0.3448950015948539,11.887792128,2025-12-21T10:05:31.772185
14100,0.5798240057097173,0.15064641284880054,1.5771224412319543e-05,0.0027614962309598923,0.043908013962209225,36.747398862149566,55.98547584656626,0.22053769091144204,93.01532351202331,0.34402933615409753,11.887675392,2025-12-21T10:21:06.201598
14110,0.5802666194545338,0.15592267440206342,1.5747022473250207e-05,0.002665645908564329,0.04821055266074836,37.408987587084994,56.50718146795407,0.1889670139644295,94.17018310702406,0.3398103194047326,11.900420096,2025-12-21T10:36:42.055306
14120,0.5807092331993504,0.21093507069144835,1.5722833383021897e-05,0.002612388227134943,0.05318061262369156,37.15029236627743,55.79313622508198,0.22299519809894264,93.23536207387224,0.3432174154549404,11.890817536,2025-12-21T10:52:20.106317
14130,0.581151846944167,0.3597471105167642,1.5698657191339195e-05,0.0033375013154000044,0.049202044028788805,37.72095324215479,56.6431734256912,0.22474506497383118,94.65471216710284,0.3380708605769927,11.887850496,2025-12-21T11:07:53.560114
14140,0.5815944606889836,0.2664414923165168,1.567449394788021e-05,0.0033318528439849615,0.05184904136694968,37.02891439339146,57.1482958488632,0.18801672384142876,94.43488250789233,0.33885783674613695,11.88768256,2025-12-21T11:23:30.256224
14150,0.5820370744338002,0.16807534801773727,1.5650343702296432e-05,0.0024446644820272923,0.04787647840566933,37.108797047287226,56.41701015480794,0.20916525297798216,93.8000248291064,0.3411512956238612,11.892693504,2025-12-21T11:39:07.433297
14160,0.5824796881786167,0.31961920810863376,1.562620650421266e-05,0.0030506362672895193,0.05200277385301888,37.36337229399942,57.42894288431853,0.26467930991202593,95.12930572591722,0.33638424832193276,11.887675392,2025-12-21T11:54:49.414238
14170,0.5829223019234333,0.15616614315513289,1.5602082403226858e-05,0.0027366706635802984,0.040276996325701475,37.08139206352644,56.2729288903065,0.2145126259420067,93.62652943981811,0.34178346876105425,11.887850496,2025-12-21T12:10:26.006745
14180,0.5833649156682499,0.29526086028181453,1.557797144891008e-05,0.0027983644977211952,0.048922764137387276,36.70194653701037,55.7939874806907,0.26567289396189153,92.82910101790912,0.3447194861213444,11.887908864,2025-12-21T12:26:03.083484
14190,0.5838075294130665,0.21282340730249416,1.5553873690806393e-05,0.003006578655913472,0.03386531141586602,37.186044957721606,56.99334646528587,0.1643150090239942,94.39464167808183,0.33900229325654946,11.887792128,2025-12-21T12:41:40.467091
14200,0.584250143157883,0.36227596940005924,1.5529789178432713e-05,0.003570874687284231,0.04205294046550989,37.254874758422375,55.622500881087035,0.24406571802683175,93.18245104094967,0.34341230180710075,11.890830848,2025-12-21T12:57:21.094481
14210,0.5846927569026996,0.1349707922199741,1.550571796127877e-05,0.0029157185927033424,0.052179779624566436,36.866812381194904,55.99036726797931,0.17007838399149477,93.10086916596629,0.343713225093046,11.889603584,2025-12-21T13:13:03.317347
14220,0.5851353706475162,0.30456239342038316,1.548166008880694e-05,0.002740092808380723,0.044855783227831125,36.88437047274783,56.602738603018224,0.18169040814973414,93.72995702503249,0.3414063231828192,11.890812928,2025-12-21T13:28:39.708283
14230,0.5855779843923328,0.20201870046003023,1.5457615610452207e-05,0.0029763048514723778,0.04792122240178287,36.805904457811266,55.92599504068494,0.21719090198166668,93.01984304282814,0.3440126208906478,11.891122688,2025-12-21T13:44:11.966676
14240,0.5860205981371494,0.34328463091515005,1.5433584575622012e-05,0.003616080852225423,0.05185001436620951,37.21156481374055,56.4800265240483,0.21814910019747913,93.98637463198975,0.3404748839956669,11.889486848,2025-12-21T13:59:53.488404
14250,0.5864632118819659,0.2944335650172434,1.5409567033696182e-05,0.0033827810548245907,0.04813015414401889,37.10603654780425,55.91427467693575,0.23055338393896818,93.31930773495696,0.34290867320710905,11.890655744,2025-12-21T14:15:27.230680
14260,0.5869058256267825,0.4329625479331298,1.5385563034026834e-05,0.003478573402389884,0.04618194396607578,37.33228032803163,57.01450801407918,0.2372993309982121,94.65246584406123,0.3380788837843866,11.89048064,2025-12-21T14:31:04.500152
14270,0.5873484393715991,0.2526844496605918,1.5361572625938238e-05,0.0029687320347875357,0.049825801979750395,36.80159132834524,56.32986088376492,0.32990093110129237,93.53196512511931,0.3421290246301684,11.888021504,2025-12-21T14:46:39.693318
14280,0.5877910531164157,0.5519673638045788,1.5337595858726718e-05,0.003170332405716181,0.04692488186992705,36.831250672228634,55.93167368811555,0.18711662711575627,93.01429222198203,0.3440331505574522,11.886508032,2025-12-21T15:02:12.408117
14290,0.5882336668612322,0.22006846086651422,1.531363278166062e-05,0.00283881020732224,0.04055408062413335,36.743242589058354,55.80847265664488,0.20547462720423937,92.81403270806186,0.3447754511502922,11.892992512,2025-12-21T15:17:51.072260
14300,0.5886762806060488,0.38985931273782626,1.528968344398011e-05,0.003394571365788579,0.050272285006940365,37.63592744409107,56.50120075722225,0.19799841893836856,94.4028978399001,0.338972645249402,11.888586752,2025-12-21T15:33:26.380649
14310,0.5891188943508654,0.41264437399513554,1.526574789489714e-05,0.0026779307518154383,0.049829355208203197,37.67892203689553,56.29125271574594,0.1784692481160164,94.21286181197502,0.33965638432535766,11.885988352,2025-12-21T15:49:14.935992
14320,0.589561508095682,0.23606054586707614,1.5241826183595336e-05,0.0027691565919667482,0.044639377389103174,36.83240332896821,56.73380351788364,0.2363805549684912,93.86479849996977,0.3409158759341534,11.886683136,2025-12-21T16:05:03.292000
14330,0.5900041218404986,0.259982448304072,1.5217918359229881e-05,0.0025265058502554893,0.039253257447853684,38.5338785040658,57.78547483170405,0.16680329386144876,96.54342782497406,0.3314570522398851,11.889837056,2025-12-21T16:20:52.868413
14340,0.5904467355853151,0.36877671284310054,1.5194024470927428e-05,0.0028590115252882242,0.04443404101766646,36.94374153367244,55.93512963550165,0.22517530201002955,93.17079007602297,0.34345528221762966,11.887848448,2025-12-21T16:36:38.284552
14350,0.5908893493301317,0.33650616284285206,1.5170144567785979e-05,0.003343759337440133,0.04766773572191596,37.691118197282776,57.69314478198066,0.28389114583842456,95.73593415995128,0.33425275765874746,11.888021504,2025-12-21T16:52:31.715343
14360,0.5913319630749483,0.21067313943058252,1.5146278698874817e-05,0.00290911877527833,0.045825768960639834,37.83433520095423,57.669043040368706,0.18768925592303276,95.75441035302356,0.33418826226409487,11.891297792,2025-12-21T17:08:20.466409
14370,0.5917745768197649,0.2263235288874057,1.5122426913234385e-05,0.002475789515301585,0.04460919555276632,36.97902197763324,56.63711015204899,0.15775773278437555,93.83376736217178,0.34102861794399725,11.887908864,2025-12-21T17:24:06.809366
14380,0.5922171905645814,0.32567598146852106,1.5098589259876176e-05,0.002984187798574567,0.04574644775129855,37.7141337916255,57.04187472281046,0.2547125171404332,95.07701668282971,0.33656924792612886,11.889395712,2025-12-21T17:39:57.831879
14390,0.592659804309398,0.22943718830356374,1.5074765787782648e-05,0.0026299781166017056,0.04482002812437713,37.06529401894659,56.89230433036573,0.22257741913199425,94.24170781904832,0.3395524204786545,11.892525568,2025-12-21T17:55:43.049923
14400,0.5931024180542146,0.3247965317204944,1.5050956545907122e-05,0.002784492215141654,0.05169224669225514,37.463459780905396,57.91025555296801,0.2570645830128342,95.70072115282528,0.3343757457051858,11.893898752,2025-12-21T18:11:30.024486
14410,0.5935450317990312,0.294392313764547,1.5027161583173672e-05,0.0027059621643275023,0.048127455404028296,37.07742463471368,56.68521200190298,0.21330522908829153,94.04360042884946,0.34026770406573525,11.887850496,2025-12-21T18:27:14.014234
14420,0.5939876455438478,0.1325103297131136,1.5003380948477041e-05,0.0031444793567061424,0.04498503473587334,37.197235975414515,56.31109625380486,0.2384027501102537,93.81137809716165,0.34111000871191965,11.89199104,2025-12-21T18:43:00.506263
14430,0.5944302592886643,0.2910239637712948,1.4979614690682522e-05,0.003303625388070941,0.0486499376129359,36.99108359357342,56.43832831364125,0.206212657969445,93.70828338293359,0.34148528651660187,11.892198912,2025-12-21T18:58:38.844617
14440,0.5948728730334809,0.2860610561547219,1.4955862858625872e-05,0.0027245718520134687,0.04462578473612666,37.48236223729327,57.22588352370076,0.23882208694703877,95.00920866592787,0.33680945720239236,11.887617024,2025-12-21T19:14:19.640405
14450,0.5953154867782975,0.3110233528423123,1.49321255011132e-05,0.0026218427810817957,0.04776754230260849,37.080955100711435,56.67572749988176,0.2054100609384477,94.02958186506294,0.3403184334683267,11.88773376,2025-12-21T19:29:57.186263
14460,0.5957581005231141,0.2509159486326098,1.4908402666920873e-05,0.0026630160864442587,0.05520090111531317,37.189627868821844,56.31878595845774,0.1833327270578593,93.76198708289303,0.34128969527607667,11.889019904,2025-12-21T19:45:38.705459
14470,0.5962007142679306,0.2557334723023814,1.4884694404795416e-05,0.0027311730664223433,0.050907371332868934,37.06071957014501,57.150786904618144,0.19699520408175886,94.47852853382938,0.33870129537995447,11.887850496,2025-12-21T20:01:16.803318
14480,0.5966433280127472,0.16407018781194438,1.4861000763453408e-05,0.0029959692619740963,0.05201144679449499,36.51854336238466,55.67181161767803,0.2190589071251452,92.48263117694296,0.3460109167825881,11.891005952,2025-12-21T20:17:01.851197
14490,0.5970859417575639,0.36889159643033054,1.4837321791581392e-05,0.002654218813404441,0.05269571393728256,36.87318103690632,56.130962358787656,0.29381053103134036,93.36649930104613,0.3427353519683848,11.891297792,2025-12-21T20:32:38.496225
14500,0.5975285555023805,0.44006269122473896,1.4813657537835753e-05,0.002961417194455862,0.04962940141558647,37.00703878584318,56.215631091967225,0.20973398187197745,93.50438099796884,0.34222995391729427,11.8901888,2025-12-21T20:48:11.405275
14510,0.5979711692471971,0.1515516878280323,1.4790008050842659e-05,0.0029274902772158384,0.0580948949791491,37.2637421595864,55.7755393742118,0.26949550001882017,93.385556578869,0.34266540964473796,11.887908864,2025-12-21T21:22:10.476555
14520,0.5984137829920136,0.389158854552079,1.4766373379197903e-05,0.00287157972343266,0.05914055067114532,37.05792962689884,56.616434131748974,0.2832204271107912,94.03864339506254,0.34028564050595556,11.887908864,2025-12-21T21:37:53.481901
14530,0.5988563967368302,0.3275650640716776,1.4742753571466867e-05,0.0034723016433417797,0.048413933254778385,37.24339413177222,58.12922829762101,0.19691337388940156,95.63475798210129,0.3346063782164746,11.894745088,2025-12-21T21:53:39.847040
14540,0.5992990104816468,0.2537102750266058,1.4719148676184366e-05,0.0026635813992470503,0.05619947426021099,37.41901947534643,57.16181599488482,0.1886911978945136,94.84161320282146,0.3374046362071794,11.8880768,2025-12-21T22:09:25.307061
14550,0.5997416242264634,0.5197628406807553,1.4695558741854575e-05,0.002656775526702404,0.047636883333325386,37.80679326527752,58.305769064463675,0.16863934602588415,96.34689786098897,0.3321331637077737,11.888062464,2025-12-21T22:25:16.338482
14560,0.60018423797128,0.23878646286175353,1.4671983816950933e-05,0.0032428321428596973,0.0553688439540565,37.467927165096626,57.115263940766454,0.20029176911339164,94.86079623294063,0.3373364052460686,11.888086016,2025-12-21T22:40:57.096911
14570,0.6006268517160965,0.24999382533201242,1.464842394991604e-05,0.0033463130239397287,0.05374360946007073,37.81135388999246,57.97682258533314,0.20993730798363686,96.07246271101758,0.33308191647230717,11.890539008,2025-12-21T22:56:44.752305
14580,0.6010694654609131,0.4180245930797355,1.4624879189161546e-05,0.003617706708610058,0.05472609004937112,37.33043898222968,57.028471294324845,0.16791351418942213,94.60503939702176,0.3382483660908172,11.887961088,2025-12-21T23:12:28.641185
14590,0.6015120792057297,0.4892365059813528,1.4601349583068061e-05,0.0036680963821709156,0.05573409842327237,37.18356545642018,56.5811121519655,0.19523805705830455,94.03546041017398,0.34029715875712163,11.885978112,2025-12-21T23:28:12.454553
14600,0.6019546929505463,0.18566854779601272,1.4577835179985069e-05,0.003498703707009554,0.055400561075657606,37.479483199771494,57.00175100704655,0.27824340807273984,94.83336734119803,0.33743397389726965,11.897900544,2025-12-21T23:43:56.746521
14610,0.6023973066953628,0.4003793255833443,1.4554336028230797e-05,0.003067607060074806,0.03995133936405182,37.718363801483065,57.057589394040406,0.19282116694375873,95.02585981274024,0.3367504389127318,11.895972864,2025-12-21T23:59:36.311793
14620,0.6028399204401794,0.27165120477002347,1.4530852176092135e-05,0.003018159419298172,0.0436339364387095,37.58634475339204,57.20303662121296,0.2798188170418143,95.13143715495244,0.3363767116003683,11.886799872,2025-12-22T00:15:22.170273
14630,0.603282534184996,0.18988571327645332,1.4507383671824544e-05,0.003324576187878847,0.042981946375221014,36.7125126500614,56.17057565879077,0.21300380257889628,93.15899631101638,0.34349876305200044,11.888984064,2025-12-22T00:30:56.954286
14640,0.6037251479298126,0.1268022037766059,1.4483930563651948e-05,0.0028048898093402386,0.03958978457376361,37.22378403367475,56.57837376277894,0.19751687115058303,94.05914330296218,0.3402114762722087,11.887732736,2025-12-22T00:46:35.193144
14650,0.6041677616746292,0.19911803113063797,1.4460492899766621e-05,0.0025600618682801723,0.03970647370442748,36.531527599319816,55.16643700748682,0.3008712502196431,92.05827266490087,0.3476059138811179,11.887819776,2025-12-22T01:02:13.724611
14660,0.6046103754194457,0.3245236661750823,1.443707072832911e-05,0.0034154378809034824,0.03567817388102412,37.68671032739803,56.490782587789,0.18333513708785176,94.41345764603466,0.338934732376513,11.889195008,2025-12-22T01:17:51.307917
14670,0.6050529891642623,0.3703320554923266,1.441366409746813e-05,0.002816761378198862,0.033057818189263344,37.12124713463709,56.85429342277348,0.16603127820417285,94.19278940185905,0.33972876483651976,11.891648,2025-12-22T01:33:31.097217
14680,0.6054956029090789,0.31676477339897247,1.4390273055280458e-05,0.0031437291763722897,0.04177662869915366,36.64253872912377,56.152074832003564,0.17917069885879755,93.03938864963129,0.34394035111844873,11.887844352,2025-12-22T01:49:10.779448
14690,0.6059382166538955,0.23457643341862422,1.4366897649830846e-05,0.003507902380079031,0.044757254887372255,37.39566487446427,58.12312996201217,0.3264576168730855,95.91140174493194,0.333641250339571,11.887792128,2025-12-22T02:04:55.608518
14700,0.606380830398712,0.20055812033842813,1.4343537929151906e-05,0.00307792192324996,0.045298412907868624,37.83617570064962,56.86548490682617,0.19947027089074254,94.9699322427623,0.33694875045505507,11.88916736,2025-12-22T02:20:40.744220
14710,0.6068234441435286,0.32523945309799274,1.432019394124402e-05,0.0028452547267079353,0.04877353832125664,37.13536204351112,56.7675708970055,0.1616090489551425,94.13273205282167,0.33994551419206137,11.888596992,2025-12-22T02:36:17.408884
14720,0.6072660578883452,0.1333211885066703,1.4296865734075257e-05,0.0028688721358776093,0.04338165372610092,37.0358946393244,56.319868450053036,0.17177381413057446,93.58693896234035,0.34192805486326344,11.88773376,2025-12-22T02:51:51.772170
14730,0.6077086716331618,0.12744857993675396,1.4273553355581243e-05,0.00292278453707695,0.040131638292223215,37.45461331633851,56.371654202695936,0.17364419577643275,94.06151559576392,0.3402028959167773,11.887848448,2025-12-22T03:07:26.258958
14740,0.6081512853779784,0.22971519641578197,1.4250256853665084e-05,0.003382055088877678,0.040672789327800274,36.94052324723452,56.08637242158875,0.21324967918917537,93.30161881400272,0.3429736847738105,11.886624768,2025-12-22T03:23:01.860971
14750,0.6085938991227949,0.19443663450692839,1.4226976276197258e-05,0.0027935472317039967,0.03845550259575248,36.50585399195552,55.45606165705249,0.2649020948447287,92.28360817115754,0.3467571395848535,11.887850496,2025-12-22T03:38:36.395648
14760,0.6090365128676115,0.3569647666081437,1.4203711671015534e-05,0.0034387479536235332,0.04591687535867095,37.43933300022036,56.52229900052771,0.22892829310148954,94.25576280383393,0.3395017879872102,11.88790784,2025-12-22T03:54:16.178462
14770,0.6094791266124281,0.1974761270394083,1.4180463085924841e-05,0.002396616153419018,0.040626998990774155,36.940843721386045,56.069910153280944,0.2191802840679884,93.28628942882642,0.34303004434981493,11.887850496,2025-12-22T04:09:56.670183
14780,0.6099217403572447,0.3380050140694948,1.4157230568697202e-05,0.003128062468022108,0.04280916461721063,37.18670857558027,55.783387827686965,0.22867223527282476,93.26346867112443,0.3431139808110913,11.892700672,2025-12-22T04:25:33.916183
14790,0.6103643541020612,0.23696497114178783,1.413401416707163e-05,0.0027590864337980747,0.04263875540345907,37.053498436231166,57.14317936776206,0.2000486459583044,94.45542247314006,0.3387841498363921,11.88580608,2025-12-22T04:41:16.958547
14800,0.6108069678468778,0.24429248737942544,1.411081392875401e-05,0.00295388326048851,0.039435792714357376,38.06238993862644,57.494766102638096,0.1904072780162096,95.8042384297587,0.3340144499291815,11.887906304,2025-12-22T04:56:52.245761
14810,0.6112495815916944,0.2667007584514067,1.4087629901417012e-05,0.002992738503962755,0.039709949400275946,36.72795151686296,55.842825702857226,0.32615739619359374,92.95857707690448,0.3442393483876851,11.890247168,2025-12-22T05:12:31.110302
14820,0.611692195336511,0.2015973997185938,1.406446213270001e-05,0.0032263840548694134,0.04265198344364762,36.6895293914713,55.68776287790388,0.20728861074894667,92.64538497803733,0.3454030657607605,11.88790784,2025-12-22T05:28:05.678850
14830,0.6121348090813276,0.22692614509105624,1.4041310670208956e-05,0.0032458314672112465,0.040675495751202106,37.08523711049929,56.98316780710593,0.22364433109760284,94.35226106690243,0.3391545643756193,11.887850496,2025-12-22T05:43:43.012701
14840,0.6125774228261441,0.18485320709260122,1.4018175561516297e-05,0.002807147800922394,0.04106244305148721,37.3458165791817,56.686661737039685,0.1840130058117211,94.27826097700745,0.33942077068863363,11.887857664,2025-12-22T05:59:24.452016
14850,0.6130200365709607,0.2203272546230437,1.399505685416088e-05,0.00376846082508564,0.04274483071640134,37.189977779984474,55.90638720477,0.24263785500079393,93.40858915634453,0.3425809156205041,11.88923392,2025-12-22T06:15:02.112838
14860,0.6134626503157773,0.449930773153028,1.397195459564786e-05,0.0028749704360961914,0.038223035633563995,37.432927689980716,56.74683816218749,0.20273243309929967,94.4397665518336,0.3388403123851083,11.888786432,2025-12-22T06:30:43.283713
14870,0.6139052640605939,0.18100979878653334,1.3948868833448574e-05,0.0030790530145168304,0.04271975718438625,36.83899076236412,55.78845975873992,0.33402137365192175,93.02128016017377,0.34400730612284686,11.888454656,2025-12-22T06:46:20.154256
14880,0.6143478778054104,0.35558984474482713,1.3925799615000462e-05,0.0031048934906721115,0.04377870447933674,37.20026747370139,57.318094035144895,0.24770737532526255,94.82679738570005,0.33745735258613324,11.887702528,2025-12-22T07:01:57.645825
14890,0.614790491550227,0.1937902054633014,1.390274698770698e-05,0.0026084119454026222,0.04217062285169959,37.544522071722895,56.526799235492945,0.22066141897812486,94.35174302663654,0.33915642651101896,11.887908864,2025-12-22T07:17:33.922442
14900,0.6152331052950436,0.2771263997765345,1.387971099893749e-05,0.00289595453068614,0.05224409466609359,36.851233313791454,55.96875556604937,0.15859809191897511,93.04880647780374,0.34390553959048814,11.896790016,2025-12-22T07:33:12.347693
14910,0.6156757190398602,0.38172931326698745,1.3856691696027162e-05,0.0027397871017456055,0.041765952948480844,36.604561913758516,56.0026991982013,0.2011629631742835,92.8660967843607,0.34458215762320077,11.887792128,2025-12-22T07:48:50.119310
14920,0.6161183327846768,0.2614032357923861,1.3833689126276876e-05,0.0032517570070922375,0.044901748187839985,37.20747506339103,56.60150205157697,0.17952705128118396,94.04895232478157,0.34024834098623036,11.8880256,2025-12-22T08:04:25.935036
14930,0.6165609465294933,0.1876763970576576,1.3810703336953131e-05,0.003084814641624689,0.03925541089847684,37.98839283967391,57.09916552901268,0.16970889503136277,95.31817315798253,0.3357177224427336,11.887908864,2025-12-22T08:20:06.937243
14940,0.6170035602743099,0.390312917646952,1.3787734375287947e-05,0.0031518605537712574,0.034971121698617935,36.98286245763302,56.691753790248185,0.19877775199711323,93.9311166270636,0.340675179313051,11.887908864,2025-12-22T08:35:46.499677
14950,0.6174461740191265,0.27099785008181243,1.3764782288478773e-05,0.003121643327176571,0.04040037328377366,36.99248397303745,56.233540011104196,0.22666717506945133,93.51121556712314,0.34220494093598997,11.89633024,2025-12-22T08:51:26.044286
14960,0.6178887877639431,0.42386314703617245,1.374184712368837e-05,0.0028854329138994217,0.041658459696918726,37.00032176217064,56.55020612757653,0.2523158057592809,93.86164341215044,0.34092733556226634,11.889296384,2025-12-22T09:07:03.589121
14970,0.6183314015087596,0.40640632938630006,1.3718928928044732e-05,0.0028873751871287823,0.04280641069635749,37.46020397217944,56.74578460492194,0.2528929258696735,94.51994064124301,0.3385528998738818,11.893740032,2025-12-22T09:22:36.666774
14980,0.6187740152535762,0.19488511531380937,1.3696027748640985e-05,0.0028049475513398647,0.039813945069909096,37.30733822379261,56.282720213755965,0.1608163071796298,93.81452060723677,0.34109858253149294,11.888598016,2025-12-22T09:38:12.958232
14990,0.6192166289983928,0.2829977336805314,1.3673143632535284e-05,0.002860059030354023,0.036763039883226156,37.22279733000323,56.895153243560344,0.27334324084222317,94.44530049385503,0.3388204583253144,11.887675392,2025-12-22T09:53:48.189533
15000,0.6196592427432094,0.258808604470687,1.365027662675073e-05,0.0027764756232500076,0.04589746240526438,37.36466353479773,57.2625415828079,0.1619040439836681,94.85280423704535,0.3373648281397062,11.887916032,2025-12-22T10:09:26.305801
15010,0.620101856488026,0.2335990634510381,1.3627426778275258e-05,0.0031467792578041553,0.036715500988066196,37.46152148861438,56.168910793960094,0.1969897821545601,93.88081834930927,0.34085770195286585,11.88773376,2025-12-22T10:43:24.814411
15020,0.6205444702328425,0.6389274835819378,1.3604594134061541e-05,0.002823322080075741,0.0408638808876276,36.9484026520513,56.54307259991765,0.21013128105551004,93.76065006339923,0.34129456204028225,11.888181248,2025-12-22T10:59:02.717756
15030,0.6209870839776591,0.46143218188080937,1.3581778741026939e-05,0.0034651830792427063,0.038919942919164896,37.19355465564877,56.1538275424391,0.2103726132772863,93.61604753881693,0.34182173720516806,11.887675392,2025-12-22T11:14:39.347620
15040,0.6214296977224757,0.264669464668259,1.355898064605331e-05,0.003790607675909996,0.03809682698920369,37.65757950395346,56.81835298798978,0.20798953901976347,94.74183734692633,0.33775996852184925,11.887848448,2025-12-22T11:30:21.405439
15050,0.6218723114672923,0.35489751351997256,1.3536199895987001e-05,0.0032221772707998753,0.04258728725835681,36.90975390095264,56.93658156786114,0.20039209816604853,94.11216493602842,0.34001980532220893,11.889195008,2025-12-22T11:46:02.428875
15060,0.6223149252121088,0.16898591169137944,1.3513436537638703e-05,0.002809416502714157,0.04160979203879833,36.98133489815518,56.44470033887774,0.21336361300200224,93.70179331302643,0.34150893882146605,11.887908864,2025-12-22T12:01:43.307101
15070,0.6227575389569254,0.16888610825185424,1.3490690617783382e-05,0.0030372291803359985,0.03964728023856878,37.49346249457449,57.19003523699939,0.21545130899176002,94.95639935089275,0.33699677134713457,11.890779648,2025-12-22T12:17:21.444805
15080,0.623200152701742,0.19815494436625158,1.3467962183160161e-05,0.0027754553593695164,0.03948446596041322,36.82916455948725,56.26865719771013,0.2012848942540586,93.35741064185277,0.34276871841231404,11.88773376,2025-12-22T12:33:01.886171
15090,0.6236427664465586,0.30253829557887,1.344525128047223e-05,0.003120716195553541,0.04025572491809726,36.899441277142614,56.10807958105579,0.20993103738874197,93.27271137619391,0.34307998049864125,11.887815168,2025-12-22T12:48:42.299583
15100,0.6240853801913752,0.10061791538646503,1.3422557956386778e-05,0.002982840407639742,0.03847650904208422,37.34696235926822,56.57263473980129,0.17748618219047785,94.15758293308318,0.3398557928440248,11.890291712,2025-12-22T13:04:26.932419
15110,0.6245279939361917,0.21544213349079655,1.3399882257534848e-05,0.002782715018838644,0.037426373921334743,36.966249853838235,56.12643475364894,0.2864002953283489,93.43259055307135,0.34249291184775016,11.887965184,2025-12-22T13:20:06.760811
15120,0.6249706076810083,0.301217436843217,1.3377224230511269e-05,0.003276623785495758,0.040754673071205616,37.07699388684705,56.37771277036518,0.24723133817315102,93.76295104110613,0.3412861865447371,11.886216192,2025-12-22T13:35:44.044212
15130,0.6254132214258249,0.20145907590631396,1.335458392187457e-05,0.0028602038510143757,0.04446348315104842,37.818257733248174,56.7917446247302,0.34334634570404887,95.01659452682361,0.33678327621988446,11.889895424,2025-12-22T13:51:23.307998
15140,0.6258558351706415,0.17209995629673358,1.3331961378146862e-05,0.0029120263643562794,0.04239345854148269,37.280818450730294,56.46205764589831,0.2264090678654611,94.027789787855,0.3403249196030049,11.895564288,2025-12-22T14:06:59.079528
15150,0.626298448915458,0.16364825042546727,1.3309356645813743e-05,0.002622352447360754,0.04134738352149725,37.1369573334232,55.92322802450508,0.26546612195670605,93.38250543409958,0.3426766057651187,11.890916864,2025-12-22T14:22:35.511116
15160,0.6267410626602746,0.29023976796906936,1.3286769771324243e-05,0.0030917259864509106,0.045933684799820185,36.98031810671091,55.994414845947176,0.2616158779710531,93.30196222895756,0.34297242239636794,11.887848448,2025-12-22T14:38:14.148836
15170,0.6271836764050912,0.13147509098780574,1.3264200801090664e-05,0.0026524276472628117,0.04378155339509249,36.96211460093036,56.38253890955821,0.2532268068753183,93.66046525537968,0.3416596310166416,11.888144384,2025-12-22T14:53:52.146957
15180,0.6276262901499078,0.20565686433110386,1.3241649781488526e-05,0.0028315321542322636,0.043960690032690763,37.46341359894723,57.19841946149245,0.18457458913326263,94.91108297882602,0.3371576742743413,11.893517824,2025-12-22T15:09:35.275324
15190,0.6280689038947244,0.3341179093113169,1.3219116758856469e-05,0.0026751961559057236,0.03832406457513571,37.16613124636933,56.344410041347146,0.3120169686153531,93.87645788025111,0.3408735344575871,11.887769088,2025-12-22T15:25:18.593245
15200,0.6285115176395409,0.23753816048520093,1.319660177949616e-05,0.003375914879143238,0.040989771485328674,37.23865100229159,56.576944971922785,0.231787723954767,94.10902483575046,0.340031150634596,11.887967232,2025-12-22T15:40:55.262082
15210,0.6289541313843575,0.28614803799428046,1.3174104889672173e-05,0.0031748278997838497,0.04038957552984357,36.950273854192346,56.2157645621337,0.19413724122568965,93.4217392867431,0.34253269361407535,11.886979584,2025-12-22T15:56:36.995604
15220,0.6293967451291741,0.27478779140210463,1.3151626135611925e-05,0.0029060151427984238,0.05416915146633983,36.54427898582071,55.472563160117716,0.21666528703644872,92.30779006984085,0.34666629951587546,11.887913472,2025-12-22T16:12:13.164752
15230,0.6298393588739907,0.1395220003905706,1.3129165563505552e-05,0.003046873025596142,0.03736248007044196,37.40460336674005,56.36982621299103,0.21122180204838514,94.03886502701789,0.34028483851656677,11.88790272,2025-12-22T16:27:57.998972
15240,0.6302819726188073,0.3782162204333872,1.3106723219505843e-05,0.0026864991523325443,0.04854878969490528,37.08744974154979,56.614688872825354,0.1990182977169752,93.97048004483804,0.34053247343986315,11.89727744,2025-12-22T16:43:32.137775
15250,0.6307245863636238,0.16393897997477325,1.3084299149728129e-05,0.00265105115249753,0.04010821646079421,37.490400003269315,57.38308663247153,0.1773985382169485,95.10538431210443,0.33646885748325855,11.889370112,2025-12-22T16:59:16.005235
15260,0.6311672001084404,0.14525563026109012,1.3061893400250175e-05,0.003404931165277958,0.04055311577394605,37.022820422425866,55.79895370127633,0.20283792819827795,93.08444943279028,0.34377385476298,11.892875776,2025-12-22T17:14:54.968910
15270,0.631609813853257,0.22213676786702763,1.3039506017112125e-05,0.0028189076110720634,0.038417437579482794,37.19596794527024,55.91818269761279,0.18969846703112125,93.35631623817608,0.3427727366444037,11.88822528,2025-12-22T17:30:32.277119
15280,0.6320524275980736,0.32735896293343103,1.3017137046316372e-05,0.0030685453675687313,0.04277135943993926,37.10348406434059,55.76062967861071,0.16887389589101076,93.100587466266,0.3437142650855437,11.887782912,2025-12-22T17:46:10.643581
15290,0.6324950413428901,0.2486560268807807,1.2994786533827471e-05,0.0028501106426119804,0.03945488668978214,36.60249082650989,55.55486284894869,0.1845705616287887,92.40061576012522,0.3463180384324815,11.887850496,2025-12-22T18:01:42.325483
15300,0.6329376550877067,0.37283172437309986,1.2972454525572052e-05,0.002960884477943182,0.041320184245705605,37.14132795063779,56.46011586068198,0.2176165757700801,93.88337472593412,0.34084842064332393,11.890305536,2025-12-22T18:17:18.625955
15310,0.6333802688325233,0.19504012660036096,1.295014106743872e-05,0.002705399412661791,0.03866436472162604,36.86176521703601,56.96250837109983,0.23147533368319273,94.11355048511177,0.3400147995166989,11.887792128,2025-12-22T18:32:56.128617
15320,0.6338228825773399,0.16187732312755543,1.2927846205277963e-05,0.0031553595326840878,0.04460866283625364,37.035971767269075,56.66936968406662,0.2022693371400237,93.97222368977964,0.34052615489485644,11.88972032,2025-12-22T18:48:37.775807
15330,0.6342654963221565,0.14430541964975419,1.2905569984902058e-05,0.0035461578518152237,0.03975390223786235,37.12052693357691,56.691623757593334,0.21275768987834454,94.08585964003578,0.34011487084700276,11.888086016,2025-12-22T19:04:25.166201
15340,0.634708110066973,0.21638889315909182,1.2883312452084972e-05,0.003182073589414358,0.03964371606707573,36.57392429141328,55.81754277553409,0.17782233702018857,92.62549236882478,0.3454772458599133,11.88763904,2025-12-22T19:20:04.487758
15350,0.6351507238117896,0.1839064175965177,1.2861073652562293e-05,0.003594079054892063,0.03845569817349315,37.271329522598535,55.89521316392347,0.20945856114849448,93.43632075563073,0.3424792387073053,11.890539008,2025-12-22T19:35:37.413499
15360,0.6355933375566062,0.4851969840001402,1.2838853632031084e-05,0.0030058850534260273,0.036082861479371786,36.55415778281167,55.61630853358656,0.1900292970240116,92.41385749494657,0.34626841544570136,11.887848448,2025-12-22T19:51:19.079002
15370,0.6360359513014228,0.14883780138916336,1.2816652436149832e-05,0.0026791850104928017,0.042480433359742165,37.0174448909238,57.0370178213343,0.2611015220172703,94.37695565400645,0.33906582150535336,11.897081856,2025-12-22T20:06:59.929399
15380,0.6364785650462393,0.1080198765375826,1.2794470110538361e-05,0.002671067602932453,0.043142194394022226,37.11586485756561,55.9149611373432,0.15229182364419103,93.240780770313,0.34319746934367695,11.888903168,2025-12-22T20:22:38.657974
15390,0.6369211787910559,0.2833519642481406,1.2772306700777694e-05,0.0035304920747876167,0.04225929547101259,36.87186966277659,55.6844953102991,0.24319253955036402,92.86645042477176,0.34458084543591133,11.88603648,2025-12-22T20:38:13.271615
15400,0.6373637925358725,0.22516101854853332,1.2750162252409997e-05,0.002927995752543211,0.04479041788727045,37.57976974872872,57.132943159900606,0.24175882386043668,95.01970210624859,0.3367722618643702,11.897373696,2025-12-22T20:53:53.604395
15410,0.6378064062806891,0.18634236434081686,1.2728036810938467e-05,0.004146182909607887,0.04224594309926033,37.361824185121804,57.06190834753215,0.21969480207189918,94.70572247682139,0.33788876915892585,11.887972352,2025-12-22T21:09:29.810755
15420,0.6382490200255057,0.22076202743846807,1.270593042182726e-05,0.0032009901478886604,0.04061058023944497,36.82571812113747,55.47296253731474,0.2020546831190586,92.56038249423727,0.3457202653845158,11.887792128,2025-12-22T21:25:02.399754
15430,0.6386916337703222,0.18903766155563062,1.2683843130501355e-05,0.0027092662639915943,0.040611146949231625,37.67006712127477,57.81651036115363,0.2581324130296707,95.80578946275637,0.33400904245395013,11.891297792,2025-12-22T21:40:47.955166
15440,0.6391342475151388,0.10928869425697485,1.2661774982346525e-05,0.003841277677565813,0.03526245150715113,37.388645662460476,56.97844367334619,0.20241555478423834,94.62414640421048,0.3381800651950304,11.887850496,2025-12-22T21:56:28.569034
15450,0.6395768612599554,0.3340587217826396,1.2639726022709177e-05,0.0027240687049925327,0.0393504430539906,37.45923668332398,57.250631044618785,0.2001289208419621,94.9688044753857,0.33695275176696426,11.895153664,2025-12-22T22:12:10.274837
15460,0.640019475004772,0.2597390862647444,1.2617696296896297e-05,0.0029531652107834816,0.04014999093487859,37.313501802738756,56.81214136397466,0.20121336122974753,94.38820557110012,0.339025409015698,11.887850496,2025-12-22T22:27:47.969252
15470,0.6404620887495885,0.19563530953018926,1.2595685850175354e-05,0.0028301607817411423,0.041354351211339235,36.846923074219376,56.04613333567977,0.17973291920498013,93.13205606210977,0.343598126714385,11.889098752,2025-12-22T22:43:26.480352
15480,0.6409047024944051,0.23274267425222206,1.2573694727774194e-05,0.003097758162766695,0.038030896335840225,37.20922187902033,56.6025618724525,0.1810754481703043,94.0514733986929,0.3402392205420221,11.888022528,2025-12-22T22:59:06.462119
15490,0.6413473162392217,0.274309968529451,1.2551722974880964e-05,0.003010171465575695,0.043650830164551735,37.05436231009662,56.518264912068844,0.18550085788592696,93.82161580305547,0.3410727871834186,11.889112064,2025-12-22T23:14:43.279309
15500,0.6417899299840383,0.3686721491831122,1.2529770636643993e-05,0.0031183715909719467,0.045744134578853846,36.71285884268582,55.637996026314795,0.22173366928473115,92.63898099819198,0.34542694290456993,11.88804864,2025-12-22T23:30:16.605747
15510,0.6422325437288549,0.2537660601665266,1.2507837758171746e-05,0.0034785927273333073,0.03994664363563061,37.34232666622847,56.29349819524214,0.1847772146575153,93.87606945959851,0.3408749448523924,11.887791104,2025-12-23T00:04:09.078848
15520,0.6426751574736714,0.3139415429686778,1.2485924384532674e-05,0.0031636981293559074,0.04133337177336216,38.405195587314665,57.72899223072454,0.31323961121961474,96.51063207304105,0.33156968628888267,11.887967232,2025-12-23T00:19:53.296977
15530,0.643117771218488,0.16191254076102268,1.2464030560755162e-05,0.0031003886833786964,0.04107661172747612,37.05993353575468,56.331350713036954,0.17123309103772044,93.62730317469686,0.34178064426668353,11.888086016,2025-12-23T00:35:31.392318
15540,0.6435603849633046,0.4263983656833261,1.2442156331827414e-05,0.002760777249932289,0.04635132383555174,37.10566578153521,55.87941749719903,0.2384150242432952,93.2864441210404,0.3430294755203615,11.89135616,2025-12-23T00:51:09.117588
15550,0.6440029987081212,0.2507075646899466,1.2420301742697378e-05,0.002946933265775442,0.03684071730822325,36.870156249031425,55.89594994718209,0.32084004022181034,93.14147726912051,0.3435633719609154,11.887967232,2025-12-23T01:06:43.429142
15560,0.6444456124529377,0.19495616166386753,1.2398466838272636e-05,0.0027539459988474846,0.036750448402017355,36.853241104166955,55.928196153603494,0.1840919847600162,93.01871674507856,0.34401678629578664,11.888031744,2025-12-23T01:22:18.567442
15570,0.6448882261977543,0.19140496078489377,1.2376651663420333e-05,0.003903503529727459,0.04791148891672492,36.81384926708415,56.00319364713505,0.1692090928554535,93.05509811686352,0.3438822874574019,11.88942848,2025-12-23T01:37:57.024375
15580,0.6453308399425709,0.3548037564396509,1.2354856262967058e-05,0.0029373103752732277,0.037802719976752996,38.33679245784879,58.58883340470493,0.24184782803058624,97.22725193900988,0.3291258300715259,11.900004352,2025-12-23T01:53:36.803610
15590,0.6457734536873875,0.20116080349544063,1.2333080681698797e-05,0.0029270038940012455,0.04918175144121051,37.31180961057544,56.06181995384395,0.20484672812744975,93.64810389699414,0.34170472938990404,11.887850496,2025-12-23T02:09:22.427210
15600,0.646216067432204,0.25567958825267567,1.2311324964360769e-05,0.002487451769411564,0.039806796703487635,37.14154318906367,56.98831568704918,0.18197566224262118,94.37234798632562,0.3390823761705785,11.893694464,2025-12-23T02:25:02.506358
15610,0.6466586811770206,0.3630140846700556,1.2289589155657417e-05,0.0030799987725913525,0.037564014084637165,37.125289810821414,56.06804502615705,0.2172235818579793,93.46479143667966,0.3423749147472211,11.88580608,2025-12-23T02:40:38.992787
15620,0.6471012949218372,0.29900052774473806,1.226787330025224e-05,0.0031936937011778355,0.04544788599014282,37.138236690778285,56.10115970065817,0.16482794703915715,93.46822419390082,0.342362340527789,11.887963136,2025-12-23T02:56:13.506566
15630,0.6475439086666538,0.3549314960837364,1.2246177442767757e-05,0.002954476047307253,0.040474594570696354,37.04004271188751,55.9070058260113,0.2271444508805871,93.23557871114463,0.343216617973059,11.887880192,2025-12-23T03:11:50.805276
15640,0.6479865224114704,0.2235083179657522,1.222450162778539e-05,0.004092236515134573,0.04269658122211695,37.622479802463204,57.19987338362262,0.23837266629561782,95.11891695670784,0.33642098778904717,11.887696384,2025-12-23T03:27:28.606764
15650,0.648429136156287,0.3137744536070386,1.2202845899845373e-05,0.0026093353517353535,0.03999131452292204,37.35551552986726,56.12477235496044,0.22722169011831284,93.76933037908748,0.34126296807955736,11.887850496,2025-12-23T03:43:09.461734
15660,0.6488717499011035,0.23004417633637786,1.2181210303446674e-05,0.0029759006574749947,0.04359555849805474,37.12002732604742,57.066667614039034,0.1993643045425415,94.44994031824172,0.338803813874085,11.891005952,2025-12-23T03:58:48.923216
15670,0.6493143636459201,0.30578031318145804,1.215959488304687e-05,0.002988122869282961,0.04070391831919551,37.40526559203863,57.29104688111693,0.22853339975699782,94.98537854710594,0.3368939566222847,11.891941888,2025-12-23T04:14:27.648070
15680,0.6497569773907367,0.23903217115730513,1.2137999683062117e-05,0.0027759592048823833,0.04421511245891452,36.40309002669528,55.31350198434666,0.20522652612999082,91.98539504176006,0.3478813129570456,11.887641088,2025-12-23T04:30:06.273766
15690,0.6501995911355533,0.22734246085747145,1.2116424747866997e-05,0.0037042354233562946,0.04568022908642888,37.0803204854019,56.25525830173865,0.24211391806602478,93.64605027809739,0.34171222283236424,11.894920192,2025-12-23T04:45:39.348587
15700,0.6506422048803698,0.2920539969120455,1.2094870121794447e-05,0.0028862236067652702,0.0418637334369123,37.01526943594217,56.37030355585739,0.2572083789855242,93.70430907793343,0.3414997700200292,11.891239424,2025-12-23T05:01:17.701917
15710,0.6510848186251864,0.3174840861465782,1.2073335849135682e-05,0.002804091665893793,0.04545336402952671,37.654627829324454,57.34288203762844,0.30542178684845567,95.37015831982717,0.3355347266247255,11.887675392,2025-12-23T05:16:57.656902
15720,0.651527432370003,0.14871086524158272,1.20518219741401e-05,0.002983392681926489,0.04413324547931552,36.98938476992771,55.73834663070738,0.2257421910762787,93.01630194671452,0.3440257173235244,11.887906816,2025-12-23T05:32:40.222364
15730,0.6519700461148196,0.14124979519169756,1.2030328541015174e-05,0.0029135486111044884,0.03975423937663436,38.00340243335813,58.33268819376826,0.16032741544768214,96.55629251105711,0.3314128905305217,11.89468672,2025-12-23T05:48:22.143081
15740,0.6524126598596361,0.33494484642869793,1.2008855593926373e-05,0.0033325878903269768,0.03813678538426757,36.86751018976793,56.362625451758504,0.21927686082199216,93.50461273314431,0.3422291057589403,11.890051072,2025-12-23T06:03:54.812237
15750,0.6528552736044527,0.2059535752487136,1.1987403176997075e-05,0.0034798351116478443,0.04190767277032137,37.045797226950526,56.506135201547295,0.17180127510800958,93.78555976506323,0.34120391326939187,11.887908864,2025-12-23T06:19:33.778496
15760,0.6532978873492693,0.2728010235587135,1.1965971334308482e-05,0.0027759955264627934,0.036883403081446886,37.38358701998368,57.554141241591424,0.1824604538269341,95.17529507400468,0.3362217051716837,11.887908864,2025-12-23T06:35:09.400455
15770,0.6537405010940859,0.17525629355804995,1.1944560109899494e-05,0.0027831182815134525,0.041335903108119965,37.594366745557636,56.265487246681005,0.18960157688707113,94.10843293787912,0.34003328927093246,11.887908864,2025-12-23T06:50:49.706400
15780,0.6541831148389025,0.29949474523891695,1.1923169547766662e-05,0.0029807668179273605,0.04428188316524029,36.73371272068471,55.69324962468818,0.22174586821347475,92.7116374806501,0.3451562378744388,11.889486848,2025-12-23T07:06:27.116568
15790,0.654625728583719,0.37402322166599333,1.1901799691864073e-05,0.002819234970957041,0.041663473937660456,37.356635487638414,56.4197614742443,0.20961412601172924,94.04741180827841,0.3402539143260425,11.890539008,2025-12-23T07:21:57.776374
15800,0.6550683423285356,0.44190961914137006,1.188045058610327e-05,0.0030597876757383347,0.04262968525290489,37.56326737208292,56.65320854401216,0.17326760292053223,94.45742298895493,0.33877697471951795,11.885747712,2025-12-23T07:37:34.979615
15810,0.6555109560733522,0.21849371981807053,1.1859122274353162e-05,0.003359741996973753,0.04250513622537255,36.64543454395607,55.652966465801,0.192288214340806,92.55540290987119,0.3457388655221028,11.887792128,2025-12-23T07:53:14.063286
15820,0.6559535698181688,0.2197416467417952,1.1837814800439922e-05,0.0031385263428092003,0.03758754534646869,37.54227339942008,57.194689113181084,0.16866848105564713,94.96179957594723,0.3369776072367656,11.888144384,2025-12-23T08:08:55.250324
15830,0.6563961835629853,0.32290468862629496,1.18165282081469e-05,0.002640384715050459,0.04175231233239174,37.73161672707647,57.13273991178721,0.306531167589128,95.22848312323913,0.3360339149641549,11.89363456,2025-12-23T08:24:35.021877
15840,0.6568387973078019,0.18319979701118427,1.1795262541214539e-05,0.002496941015124321,0.04334831237792969,37.63196935132146,56.903601680416614,0.21670458791777492,94.81690517999232,0.3374925593622143,11.887558656,2025-12-23T08:40:15.283948
15850,0.6572814110526185,0.22991312050180568,1.1774017843340305e-05,0.0031132963486015797,0.03757614688947797,37.15245459089056,56.55201679980382,0.1564671639353037,93.91719797020778,0.34072566783935543,11.887916032,2025-12-23T08:55:58.342122
15860,0.6577240247974351,0.18829842843111066,1.1752794158178555e-05,0.0032255849801003933,0.04128662822768092,36.97022141609341,56.9357614479959,0.21724370308220387,94.1827307222411,0.33976504773866417,11.887850496,2025-12-23T09:11:36.076824
15870,0.6581666385422517,0.11463941452370818,1.1731591529340472e-05,0.0026648794300854206,0.04713058564811945,36.640933775343,55.82851339317858,0.15983072388917208,92.68954516900703,0.34523850496463504,11.890896384,2025-12-23T09:27:16.340696
15880,0.6586092522870682,0.1822725129313767,1.1710410000393968e-05,0.0033559994772076607,0.04518445394933224,37.361857114359736,56.6401815386489,0.17677086777985096,94.24325445387512,0.3395468480522556,11.887792128,2025-12-23T09:42:57.580754
15890,0.6590518660318848,0.19941311645743554,1.168924961486361e-05,0.00295524625107646,0.04113548155874014,37.21408240310848,56.59908393910155,0.19942481769248843,94.07524073496461,0.340153261899724,11.889603584,2025-12-23T09:58:37.850454
15900,0.6594944797767014,0.14575767400822315,1.1668110416230513e-05,0.0026304596103727818,0.04664739454165101,37.11960909375921,57.38935336796567,0.21053442498669028,94.78550919378176,0.3376043476706807,11.887789568,2025-12-23T10:14:19.108563
15910,0.659937093521518,0.1551326730841538,1.1646992447932248e-05,0.0026047942228615284,0.041508542373776436,37.34521572710946,57.09202590305358,0.22216319711878896,94.71762150200084,0.33784632144002924,11.888086016,2025-12-23T10:30:00.263506
15920,0.6603797072663345,0.2801839645508153,1.1625895753362778e-05,0.002992423251271248,0.038500642869621515,37.43164491048083,56.8369706957601,0.23176848189905286,94.56186629505828,0.3384027965369407,11.892583936,2025-12-23T10:45:34.230989
15930,0.6608223210111511,0.30822443135548383,1.1604820375872333e-05,0.003871854394674301,0.04035137454047799,36.79309089621529,55.997600234579295,0.16561978729441762,93.01747376285493,0.34402138335408866,11.887850496,2025-12-23T11:01:08.131610
15940,0.6612649347559677,0.2952158768021036,1.1583766358767357e-05,0.0031470120884478092,0.04002927476540208,37.376265903469175,57.547687110025436,0.16972761927172542,95.15298281796277,0.3363005452095939,11.890655744,2025-12-23T11:16:43.753750
15950,0.6617075485007843,0.14782193780263242,1.156273374531039e-05,0.0025877701118588448,0.04653761489316821,37.47782075870782,57.52035275474191,0.21498944982886314,95.27996684191748,0.33585234189987057,11.887792128,2025-12-23T11:32:31.388730
15960,0.6621501622456009,0.3996557804202894,1.1541722578719996e-05,0.002622396219521761,0.04812194732949138,37.41372192883864,57.262230039574206,0.19793020514771342,94.93953926116228,0.33705661781203217,11.894453248,2025-12-23T11:48:19.960133
15970,0.6625927759904174,0.3824284018774051,1.152073290217068e-05,0.002566266804933548,0.03928012726828456,36.92761343065649,56.232765403110534,0.17830235278233886,93.3970916941762,0.34262308835892125,11.887908864,2025-12-23T12:04:06.352488
15980,0.663035389735234,0.21583980013383552,1.1499764758792764e-05,0.0031824633479118347,0.042261337861418724,38.119548556860536,57.20927933137864,0.1702000703662634,95.56250015087426,0.3348593846904208,11.887617024,2025-12-23T12:19:54.931827
15990,0.6634780034800506,0.282585248837222,1.1478818191672333e-05,0.0034775701351463795,0.046525954734534025,37.37767232488841,57.092090824618936,0.1794259687885642,94.71931956196204,0.3378402647737216,11.886664192,2025-12-23T12:35:40.158436
16000,0.6639206172248672,0.16217669673505952,1.1457893243851151e-05,0.0030989907681941986,0.0408193557523191,37.31590908206999,57.3002194291912,0.20817882614210248,94.88200371898711,0.3372610057305987,11.887906816,2025-12-23T12:51:27.115508
16010,0.6643632309696837,0.19214045094031462,1.1436989958326545e-05,0.0028433562256395817,0.0594218191690743,36.568928516004235,55.45190989645198,0.22933626314625144,92.32749220589176,0.34659232299561976,11.887908864,2025-12-23T13:25:10.018122
16020,0.6648058447145003,0.18228561614523642,1.1416108378051319e-05,0.0029908260330557823,0.049800741486251354,37.0714054252021,56.19376924447715,0.20412518875673413,93.53829538403079,0.3421058708480929,11.887849472,2025-12-23T13:40:41.087005
16030,0.6652484584593169,0.2279944087495096,1.1395248545933697e-05,0.003657728433609009,0.06258066091686487,36.928018687758595,55.70256761461496,0.1621576240286231,92.8769407630898,0.3445419254454719,11.889778688,2025-12-23T13:56:10.680124
16040,0.6656910722041335,0.36699364669038914,1.1374410504837205e-05,0.0027955141849815845,0.050233437679708004,36.84645919315517,55.75587536720559,0.19651643512770534,92.86630156403407,0.34458139778437336,11.888021504,2025-12-23T14:11:37.023947
16050,0.6661336859489501,0.23152897707768716,1.1353594297580597e-05,0.004069266840815544,0.05424985662102699,36.96398705802858,55.97608986496925,0.22451934404671192,93.23905440606177,0.3432038238036826,11.887773696,2025-12-23T14:27:06.847760
16060,0.6665762996937666,0.18376219087076606,1.133279996693775e-05,0.002562884707003832,0.044533621054142714,36.74409795925021,55.353454479947686,0.2047624969854951,92.36789511004463,0.34644071906018925,11.891941888,2025-12-23T14:42:30.965631
16070,0.6670189134385832,0.3402582488342887,1.13120275556376e-05,0.0028708362951874733,0.0469983727671206,36.67391540808603,55.018843225203454,0.2146921749226749,91.97439741203561,0.34792291007510895,11.886634496,2025-12-23T14:58:01.858417
16080,0.6674615271833998,0.1709020813927964,1.1291277106364026e-05,0.0029720510356128216,0.045428026001900434,36.78114749584347,56.62700177030638,0.19547363929450512,93.66874921508133,0.3416294150199646,11.8880256,2025-12-23T15:13:34.916739
16090,0.6679041409282164,0.2889008248821483,1.1270548661755811e-05,0.0031310427002608776,0.0521274502389133,36.88150366675109,56.98017039522529,0.25578833976760507,94.19128885306418,0.33973417700992625,11.889837056,2025-12-23T15:29:07.666233
16100,0.668346754673033,0.270119018459809,1.1249842264406485e-05,0.002828625962138176,0.05137861054390669,36.70763723226264,56.18225453980267,0.18142577400431037,93.14137496706098,0.34356374931459466,11.888854016,2025-12-23T15:44:42.880956
16110,0.6687893684178495,0.21379965304004145,1.1229157956864303e-05,0.0027224337682127953,0.04525913018733263,37.12864756397903,57.00807485030964,0.2116640480235219,94.41491773398593,0.3389294908899885,11.890072064,2025-12-23T16:00:19.046865
16120,0.6692319821626661,0.3067245670245029,1.120849578163211e-05,0.0030026594176888466,0.044990753289312124,37.34159048460424,56.89325592853129,0.19760113302618265,94.49490444362164,0.338642598650302,11.89106432,2025-12-23T16:15:53.880733
16130,0.6696745959074827,0.20454543069354258,1.118785578116728e-05,0.0035040383227169514,0.04590927017852664,36.749689533840865,55.55731271021068,0.1942004063166678,92.57043060613796,0.34568273897473056,11.88790784,2025-12-23T16:31:27.194136
16140,0.6701172096522993,0.16918026869461755,1.1167237997881619e-05,0.003309856168925762,0.04602424381300807,36.94157800404355,55.48930618725717,0.1730318902991712,92.67017363384366,0.34531067273530414,11.887792128,2025-12-23T16:47:01.126120
16150,0.6705598233971158,0.13027741802943638,1.114664247414129e-05,0.0031141494400799274,0.04372754180803895,36.6271633929573,55.43927769595757,0.19188934518024325,92.32218295708299,0.3466122547695342,11.887916032,2025-12-23T17:02:31.923274
16160,0.6710024371419324,0.22516983039679417,1.112606925226669e-05,0.003371024504303932,0.05023377342149615,36.84489800175652,55.9546965053305,0.2443446177057922,93.11408810503781,0.3436644298540758,11.889195008,2025-12-23T17:18:07.258546
16170,0.671445050886749,0.3300822763294491,1.1105518374532436e-05,0.00292738014832139,0.04726137174293399,37.079317142255604,56.127296168822795,0.16888618795201182,93.44072343921289,0.3424631019773444,11.897315328,2025-12-23T17:33:40.772882
16180,0.6718876646315656,0.18213150827068603,1.108498988316719e-05,0.0027583218179643154,0.04297984018921852,36.86969616264105,56.04673546180129,0.17902693012729287,93.1565241990611,0.34350787854236536,11.888235008,2025-12-23T17:49:15.726522
16190,0.6723302783763822,0.23140772320039105,1.1064483820353628e-05,0.003172488883137703,0.048490612767636776,36.55005017016083,55.11506427126005,0.1862035789526999,91.91973868571222,0.34812979733779426,11.888786432,2025-12-23T18:04:48.472832
16200,0.6727728921211987,0.3583291767135961,1.1044000228228336e-05,0.0027662902139127254,0.04748598858714104,36.86033767554909,55.60244625527412,0.2906678169965744,92.82189130783081,0.344746261352039,11.887850496,2025-12-23T18:20:23.545270
16210,0.6732155058660153,0.23202584972750628,1.1023539148881731e-05,0.0025273263454437256,0.03793794009834528,36.46183644514531,54.74237297242507,0.22846198314800858,91.48773590894416,0.349773657442446,11.885920768,2025-12-23T18:35:50.548396
16220,0.6736581196108319,0.21820230898447335,1.1003100624357973e-05,0.0026628985069692135,0.05774053279310465,37.25520671205595,56.9573333482258,0.24714619992300868,94.53696027211845,0.33849194968708635,11.88913664,2025-12-23T18:51:26.135997
16230,0.6741007333556485,0.2796867477882188,1.0982684696654858e-05,0.0031966748647391796,0.046049877535551786,37.31574505986646,57.046026940923184,0.28811250207945704,94.71903243102133,0.33784128890150816,11.896548352,2025-12-23T19:07:03.864094
16240,0.674543347100465,0.2631349502305511,1.0962291407723779e-05,0.002643084619194269,0.04780563339591026,37.24225743999705,56.951299894135445,0.39926185505464673,94.66137348208576,0.3380470705514943,11.890597376,2025-12-23T19:22:38.278689
16250,0.6749859608452816,0.27303739562648843,1.0941920799469576e-05,0.0024268277920782566,0.043984812684357166,36.90644557913765,55.843988666310906,0.22803559293970466,93.04012041026726,0.3439376460272584,11.887967232,2025-12-23T19:38:12.605099
16260,0.6754285745900982,0.3222691751579987,1.0921572913750508e-05,0.0028178878128528595,0.048860474955290556,37.30390265258029,56.38472902588546,0.24999691173434258,94.00816918862984,0.3403959493753268,11.887850496,2025-12-23T19:53:50.935288
16270,0.6758711883349148,0.32543979384354316,1.0901247792378141e-05,0.003267812542617321,0.053788778372108936,36.744516203179955,55.46072273654863,0.2449282081797719,92.51889791479334,0.34587528300943315,11.887675392,2025-12-23T20:09:26.986353
16280,0.6763138020797314,0.2991123548708856,1.088094547711725e-05,0.0025611110031604767,0.05078920256346464,36.73028049245477,56.008290940430015,0.2080224109813571,93.01601882278919,0.344026764475539,11.885864448,2025-12-23T20:24:58.936950
16290,0.6767564158245479,0.3249090270137458,1.086066600968576e-05,0.002839266788214445,0.053415652830153704,36.899879549164325,55.66000953735784,0.258229901548475,92.88989028707147,0.3444938938037889,11.888053248,2025-12-23T20:40:29.912581
16300,0.6771990295693645,0.24064728048961115,1.0840409431754642e-05,0.002822466194629669,0.049990220461040735,36.83868432044983,55.75609633419663,0.21794650191441178,92.88489468209445,0.34451242163241297,11.893225984,2025-12-23T20:55:59.790602
16310,0.6776416433141811,0.12214687982304895,1.0820175784947835e-05,0.002797515597194433,0.045191272161901,36.78103452036157,55.949786650016904,0.2011299836449325,92.99419449595734,0.344107502338666,11.887850496,2025-12-23T21:11:40.600695
16320,0.6780842570589977,0.2115948198370461,1.079996511084216e-05,0.003158288076519966,0.04993601283058524,36.87501076841727,56.17093762522563,0.2917440920136869,93.4061382971704,0.3425899045113333,11.890130432,2025-12-23T21:27:17.829950
16330,0.6785268708038142,0.22659448283957317,1.0779777450967212e-05,0.0027513625100255013,0.03859601262956858,36.70865482557565,55.74574152333662,0.1753211347386241,92.68692473508418,0.3452482655073704,11.892336128,2025-12-23T21:42:50.341574
16340,0.6789694845486308,0.2988229190232232,1.075961284680534e-05,0.0028515541926026344,0.04345562448725104,36.90230808919296,56.26744874892756,0.1790167992003262,93.41327974107116,0.3425637135180311,11.889589248,2025-12-23T21:58:29.655855
16350,0.6794120982934474,0.2688225989259081,1.073947133979148e-05,0.0030012354254722595,0.04677063738927245,37.208682319615036,56.52831779420376,0.22155826073139906,94.02586304675788,0.3403318934077404,11.88796416,2025-12-23T22:14:08.319433
16360,0.679854712038264,0.2827301187558078,1.0719352971313116e-05,0.0026741442270576954,0.051646491046994925,37.60748387966305,57.44044529506937,0.28253341699019074,95.40035016601905,0.33542853820046226,11.890072064,2025-12-23T22:29:48.652930
16370,0.6802973257830806,0.21494019708188716,1.0699257782710194e-05,0.0028458181768655777,0.054732147604227066,36.76945632323623,55.55042123096064,0.21449131285771728,92.60659508407116,0.3455477438831371,11.889545216,2025-12-23T22:45:12.364424
16380,0.6807399395278971,0.2130754759273259,1.0679185815275017e-05,0.002723872661590576,0.04563798336312175,36.51010816404596,55.50661910092458,0.1749048181809485,92.25738648325205,0.34685569600228294,11.890477568,2025-12-23T23:00:41.987055
16390,0.6811825532727137,0.16541496296122205,1.0659137110252184e-05,0.002976940479129553,0.057066782377660275,37.329249245580286,56.718398490455,0.15984832495450974,94.28080354863778,0.3394116171643761,11.898192384,2025-12-23T23:16:26.187219
16400,0.6816251670175303,0.26158346752617945,1.0639111708838475e-05,0.0025743693113327026,0.04342714790254831,36.83895840495825,56.115593616850674,0.20060116704553366,93.21286430908367,0.34330025407106357,11.88790784,2025-12-23T23:32:01.733824
16410,0.6820677807623469,0.3139797236508457,1.0619109652182819e-05,0.002774719148874283,0.04521572217345238,37.02908261306584,56.17189075704664,0.34146122075617313,93.60507948277518,0.3418617897321321,11.8897408,2025-12-23T23:47:36.510475
16420,0.6825103945071634,0.3885309475590475,1.0599130981386146e-05,0.0030515226535499096,0.04527578596025705,37.406224706210196,56.94905999023467,0.280894058290869,94.70330867590383,0.337897381278528,11.895095296,2025-12-24T00:03:11.353991
16430,0.68295300825198,0.35163782658128184,1.0579175737501337e-05,0.0027530360966920853,0.05191936157643795,37.14050341723487,56.29845438525081,0.15885000070556998,93.6680396287702,0.3416320030484675,11.88637952,2025-12-24T00:18:50.774881
16440,0.6833956219967966,0.13624923971656244,1.0559243961533145e-05,0.0026703993789851665,0.043982792645692825,37.10934023465961,56.426904235966504,0.18034065794199705,93.77889215294272,0.34122817262344746,11.887791104,2025-12-24T00:34:27.137074
16450,0.6838382357416132,0.248251846844596,1.0539335694438083e-05,0.0029083830304443836,0.06433496065437794,36.83082755235955,55.741283622104675,0.3008770919404924,92.95625409996137,0.34424795092956845,11.888144384,2025-12-24T00:49:57.747698
16460,0.6842808494864298,0.20517949182976736,1.0519450977124368e-05,0.002940453588962555,0.05083524715155363,36.805102271959186,55.64637749455869,0.38634911412373185,92.90751665085554,0.344428536608672,11.891297792,2025-12-24T01:05:26.859924
16470,0.6847234632312463,0.22411129558167886,1.0499589850451843e-05,0.0029029622673988342,0.05400889413431287,37.66174680786207,58.373869073577225,0.1706557390280068,96.28121546516195,0.33235974271200147,11.892408832,2025-12-24T01:21:10.750525
16480,0.6851660769760629,0.1742305138031952,1.0479752355231843e-05,0.003978477790951729,0.05112140392884612,37.48281373735517,57.14733131090179,0.19704730110242963,94.89682887401432,0.33720831749271013,11.88972032,2025-12-24T01:36:46.187341
16490,0.6856086907208795,0.16868399705344927,1.045993853222716e-05,0.002797005232423544,0.04499906348064542,37.56623605126515,56.977827686816454,0.2501126709394157,94.85847463505343,0.33734466132955204,11.88773376,2025-12-24T01:52:25.584560
16500,0.6860513044656961,0.285714800527785,1.0440148422151953e-05,0.002752115949988365,0.03943008417263627,36.915054210461676,56.11254989216104,0.18014678498730063,93.26395258773118,0.34311220050317254,11.889019904,2025-12-24T02:08:03.650816
16510,0.6864939182105126,0.23705388005464556,1.0420382065671637e-05,0.0025324421003460884,0.047775707207620144,36.43692095018923,55.069196626544,0.21845267619937658,91.78758656559512,0.34863102078766944,11.887926272,2025-12-24T02:41:41.901816
16520,0.6869365319553292,0.1436786623644366,1.0400639503402834e-05,0.0036029531620442867,0.05948910349979997,36.62805780721828,55.33785627409816,0.28918743319809437,92.33587645180523,0.34656085185591345,11.88790784,2025-12-24T02:57:11.216961
16530,0.6873791457001458,0.1922450191796088,1.038092077591326e-05,0.002755488734692335,0.047035506926476955,36.32328540692106,54.867235318757594,0.2029242147691548,91.45739792101085,0.3498896833653357,11.887850496,2025-12-24T03:12:34.822744
16540,0.6878217594449624,0.357040412221977,1.0361225923721647e-05,0.004009059630334377,0.055586205795407295,36.53962424071506,55.033750670496374,0.17093130107969046,91.8196567967534,0.34850925298962204,11.887908864,2025-12-24T03:28:00.315254
16550,0.688264373189779,0.2809905673202593,1.034155498729769e-05,0.002860739827156067,0.040705479215830564,36.69027383858338,55.4980095163919,0.20948733808472753,92.4528441671282,0.346122396647454,11.888202752,2025-12-24T03:43:28.607138
16560,0.6887069869345955,0.3315519095194759,1.0321908007061933e-05,0.002583934925496578,0.05148231936618686,36.726184245664626,55.7196652404964,0.1660628179088235,92.67807164089754,0.3452812454276276,11.888423936,2025-12-24T03:58:53.547539
16570,0.6891496006794121,0.24461792291253914,1.0302285023385685e-05,0.0031169154681265354,0.04547813441604376,36.74821514869109,55.48687596106902,0.3111303416080773,92.60737486509606,0.3455448342706546,11.889800192,2025-12-24T04:14:32.741418
16580,0.6895922144242287,0.21798780251992866,1.0282686076590961e-05,0.0032244366593658924,0.048180933110415936,37.31751636182889,56.643446549773216,0.24897585483267903,94.2786491769366,0.3394193730962807,11.895426048,2025-12-24T04:29:58.602802
16590,0.6900348281690453,0.3085486962554569,1.0263111206950366e-05,0.0026271198876202106,0.04888224881142378,37.5090755703859,57.32326200790703,0.15293130883947015,95.05237184977159,0.33665651237588656,11.897095168,2025-12-24T04:45:40.355878
16600,0.6904774419138618,0.3890678419265896,1.0243560454687042e-05,0.002765150275081396,0.06410719640552998,36.789645980577916,55.887214115820825,0.25954086193814874,93.01447117421776,0.3440324886658059,11.886624768,2025-12-24T05:01:16.350704
16610,0.6909200556586784,0.2340319607537822,1.022403385997457e-05,0.003197812009602785,0.0484388661570847,36.87138458713889,55.83621022710577,0.18606450082734227,92.96204295521602,0.3442265142066191,11.887850496,2025-12-24T05:16:55.265275
16620,0.691362669403495,0.3764094714533712,1.0204531462936898e-05,0.002624240703880787,0.056759912986308336,36.88178760185838,55.72155242972076,0.21501825796440244,92.89411153877154,0.3444782394699372,11.88781056,2025-12-24T05:32:31.739800
16630,0.6918052831483116,0.15603812106110126,1.0185053303648237e-05,0.0026244791224598885,0.0606484254822135,36.90125476103276,56.723723699338734,0.20728927897289395,93.91216302057728,0.3407439352982256,11.887847936,2025-12-24T05:48:07.724248
16640,0.6922478968931282,0.3137721021666948,1.0165599422133005e-05,0.0025391140952706337,0.05914667062461376,36.57401175843552,55.490072136279196,0.20862745121121407,92.35087356017902,0.34650457290095577,11.888779264,2025-12-24T06:03:41.574940
16650,0.6926905106379447,0.19039268876667848,1.0146169858365743e-05,0.002743726596236229,0.057620429433882236,37.050423118285835,56.34519427176565,0.17377988016232848,93.6426800088957,0.3417245213075931,11.888191488,2025-12-24T06:19:16.589327
16660,0.6931331243827613,0.10494141685558134,1.0126764652271e-05,0.002622305415570736,0.05561835318803787,37.35128861526027,56.13495019264519,0.17437609797343612,93.73692927369848,0.3413809290313379,11.885747712,2025-12-24T06:34:55.094402
16670,0.6935757381275779,0.2573976438725367,1.0107383843723275e-05,0.002546509727835655,0.047486132476478815,36.770274525508285,56.43669917155057,0.2750348192639649,93.54687678581104,0.342074488208394,11.885572608,2025-12-24T06:50:36.540329
16680,0.6940183518723945,0.16871673732384806,1.0088027472546968e-05,0.0027694390155375004,0.05270756408572197,36.394828046206385,54.781842173077166,0.18386591225862503,91.4331333967857,0.34998253708676846,11.887962112,2025-12-24T07:06:05.301588
16690,0.694460965617211,0.2453598817337479,1.0068695578516227e-05,0.0030327318236231804,0.0552812609821558,37.01298231445253,55.8640044410713,0.24910367978736758,93.19752931967378,0.34335674168182995,11.887698432,2025-12-24T07:21:32.086286
16700,0.6949035793620276,0.10867988444806542,1.004938820135492e-05,0.0031029186211526394,0.059091086499392986,36.68932900438085,55.3466488039121,0.2624034322798252,92.37645339407027,0.34640862280662216,11.887789056,2025-12-24T07:36:55.098465
16710,0.6953461931068442,0.25660770293325186,1.0030105380736523e-05,0.002691219560801983,0.06330617517232895,36.95134884212166,55.86088731046766,0.17639307118952274,93.07074650889263,0.3438244690230619,11.890422272,2025-12-24T07:52:23.760527
16720,0.6957888068516608,0.4032568472903222,1.0010847156284075e-05,0.0027005337178707123,0.04806068725883961,36.77265367982909,55.38531063310802,0.20204707281664014,92.42907634889707,0.34621140082811014,11.889545216,2025-12-24T08:07:54.168502
16730,0.6962314205964774,0.4161573854617018,9.991613567570059e-06,0.0032307207584381104,0.043743953574448824,36.67511303676292,55.46489242790267,0.27512259408831596,92.47968276403844,0.34602194821156423,11.887870464,2025-12-24T08:23:19.993126
16740,0.6966740343412939,0.2017486198565166,9.972404654116329e-06,0.0028098030015826225,0.050799853168427944,36.680542547721416,55.41936534456909,0.18327287212014198,92.35584216658026,0.34648593147234025,11.8901888,2025-12-24T08:38:47.295708
16750,0.6971166480861105,0.36627121426863596,9.95322045539406e-06,0.0031697540543973446,0.05466964328661561,36.60861624451354,55.3423194331117,0.22553246282041073,92.25199938518927,0.3468759508006662,11.891203584,2025-12-24T08:54:17.500473
16760,0.6975592618309271,0.24872521015640814,9.934061010823624e-06,0.0032119876705110073,0.052606966346502304,37.398503155913204,56.4883497832343,0.2073442400433123,94.16617685882375,0.3398247764478661,11.891941888,2025-12-24T09:09:51.059448
16770,0.6980018755757437,0.33692321134731174,9.914926359774525e-06,0.0025830096565186977,0.05917016230523586,36.65873589832336,55.33110175281763,0.2015973669476807,92.26659154659137,0.3468210916173394,11.88773376,2025-12-24T09:25:17.963773
16780,0.6984444893205602,0.17257683464595175,9.895816541565324e-06,0.0026263524778187275,0.0475972224958241,36.41891477396712,54.87075510574505,0.17364056501537561,91.52792963478714,0.34962005726214657,11.887916032,2025-12-24T09:40:45.103943
16790,0.6988871030653768,0.3083900259807706,9.87673159546356e-06,0.0031952201388776302,0.04613495711237192,37.29594554519281,56.68728556111455,0.1792448740452528,94.22641736688092,0.3396075208442286,11.885922816,2025-12-24T09:56:17.128491
16800,0.6993297168101934,0.25167207737104036,9.857671560685656e-06,0.0028303242288529873,0.0477144094184041,36.9595677186735,56.460595458280295,0.22532262513414025,93.71003878489137,0.34147888972125023,11.890516992,2025-12-24T10:12:00.444700
16810,0.69977233055501,0.31363806388981175,9.838636476396848e-06,0.002820625901222229,0.04394896561279893,37.4132714420557,57.30630167480558,0.199423395562917,94.98070545494556,0.3369105319519796,11.89363456,2025-12-24T10:27:42.590795
16820,0.7002149442998266,0.3250907670444576,9.81962638171112e-06,0.0027581090107560158,0.05480300122871995,37.3294809195213,56.881598833948374,0.17776402225717902,94.4613967789337,0.3387627230930008,11.894044672,2025-12-24T10:43:22.871584
16830,0.7006575580446431,0.31228269895655103,9.800641315691081e-06,0.0026639988645911217,0.0433718953281641,37.03754045534879,55.841285972855985,0.16902891593053937,93.11171985510737,0.3436731707866175,11.88773376,2025-12-24T10:59:00.915830
16840,0.7011001717894597,0.20477983856835635,9.781681317347924e-06,0.002704625017940998,0.045204378198832273,37.22777621354908,57.6484511946328,0.16944477707147598,95.10846461821347,0.33645796016637547,11.891648,2025-12-24T11:14:41.164836
16850,0.7015427855342763,0.28836290181925506,9.76274642564133e-06,0.0030088499188423157,0.0427891337312758,37.16767192259431,56.82071633078158,0.18796281702816486,94.23312990367413,0.3395833294798831,11.889513472,2025-12-24T11:30:20.800810
16860,0.7019853992790929,0.10607466562578338,9.743836679479386e-06,0.0028218626976013184,0.058566133957356215,37.833086762111634,56.72203302429989,0.24962489400058985,94.88328483467922,0.3372564520268823,11.893517824,2025-12-24T11:45:59.068876
16870,0.7024280130239094,0.11716444655394298,9.72495211771852e-06,0.0031102439388632774,0.05471360543742776,37.27934342017397,56.40693472418934,0.23805701872333884,94.00332980277017,0.340413473300783,11.889584128,2025-12-24T12:01:36.163951
16880,0.702870626768726,0.24464585344503575,9.706092779163385e-06,0.0027029402554035187,0.05275904154404998,36.72392803058028,55.633282410446554,0.21826806338503957,92.64369359333068,0.345409371742748,11.886332928,2025-12-24T12:17:11.257203
16890,0.7033132405135426,0.21887431875219931,9.687258702566836e-06,0.0030986606143414974,0.05633275117725134,36.14909534389153,54.56868965970352,0.2528091291896999,91.0475587924011,0.3514646677453887,11.887756288,2025-12-24T12:32:33.505244
16900,0.7037558542583592,0.29160100159060676,9.668449926629802e-06,0.0032336385920643806,0.05439617671072483,36.753772960044444,55.552274187561125,0.18657583696767688,92.5667987014167,0.34569630201017476,11.8880256,2025-12-24T12:47:57.404727
16910,0.7041984680031758,0.22647371735729394,9.64966649000123e-06,0.002548831980675459,0.053759136237204075,36.76001869281754,55.44919318752363,0.2163269529119134,92.50058146286756,0.34594377131397536,11.890947584,2025-12-24T13:03:22.808204
16920,0.7046410817479923,0.14018638735869615,9.630908431277987e-06,0.0032880203798413277,0.04349009273573756,36.779547133948654,55.89265285432339,0.26059116469696164,92.9940082039684,0.344108191678466,11.892642304,2025-12-24T13:18:55.259626
16930,0.7050836954928089,0.19744526865542866,9.612175789004806e-06,0.0032891971059143543,0.05466100573539734,36.965462170075625,56.028455569874495,0.20394157618284225,93.27386894961819,0.3430757227116287,11.894706688,2025-12-24T13:34:21.215077
16940,0.7055263092376255,0.2813992219514603,9.593468601674185e-06,0.0025298823602497578,0.038416855968534946,37.02178341103718,55.71310384152457,0.20592714520171285,92.9963298290968,0.3440996011219768,11.887905792,2025-12-24T13:49:53.913845
16950,0.7059689229824421,0.25983450742205605,9.57478690772632e-06,0.002677424345165491,0.0456110411323607,37.03016945254058,56.309186005499214,0.20663023181259632,93.61748391203582,0.3418164926336581,11.889456128,2025-12-24T14:05:26.073944
16960,0.7064115367272586,0.31614558547880733,9.55613074554902e-06,0.0028351694345474243,0.03928731521591544,37.301565614528954,55.928361588623375,0.25429540779441595,93.54142434988171,0.34209442738767176,11.887850496,2025-12-24T14:21:01.728383
16970,0.7068541504720752,0.25386608744156547,9.537500153477635e-06,0.0032456028275191784,0.04493046086281538,36.85207748180255,55.86768292542547,0.25548100378364325,93.03929707314819,0.3439406896511843,11.887967232,2025-12-24T14:36:36.064878
16980,0.7072967642168918,0.2996978061273694,9.518895169794958e-06,0.002564112190157175,0.03845899552106857,36.540503283496946,55.36957123177126,0.18394995108246803,92.15119200991467,0.3472554103972641,11.898134016,2025-12-24T14:52:05.281974
16990,0.7077393779617084,0.28519355910248123,9.500315832731195e-06,0.002599898260086775,0.04181244736537337,37.21700542559847,56.4417042825371,0.19342038314789534,93.91182639775798,0.3407451566799041,11.89015552,2025-12-24T15:07:49.128201
17000,0.708181991706525,0.33430127147585154,9.48176218046381e-06,0.0027594384737312794,0.046711272560060024,37.117524043656886,57.40574488835409,0.1940008820965886,94.78460401017219,0.337607571758867,11.888572416,2025-12-24T15:23:28.107593
17010,0.7086246054513415,0.3954038579713597,9.463234251117521e-06,0.0028777741827070713,0.04309069039300084,37.22632147790864,55.85679724533111,0.16841187002137303,93.3141639791429,0.3429275753587898,11.88773376,2025-12-24T15:57:11.178284
17020,0.7090672191961581,0.20102841206153244,9.444732082764166e-06,0.0030977935530245304,0.04329831385985017,36.59038793342188,55.48845705995336,0.15621883189305663,92.2941999710165,0.3467173452941689,11.885864448,2025-12-24T16:12:46.065610
17030,0.7095098329409747,0.12785204708052333,9.426255713422663e-06,0.0033633187413215637,0.04260962316766381,36.58937062416226,55.04490302549675,0.3260570941492915,92.02230995567515,0.34774175974732213,11.892350464,2025-12-24T16:28:10.042037
17040,0.7099524466857913,0.22764690115582198,9.40780518105892e-06,0.0030656848102808,0.04041702626273036,36.87468791240826,55.586483305320144,0.17841849895194173,92.69878370501101,0.3452040978426579,11.891414528,2025-12-24T16:43:37.811784
17050,0.7103950604306078,0.23602470106561668,9.389380523585736e-06,0.0031535006128251553,0.043047473300248384,36.40620658406988,54.91922480240464,0.2839622162282467,91.67164777871221,0.3490719407296502,11.887850496,2025-12-24T16:59:00.486774
17060,0.7108376741754244,0.30828992214514983,9.370981778862769e-06,0.002817838452756405,0.03857211768627167,36.75080227572471,55.849094378296286,0.25370282074436545,92.91278088884428,0.3444090220298436,11.890247168,2025-12-24T17:14:27.196702
17070,0.711280287920241,0.2057747951712372,9.352608984696407e-06,0.0032634534873068333,0.04403356555849314,36.789690690115094,55.650923911482096,0.1889828173443675,92.69626276707277,0.3452134859029821,11.887908864,2025-12-24T17:30:00.384396
17080,0.7117229016650576,0.26415004227965255,9.334262178839725e-06,0.0026904502883553505,0.04138022055849433,37.027042377740145,56.91568372724578,0.21174329798668623,94.21364416042343,0.3396535638247005,11.89217536,2025-12-24T17:45:32.054464
17090,0.7121655154098742,0.2033693385891695,9.315941398992395e-06,0.0030209477990865707,0.04133585188537836,37.10133688384667,56.51110222423449,0.19562533125281334,93.86951442388818,0.3408987486128569,11.895115776,2025-12-24T18:01:07.776511
17100,0.7126081291546907,0.182285130762466,9.297646682800597e-06,0.0034088962711393833,0.04350877599790692,37.131893140263855,56.145819895435125,0.2016037837602198,93.54409699328244,0.3420846534260518,11.88773376,2025-12-24T18:16:43.272424
17110,0.7130507428995073,0.2274018673633691,9.279378067856973e-06,0.0029670456424355507,0.03992658527567983,36.7220041337423,56.171215146780014,0.23525519389659166,93.18475988134742,0.34340379307459445,11.890947584,2025-12-24T18:32:22.574093
17120,0.7134933566443239,0.3198541982219467,9.261135591700526e-06,0.002772892825305462,0.03533453959971666,37.80328104970977,57.09691880038008,0.19621238484978676,95.14882326498628,0.3363152470197248,11.891005952,2025-12-24T18:47:58.209222
17130,0.7139359703891405,0.18072917743120342,9.242919291816546e-06,0.0031433473341166973,0.040738360956311226,36.617856388911605,55.8806617395021,0.20703559508547187,92.76645253086463,0.34495228745923184,11.887847936,2025-12-24T19:03:33.950370
17140,0.714378584133957,0.2727448762161657,9.224729205636532e-06,0.0028516221791505814,0.04493729583919048,36.676280200481415,55.928205613046885,0.16555717773735523,92.83595068519935,0.3446940518604685,11.885745152,2025-12-24T19:19:09.874808
17150,0.7148211978787736,0.24693314768228447,9.206565370538122e-06,0.0027661616913974285,0.041254473850131035,36.89970131451264,56.026527635753155,0.29339909506961703,93.27671428909525,0.34306525743200456,11.887967232,2025-12-24T19:34:48.098981
17160,0.7152638116235902,0.27388243132736534,9.188427823845016e-06,0.002759392838925123,0.04017013357952237,37.28643135167658,56.9742208882235,0.1953068091534078,94.51379800913855,0.33857490307294513,11.894219776,2025-12-24T19:50:26.058903
17170,0.7157064253684068,0.305962963759157,9.170316602826887e-06,0.002613118849694729,0.041291031520813704,36.653221984859556,55.42453742213547,0.2122980118729174,92.35027351696044,0.34650682430434915,11.885747712,2025-12-24T20:05:59.297323
17180,0.7161490391132234,0.10043960876026858,9.152231744699314e-06,0.0031513636931777,0.043328001629561186,37.362755451817065,56.756239868700504,0.24423744203522801,94.42464822903275,0.3388945640801546,11.887967232,2025-12-24T20:21:36.770097
17190,0.7165916528580399,0.1559520273178805,9.134173286623716e-06,0.002743183635175228,0.043710016179829836,37.030443808063865,56.45745815709233,0.1645711068995297,93.7158035938628,0.3414578840798159,11.887850496,2025-12-24T20:37:11.332560
17200,0.7170342666028565,0.2656019157730043,9.116141265707247e-06,0.002795909531414509,0.03876507095992565,36.49596652248874,54.77894427906722,0.2214582869783044,91.55620649736375,0.3495120781453675,11.887638528,2025-12-24T20:52:38.571236
17210,0.7174768803476731,0.22847084925160743,9.098135719002751e-06,0.002388986758887768,0.044730357360094786,36.79793179128319,55.72361945034936,0.22861932963132858,92.80954774329439,0.34479211221360617,11.891297792,2025-12-24T21:08:13.435140
17220,0.7179194940924897,0.30437343241646886,9.08015668350866e-06,0.0029341066256165504,0.03791983565315604,37.016057797241956,55.620806600898504,0.20742008741945028,92.90102763706818,0.3444525944859599,11.88753664,2025-12-24T21:23:48.071697
17230,0.7183621078373063,0.15484225939871976,9.062204196168952e-06,0.0027784830890595913,0.04193349974229932,37.03388017369434,56.32779873209074,0.24970925599336624,93.67540482711047,0.34160514234296563,11.887833088,2025-12-24T21:39:24.307475
17240,0.7188047215821228,0.23790534076397307,9.044278293873027e-06,0.0026790243573486805,0.04480305314064026,37.18539817631245,55.981095435097814,0.21864709490910172,93.45246618101373,0.34242006987827656,11.88773376,2025-12-24T21:55:03.840089
17250,0.7192473353269394,0.24900871651152556,9.026379013455669e-06,0.00288179749622941,0.0420385655015707,36.77123373514041,55.82370024966076,0.190682970918715,92.84246101882309,0.3446698810958086,11.88770048,2025-12-24T22:10:38.955935
17260,0.719689949071756,0.3124418206043629,9.00850639169696e-06,0.0027477475814521313,0.041676565539091825,36.933605127967894,56.19434931362048,0.2707136068493128,93.45707915583625,0.34240316826766193,11.889603584,2025-12-24T22:26:11.900342
17270,0.7201325628165726,0.3436215561814606,8.990660465322194e-06,0.0035307961516082287,0.043976958841085434,36.96144640119746,56.29435088997707,0.21196190221235156,93.53102967189625,0.3421324464432279,11.889078272,2025-12-24T22:41:47.129424
17280,0.7205751765613891,0.2208121654111892,8.972841271001822e-06,0.002807470504194498,0.034776161424815655,37.01503157475963,56.394565649330616,0.32781765423715115,93.79149223817512,0.3411823315353471,11.895972864,2025-12-24T22:57:19.576827
17290,0.7210177903062057,0.201227717261645,8.955048845351353e-06,0.003477259073406458,0.03997582895681262,37.070996864233166,56.10062584420666,0.21684631099924445,93.44749830570072,0.34243827368514856,11.891122688,2025-12-24T23:12:50.877469
17300,0.7214604040510223,0.2122946999152191,8.937283224931304e-06,0.0037360088899731636,0.04389160545542836,37.96232069237158,57.86259815329686,0.19593936810269952,96.0897876098752,0.3330218621142143,11.887792128,2025-12-24T23:28:24.720604
17310,0.7219030177958389,0.29103251537890173,8.919544446247104e-06,0.0028508873656392097,0.041448735166341066,37.0191883626394,56.46774118440226,0.19952721102163196,93.74906603386626,0.3413367338341291,11.889494016,2025-12-24T23:44:05.565966
17320,0.7223456315406555,0.1902099778308184,8.901832545749024e-06,0.002424620557576418,0.04239584458991885,36.687842132523656,56.65689980611205,0.164664916228503,93.56664818990976,0.3420022050490731,11.887465472,2025-12-24T23:59:39.305238
17330,0.722788245285472,0.2498049911519047,8.884147559832102e-06,0.0033612647093832493,0.0389528046362102,36.51402509491891,55.50716635258868,0.2081351107917726,92.29063823027536,0.3467307260369839,11.887967232,2025-12-25T00:15:10.139286
17340,0.7232308590302886,0.11991430527268676,8.866489524836099e-06,0.002728770487010479,0.044273169711232185,36.852332692127675,56.00323147745803,0.2513725380413234,93.16854539187625,0.3434635569913085,11.887792128,2025-12-25T00:30:40.921901
17350,0.7236734727751052,0.35886831348761916,8.848858477045359e-06,0.0030113602988421917,0.046022938564419746,37.112838545348495,56.60198052786291,0.30180960102006793,94.08371413359419,0.3401226269039676,11.8974336,2025-12-25T00:46:14.479316
17360,0.7241160865199218,0.2866464319753277,8.831254452688787e-06,0.002648739144206047,0.037005612161010504,36.41504076961428,54.90704461745918,0.19181462097913027,91.56794921820983,0.3494672565369222,11.887816192,2025-12-25T01:01:43.413470
17370,0.7245587002647383,0.19999548413761659,8.813677487939764e-06,0.002792255487293005,0.04564230842515826,37.27021259116009,57.53046401590109,0.24807538790628314,95.11417307006195,0.3364377670237275,11.887847424,2025-12-25T01:17:24.247298
17380,0.7250013140095549,0.19261811950417496,8.796127618916054e-06,0.0029823663644492626,0.04368583485484123,37.095800118055195,55.85541259916499,0.16755319200456142,93.18125043809414,0.3434167265361985,11.88773376,2025-12-25T01:33:00.231861
17390,0.7254439277543715,0.10859767095189454,8.77860488167976e-06,0.0027700806967914104,0.04226642334833741,37.28741339361295,56.98293476505205,0.24351310916244984,94.57071779342368,0.33837112318317664,11.887908864,2025-12-25T01:48:37.044185
17400,0.7258865414991881,0.2990263949850487,8.761109312237227e-06,0.0025454829446971416,0.04675446590408683,36.40778356324881,55.353794225957245,0.1797436736524105,92.00692610675469,0.3477999032689205,11.887848448,2025-12-25T02:04:10.975173
17410,0.7263291552440047,0.1586486408014025,8.743640946538974e-06,0.0029056482017040253,0.046003267634660006,36.91911130445078,56.27942565642297,0.2897875630296767,93.55147203058004,0.34205768552246685,11.888043008,2025-12-25T02:19:46.651008
17420,0.7267717689888212,0.22911536041647196,8.726199820479627e-06,0.0028475704602897167,0.04432301828637719,36.876835755072534,56.181916741188616,0.19882955867797136,93.32253216486424,0.3428968252111781,11.889347584,2025-12-25T02:35:16.950136
17430,0.7272143827336378,0.2534248093725182,8.708785969897823e-06,0.002746337093412876,0.03813060512766242,36.746487603057176,56.182827970478684,0.21456112107262015,93.19823749409989,0.3433541326575605,11.887967232,2025-12-25T02:50:47.804040
17440,0.7276569964784544,0.4267425077086955,8.691399430576171e-06,0.0029337708838284016,0.0424260376021266,36.44591530878097,55.021009599324316,0.25123478611931205,91.77850365266204,0.3486655232591803,11.88600576,2025-12-25T03:06:18.461392
17450,0.728099610223271,0.19756421890360798,8.674040238241143e-06,0.002534434199333191,0.03901137504726648,36.58787793666124,54.75059023825452,0.19859434384852648,91.59107543807477,0.34937901806421495,11.891414528,2025-12-25T03:21:45.207545
17460,0.7285422239680875,0.12744503689282283,8.656708428563028e-06,0.003015692811459303,0.04415378859266639,36.62174035189673,55.85265769250691,0.17654799669981003,92.71084647299722,0.3451591827426606,11.888653312,2025-12-25T03:37:22.740615
17470,0.7289848377129041,0.13263400399591774,8.639404037155857e-06,0.0028515495359897614,0.051439193077385426,37.378780658356845,56.264838653150946,0.18052526004612446,93.89605137798935,0.3408024036195124,11.887850496,2025-12-25T03:53:00.002598
17480,0.7294274514577207,0.11443761621558224,8.622127099577299e-06,0.0027657262980937958,0.04658779967576265,37.30547494953498,56.79043672513217,0.25127180898562074,94.41602496802807,0.33892551620168404,11.888022528,2025-12-25T04:08:37.052803
17490,0.7298700652025373,0.16994793731714708,8.604877651328626e-06,0.0030130771920084953,0.03807913698256016,37.16178507776931,57.05627217749134,0.23621459025889635,94.50717186788097,0.3385986414315236,11.890013696,2025-12-25T04:24:12.178116
17500,0.7303126789473539,0.18685905559686944,8.587655727854611e-06,0.002872560638934374,0.04038802394643426,38.10379672469571,57.60279756085947,0.2502906755544245,96.01517107896507,0.3332806642992124,11.894219776,2025-12-25T04:39:47.423954
17510,0.7307552926921704,0.17849150818074122,8.570461364543484e-06,0.0030974894762039185,0.04830216057598591,36.820353703107685,55.35047989152372,0.23047820664942265,92.47098614787683,0.3460544905277268,11.890072064,2025-12-25T05:13:24.810162
17520,0.731197906436987,0.12733392633890617,8.553294596726836e-06,0.002958089578896761,0.040596395265311,36.37406647298485,54.82512920629233,0.17814883403480053,91.43486591614783,0.34997590557355046,11.8880256,2025-12-25T05:28:46.650609
17530,0.7316405201818036,0.09411130554508418,8.536155459679542e-06,0.002758573740720749,0.046935811173170805,37.327422202099115,56.570342905819416,0.1930940062738955,94.16070689214393,0.3398445174870479,11.887849472,2025-12-25T05:44:12.501246
17540,0.7320831339266202,0.21164197542020702,8.519043988619717e-06,0.0038271541707217693,0.04169628443196416,37.060549810528755,55.96078280126676,0.23693176079541445,93.31574159301817,0.34292177775924376,11.890247168,2025-12-25T05:59:36.832521
17550,0.7325257476714367,0.1647307327366434,8.501960218708633e-06,0.003254152834415436,0.04544831905514002,37.36425721971318,56.580364842899144,0.23482793802395463,94.24392829695717,0.3395444202959139,11.896614912,2025-12-25T06:15:04.477980
17560,0.7329683614162533,0.28378197519919013,8.48490418505061e-06,0.003116678912192583,0.042252336628735065,37.286544080358,56.816404313314706,0.20997987687587738,94.37123824702576,0.33908636354051996,11.89217536,2025-12-25T06:30:37.858746
17570,0.7334109751610699,0.22720124222178129,8.46787592269301e-06,0.0036062798462808132,0.04478754475712776,37.23070231964812,57.109750744886696,0.17617469280958176,94.58471833681688,0.33832103708389516,11.890947584,2025-12-25T06:46:12.497458
17580,0.7338535889058865,0.26514444238273427,8.450875466626106e-06,0.0036090780049562454,0.04059774801135063,36.621670230757445,55.946986509952694,0.19328978098928928,92.82042057393119,0.344751723835512,11.889101824,2025-12-25T07:01:43.897520
17590,0.7342962026507031,0.3717414451530203,8.433902851783041e-06,0.003026737365871668,0.04303945694118738,36.848928580991924,55.7565793665126,0.23731954395771027,92.90081513905898,0.34445338237453205,11.887850496,2025-12-25T07:17:16.925193
17600,0.7347388163955196,0.28466330328956246,8.416958113039755e-06,0.002791598904877901,0.0425426485016942,36.42832335596904,55.82262083282694,0.19686085311695933,92.50969321001321,0.34590969756384765,11.890305536,2025-12-25T07:32:54.082439
17610,0.7351814301403362,0.16001577454153448,8.400041285214899e-06,0.0029816324822604656,0.04587510274723172,37.167260685469955,56.34347396157682,0.25406934786587954,93.83193014608696,0.3410352952366981,11.888103424,2025-12-25T07:48:21.953445
17620,0.7356240438851528,0.31431886251084507,8.383152403069759e-06,0.003025858197361231,0.03966130968183279,37.43035337748006,56.637276210822165,0.18643757607787848,94.31020977487788,0.33930578753228563,11.887792128,2025-12-25T08:03:56.900831
17630,0.7360666576299694,0.2256366295744101,8.36629150130822e-06,0.002840799745172262,0.03823427390307188,36.85835971636698,57.06838068505749,0.23662410490214825,94.22299435501918,0.339619858390707,11.886799872,2025-12-25T08:19:32.064014
17640,0.736509271374786,0.13998056804484804,8.349458614576673e-06,0.002830290701240301,0.038335165940225124,37.877235278021544,56.44858467625454,0.1537430970929563,94.53780468693003,0.33848892626574856,11.887908864,2025-12-25T08:35:14.552137
17650,0.7369518851196025,0.24508374142169487,8.332653777463926e-06,0.0029273941181600094,0.04982999339699745,37.28456796053797,54.603432439267635,0.20252705598250031,92.15947937220335,0.3472241837517549,11.88942848,2025-12-25T08:50:55.617160
17660,0.7373944988644191,0.15977693828972406,8.31587702450116e-06,0.002657441422343254,0.038035607896745205,36.67444020556286,55.12835745839402,0.2537760930135846,92.1135524129495,0.34739730649560074,11.89135616,2025-12-25T09:06:26.077318
17670,0.7378371126092357,0.3190034876897698,8.29912839016184e-06,0.0027052885852754116,0.044035515282303095,37.30878401454538,56.72507803561166,0.17632058402523398,94.27134800795466,0.33944566059774417,11.887916032,2025-12-25T09:21:48.513672
17680,0.7382797263540523,0.239249334204942,8.282407908861656e-06,0.0027741333469748497,0.04046904016286135,36.85570096736774,55.967543761245906,0.2141664158552885,93.0989831481129,0.3437201881044244,11.886089728,2025-12-25T09:37:14.241342
17690,0.7387223400988688,0.22017570708703715,8.265715614958451e-06,0.0029235216788947582,0.04104870092123747,36.56198811111972,55.23831729218364,0.2996787363663316,92.16238529607654,0.3472132356079794,11.8865664,2025-12-25T09:52:43.692524
17700,0.7391649538436854,0.25039273615766433,8.249051542752151e-06,0.002635180950164795,0.03875869791954756,37.36498855333775,56.40879524033517,0.22360542742535472,94.05579805513844,0.34022357644810586,11.890597376,2025-12-25T10:08:12.079904
17710,0.739607567588502,0.2234011346299667,8.232415726484672e-06,0.002604223322123289,0.04255810985341668,36.29484272468835,54.85406836634502,0.215852168854326,91.42523402813822,0.35001277645240986,11.89054464,2025-12-25T10:23:37.976578
17720,0.7400501813333186,0.27451640408253297,8.215808200339894e-06,0.0027987868525087833,0.04863047692924738,36.860713926143944,55.6922544403933,0.1920066517777741,92.81455562775955,0.3447735086761461,11.8880256,2025-12-25T10:39:00.558576
17730,0.7404927950781351,0.20741456509495038,8.199228998443552e-06,0.002492463681846857,0.0461195083335042,36.8821709533222,56.0170525284484,0.22514874814078212,93.18899862188846,0.34338817320957626,11.887875072,2025-12-25T10:54:32.048622
17740,0.7409354088229517,0.2061195601476129,8.182678154863178e-06,0.002776157110929489,0.04383648419752717,37.281940238084644,56.31544733373448,0.21179253095760942,93.87162668025121,0.3408910778653012,11.887908864,2025-12-25T11:09:56.955317
17750,0.7413780225677683,0.16758404148004047,8.166155703608036e-06,0.0029532667249441147,0.04169126134365797,36.56999159511179,55.31575930863619,0.2285928255878389,92.17385201295838,0.34717004119022,11.890714112,2025-12-25T11:25:24.785118
17760,0.7418206363125849,0.34310615216963924,8.149661678629042e-06,0.0033647441305220127,0.04248145082965493,36.9314047396183,55.89779168693349,0.3023407687433064,93.19598843017593,0.3433624186943944,11.890013696,2025-12-25T11:40:53.746533
17770,0.7422632500574015,0.16398573773767566,8.133196113818718e-06,0.0029798918403685093,0.04908377630636096,36.80695509398356,55.32675115764141,0.1760346838273108,92.37736528925598,0.34640520326381063,11.887962112,2025-12-25T11:56:23.341513
17780,0.742705863802218,0.36398513991662185,8.11675904301109e-06,0.002948520239442587,0.0490777506493032,36.50892222020775,55.06109199486673,0.22667670901864767,91.8661011531949,0.3483330586397386,11.89077248,2025-12-25T12:11:47.373379
17790,0.7431484775470346,0.26915926951915026,8.100350499981632e-06,0.003149125725030899,0.0412961021065712,36.93203702010214,55.85611636051908,0.19841001788154244,93.05021013971418,0.3439003517773065,11.890539008,2025-12-25T12:27:10.529098
17800,0.7435910912918512,0.2407470984835527,8.083970518447194e-06,0.0025752014480531216,0.045589457266032696,37.587476846762,56.90475546149537,0.28685830719769,94.84257227182388,0.33740122429710456,11.887837184,2025-12-25T12:42:37.007265
17810,0.7440337050366678,0.1832582480765268,8.067619132065958e-06,0.0030459053814411163,0.048031035810709,37.06138851586729,56.19287419645116,0.22298178309574723,93.5477015376091,0.3420714723507664,11.89144832,2025-12-25T12:58:04.489701
17820,0.7444763187814843,0.2554871177744644,8.051296374437336e-06,0.0026719835586845875,0.04297982528805733,36.703619511798024,55.501481152139604,0.19624443212524056,92.4632254531607,0.3460835358399898,11.88790784,2025-12-25T13:13:33.636803
17830,0.7449189325263009,0.19120409241804737,8.035002279101912e-06,0.00368326622992754,0.041129300370812416,36.829728989396244,55.43564048362896,0.17960268259048462,92.51000828295946,0.3459085194557751,11.890655744,2025-12-25T13:29:00.974258
17840,0.7453615462711175,0.23761696712608682,8.018736879541367e-06,0.003332325257360935,0.04143990483134985,36.8723302539438,55.79313056636602,0.1974337617866695,92.92392009589821,0.34436773617574196,11.890247168,2025-12-25T13:44:29.188360
17850,0.7458041600159341,0.1923048627559183,8.002500209178432e-06,0.0026602097786962986,0.04034358821809292,36.99322425061837,56.10900977952406,0.17120455717667937,93.33307519787923,0.342858091112454,11.8880256,2025-12-25T13:59:55.008980
17860,0.7462467737607507,0.2982657867232774,7.986292301376786e-06,0.0027922717854380608,0.04041812848299742,37.13382612122223,55.958521887194365,0.19839803501963615,93.35082473792136,0.34279290075731733,11.888805888,2025-12-25T14:15:18.515177
17870,0.7466893875055672,0.23857630616453207,7.970113189441015e-06,0.0028315847739577293,0.041864206083118916,36.54226543055847,55.2322656433098,0.2491898713633418,92.08349059009925,0.3475107187502796,11.887904768,2025-12-25T14:30:43.795071
17880,0.7471320012503838,0.28614067047601566,7.953962906616546e-06,0.002568623051047325,0.037462401669472456,37.022959330584854,56.0746100647375,0.22810064582154155,93.38212924543768,0.3426779862332536,11.88939776,2025-12-25T14:46:11.688546
17890,0.7475746149952004,0.1412981579778716,7.937841486089551e-06,0.0029164236038923264,0.04516126308590174,36.645999760366976,55.25713236955926,0.19705662736669183,92.16210917197168,0.3472142758830419,11.887908864,2025-12-25T15:01:39.842645
17900,0.748017228740017,0.16442453145282343,7.921748960986895e-06,0.0029955212958157063,0.047064630314707756,36.47708959551528,55.0808399352245,0.17103455122560263,91.7948645860888,0.3486033793316308,11.887792128,2025-12-25T15:17:08.312757
17910,0.7484598424848335,0.16447605250905184,7.905685364376074e-06,0.0028638746589422226,0.04324621940031648,36.30419762292877,54.80355274165049,0.23332161037251353,91.40571461385116,0.35008752062369286,11.888019456,2025-12-25T15:32:35.661761
17920,0.7489024562296501,0.19566602729901206,7.889650729265139e-06,0.003034993540495634,0.055889681447297335,36.85508438711986,55.86792946793139,0.33465836476534605,93.13215471431613,0.3435977627507958,11.887558656,2025-12-25T15:47:59.831461
17930,0.7493450699744667,0.4809953025323921,7.873645088602631e-06,0.0027412320487201214,0.051121690310537815,36.53812045836821,55.26289905793965,0.16459793923422694,92.03511777380481,0.3476933672062719,11.88580608,2025-12-25T16:03:28.475618
17940,0.7497876837192833,0.18193182023242116,7.857668475277512e-06,0.002820190042257309,0.049032116774469614,37.959152448456734,57.45647453330457,0.25211217906326056,95.73834226373583,0.33424435020869475,11.892292096,2025-12-25T16:19:02.687804
17950,0.7502302974640999,0.29588394540405716,7.841720922119089e-06,0.003051777370274067,0.041052747052162886,36.36809082655236,55.130755920894444,0.17654629796743393,91.73612468782812,0.3488265948544682,11.887967232,2025-12-25T16:34:27.033580
17960,0.7506729112089164,0.19550064388931787,7.825802461896967e-06,0.0027896552346646786,0.05193254677578807,36.93900006171316,55.83863362297416,0.1947773201391101,93.04445811733603,0.34392161174871483,11.887967232,2025-12-25T16:49:58.133638
17970,0.751115524953733,0.2512614952838703,7.809913127320972e-06,0.0028745634481310844,0.03843697812408209,36.48078478919342,54.97024748381227,0.17792366491630673,91.68893859209493,0.34900611231155554,11.887792128,2025-12-25T17:05:22.605450
17980,0.7515581386985496,0.2726064179092873,7.794052951041059e-06,0.002805500291287899,0.04177204426378012,36.42686082329601,55.0153981060721,0.20242623100057244,91.70591258862987,0.3489415142025151,11.88790784,2025-12-25T17:20:49.127484
17990,0.7520007524433662,0.210539762294502,7.7782219656473e-06,0.002658240031450987,0.044717489276081324,36.97715736180544,55.72309303563088,0.18819981534034014,92.94776057312265,0.34427940816094627,11.892817408,2025-12-25T17:36:15.526789
18000,0.7524433661881827,0.16672429027971702,7.76242020366976e-06,0.0029615056701004505,0.04467085935175419,36.29155587032437,54.71214377367869,0.2244421332143247,91.2966587501578,0.3505057078547761,11.886380544,2025-12-25T17:51:43.148363
18010,0.7528859799329993,0.12391520766686881,7.746647697578464e-06,0.0030954256653785706,0.03979228902608156,36.5815107813105,55.93939609779045,0.20440410310402513,92.78422747319564,0.34488620395362407,11.88796416,2025-12-25T18:25:34.855463
18020,0.7533285936778159,0.2318200577283278,7.730904479783317e-06,0.0027281781658530235,0.042570007499307394,37.55842566676438,56.55422167060897,0.19983952771872282,94.37310733227059,0.3390796478421952,11.88781056,2025-12-25T18:41:11.675784
18030,0.7537712074226325,0.08685387149489543,7.715190582634047e-06,0.002904786728322506,0.05115088354796171,37.5104308007285,56.595729667227715,0.2075504520907998,94.38253024499863,0.33904579498911763,11.89042944,2025-12-25T18:56:52.244869
18040,0.7542138211674491,0.26916454992533545,7.699506038420123e-06,0.003097980748862028,0.04144052974879742,37.15671868715435,56.27627527527511,0.27469732891768217,93.76708522811532,0.3412711392505251,11.890655744,2025-12-25T19:12:29.788681
18050,0.7546564349122656,0.21585164469797746,7.683850879370718e-06,0.002822547685354948,0.04230464203283191,36.55580253293738,55.294528424274176,0.19891106197610497,92.10883830115199,0.34741508621979633,11.887966208,2025-12-25T19:28:01.440129
18060,0.7550990486570822,0.15964435106434394,7.668225137654603e-06,0.002871870528906584,0.04226842988282442,36.860868006944656,55.71964258374646,0.15932914428412914,92.80053138779476,0.34482561167972664,11.887904256,2025-12-25T19:43:31.759351
18070,0.7555416624018988,0.22985028645052807,7.65262884538011e-06,0.0034007420763373375,0.04158235527575016,36.54211326641962,55.374571554828435,0.2343555842526257,92.21116631990299,0.3470295548478826,11.887967232,2025-12-25T19:58:57.994503
18080,0.7559842761467154,0.2847053033301563,7.637062034595051e-06,0.0027275048196315765,0.03831434203311801,36.588990678079426,55.23489290429279,0.19993056217208505,92.08174982201308,0.3475172882992942,11.888786432,2025-12-25T20:14:19.587324
18090,0.756426889891532,0.27485839254768507,7.621524737286665e-06,0.002840079367160797,0.0445324438624084,37.452327240258455,56.76932455552742,0.15865554101765156,94.44455508515239,0.33882313248390444,11.887850496,2025-12-25T20:29:48.712092
18100,0.7568695036363485,0.23136193489472134,7.6060169853815475e-06,0.0031922119669616222,0.044342444743961096,36.66585041861981,55.277208496816456,0.16454706527292728,92.17490070033818,0.3471660913856845,11.890597376,2025-12-25T20:45:14.113432
18110,0.7573121173811651,0.28297466193907894,7.59053881074558e-06,0.002907743211835623,0.04493418149650097,37.166337069589645,55.79306307109073,0.2006556410342455,93.2262559919618,0.3432509399793886,11.887732736,2025-12-25T21:00:55.271014
18120,0.7577547311259817,0.17394824748771498,7.575090245183859e-06,0.003247372806072235,0.041401907335966825,36.95384977012873,56.32960164360702,0.18009395385161042,93.52160351490602,0.34216693039164636,11.888362496,2025-12-25T21:16:34.073384
18130,0.7581973448707983,0.2116816376137649,7.559671320440664e-06,0.0027690730057656765,0.043832756113260984,36.76069122552872,55.06621319428086,0.19500038074329495,92.08553663501516,0.34750299742329055,11.887870464,2025-12-25T21:32:06.580075
18140,0.7586399586156148,0.3006582666421309,7.5442820681993396e-06,0.0023750714026391506,0.04033807897940278,37.08680540136993,56.64390583941713,0.232938630040735,94.02017221599817,0.34035249293613806,11.887967744,2025-12-25T21:47:41.503942
18150,0.7590825723604314,0.17324202064992278,7.52892252008227e-06,0.0028105443343520164,0.043174914084374905,37.01991073228419,56.11528201401234,0.18710270384326577,93.38368248194456,0.34267228652272413,11.889019904,2025-12-25T22:03:18.284922
18160,0.759525186105248,0.18516582717711572,7.513592707650806e-06,0.0026759025640785694,0.03902908880263567,36.904366133734584,56.10863645141944,0.17732501775026321,93.24721328914165,0.3431737943821888,11.888202752,2025-12-25T22:18:56.162213
18170,0.7599677998500646,0.2906896985714411,7.498292662405186e-06,0.003036683890968561,0.04776536161080003,36.784970426466316,56.06182965263724,0.18220412591472268,93.10077507933602,0.3437135724458914,11.890247168,2025-12-25T22:34:37.126811
18180,0.7604104135948812,0.1641644232931867,7.483022415784493e-06,0.002739506307989359,0.044105447828769684,37.12851697951555,55.95952609879896,0.19512767298147082,93.34698543604463,0.34280699961033395,11.892690432,2025-12-25T22:50:04.009658
18190,0.7608530273396977,0.2654304037219788,7.46778199916657e-06,0.0028951806016266346,0.042389928828924894,36.99478470394388,55.79848282178864,0.19922204641625285,93.05602945107967,0.3438788457745521,11.889253376,2025-12-25T23:05:33.311000
18200,0.7612956410845143,0.1973353356042935,7.452571443867973e-06,0.0032748649828135967,0.04366106120869517,37.2142099798657,55.949257395230234,0.17097964603453875,93.40041861636564,0.34261088412716123,11.890947584,2025-12-25T23:21:09.134219
18210,0.7617382548293309,0.1695910008475039,7.437390781143888e-06,0.0034207962453365326,0.045853246469050646,36.85730823734775,56.11079724645242,0.20893234107643366,93.24166719522327,0.34319420665227385,11.89135616,2025-12-25T23:36:45.569812
18220,0.7621808685741475,0.17533173598349094,7.422240042188088e-06,0.002471453510224819,0.041488862596452236,36.81877605943009,55.86683208635077,0.2464755461551249,92.99035776173696,0.34412170003680903,11.887850496,2025-12-25T23:52:21.183514
18230,0.762623482318964,0.19394653249764815,7.407119258132846e-06,0.002949116751551628,0.04565746337175369,36.75495699653402,55.606573736295104,0.2284579281695187,92.65542588522658,0.34536563503187384,11.88685824,2025-12-26T00:07:52.756924
18240,0.7630660960637806,0.19701920481020352,7.3920284600488925e-06,0.0027509471401572227,0.04009178467094898,37.00819044839591,56.4274648767896,0.1980095379985869,93.6909971437417,0.34154829146396287,11.88779008,2025-12-26T00:23:25.118613
18250,0.7635087098085972,0.31158886453778223,7.376967678945331e-06,0.0028075394220650196,0.042726230807602406,36.59747669938952,55.0106679094024,0.18197061587125063,91.85144631005824,0.34838863497020217,11.887209472,2025-12-26T00:38:55.376583
18260,0.7639513235534138,0.21585667980252765,7.361936945769592e-06,0.0024238377809524536,0.038614044431596994,37.38742680847645,56.777247660793364,0.22939977562054992,94.45080001512542,0.3388007300613176,11.890271232,2025-12-26T00:54:27.965999
18270,0.7643939372982304,0.26691543907509185,7.346936291407368e-06,0.0030246605165302753,0.0490075321868062,37.06002649245784,56.36177752027288,0.1743781347759068,93.66584934107959,0.34163999179117643,11.889019904,2025-12-26T01:09:56.629304
18280,0.7648365510430469,0.18423893355065957,7.331965746682527e-06,0.0029725185595452785,0.0428742659278214,37.24331850092858,56.08407011954114,0.19274885021150112,93.58040791098028,0.341951918295125,11.892116992,2025-12-26T01:25:29.102416
18290,0.7652791647878635,0.1591799054585863,7.317025342357088e-06,0.002788627054542303,0.047314051538705826,37.35914108157158,57.098206750582904,0.17689056415110826,94.70044987974688,0.3379075816496589,11.891129856,2025-12-26T01:41:05.853037
18300,0.7657217785326801,0.27025611984936404,7.302115109131123e-06,0.0030012554489076138,0.04409910924732685,37.26021870877594,56.56440083263442,0.1748044271953404,94.06483467342332,0.34019089185771084,11.887850496,2025-12-26T01:56:46.153761
18310,0.7661643922774967,0.2408116161586804,7.287235077642708e-06,0.0031628520227968693,0.040364010725170374,37.05328895011917,57.17204225668684,0.16937811626121402,94.45099654281512,0.3388000251060796,11.887908864,2025-12-26T02:12:18.907522
18320,0.7666070060223132,0.25941026012878865,7.272385278467868e-06,0.0028653456829488277,0.04678537230938673,37.090666024480015,56.03923277044669,0.24346081912517548,93.43925986206159,0.3424684661162723,11.890539008,2025-12-26T02:27:57.462856
18330,0.7670496197671298,0.2935777809470892,7.257565742120492e-06,0.0030549289658665657,0.03844572650268674,37.374310929793864,57.14124654047191,0.15615495573729277,94.7270157081075,0.33781281676396335,11.890954752,2025-12-26T02:43:33.003502
18340,0.7674922335119464,0.3229698133694896,7.242776499052296e-06,0.00393639225512743,0.04343636427074671,36.60034162271768,55.204134427942336,0.16549625201150775,92.03348090313375,0.34769955114139767,11.888032768,2025-12-26T02:59:06.767617
18350,0.767934847256763,0.16376206958739203,7.228017579652741e-06,0.0029766745865345,0.043542136903852224,36.51920734299347,56.03071121266112,0.22755023278295994,92.84074594592676,0.34467624827829113,11.887732736,2025-12-26T03:14:42.562368
18360,0.7683774610015796,0.27864739554934204,7.213289014248977e-06,0.0026662596501410007,0.03847203543409705,36.84389355080202,56.16746753081679,0.21972011076286435,93.29013279080391,0.3430159122161139,11.887908864,2025-12-26T03:30:17.504614
18370,0.7688200747463961,0.23777382938897063,7.198590833105795e-06,0.002756867092102766,0.04428056813776493,36.948970852419734,56.227247830946,0.24931477010250092,93.48991129267961,0.34228292184191694,11.891825152,2025-12-26T03:45:51.261957
18380,0.7692626884912127,0.32612439373042434,7.183923066425532e-06,0.003317013382911682,0.03994626319035888,36.81126922229305,55.95598675031215,0.21836428996175528,93.04749907925725,0.34391037176337874,11.888897024,2025-12-26T04:01:27.065474
18390,0.7697053022360293,0.28783965096806696,7.169285744348044e-06,0.0031660934910178185,0.04585421737283468,37.49194463994354,56.475846372544765,0.20006416831165552,94.23675046721473,0.3395702827330926,11.885747712,2025-12-26T04:17:02.500183
18400,0.7701479159808459,0.1813601461763028,7.154678896950619e-06,0.0024252296425402164,0.05063321441411972,37.16537437494844,55.92606524610892,0.24816245678812265,93.40868026064709,0.34258058149100673,11.887995392,2025-12-26T04:32:37.358379
18410,0.7705905297256624,0.16987094380965573,7.140102554247928e-06,0.0037912409752607346,0.05117505509406328,36.87696937704459,56.11576894111931,0.1586367296986282,93.21722946083173,0.3432841780976321,11.8887936,2025-12-26T04:48:11.287219
18420,0.771033143470479,0.23283658400760032,7.125556746191953e-06,0.003433410543948412,0.04794261371716857,36.67372004408389,55.341690556146204,0.2768391380086541,92.3616822748445,0.34646402287017974,11.889457152,2025-12-26T05:03:40.303396
18430,0.7714757572152956,0.1990937895661773,7.11104150267195e-06,0.003779415972530842,0.04353759717196226,37.06823778664693,56.087894681841135,0.21813909569755197,93.43978015473112,0.3424665591786471,11.889063936,2025-12-26T05:19:06.597932
18440,0.7719183709601122,0.10124202966653684,7.096556853514354e-06,0.002949316520243883,0.0412164032459259,37.08238812396303,56.25652928650379,0.18746033078059554,93.58410216588527,0.3419384196610387,11.889603584,2025-12-26T05:34:37.698664
18450,0.7723609847049288,0.17363488343539757,7.0821028284827326e-06,0.0029667476192116737,0.05366420978680253,37.48696599388495,56.131566263735294,0.19285666663199663,93.88266597315669,0.34085099382616135,11.887908864,2025-12-26T05:50:13.145244
18460,0.7728035984497453,0.20686106476932764,7.067679457277742e-06,0.003053938038647175,0.04307194193825126,37.156779216602445,56.542880279012024,0.16427864925935864,93.92823984427378,0.34068561332623376,11.88773376,2025-12-26T06:05:46.111032
18470,0.7732462121945619,0.21547467846107793,7.05328676953703e-06,0.003118051216006279,0.048318179324269295,36.884464650414884,55.45335391815752,0.19374035904183984,92.59702054131776,0.34558347356026714,11.889545216,2025-12-26T06:21:19.030711
18480,0.7736888259393785,0.14844408895578454,7.038924794835213e-06,0.0029831016436219215,0.05115975206717849,36.956696952693164,55.94962278800085,0.20603792881593108,93.18362267501652,0.3434079839501617,11.894278144,2025-12-26T06:36:51.711008
18490,0.7741314396841951,0.3332868003635667,7.024593562683781e-06,0.003305666148662567,0.05304453754797578,36.878249279689044,56.7861117082648,0.18078714702278376,93.9182410389185,0.3407218836939207,11.888202752,2025-12-26T06:52:25.380264
18500,0.7745740534290116,0.2278523130571557,7.010293102531061e-06,0.0024187383241951466,0.04765236657112837,36.8084906428121,55.33698153588921,0.24015743425115943,92.44996196776628,0.3461331872819716,11.89053184,2025-12-26T07:08:00.658085
18510,0.7750166671738282,0.22112307453062385,6.996023443762151e-06,0.002794194035232067,0.04833543952554464,36.790321465115994,55.59934244817123,0.25366517808288336,92.71000587334856,0.3451623122936191,11.891531264,2025-12-26T07:41:29.996208
18520,0.7754592809186448,0.2537825924518984,6.98178461569885e-06,0.002994077280163765,0.04294983530417085,37.22271755896509,56.34898927761242,0.2569352639839053,93.88757233507931,0.340833181688774,11.888595968,2025-12-26T07:57:00.993102
18530,0.7759018946634614,0.22764348888267705,6.967576647599609e-06,0.003006590064615011,0.04246462695300579,36.452504851389676,55.08930803928524,0.20545395417138934,91.8100022887811,0.34854590134249785,11.88773376,2025-12-26T08:12:35.108711
18540,0.776344508408278,0.17737988918088377,6.953399568659473e-06,0.0027466132305562496,0.051424193661659956,36.39334415877238,54.9191837660037,0.26213275408372283,91.64723063679412,0.34916494232999534,11.885689344,2025-12-26T08:28:03.304288
18550,0.7767871221530945,0.18632941321118324,6.939253408010007e-06,0.0027023935690522194,0.04734923550859094,36.73203636519611,55.474519785959274,0.21710649691522121,92.49469952471554,0.3459657706272052,11.887754752,2025-12-26T08:43:28.975804
18560,0.7772297358979111,0.20125439655976152,6.925138194719247e-06,0.002566993236541748,0.049738481640815735,36.38347121467814,54.93922763410956,0.23974843556061387,91.63110087485984,0.3492264056032924,11.887967232,2025-12-26T08:58:54.747791
18570,0.7776723496427277,0.283241109107621,6.911053957791631e-06,0.003319154027849436,0.038776141591370106,36.29954498074949,54.612378175370395,0.19551871297881007,91.16739340312779,0.3510026864374751,11.889915904,2025-12-26T09:14:18.147488
18580,0.7781149633875443,0.3022395890657208,6.897000726167956e-06,0.0029339860193431377,0.04864663304761052,36.67692975886166,56.04129601549357,0.15073748771101236,92.93469751998782,0.34432780063783647,11.887604736,2025-12-26T09:29:44.530793
18590,0.7785575771323608,0.2570262493093196,6.882978528725301e-06,0.0028298585675656796,0.04111430887132883,37.18923815153539,56.29634647862986,0.22230250015854836,93.76577869523317,0.34127589452447865,11.887908864,2025-12-26T09:45:18.044563
18600,0.7790001908771774,0.32983026569490903,6.868987394276972e-06,0.002680431120097637,0.046791944187134504,36.88776522362605,55.899969243910164,0.22370492108166218,93.07671983074397,0.34380240363208575,11.888080896,2025-12-26T10:00:56.174484
18610,0.779442804621994,0.17641826608087285,6.855027351572458e-06,0.002466397825628519,0.041976931504905224,37.30526481755078,56.851511703804135,0.20823697093874216,94.42111084144562,0.33890726040848246,11.890714112,2025-12-26T10:16:28.816158
18620,0.7798854183668106,0.2002633008705743,6.841098429297352e-06,0.0031801341101527214,0.038495530374348164,37.25206432957202,56.62811316829175,0.16092284116894007,94.09797518281266,0.34007107950867915,11.887908864,2025-12-26T10:32:00.860742
18630,0.7803280321116272,0.30331464478513226,6.827200656073293e-06,0.0029485607519745827,0.05174714606255293,37.11431595683098,55.94779969146475,0.19849255494773388,93.33512035058811,0.3428505784296486,11.888086016,2025-12-26T10:47:37.734530
18640,0.7807706458564437,0.2190623787282675,6.813334060457928e-06,0.0027216081507503986,0.04866791795939207,36.43978826701641,54.76847417745739,0.21693658037111163,91.4908597911708,0.34976171470068657,11.887812096,2025-12-26T11:03:06.415553
18650,0.7812132596012603,0.26545819472539733,6.799498670944829e-06,0.0028483555652201176,0.046688356436789036,37.105612981598824,56.000777629669756,0.17740329913794994,93.34768932778388,0.34280441466134465,11.887850496,2025-12-26T11:18:33.301822
18660,0.7816558733460769,0.19353314724867232,6.785694515963447e-06,0.003094935789704323,0.04120615404099226,36.92608042946085,56.14476449601352,0.20766388112679124,93.34067134233192,0.3428301890248709,11.888750592,2025-12-26T11:34:05.128791
18670,0.7820984870908935,0.1877322183972865,6.771921623879051e-06,0.002630125731229782,0.04872340150177479,37.04640516359359,56.340188330970705,0.20630436297506094,93.65823538182303,0.3416677654617704,11.889603584,2025-12-26T11:49:37.243861
18680,0.78254110083571,0.2505377281740948,6.7581800229926715e-06,0.002648161258548498,0.04418701818212867,36.75574145046994,56.77635056897998,0.19020647881552577,93.78499055095017,0.3412059841560201,11.885745152,2025-12-26T12:05:14.726791
18690,0.7829837145805266,0.248076122807106,6.7444697415410345e-06,0.002731474582105875,0.056817020289599895,36.96283498685807,55.96090626716614,0.2505138888955116,93.24940763553604,0.3431657188115504,11.889837056,2025-12-26T12:20:50.014726
18700,0.7834263283253432,0.13926423939437882,6.730790807696526e-06,0.0033414745703339577,0.05203359853476286,36.72968683158979,55.98933298513293,0.24874524911865592,93.03713857661933,0.3439486692042542,11.88773376,2025-12-26T12:36:24.199186
18710,0.7838689420701598,0.1748940845254765,6.717143249567097e-06,0.00358383497223258,0.05048045702278614,36.5289997975342,55.12727946648374,0.21438547689467669,91.94283263199031,0.3480423550586369,11.887847936,2025-12-26T12:51:58.617546
18720,0.7843115558149764,0.16963360863701382,6.70352709519624e-06,0.002890259027481079,0.0488808723166585,37.465138035826385,57.05787315731868,0.22550518391653895,94.81931396573782,0.33748398571585253,11.900763136,2025-12-26T13:07:32.667737
18730,0.7847541695597929,0.2878068375400744,6.689942372562914e-06,0.0028787623159587383,0.04222876159474254,36.48414504574612,55.1854028343223,0.26386083709076047,91.99612003285438,0.3478407566381268,11.889486848,2025-12-26T13:22:58.312952
18740,0.7851967833046095,0.18790459935553372,6.676389109581486e-06,0.0026337746530771255,0.03835790324956179,37.106360484845936,56.71028228616342,0.2181235388852656,94.08731605717912,0.34010960606584667,11.895856128,2025-12-26T13:38:30.450928
18750,0.7856393970494261,0.29176317165547516,6.6628673341016936e-06,0.002553636208176613,0.04171155532822013,37.90802559442818,57.03839323995635,0.23323774710297585,95.2367968801409,0.33600458066931005,11.891122688,2025-12-26T13:54:11.961965
18760,0.7860820107942427,0.2891128963092342,6.649377073908556e-06,0.00279430765658617,0.045622547157108784,36.96118777617812,55.965319191105664,0.21280211303383112,93.20019828900695,0.3433469089923002,11.88715008,2025-12-26T14:09:44.638052
18770,0.7865246245390592,0.26541894259571563,6.635918356722335e-06,0.003233490977436304,0.03914895327761769,37.11692228447646,55.842283592093736,0.20973083516582847,93.22706087818369,0.34324797648413696,11.892233728,2025-12-26T14:25:16.980519
18780,0.7869672382838758,0.18524880093445972,6.622491210198495e-06,0.00321063119918108,0.04618442850187421,37.223031256347895,55.854280272033066,0.24497754499316216,93.38871543481946,0.3426538190509148,11.88580608,2025-12-26T14:40:53.444277
18790,0.7874098520286924,0.27231563132590964,6.6090956619276106e-06,0.002716509625315666,0.058250549249351025,36.83942187484354,55.358548920601606,0.2137961178086698,92.48778704134747,0.3459916279075217,11.892000256,2025-12-26T14:56:34.125987
18800,0.787852465773509,0.16650469100568444,6.595731739435326e-06,0.0025497255846858025,0.04060895508155227,37.06240293709561,56.184083262924105,0.28654685197398067,93.5917333709076,0.3419105389701757,11.88627456,2025-12-26T15:12:07.598571
18810,0.7882950795183256,0.292680331345764,6.582399470182313e-06,0.0024537737481296062,0.050058604683727026,37.41947602573782,56.817207572516054,0.28091594902798533,94.58490481693298,0.3383203700625941,11.895095296,2025-12-26T15:27:38.854986
18820,0.7887376932631421,0.2658526862360304,6.56909888156419e-06,0.002757198642939329,0.052608612924814224,37.29925901303068,56.00807883404195,0.20052724238485098,93.5774977686815,0.341962552569019,11.889778688,2025-12-26T15:43:09.933077
18830,0.7891803070079587,0.15174720816067122,6.555830000911478e-06,0.002408366184681654,0.03773454762995243,37.392579486593604,57.82771504716948,0.22914066025987267,95.5070631322451,0.3350537536233397,11.8880256,2025-12-26T15:58:46.039456
18840,0.7896229207527753,0.18481790041550994,6.5425928554895425e-06,0.0027448823675513268,0.0401472607627511,37.25210918672383,56.578637975268066,0.2641357989050448,94.15868359990418,0.33985182010374415,11.888022528,2025-12-26T16:14:22.171563
18850,0.7900655344975919,0.20527243717697274,6.5293874724985526e-06,0.002774994820356369,0.0407927050255239,37.54666188638657,56.914302427787334,0.2509743473492563,94.7676787530072,0.33766786757963685,11.890714112,2025-12-26T16:29:53.974412
18860,0.7905081482424084,0.16601314879881102,6.516213879073392e-06,0.0030181375332176685,0.04341024160385132,37.5523022711277,57.20992528041825,0.2541226129978895,95.07935252087191,0.3365609793459135,11.891181056,2025-12-26T16:45:35.019480
18870,0.790950761987225,0.24433484932797,6.503072102283632e-06,0.0029925815761089325,0.04793010000139475,36.69790848065168,55.58435660600662,0.27643123688176274,92.62576917698607,0.3454762134158964,11.887754752,2025-12-26T17:01:05.114499
18880,0.7913933757320416,0.27400427911271663,6.489962169133469e-06,0.002656760159879923,0.0486960057169199,36.762103667948395,55.67108541354537,0.24227757705375552,92.74083419609815,0.34504757561633326,11.89077248,2025-12-26T17:16:33.268040
18890,0.7918359894768582,0.2631091271993,6.476884106561651e-06,0.002681773155927658,0.04667141241952777,36.626317870337516,55.23840961931273,0.2067761360667646,92.13644612487406,0.34731098654087295,11.89077248,2025-12-26T17:31:59.569867
18900,0.7922786032216748,0.269684099788833,6.4638379414414525e-06,0.002805597148835659,0.04511392954736948,37.36093357484788,57.39529072865844,0.25019401405006647,95.06954352976754,0.3365957047009527,11.886741504,2025-12-26T17:47:32.174788
18910,0.7927212169664913,0.23081071116030216,6.4508237005806e-06,0.0027950406074523926,0.04619248118251562,37.113841644488275,56.16763582918793,0.19832503236830235,93.54675989877433,0.3420749156317842,11.887998976,2025-12-26T18:03:05.576860
18920,0.7931638307113079,0.14379951518640155,6.437841410721214e-06,0.0029778764583170414,0.04744861787185073,37.22244693990797,56.520081944298,0.17927895486354828,93.99090969981626,0.34045845605920927,11.887789568,2025-12-26T18:18:40.822356
18930,0.7936064444561245,0.2718274534563534,6.42489109853977e-06,0.002907632850110531,0.047970124520361423,37.15926571097225,56.11673644557595,0.3137675290927291,93.65761932497844,0.34167001286851645,11.887070208,2025-12-26T18:34:11.300326
18940,0.7940490582009411,0.11760987039633619,6.411972790647025e-06,0.0032538119703531265,0.04939592536538839,36.59359450824559,56.14556936174631,0.26911035599187016,93.07643827190623,0.3438034436440048,11.886449664,2025-12-26T18:49:46.785250
18950,0.7944916719457576,0.3161975423427066,6.3990865135879865e-06,0.002583917696028948,0.039937435649335384,37.311425840482116,55.930033032316715,0.26127692172303796,93.56034373492002,0.34202525047005006,11.886851072,2025-12-26T19:05:21.881811
18960,0.7949342856905742,0.2216833151760511,6.386232293841834e-06,0.0027060480788350105,0.0478346748277545,37.41540497355163,56.9554339107126,0.2567960391752422,94.69245068868622,0.3379361265577989,11.891890688,2025-12-26T19:20:58.776898
18970,0.7953768994353908,0.1914963743865883,6.373410157821872e-06,0.0025384509935975075,0.05343956500291824,36.490850031841546,55.61117428261787,0.2113576647825539,92.38629758404568,0.3463717113556689,11.886836224,2025-12-26T19:36:29.089569
18980,0.7958195131802074,0.20073204999789596,6.360620131875489e-06,0.003253861330449581,0.048923257272690535,37.3148223166354,56.795447232201695,0.1617362038232386,94.34123620390892,0.3391941985033488,11.890830848,2025-12-26T19:52:07.667359
18990,0.796262126925024,0.21171607992801,6.347862242284081e-06,0.0028265039436519146,0.046969127375632524,37.21656932728365,57.251913954503834,0.16730842972174287,94.70014226390049,0.33790867927976004,11.887963136,2025-12-26T20:07:45.583577
19000,0.7967047406698405,0.1966858199566559,6.335136515263013e-06,0.002535246778279543,0.047322455793619156,36.81089474260807,56.21391662210226,0.17266718903556466,93.26331490511075,0.34311454651336254,11.887908864,2025-12-26T20:23:19.938680
19010,0.7971473544146571,0.25846838012876105,6.322442976961561e-06,0.0026513286866247654,0.04071068577468395,36.691865084692836,55.26276293117553,0.21941302111372352,92.2327591930516,0.3469483107734105,11.888238592,2025-12-26T20:56:49.858595
19020,0.7975899681594737,0.42213684142916463,6.309781653462868e-06,0.0032579293474555016,0.05020107654854655,36.39178996812552,54.98552228976041,0.18391039175912738,91.62814994622022,0.34923765260765305,11.889778688,2025-12-26T21:12:14.372222
19030,0.7980325819042903,0.126332940440534,6.297152570783868e-06,0.0033307699486613274,0.04690484935417771,36.424395717680454,55.03456112137064,0.2659439709968865,91.79474047478288,0.34860385066169214,11.891122688,2025-12-26T21:27:38.313205
19040,0.7984751956491069,0.25422623745544115,6.28455575487525e-06,0.002861056011170149,0.04638820933178067,36.883997899945825,55.52993078017607,0.3052911488339305,92.78685911092907,0.3448764222285311,11.88768256,2025-12-26T21:43:03.887116
19050,0.7989178093939234,0.2181926307325739,6.271991231621402e-06,0.0032330304384231567,0.04381128493696451,36.38297716807574,54.813856082968414,0.162130915094167,91.41913588996977,0.35003612414926516,11.888823808,2025-12-26T21:58:31.494296
19060,0.79936042313874,0.20362824236360666,6.259459026840354e-06,0.0029249954968690872,0.04361111391335726,36.59564460394904,55.321128093637526,0.22639709105715156,92.20745012909174,0.34704354100671414,11.888142336,2025-12-26T22:13:53.552364
19070,0.7998030368835566,0.15041199803818017,6.246959166283716e-06,0.0031422581523656845,0.052310544066131115,36.47908967919648,54.92427837662399,0.19789921399205923,91.67463598959148,0.3490605624399011,11.887767552,2025-12-26T22:29:18.676053
19080,0.8002456506283732,0.21487668842019048,6.234491675636663e-06,0.0033635739237070084,0.04580362280830741,36.81743969907984,55.515881875064224,0.19702448602765799,92.5975674209185,0.3455814325503648,11.8879744,2025-12-26T22:44:42.023093
19090,0.8006882643731897,0.14884932141831086,6.222056580517831e-06,0.0033096675761044025,0.0365032353438437,37.181211604271084,56.6731507522054,0.204106489662081,94.11451166216284,0.3400113269977797,11.887908864,2025-12-26T23:00:17.450634
19100,0.8011308781180063,0.1564716984048573,6.209653906479292e-06,0.0029949964955449104,0.04203873313963413,37.44150206120685,56.418854472227395,0.247621881775558,94.16901126364246,0.33981454801952266,11.890742784,2025-12-26T23:15:53.104121
19110,0.8015734918628229,0.3079707542001415,6.1972836790065125e-06,0.0032134992070496082,0.03956513153389096,36.96944306045771,55.684330181684345,0.20684722997248173,92.92050805315375,0.3443803813652729,11.887886336,2025-12-26T23:31:27.227777
19120,0.8020161056076395,0.17780308906367281,6.184945923518271e-06,0.003286065999418497,0.03799450816586614,36.767764097079635,56.7364055220969,0.25642643589526415,93.81605154834688,0.3410930163001927,11.887850496,2025-12-26T23:47:04.461439
19130,0.802458719352456,0.22674549729708815,6.172640665366629e-06,0.0041266512125730515,0.03929429268464446,36.47903587622568,55.17108382936567,0.19993725372478366,91.90899127721786,0.34817050601154914,11.891122688,2025-12-27T00:02:38.104794
19140,0.8029013330972726,0.18518311165098567,6.160367929836868e-06,0.0037079635076224804,0.043194896541535854,36.70103360526264,55.68850660696626,0.21392712881788611,92.66420034924522,0.3453329320211487,11.887814144,2025-12-27T00:18:09.979923
19150,0.8033439468420892,0.19353512408633833,6.148127742147443e-06,0.0030593648552894592,0.04510586662217975,37.29184817802161,56.627809510566294,0.16614900575950742,94.15430799918249,0.33986761392030884,11.88783104,2025-12-27T00:33:44.488784
19160,0.8037865605869058,0.2937341691686015,6.13592012744993e-06,0.002814945764839649,0.039323740638792515,37.07598714111373,55.28505461104214,0.2215328747406602,92.63986951671541,0.3454236298792077,11.891005952,2025-12-27T00:49:07.048779
19170,0.8042291743317224,0.3782227635674644,6.123745110828966e-06,0.0031949318945407867,0.04359022667631507,37.122938063926995,56.8384350608103,0.1918475260026753,94.21457033790648,0.3396502248561978,11.88773376,2025-12-27T01:04:39.017203
19180,0.8046717880765389,0.09570546451732298,6.1116027173022075e-06,0.0026229755021631718,0.04898630687966943,37.50213936064392,56.705937289167196,0.1753170546144247,94.45520955696702,0.33878491350654866,11.887967232,2025-12-27T01:20:16.847102
19190,0.8051144018213555,0.2478858840186149,6.099492971820285e-06,0.004288922064006329,0.040576810017228127,37.095180148258805,56.709910145029426,0.16599260503426194,94.03445143718272,0.3403008100852991,11.892350464,2025-12-27T01:35:51.995420
19200,0.8055570155661721,0.10170005508734903,6.087415899266731e-06,0.0027248295955359936,0.049453080631792545,37.725932880770415,57.22916218498722,0.16707769501954317,95.18770525883883,0.3361778699568827,11.898134016,2025-12-27T01:51:26.534106
19210,0.8059996293109887,0.31065207881329115,6.075371524457944e-06,0.0030457451939582825,0.0445389267988503,36.70518524432555,55.111556849908084,0.21587614389136434,92.09540165495127,0.3474657738058695,11.888118784,2025-12-27T02:07:00.583365
19220,0.8064422430558053,0.1899546897620894,6.063359872143135e-06,0.003410517703741789,0.038542643655091524,36.931042377837,55.65811188798398,0.27000912884250283,92.9174294010736,0.34439179179046747,11.890156032,2025-12-27T02:22:34.566814
19230,0.8068848568006218,0.18883792299311608,6.051380967004274e-06,0.003238980658352375,0.041729362681508064,37.27151215262711,56.272636108100414,0.2167882239446044,93.81917953398079,0.34108164406202013,11.889338368,2025-12-27T02:38:12.447650
19240,0.8073274705454384,0.2255655641965859,6.039434833656044e-06,0.003359215334057808,0.040254960767924786,36.78105771401897,55.7069765785709,0.23399529187008739,92.776793690864,0.34491383811586857,11.887845376,2025-12-27T02:53:38.792589
19250,0.807770084290255,0.14968030320233083,6.027521496645782e-06,0.0033396552316844463,0.04060561303049326,36.75169166363776,56.11796287680045,0.17377304518595338,93.10446697194129,0.34369994309342616,11.892934144,2025-12-27T03:09:12.929424
19260,0.8082126980350716,0.12996479528078453,6.01564098045344e-06,0.002988133579492569,0.03898910479620099,36.86146967764944,55.85657128319144,0.20519162714481354,92.98305285722017,0.3441487348144774,11.889019904,2025-12-27T03:24:45.839941
19270,0.8086553117798881,0.23518680976121686,6.003793309491529e-06,0.0037301303818821907,0.04136772966012359,36.67680796748027,55.45392486685887,0.25191239127889276,92.44337295787409,0.34615785833109114,11.887908864,2025-12-27T03:40:18.111300
19280,0.8090979255247047,0.2905397454742342,5.9919785081050625e-06,0.0028281882405281067,0.03929278580471873,37.101846429053694,57.29175945231691,0.19353556912392378,94.64371951809153,0.33811012672513435,11.894453248,2025-12-27T03:55:54.292130
19290,0.8095405392695213,0.24711511738132685,5.980196600571511e-06,0.0028317486867308617,0.04171751253306866,37.22462430456653,56.38896737899631,0.25323497597128153,93.92345330072567,0.3407029754063862,11.890830848,2025-12-27T04:11:27.630819
19300,0.8099831530143379,0.22044087551194025,5.968447611100763e-06,0.003052198328077793,0.04310575686395168,37.02003438025713,56.185662172269076,0.1944111678749323,93.4641940719448,0.3423771029937705,11.889019904,2025-12-27T04:26:58.192406
19310,0.8104257667591545,0.11640379309756099,5.956731563835063e-06,0.003030356951057911,0.03997382894158363,36.55649427417666,55.2389139267616,0.20535657927393913,92.05906547792256,0.34760292029766676,11.88773376,2025-12-27T04:42:25.395343
19320,0.810868380503971,0.14019316145731864,5.945048482848957e-06,0.0026026866398751736,0.04056320991367102,37.1555774891749,57.02274024672806,0.16129224700853229,94.39345132606104,0.33900656825718944,11.887967232,2025-12-27T04:57:51.478166
19330,0.8113109942487876,0.21265958368167048,5.933398392149261e-06,0.0029362188652157784,0.03841100912541151,36.61855617444962,55.9865608504042,0.21284953504800797,92.87326875515282,0.3445555478871262,11.89026304,2025-12-27T05:13:23.799731
19340,0.8117536079936042,0.17422621525656723,5.921781315674991e-06,0.0027970564551651478,0.041284645441919565,37.06321094976738,55.81065080873668,0.19366822484880686,93.12753767892718,0.3436147974869192,11.888367616,2025-12-27T05:29:02.710369
19350,0.8121962217384208,0.21188489207997918,5.910197277297331e-06,0.0031578298658132553,0.0405900189653039,37.37612830474973,56.417653368320316,0.20183386094868183,94.05839691171423,0.34021417598724407,11.89977088,2025-12-27T05:44:36.159290
19360,0.8126388354832373,0.19774136006526533,5.898646300819579e-06,0.0027962257154285908,0.03944455226883292,36.874632633756846,56.00623413734138,0.19682109402492642,93.1348849479109,0.34358769023977614,11.88826112,2025-12-27T06:00:09.192596
19370,0.8130814492280539,0.16658840367745142,5.887128409977089e-06,0.0028981799259781837,0.04516126587986946,37.449033761862665,56.320907859597355,0.20962725998833776,94.04609375819564,0.34025868296322903,11.891122688,2025-12-27T06:15:44.134641
19380,0.8135240629728705,0.2607732794913318,5.875643628437236e-06,0.003306133206933737,0.054300477262586355,36.59961527772248,55.555799392517656,0.1595465620048344,92.39228988811374,0.3463492466606437,11.888086016,2025-12-27T06:31:09.726724
19390,0.8139666767176871,0.08333031828533422,5.864191979799359e-06,0.0036114146932959557,0.04261731123551726,37.353140104562044,56.36049973173067,0.1572207110002637,93.93332545971498,0.34066716837065225,11.887908864,2025-12-27T06:46:34.877093
19400,0.8144092904625037,0.20919055814738385,5.852773487594713e-06,0.0032062274403870106,0.03768179565668106,36.917830577120185,55.42913578962907,0.29231840185821056,92.69295632001013,0.34522580000064135,11.891764736,2025-12-27T07:01:57.158500
19410,0.8148519042073202,0.2436799022834748,5.841388175286423e-06,0.0029124636203050613,0.04530158266425133,37.63679516175762,56.55999069288373,0.1843184339813888,94.44113975111395,0.33883538555688125,11.890889216,2025-12-27T07:17:32.922692
19420,0.8152945179521368,0.16023668640482924,5.830036066269425e-06,0.0029566423036158085,0.04823151184245944,37.25219753803685,56.93835918372497,0.1735451086424291,94.43436693679541,0.3388596867644328,11.895972864,2025-12-27T07:33:14.461060
19430,0.8157371316969534,0.16474803952223738,5.818717183870454e-06,0.003027108032256365,0.043135864194482565,37.7361697871238,57.1957126641646,0.20123215857893229,95.19454082427546,0.3361537302760928,11.891589632,2025-12-27T07:48:48.065014
19440,0.81617974544177,0.27958338277949224,5.807431551347944e-06,0.0027242442592978477,0.038407390005886555,37.062250663526356,57.13676355173811,0.18586957501247525,94.4413123712875,0.33883476623233366,11.89135616,2025-12-27T08:04:23.767756
19450,0.8166223591865865,0.12435771343098168,5.796179191892011e-06,0.0026639560237526894,0.04214154230430722,36.827639683149755,55.9457412911579,0.1848621517419815,93.01968082599342,0.344013220813567,11.890539008,2025-12-27T08:19:52.474529
19460,0.8170649729314031,0.27990814215263526,5.784960128624413e-06,0.0031285062432289124,0.041480643674731255,37.17892147647217,56.77908454788849,0.16371565870940685,94.18082003016025,0.33977194071736044,11.888377856,2025-12-27T08:35:24.507086
19470,0.8175075866762197,0.18686137575423345,5.773774384598474e-06,0.0030253431759774685,0.04204653389751911,37.43431786401197,57.058740553911775,0.17814217694103718,94.73236734094098,0.3377937329997494,11.892583936,2025-12-27T08:51:02.292634
19480,0.8179502004210363,0.1678211087710224,5.76262198279906e-06,0.0026486236602067947,0.04021283518522978,36.45555246807635,55.14587462833151,0.21584292221814394,91.87409600708634,0.3483027468105026,11.887792128,2025-12-27T09:06:31.580018
19490,0.8183928141658529,0.3272544996682427,5.751502946142527e-06,0.0031728059984743595,0.04455219302326441,37.13375508086756,55.73020353214815,0.21046005003154278,93.13708193507046,0.34357958543631917,11.887908864,2025-12-27T09:22:01.818366
19500,0.8188354279106694,0.20131923725057277,5.740417297476666e-06,0.003682951908558607,0.043932605534791946,37.02341652195901,55.618658129591495,0.1636638785712421,92.86966516496614,0.34456891755943986,11.8878464,2025-12-27T09:37:37.213701
19510,0.819278041655486,0.13541183316010574,5.72936505958066e-06,0.004047804977744818,0.043839083053171635,36.97486924845725,56.06489647179842,0.1975732478313148,93.29994546389207,0.3429798360641517,11.887967232,2025-12-27T10:11:14.916882
19520,0.8197206554003026,0.18634029353233927,5.718346255165047e-06,0.0031070252880454063,0.03976944135501981,37.56725903181359,56.798293189611286,0.2088971990160644,94.63254500180483,0.33815005185995684,11.89772544,2025-12-27T10:26:40.218606
19530,0.8201632691451192,0.3062852580478648,5.707360906871655e-06,0.0031842454336583614,0.04710333328694105,37.1342574278824,55.96980462037027,0.17907303012907505,93.35022076405585,0.34279511861981027,11.887908864,2025-12-27T10:42:05.124725
19540,0.8206058828899357,0.09847498336966964,5.696409037273573e-06,0.0026293694972991943,0.04130904655903578,37.54532235255465,56.85655512847006,0.20803732704371214,94.66707933461294,0.3380266954987794,11.887675392,2025-12-27T10:57:34.579643
19550,0.8210484966347523,0.11279086048580211,5.6854906688750855e-06,0.003109283745288849,0.050776112359017134,37.182933256495744,55.81846209289506,0.15417469991371036,93.22671609837562,0.343249245916081,11.8880256,2025-12-27T11:13:05.439163
19560,0.8214911103795689,0.21787830666289665,5.6746058241116514e-06,0.0029765195213258266,0.039191982708871365,37.181638956069946,56.61495774658397,0.221469484269619,94.07499219104648,0.3401541605766466,11.897081856,2025-12-27T11:28:36.588903
19570,0.8219337241243855,0.19226628871365392,5.663754525349836e-06,0.0033507738262414932,0.04168748902156949,36.93342805746943,56.0963384010829,0.1518529406748712,93.2436564671807,0.34318688490367333,11.886547968,2025-12-27T11:44:12.163509
19580,0.8223763378692021,0.14900203316938132,5.652936794887273e-06,0.0034103919751942158,0.05476512806490064,36.80870310915634,55.92573044914752,0.18074438162148,92.99066403415054,0.34412056664363744,11.88773376,2025-12-27T11:59:45.336906
19590,0.8228189516140186,0.20630974300729576,5.6421526549526185e-06,0.0027873292565345764,0.04403342865407467,36.92608203785494,55.61714536510408,0.2241292609833181,92.82988574402407,0.34471657207722034,11.887908864,2025-12-27T12:15:23.107016
19600,0.8232615653588352,0.180010502179357,5.631402127705513e-06,0.0036097648553550243,0.050044560339301825,36.822803599759936,55.74709135713056,0.20326773589476943,92.8472963529639,0.34465193125656896,11.886391296,2025-12-27T12:30:50.665137
19610,0.8237041791036518,0.26515302601183066,5.620685235236518e-06,0.002805315423756838,0.041340389754623175,36.53921460453421,55.313319199718535,0.22764220787212253,92.1429275451228,0.3472865563591894,11.88680704,2025-12-27T12:46:17.298750
19620,0.8241467928484684,0.17502514682382753,5.610001999567092e-06,0.0028173928149044514,0.05623528454452753,36.95592623157427,56.06241611018777,0.1605147891677916,93.25424936506897,0.34314790176185267,11.887965184,2025-12-27T13:01:46.351288
19630,0.824589406593285,0.1345412265891781,5.5993524426495245e-06,0.0036093485541641712,0.050825451500713825,36.920076379552484,56.13444582885131,0.16818347992375493,93.2969147101976,0.34299097777669935,11.886332928,2025-12-27T13:17:21.001194
19640,0.8250320203381015,0.1617716724940692,5.588736586366902e-06,0.0034815287217497826,0.04412391874939203,37.1746389484033,56.39404378365725,0.22292084014043212,93.85545617202297,0.34094981054003726,11.88773376,2025-12-27T13:32:53.713076
19650,0.8254746340829181,0.20343627676811593,5.578154452533069e-06,0.003736574202775955,0.042900902684777975,37.02434174437076,56.33854301227257,0.1864618961699307,93.61134640313685,0.3418389033973739,11.887641088,2025-12-27T13:48:26.156070
19660,0.8259172478277347,0.1671597057022609,5.567606062892563e-06,0.002961586695164442,0.0468026683665812,37.483819087501615,56.75090955616906,0.21690079802647233,94.51583357714117,0.338567611255129,11.887558656,2025-12-27T14:04:00.123036
19670,0.8263598615725513,0.25950089629986905,5.557091439120599e-06,0.003169315867125988,0.052543848752975464,37.40796910505742,56.7805470735766,0.25480128824710846,94.51575424941257,0.3385678954172752,11.8952704,2025-12-27T14:19:33.742646
19680,0.8268024753173678,0.13487222776166163,5.546610602823e-06,0.0032956209033727646,0.05384704051539302,37.20451458450407,56.23442098218948,0.2547564269043505,93.76811662316322,0.34126738546538266,11.887792128,2025-12-27T14:35:09.945363
19690,0.8272450890621844,0.16944436078483704,5.536163575536162e-06,0.004145684652030468,0.04108766419813037,36.17768373992294,54.62283341307193,0.2004398200660944,91.05879833130166,0.35142128587699506,11.8878208,2025-12-27T14:50:34.580325
19700,0.827687702807001,0.23289734941499773,5.525750378727005e-06,0.003271619789302349,0.05387067934498191,36.44603665731847,54.95348760858178,0.17249158397316933,91.64115185942501,0.34918810327795874,11.887850496,2025-12-27T15:06:00.987043
19710,0.8281303165518176,0.15167449075852346,5.51537103379294e-06,0.003150290809571743,0.03487205784767866,36.92855178518221,56.180569047573954,0.2157629383727908,93.37477151816711,0.34270498850724407,11.890954752,2025-12-27T15:21:29.704617
19720,0.8285729302966341,0.10398893793899333,5.50502556206181e-06,0.004121322184801102,0.043135428335517645,36.8122809715569,55.38773127505556,0.15675906417891383,92.42535731196404,0.3462253317776219,11.886156288,2025-12-27T15:37:04.965485
19730,0.8290155440414507,0.2757126003270969,5.494713984791863e-06,0.003143796231597662,0.03717683209106326,37.08802972920239,57.366207391023636,0.20970460306853056,94.72292300593108,0.3378274126738711,11.887792128,2025-12-27T15:52:43.426225
19740,0.8294581577862673,0.22500990047774394,5.484436323171699e-06,0.0032578976824879646,0.04684437112882733,36.88675049133599,55.88203738676384,0.16325625590980053,92.99931792821735,0.34408854508696063,11.887847936,2025-12-27T16:08:13.884467
19750,0.8299007715310839,0.1571501695434563,5.474192598320217e-06,0.003645258489996195,0.042232262436300516,36.87253428902477,56.280627459753305,0.20443908963352442,93.41721509536728,0.34254928245647237,11.887827968,2025-12-27T16:23:47.546392
19760,0.8303433852759005,0.1794189314750838,5.4639828312865874e-06,0.002969170920550823,0.04266843665391207,36.75197552051395,55.51552041200921,0.19568445719778538,92.5264698159881,0.3458469783148537,11.890830848,2025-12-27T16:39:20.925805
19770,0.830785999020717,0.2439901278121397,5.45380704305021e-06,0.002976162824779749,0.041924129240214825,37.14229477522895,56.25952983321622,0.17825412983074784,93.63647894887254,0.3417471519563723,11.88855296,2025-12-27T16:54:50.012744
19780,0.8312286127655336,0.2568261731412349,5.443665254520651e-06,0.0028337985277175903,0.04331067530438304,36.84198149526492,55.68047730298713,0.205678794067353,92.79032184090465,0.3448635522017715,11.889019904,2025-12-27T17:10:13.744458
19790,0.8316712265103502,0.1430770385904907,5.433557486537625e-06,0.003506449982523918,0.050743205938488245,36.43215043656528,55.111823081970215,0.1662437696941197,91.77600985392928,0.34867499743049635,11.887815168,2025-12-27T17:25:41.548230
19800,0.8321138402551668,0.19134716542157548,5.423483759870927e-06,0.002825966104865074,0.04416590044274926,36.81608815304935,55.73124627629295,0.21025994699448347,92.82175029395148,0.3447467850871285,11.88790784,2025-12-27T17:41:14.058759
19810,0.8325564539999833,0.24975947598886705,5.413444095220413e-06,0.003180918749421835,0.04095632350072265,37.47921261796728,57.57065623346716,0.20011582784354687,95.30983848217875,0.33574708036026557,11.898075648,2025-12-27T17:56:50.167615
19820,0.8329990677447999,0.1693100085867627,5.403438513215939e-06,0.0035074311308562756,0.04504828108474612,36.91325192153454,56.04695979319513,0.19265695940703154,93.21851468505338,0.3432794451629561,11.887791104,2025-12-27T18:12:22.063295
19830,0.8334416814896165,0.14062369681778364,5.393467034417335e-06,0.0030360636301338673,0.04386376449838281,37.02529113041237,56.39120895927772,0.279777139890939,93.75767743494362,0.3413053829346839,11.891849728,2025-12-27T18:27:56.210538
19840,0.8338842952344331,0.29115908462699736,5.383529679314351e-06,0.002566620707511902,0.03718303283676505,36.935734413098544,55.786851150449365,0.17333727609366179,92.94719287892804,0.34428151091860126,11.887762432,2025-12-27T18:43:30.099707
19850,0.8343269089792497,0.08424555629608221,5.373626468326622e-06,0.0033527929335832596,0.04213442141190171,36.8688282626681,55.99870890844613,0.19723264407366514,93.12347258394584,0.34362979721523707,11.890272768,2025-12-27T18:59:02.192140
19860,0.8347695227240662,0.10249629997997545,5.363757421803614e-06,0.0029739071615040302,0.037068772595375776,36.75106119038537,55.47953398153186,0.16860151384025812,92.45342493290082,0.34612022240630225,11.88796416,2025-12-27T19:14:28.070800
19870,0.8352121364688828,0.178105728362425,5.3539225600245955e-06,0.0035940175876021385,0.04456963809207082,37.33335484843701,56.82136643398553,0.2531250650063157,94.47337187686935,0.3387197827733595,11.887908864,2025-12-27T19:30:07.998070
19880,0.8356547502136994,0.23799200366624973,5.3441219031985925e-06,0.0034328028559684753,0.04186779260635376,37.20184321561828,56.79303978336975,0.210272922180593,94.27145406138152,0.33944527872842967,11.8898944,2025-12-27T19:45:43.038351
19890,0.8360973639585161,0.19523622088308912,5.334355471464342e-06,0.0031740032136440277,0.04088727571070194,37.09213125053793,56.34873442351818,0.18691342091187835,93.68533282913268,0.34156894183599656,11.889195008,2025-12-27T20:01:15.362897
19900,0.8365399777033327,0.16199588515155483,5.3246232848902596e-06,0.003081170842051506,0.04231022531166673,36.60811989149079,55.70376526238397,0.29801358096301556,92.66741660563275,0.34532094637086164,11.887675392,2025-12-27T20:16:49.218305
19910,0.8369825914481492,0.16231085262188572,5.314925363474381e-06,0.0025336407124996185,0.04390079667791724,36.703949076123536,56.046943018678576,0.208503273781389,93.01882170978934,0.344016398098841,11.887963136,2025-12-27T20:32:21.380574
19920,0.8374252051929658,0.15865947341080755,5.305261727144351e-06,0.002803476992994547,0.039384562987834215,36.925300139933825,56.1621175869368,0.19593401113525033,93.33898760005832,0.3428363733396655,11.889778688,2025-12-27T20:47:52.387392
19930,0.8378678189377824,0.19248556205093337,5.295632395757349e-06,0.00302635645493865,0.04282850120216608,36.95660607330501,56.33783397451043,0.18868941674008965,93.54412535298616,0.34208454971649893,11.888086016,2025-12-27T21:03:25.438224
19940,0.838310432682599,0.17682761769538047,5.286037389100064e-06,0.003115809988230467,0.04205495025962591,36.91113310540095,55.71827619476244,0.20080888317897916,92.8960251356475,0.3444711434453019,11.887850496,2025-12-27T21:18:58.686780
19950,0.8387530464274155,0.36835576372686774,5.276476726888667e-06,0.002797392662614584,0.04055357351899147,37.08785370970145,56.291841296013445,0.16087906435132027,93.59880055813119,0.3418847229791779,11.887850496,2025-12-27T21:34:28.243082
19960,0.8391956601722321,0.17467066856261226,5.266950428768741e-06,0.002698988188058138,0.046111762057989836,36.99534356826916,56.51424171915278,0.18621879303827882,93.75861913571134,0.3413019549027429,11.887908864,2025-12-27T21:50:05.820506
19970,0.8396382739170487,0.15413358652176612,5.257458514315263e-06,0.003281394951045513,0.0409983741119504,37.09224426699802,56.39645499456674,0.18824181286618114,93.73844119627029,0.3413754228427817,11.888137216,2025-12-27T22:05:41.445815
19980,0.8400808876618653,0.16011120318398753,5.248001003032558e-06,0.0038349758833646774,0.04386781482025981,37.42508701607585,56.00498617673293,0.18355202209204435,93.68147721001878,0.34158299968158223,11.887967232,2025-12-27T22:21:16.310250
19990,0.8405235014066819,0.21741866273259802,5.238577914354256e-06,0.003042916301637888,0.0407243212684989,37.57796579692513,57.247590576298535,0.20872972207143903,95.09196502575651,0.33651633964375977,11.888405504,2025-12-27T22:36:49.865375
20000,0.8409661151514984,0.29208767998534313,5.229189267643254e-06,0.003206618595868349,0.0444401977583766,37.5697104325518,57.14069772930816,0.15094094211235642,94.92698521586135,0.33710119337755096,11.885981184,2025-12-27T22:52:28.998203
20010,0.841408728896315,0.19298275680921506,5.219835082191684e-06,0.0031751813367009163,0.043557762168347836,37.28105527861044,56.00768237002194,0.2332397918216884,93.58379191998392,0.34193955324401326,11.889486848,2025-12-27T23:26:17.116654
20020,0.8418513426411316,0.14940285955344734,5.210515377220856e-06,0.0032437671907246113,0.04464007029309869,37.003376870881766,56.01334533840418,0.1883825878612697,93.27077731397003,0.3430870946028565,11.888163328,2025-12-27T23:41:42.833419
20030,0.8422939563859482,0.16048842806412722,5.201230171881231e-06,0.0029175584204494953,0.04124553455039859,37.390690648928285,56.781064704060555,0.15871163690462708,94.3929237597622,0.3390084629801557,11.889800192,2025-12-27T23:57:08.496388
20040,0.8427365701307648,0.2246169990630733,5.191979485252381e-06,0.003358159214258194,0.049853303004056215,36.707640684675425,55.427661896217614,0.15732684824615717,92.36213493021205,0.34646232489297585,11.897842176,2025-12-28T00:12:40.961082
20050,0.8431791838755813,0.2891570890933508,5.182763336342945e-06,0.0029049809090793133,0.04605848714709282,36.382696537766606,54.957049884833395,0.16705995285883546,91.57343308394775,0.3494463287257645,11.887967232,2025-12-28T00:28:10.624049
20060,0.8436217976203979,0.09421603228838649,5.173581744090596e-06,0.002791809383779764,0.043533952441066504,36.73154242662713,55.70383291924372,0.2334113409742713,92.73019796889275,0.3450871528467427,11.88773376,2025-12-28T00:43:40.645052
20070,0.8440644113652145,0.22570600630933768,5.164434727361992e-06,0.0027820663526654243,0.04098318377509713,36.55313984444365,55.165318560786545,0.1992605896666646,91.97772665135562,0.34791031660629074,11.89305088,2025-12-28T00:59:09.260708
20080,0.8445070251100311,0.21007090846615029,5.1553223049527545e-06,0.00300567876547575,0.043885497376322746,36.70944668026641,55.48932749591768,0.2999642132781446,92.56835700618103,0.34569048252485757,11.887967232,2025-12-28T01:14:36.353888
20090,0.8449496388548476,0.17945695074740797,5.146244495587413e-06,0.0028278552927076817,0.04290139256045222,37.90123260580003,57.999374616891146,0.18021257873624563,96.1401164541021,0.3328475269246944,11.8901888,2025-12-28T01:30:07.813381
20100,0.8453922525996642,0.14029117668360414,5.137201317919375e-06,0.0028699389658868313,0.04708291729912162,37.29233903065324,56.5492305229418,0.17460526386275887,94.08346884511411,0.34012351365020704,11.888480256,2025-12-28T01:45:32.618974
20110,0.8458348663444808,0.26448846910716384,5.128192790530878e-06,0.0026910249143838882,0.049074322916567326,36.85583348944783,55.45756834046915,0.1817858899012208,92.5631762817502,0.3457098306846795,11.89106432,2025-12-28T02:01:00.741695
20120,0.8462774800892974,0.2830544629355245,5.119218931932969e-06,0.003157405648380518,0.03847227152436972,36.78286446677521,55.725231076125056,0.18543570581823587,92.75289351725951,0.3450027140559817,11.891588608,2025-12-28T02:16:32.498678
20130,0.846720093834114,0.27678099020886293,5.110279760565452e-06,0.003119656816124916,0.04541822616010904,36.45142427645624,55.1809992576018,0.1556682549417019,91.85119129391387,0.34838960223829285,11.887037952,2025-12-28T02:32:01.294215
20140,0.8471627075789305,0.19625089363580628,5.1013752947968585e-06,0.0035522752441465855,0.03865000419318676,36.8550959113054,55.38944148644805,0.22755688289180398,92.52644962118939,0.3458470537993248,11.887832064,2025-12-28T02:47:27.652431
20150,0.8476053213237471,0.23623405861872016,5.092505552924395e-06,0.0033415406942367554,0.041776467114686966,36.89585670735687,55.373342481441796,0.2072978001087904,92.53576334193349,0.3458122443076977,11.887967232,2025-12-28T03:02:55.846879
20160,0.8480479350685637,0.28820150385149645,5.083670553173928e-06,0.0026399530470371246,0.04548928374424577,36.48814551951364,55.216426405124366,0.18995084892958403,91.95909726805985,0.3479807974486779,11.889463296,2025-12-28T03:18:22.330707
20170,0.8484905488133803,0.3911467357247602,5.074870313699927e-06,0.003557207528501749,0.04050748934969306,37.33021509600803,56.54860154539347,0.2146907770074904,94.15153883816674,0.33987761001977357,11.887967232,2025-12-28T03:33:52.358049
20180,0.8489331625581968,0.19974971578994882,5.06610485258544e-06,0.003070963080972433,0.040207928977906704,37.357745562214404,56.5299963564612,0.17232991894707084,94.12108508311212,0.33998758059092615,11.887792128,2025-12-28T03:49:20.784997
20190,0.8493757763030134,0.2010549265571342,5.057374187842049e-06,0.0038026762194931507,0.03619549283757806,36.73492243420333,55.29331288905814,0.17123873811215162,92.25631021801382,0.3468597424325749,11.888151552,2025-12-28T04:04:47.331336
20200,0.84981839004783,0.12899531001676223,5.0486783374098345e-06,0.002845791634172201,0.044803856406360865,36.672824847046286,55.22149203252047,0.17552731838077307,92.13572480576113,0.347313705595325,11.88787712,2025-12-28T04:20:15.182641
20210,0.8502610037926466,0.18967839706601808,5.0400173191573405e-06,0.003586981911212206,0.045490299351513386,36.421318465378135,54.91924773994833,0.192155160009861,91.60007109772414,0.3493447070129519,11.88773376,2025-12-28T04:35:39.931534
20220,0.8507036175374632,0.19165551571677497,5.031391150881533e-06,0.0030210758559405804,0.03917663870379329,37.34020034968853,56.650380765553564,0.19609464332461357,94.24328098492697,0.3395467524641677,11.889195008,2025-12-28T04:51:09.492366
20230,0.8511462312822797,0.3349548275509733,5.022799850307772e-06,0.003343115095049143,0.03707964671775699,36.79309157608077,55.40416446747258,0.17650622176006436,92.43442678637803,0.3461913608655148,11.889895424,2025-12-28T05:06:35.596514
20240,0.8515888450270963,0.21696937165688723,5.014243435089764e-06,0.0030199335888028145,0.048227411694824696,37.18315527681261,55.925762748811394,0.18453959235921502,93.36029922496527,0.3427581130914258,11.887854592,2025-12-28T05:22:05.374567
20250,0.8520314587719129,0.15790089446238653,5.005721922809542e-06,0.0031245355494320393,0.04254575353115797,36.31424965057522,54.75933664664626,0.22915448807179928,91.36377789173275,0.35024821366209713,11.887792128,2025-12-28T05:37:28.625655
20260,0.8524740725167295,0.32067291579733137,4.99723533097741e-06,0.0031552044674754143,0.04071687767282128,37.13287777453661,56.31890510628,0.3641471639275551,93.87602744391188,0.3408750974163137,11.88826112,2025-12-28T05:52:54.111910
20270,0.852916686261546,0.08938616188379456,4.98878367703192e-06,0.0035252366214990616,0.041587932500988245,36.76860507251695,55.41216479707509,0.3117247340269387,92.55533672636375,0.34573911274945446,11.88773376,2025-12-28T06:08:19.671424
20280,0.8533593000063626,0.161775782073164,4.980366978339831e-06,0.0026832525618374348,0.04672410525381565,36.597118304576725,55.25023448653519,0.19610844925045967,92.10621604090557,0.34742497711325354,11.887850496,2025-12-28T06:23:45.076104
20290,0.8538019137511792,0.18791170671465807,4.971985252196076e-06,0.002942835446447134,0.03929234342649579,36.94620865304023,55.7385921170935,0.2566817789338529,93.00182193005458,0.3440792807700775,11.890637824,2025-12-28T06:39:10.458909
20300,0.8542445274959958,0.20670023537240922,4.963638515823722e-06,0.003078958485275507,0.04211272532120347,37.17638574214652,56.36819385085255,0.1977512133307755,93.80572986137122,0.3411305476466151,11.89579776,2025-12-28T06:54:34.340881
20310,0.8546871412408124,0.33147717188694514,4.955326786373946e-06,0.0027468460611999035,0.03820482175797224,36.43914844561368,54.6036906382069,0.279346841853112,91.38116772891954,0.3501815614233272,11.891648,2025-12-28T07:10:03.908901
20320,0.8551297549856289,0.17323524175435523,4.947050080925975e-06,0.002934009302407503,0.04668104229494929,36.84436598327011,55.72273102449253,0.24210384394973516,92.8750382582657,0.34454898323718386,11.887799296,2025-12-28T07:25:29.503340
20330,0.8555723687304455,0.14820578195212875,4.938808416487093e-06,0.0029462468810379505,0.0387694351375103,36.888357871212065,55.849230168852955,0.3354695881716907,93.13288634689525,0.34359506351825614,11.887850496,2025-12-28T07:40:55.595912
20340,0.8560149824752621,0.12676337862376386,4.930601809992559e-06,0.0035293730907142162,0.04198323842138052,36.87292438419536,55.49535160092637,0.16878580581396818,92.6003727922216,0.34557096300035617,11.892583936,2025-12-28T07:56:20.785440
20350,0.8564575962200787,0.20535851860768162,4.922430278305597e-06,0.003938278183341026,0.04029540531337261,36.345874165184796,54.870425226632506,0.2346794712357223,91.51378974411637,0.34967407742019946,11.88913664,2025-12-28T08:11:44.510181
20360,0.8569002099648952,0.1770060897761141,4.914293838217365e-06,0.003210423979908228,0.0440001655369997,36.210888309869915,54.70910350559279,0.20796731393784285,91.19155427068472,0.3509096895641685,11.887857664,2025-12-28T08:27:07.555527
20370,0.8573428237097118,0.30487123979401076,4.906192506446911e-06,0.0030995002016425133,0.042264027521014214,36.59885017154738,55.1779138171114,0.21537670167163014,92.05444452678785,0.34762036927709666,11.888990208,2025-12-28T08:42:33.887694
20380,0.8577854374545284,0.2688370068644872,4.898126299641133e-06,0.0029136622324585915,0.04001356661319733,36.404711309820414,54.85984128434211,0.15067280689254403,91.47482074098662,0.3498230413657639,11.887904256,2025-12-28T08:58:02.643913
20390,0.858228051199345,0.1712394632777432,4.890095234374769e-06,0.0026771435514092445,0.04457908822223544,37.23884575627744,56.38787744799629,0.15934042492881417,93.84658872894943,0.3409820264476887,11.887993856,2025-12-28T09:13:29.453346
20400,0.8586706649441616,0.18650694086318254,4.8820993271503365e-06,0.0036731604486703873,0.04449480213224888,37.75662929425016,57.87247966369614,0.18661969806998968,95.8825855399482,0.3337415216725422,11.888707584,2025-12-28T09:29:07.857058
20410,0.8591132786889781,0.3080846642783399,4.8741385943981035e-06,0.0037787999026477337,0.04094335064291954,38.10645036911592,57.05052188411355,0.16046281391754746,95.3784587639384,0.33550552624466257,11.887908864,2025-12-28T09:44:48.937844
20420,0.8595558924337947,0.25692858335423807,4.866213052476075e-06,0.0035596699453890324,0.03917114157229662,37.758831357583404,56.940527303144336,0.2554110009223223,95.01352598285303,0.3367941529269738,11.889837056,2025-12-28T10:00:34.561126
20430,0.8599985061786113,0.1536210932827089,4.858322717669934e-06,0.003004410769790411,0.050617852713912725,36.79076485987753,55.7747335601598,0.25685126800090075,92.89597740303725,0.34447132044442813,11.88779008,2025-12-28T10:16:17.637588
20440,0.8604411199234279,0.40381038587656803,4.8504676061930236e-06,0.0030941027216613293,0.04007754987105727,36.7010632310994,55.82814655080438,0.16974893026053905,92.75834778463468,0.3449824276117687,11.885747712,2025-12-28T10:31:53.863906
20450,0.8608837336682444,0.17021345513057895,4.842647734186304e-06,0.0034904014319181442,0.04203841416165233,36.402464009355754,55.68209338421002,0.17294614808633924,92.31948615517467,0.3466223798756092,11.887850496,2025-12-28T10:47:27.970514
20460,0.861326347413061,0.24553343732259236,4.834863117718327e-06,0.003235170152038336,0.03977375151589513,37.059977856930345,56.36638861661777,0.2575584966689348,93.73801835393533,0.34137696275138474,11.890947584,2025-12-28T11:03:04.579064
20470,0.8617689611578776,0.18099930050084367,4.8271137727852e-06,0.003175897989422083,0.03693742863833904,37.09493247093633,56.4372592298314,0.16481880191713572,93.7506541730836,0.34133095157844134,11.889837056,2025-12-28T11:18:39.348440
20480,0.8622115749026942,0.3112107433116762,4.8193997153105535e-06,0.003254279028624296,0.03368706302717328,36.728744328022,55.90292843664065,0.2534512239508331,92.93809941411018,0.344315196907735,11.8880256,2025-12-28T11:34:07.257750
20490,0.8626541886475108,0.255218512378633,4.81172096114551e-06,0.002679937519133091,0.04531741514801979,37.20736210141331,57.53335795504972,0.31602875189855695,95.12110039126128,0.3364132654939284,11.89947904,2025-12-28T11:49:47.154056
20500,0.8630968023923273,0.290582808386489,4.804077526068644e-06,0.0034489706158638,0.0410216748714447,37.111145726405084,55.57780387857929,0.3749219956807792,93.12524644797668,0.3436232517019584,11.887908864,2025-12-28T12:05:26.770319
20510,0.8635394161371439,0.18801842731772922,4.796469425785959e-06,0.0031922394409775734,0.03829619660973549,37.00903994543478,55.86161543382332,0.1813236027956009,93.10691016772762,0.3436909241468065,11.887879168,2025-12-28T12:39:16.088843
20520,0.8639820298819605,0.2634038462188073,4.788896675930852e-06,0.003186962101608515,0.04483089642599225,36.7827921975404,55.739739924669266,0.19782790401950479,92.78512391401455,0.34488287184543626,11.8880256,2025-12-28T12:54:39.551734
20530,0.8644246436267771,0.17812225631496403,4.781359292064078e-06,0.0033879177644848824,0.04449125798419118,36.53366602445021,55.16350433649495,0.1830724962055683,91.94256617315114,0.3480433637205198,11.887879168,2025-12-28T13:10:02.820932
20540,0.8648672573715936,0.1379571370784447,4.773857289673722e-06,0.0028268517926335335,0.035472971852868795,36.37773712584749,55.20647684112191,0.2355794277973473,91.87317242380232,0.3483062482308438,11.887916032,2025-12-28T13:25:27.112932
20550,0.8653098711164102,0.2022071582150602,4.766390684175165e-06,0.002858538180589676,0.045357874128967524,37.828757816925645,57.96311133494601,0.21218545734882355,96.06682177865878,0.3331014746561418,11.888086016,2025-12-28T13:41:04.058129
20560,0.8657524848612268,0.1591975314308911,4.758959490911054e-06,0.0031978250481188297,0.03994050482288003,36.97367517836392,56.257081819698215,0.1811894620768726,93.46850419370458,0.3423613149268233,11.895402496,2025-12-28T13:56:41.058851
20570,0.8661950986060434,0.19898584624752402,4.751563725151272e-06,0.0031927265226840973,0.04524770984426141,36.88760479493067,56.27524477895349,0.16781910508871078,93.39209711877629,0.34264141171712126,11.888826368,2025-12-28T14:12:15.146582
20580,0.86663771235086,0.19382681977003813,4.7442034020929006e-06,0.002967938780784607,0.03944735927507281,37.0322051467374,56.092312085907906,0.16213932679966092,93.3419029940851,0.34282566536090203,11.887789568,2025-12-28T14:27:48.343322
20590,0.8670803260956765,0.10927341691285619,4.736878536860194e-06,0.002935629803687334,0.0395666379481554,37.159492186270654,56.62145100813359,0.17592872818931937,94.01046587666497,0.3403876334575527,11.890072064,2025-12-28T14:43:24.311029
20600,0.8675229398404931,0.14101252242107876,4.729589144504542e-06,0.003431675024330616,0.043250537011772394,36.691282651387155,55.77452769363299,0.2193539901636541,92.74664443032816,0.34502595966195404,11.887675392,2025-12-28T14:58:57.264651
20610,0.8679655535853097,0.13155659471522085,4.7223352400044575e-06,0.003100805915892124,0.04502300685271621,37.09783227276057,56.234815143514425,0.1999047207646072,93.59739204496145,0.34188986787824316,11.887792128,2025-12-28T15:14:21.469841
20620,0.8684081673301263,0.15290422865655273,4.715116838265512e-06,0.002873116172850132,0.04035007115453482,37.35398290446028,56.43689241958782,0.26958134304732084,94.12154547311366,0.3399859175616807,11.887616,2025-12-28T15:29:47.776221
20630,0.8688507810749428,0.22160625313608762,4.707933954120341e-06,0.003070530481636524,0.04282835219055414,36.93493636185303,56.32278647599742,0.20453768223524094,93.52481024805456,0.3421551983385675,11.88790784,2025-12-28T15:45:19.818501
20640,0.8692933948197594,0.24045199779789073,4.700786602328586e-06,0.0028382595628499985,0.04158369079232216,36.526828008238226,55.10708969132975,0.19434868823736906,91.89088667696342,0.3482391035412899,11.887847424,2025-12-28T16:00:53.111019
20650,0.869736008564576,0.24443946206010736,4.693674797576883e-06,0.0028344332240521908,0.04612352745607495,36.77486474905163,55.59264967031777,0.20853344583883882,92.6415451252833,0.34541738219850465,11.894044672,2025-12-28T16:16:19.522590
20660,0.8701786223093926,0.18269015795090127,4.686598554478824e-06,0.0034906314685940742,0.043556489516049623,37.6232772548683,57.1244932487607,0.2601138879545033,95.07495569856837,0.33657654389505914,11.889545216,2025-12-28T16:31:48.901363
20670,0.8706212360542092,0.31800011594896205,4.679557887574923e-06,0.0028512021526694298,0.04878209112212062,36.5259424909018,55.022379791829735,0.2955642840825021,91.9091108366847,0.3481700530958405,11.88627456,2025-12-28T16:47:14.884423
20680,0.8710638497990257,0.4554628231562674,4.6725528113325925e-06,0.003496660850942135,0.04771949024870992,36.59340761881322,55.108174182940274,0.20079563604667783,91.97320061316714,0.3479274374128804,11.886799872,2025-12-28T17:02:38.740203
20690,0.8715064635438423,0.31928175361827016,4.665583340146113e-06,0.0027794097550213337,0.05031388392671943,36.79500621277839,55.710281275212765,0.16493015736341476,92.73546419292688,0.3450675561770758,11.887930368,2025-12-28T17:18:09.794763
20700,0.8719490772886589,0.20484676274918456,4.6586494883366e-06,0.0025860173627734184,0.04386461805552244,37.5702758487314,56.11658556479961,0.20193065935745835,93.95167073514313,0.3406006487123622,11.889572864,2025-12-28T17:33:45.091352
20710,0.8723916910334755,0.15056668701436138,4.651751270151986e-06,0.0032127383165061474,0.039590644650161266,36.9605876673013,56.122699226718396,0.16179499123245478,93.30260867765173,0.3429700461061684,11.88773376,2025-12-28T17:49:21.349451
20720,0.872834304778292,0.14235493666001275,4.64488869976697e-06,0.002942978870123625,0.03991039423272014,37.245080643333495,56.32572453701869,0.21006497088819742,93.84068129491061,0.3410034918590846,11.88790528,2025-12-28T18:04:52.716326
20730,0.8732769185231086,0.14642706012818962,4.6380617912830036e-06,0.0029019727371633053,0.03805249137803912,37.530570095870644,57.402891649864614,0.19544828264042735,95.19116232870147,0.33616566094131567,11.902690816,2025-12-28T18:20:28.896213
20740,0.8737195322679252,0.2752731011569267,4.63127055872827e-06,0.003097879234701395,0.043374636210501194,36.55683203460649,55.45958682894707,0.2433677539229393,92.32129235193133,0.3466155984690413,11.891239424,2025-12-28T18:35:55.186056
20750,0.8741621460127418,0.18839402333833277,4.62451501605763e-06,0.0030836770310997963,0.03797290753573179,36.61896601645276,55.43329741898924,0.21433709980919957,92.32356445677578,0.34660706817685555,11.888109568,2025-12-28T18:51:25.599488
20760,0.8746047597575584,0.12504333678089097,4.617795177152615e-06,0.003021892160177231,0.047006897162646055,37.31672812439501,56.14509006263688,0.17239336669445038,93.69966692989692,0.3415166888900616,11.8880256,2025-12-28T19:06:59.371495
20770,0.8750473735023749,0.19404509291052818,4.611111055821387e-06,0.0029232120141386986,0.048292042687535286,37.056796457618475,56.174315724056214,0.18523782305419445,93.48404390877113,0.34230440470919343,11.88811264,2025-12-28T19:22:28.127569
20780,0.8754899872471915,0.27544652932556346,4.604462665798721e-06,0.002472049556672573,0.04265551082789898,36.815877315122634,55.6103681740351,0.17402229504659772,92.66255351016298,0.34533906942776327,11.887903744,2025-12-28T19:38:00.795790
20790,0.8759326009920081,0.25089372939146415,4.597850020745962e-06,0.0029373792931437492,0.04484429815784097,36.98719483613968,56.538553362712264,0.23735108505934477,93.8237544009462,0.34106501284580104,11.89772544,2025-12-28T19:53:37.294429
20800,0.8763752147368247,0.1759897173542413,4.5912731342510095e-06,0.0033394773490726948,0.04442830150946975,36.95587557088584,57.05087116686627,0.2236098782159388,94.29376670485362,0.3393649561180681,11.887908864,2025-12-28T20:09:11.604924
20810,0.8768178284816412,0.17982578590454068,4.584732019828285e-06,0.0032593030482530594,0.03993315389379859,36.898454741574824,56.05798255652189,0.2993584359064698,93.31502863997594,0.3429243977779939,11.891825152,2025-12-28T20:24:42.918118
20820,0.8772604422264578,0.15260824791698724,4.578226690918702e-06,0.0028809751383960247,0.037357520777732134,37.057289111893624,55.754596057813615,0.22321326890960336,93.08664164785296,0.34376575879765964,11.890422272,2025-12-28T20:40:16.930825
20830,0.8777030559712744,0.10731737882542802,4.571757160889645e-06,0.0034841657616198063,0.0452064941637218,37.480347716249526,57.341924408916384,0.3364255679771304,95.22657122882083,0.336040661624862,11.894533632,2025-12-28T20:55:53.549169
20840,0.878145669716091,0.19798743561841547,4.565323443034933e-06,0.0030983230099081993,0.041497040539979935,37.16169628594071,56.8053626366891,0.18984756898134947,94.21912313904613,0.3396338124774865,11.887755776,2025-12-28T21:11:25.058350
20850,0.8785882834609076,0.45308427843337995,4.558925550574801e-06,0.0031966110691428185,0.04185873456299305,37.10198027826846,55.912191070150584,0.2074305796995759,93.28090090071782,0.3430498600571915,11.888365568,2025-12-28T21:26:54.820992
20860,0.8790308972057241,0.2231416170252487,4.552563496655861e-06,0.003759328741580248,0.03961451631039381,36.73748299526051,55.78396265488118,0.28736148634925485,92.8672066158615,0.3445780396126879,11.887848448,2025-12-28T21:42:26.181881
20870,0.8794735109505407,0.22387540772615466,4.546237294351093e-06,0.002948964014649391,0.0397431580349803,37.03383842948824,56.305857558734715,0.24466574424877763,93.64061814593151,0.34173204570403976,11.889482752,2025-12-28T21:58:05.574849
20880,0.8799161246953573,0.21271361381513998,4.539946956659802e-06,0.00277699064463377,0.04789974354207516,36.75948915025219,56.30630040867254,0.17375353816896677,93.3061893619597,0.34295688441270955,11.888405504,2025-12-28T22:13:41.231830
20890,0.8803587384401739,0.21067348157532706,4.533692496507595e-06,0.0032321172766387463,0.04380754241719842,36.858499767724425,56.22643224801868,0.25041624205186963,93.39747182372957,0.34262169387619046,11.887675392,2025-12-28T22:29:18.081213
20900,0.8808013521849904,0.21322170141502284,4.5274739267463605e-06,0.0029115411452949047,0.04213288566097617,36.977305739186704,56.818885918706656,0.2024380057118833,94.05717775830999,0.3402185857864823,11.887850496,2025-12-28T22:44:47.037745
20910,0.881243965929807,0.26402048533782363,4.521291260154243e-06,0.003606195095926523,0.03827487817034125,37.40725364116952,56.31258517410606,0.207401764113456,93.98465785896406,0.3404811032883694,11.885813248,2025-12-28T23:00:18.303415
20920,0.8816865796746236,0.26452034115209244,4.515144509435599e-06,0.0028287842869758606,0.047123069409281015,37.34194887103513,56.587751533370465,0.1726872851140797,94.16863862704486,0.3398158927064464,11.892525568,2025-12-28T23:15:54.553012
20930,0.8821291934194402,0.21478978474624455,4.5090336872209946e-06,0.0033370312303304672,0.050043207593262196,36.56959477439523,55.351294627413154,0.18367447657510638,92.178225772921,0.34715356833653194,11.887792128,2025-12-28T23:31:26.963984
20940,0.8825718071642568,0.1160922979033785,4.502958806067163e-06,0.003258100710809231,0.04616238782182336,36.800432910677046,55.38617710676044,0.19913610210642219,92.44781086686999,0.34614124120344814,11.887850496,2025-12-28T23:46:58.654624
20950,0.8830144209090733,0.19318780221510679,4.496919878456987e-06,0.0036204331554472446,0.0409349175170064,37.22448444319889,56.30294931912795,0.17545473529025912,93.76701771421358,0.34127138497174697,11.891414528,2025-12-29T00:02:28.552727
20960,0.8834570346538899,0.15048022514747572,4.4909169167994725e-06,0.00312032550573349,0.041428666561841965,37.669025390874594,56.892595349345356,0.18866086192429066,94.81013396196067,0.33751666264746455,11.890817536,2025-12-29T00:18:15.025558
20970,0.8838996483987065,0.20114605794969975,4.484949933429715e-06,0.0030171056278049946,0.04602627968415618,37.07432586001232,56.48989672772586,0.17718547582626343,93.80643560504541,0.34112798118382903,11.889709056,2025-12-29T00:33:50.057793
20980,0.8843422621435231,0.27528574636380654,4.479018940608888e-06,0.003337780013680458,0.04508973844349384,36.15772777143866,54.624721908941865,0.16576482774689794,91.0153140979819,0.35158918383285065,11.8865664,2025-12-29T00:49:15.727592
20990,0.8847848758883397,0.21482442277192604,4.473123950524202e-06,0.0034745335578918457,0.03636705968528986,37.166587056126446,56.77027422050014,0.19524634489789605,94.18326554400846,0.3397631183752866,11.890597376,2025-12-29T01:04:45.687532
21000,0.8852274896331562,0.26678283487285626,4.4672649752888985e-06,0.0027445130981504917,0.0433093742467463,37.100163707043976,56.54505937406793,0.17598893865942955,93.8854527240619,0.34084087653122347,11.888021504,2025-12-29T01:20:27.678243
21010,0.8856701033779728,0.35123195885387304,4.461442026942206e-06,0.0032997685484588146,0.044405906461179256,36.428459516726434,54.89598006289452,0.23429481871426105,91.62429169286042,0.34925235883153366,11.888963584,2025-12-29T01:54:06.848935
21020,0.8861127171227894,0.2160797820447442,4.455655117449325e-06,0.0027554440312087536,0.04661497939378023,36.35571261588484,54.85063748899847,0.19699348090216517,91.47009109379724,0.3498411296779607,11.88883456,2025-12-29T02:09:31.822578
21030,0.886555330867606,0.2965180867649906,4.449904258701405e-06,0.003028271719813347,0.05064535513520241,36.92044113110751,55.855987187474966,0.20258133113384247,93.05028839502484,0.3439000625570437,11.88942848,2025-12-29T02:24:56.170764
21040,0.8869979446124225,0.14906989756127587,4.444189462515516e-06,0.0033373357728123665,0.04026397643610835,37.02079260861501,55.79211049573496,0.18160094786435366,93.05210138205439,0.34389336215647653,11.889405952,2025-12-29T02:40:23.152198
21050,0.8874405583572391,0.31419340635193294,4.438510740634624e-06,0.0035929973237216473,0.04905958520248532,36.79575326805934,55.49005309911445,0.19119394291192293,92.54957963107154,0.34576061963285987,11.88580608,2025-12-29T02:55:45.670631
21060,0.8878831721020557,0.14148541908434709,4.4328681047275664e-06,0.0033272067084908485,0.044969276525080204,36.62399427359924,55.229298839811236,0.1853103102184832,92.10680929385126,0.3474227393754287,11.888728064,2025-12-29T03:11:17.169229
21070,0.8883257858468723,0.2473544067761395,4.427261566389037e-06,0.003857723902910948,0.041358326096087694,36.65140884462744,55.662629273720086,0.2303720093332231,92.60094860382378,0.34556881416956264,11.88614912,2025-12-29T03:26:51.113167
21080,0.8887683995916889,0.12963372334343148,4.421691137139549e-06,0.002737891860306263,0.038802871480584145,37.01306169619784,55.779906443320215,0.17602826887741685,93.0266793500632,0.343987340229384,11.88913664,2025-12-29T03:42:33.178575
21090,0.8892110133365054,0.2133801850504824,4.416156828425419e-06,0.002709717955440283,0.041008916683495045,36.76551492838189,55.57386140944436,0.20538831036537886,92.60180420381948,0.34556562126551005,11.888852992,2025-12-29T03:58:05.877015
21100,0.889653627081322,0.31240059931587894,4.410658651618741e-06,0.003044992219656706,0.04690014338120818,37.09643496386707,56.3290619305335,0.26119329407811165,93.75505677610636,0.3413149231664191,11.891297792,2025-12-29T04:13:40.948505
21110,0.8900962408261386,0.20508393960699323,4.405196618017365e-06,0.0031540165655314922,0.04103702073916793,36.61107664369047,55.070739396847785,0.20043105073273182,91.94058149773628,0.34805087675878893,11.888482304,2025-12-29T04:29:13.951922
21120,0.8905388545709552,0.16597936626067167,4.3997707388448715e-06,0.0031147142872214317,0.044306844007223845,36.827371223364025,55.44839714374393,0.2219592067413032,92.5602767560631,0.34572066032531457,11.887908864,2025-12-29T04:44:39.698670
21130,0.8909814683157717,0.1913397379212256,4.394381025250552e-06,0.0027800332754850388,0.04073952650651336,36.541278533637524,55.0765759316273,0.1704118037596345,91.84762386372313,0.34840313395019656,11.888669696,2025-12-29T05:00:10.690025
21140,0.8914240820605883,0.1428101880030681,4.389027488309378e-06,0.003272871021181345,0.040895362850278616,37.14884127210826,56.28812904981896,0.30576387606561184,93.7988178031519,0.3411556856415381,11.897783808,2025-12-29T05:15:38.567388
21150,0.8918666958054049,0.20404044550377876,4.3837101390219954e-06,0.003688256721943617,0.04117797268554568,37.07444833777845,56.12911119731143,0.21793875703588128,93.48088531615213,0.3423159707118314,11.894453248,2025-12-29T05:31:02.838305
21160,0.8923093095502215,0.19040987124026287,4.378428988314677e-06,0.0038318433798849583,0.042063810396939516,36.8560272580944,55.18337012082338,0.2211747202090919,92.32484064390883,0.34660227709920466,11.887850496,2025-12-29T05:46:31.607432
21170,0.892751923295038,0.39515131106600165,4.37318404703932e-06,0.0027315844781696796,0.04229739122092724,36.80790132377297,55.99180506542325,0.16965212859213352,93.03022366808727,0.3439742348053405,11.889078272,2025-12-29T06:02:04.483330
21180,0.8931945370398546,0.16193067570111452,4.367975325973417e-06,0.003387605771422386,0.04665766889229417,37.27886346261948,56.2787496317178,0.33413073886185884,93.9566536070779,0.3405825853890287,11.887908864,2025-12-29T06:17:38.951619
21190,0.8936371507846712,0.1951513826847986,4.3628028358200365e-06,0.0029613198712468147,0.04443877702578902,36.66595822758973,55.31899384409189,0.19324194686487317,92.2428291500546,0.34691043515094805,11.886624768,2025-12-29T06:33:08.472300
21200,0.8940797645294878,0.23722737533989857,4.357666587207793e-06,0.003343265037983656,0.041723181027919054,36.2022622525692,54.43817410571501,0.20079251006245613,90.90461350418627,0.3520173373656812,11.887812096,2025-12-29T06:48:33.831204
21210,0.8945223782743044,0.16578199113791925,4.35256659069083e-06,0.0038102944381535053,0.043646942358464,36.66273935139179,55.53464156575501,0.27454897901043296,92.53513675089926,0.3458145859355314,11.89497856,2025-12-29T07:04:02.338497
21220,0.8949649920191209,0.2009829385242483,4.347502856748807e-06,0.003455734346061945,0.04183196648955345,37.52016391931102,56.78353901905939,0.18236256996169686,94.54625808168203,0.3384586619213847,11.887850496,2025-12-29T07:19:40.648096
21230,0.8954076057639375,0.24586214101873338,4.342475395786864e-06,0.0032858573831617832,0.047338055446743965,36.863856572657824,56.903019627556205,0.21022796910256147,94.04881263198331,0.34024884636467717,11.887792128,2025-12-29T07:35:19.025726
21240,0.8958502195087541,0.3809499370108824,4.337484218135607e-06,0.0031684539280831814,0.043972874991595745,37.57921909261495,56.56734921596944,0.19532916182652116,94.4032841459848,0.33897125814516527,11.887792128,2025-12-29T07:50:58.980638
21250,0.8962928332535707,0.16505937493820966,4.3325293340510815e-06,0.0029975557699799538,0.03988701105117798,37.22649215487763,56.56019209418446,0.21814290201291442,94.05821042414755,0.3402148505239331,11.890850304,2025-12-29T08:06:34.777343
21260,0.8967354469983873,0.19708804780384526,4.327610753714766e-06,0.0030213715508580208,0.03973995894193649,37.056109678931534,55.735760304611176,0.16208918625488877,93.01590379560366,0.3440271899127906,11.887792128,2025-12-29T08:22:14.799371
21270,0.8971780607432038,0.1654314918705495,4.32272848723353e-06,0.0030114143155515194,0.03927627997472882,37.34323368500918,56.3714984646067,0.18218513205647469,93.95448935590684,0.3405904307433521,11.885747712,2025-12-29T08:37:51.308559
21280,0.8976206744880204,0.25554931757505983,4.317882544639634e-06,0.0032422272488474846,0.04987590899690986,37.351072137244046,56.518171658273786,0.19917698111385107,94.13699199305847,0.3399301307859894,11.8901888,2025-12-29T08:53:30.862315
21290,0.898063288232837,0.1748666491344011,4.313072935890687e-06,0.0038399784825742245,0.04218999296426773,36.92215379048139,55.84878455521539,0.17433531628921628,93.00822973111644,0.34405557543145254,11.88913664,2025-12-29T09:09:10.209096
21300,0.8985059019776536,0.18524304468701303,4.308299670869647e-06,0.0028296192176640034,0.04372656298801303,36.711491375695914,55.98659358127043,0.19955717958509922,92.95848967786878,0.3442396720395345,11.887792128,2025-12-29T09:24:47.687525
21310,0.8989485157224701,0.29287018891773187,4.303562759384791e-06,0.0030847289599478245,0.04525453643873334,37.314383772201836,56.10797208035365,0.20654747681692243,93.695258051157,0.34153275913417314,11.889661952,2025-12-29T09:40:18.933778
21320,0.8993911294672867,0.34471731167286634,4.298862211169695e-06,0.003282560035586357,0.04145506210625172,37.16870389506221,56.48150292318314,0.1855705021880567,93.89799310034141,0.3407953561457284,11.887850496,2025-12-29T09:55:50.083181
21330,0.8998337432121033,0.21106248971773311,4.29419803588321e-06,0.004053294192999601,0.05129960458725691,37.39557409984991,56.56120072584599,0.17811303492635489,94.20853606099263,0.33967198024691214,11.890130432,2025-12-29T10:11:26.309528
21340,0.9002763569569199,0.2004394366958877,4.289570243109444e-06,0.003307923674583435,0.04190940968692303,37.11729961819947,56.18570219958201,0.15226447116583586,93.51392024802044,0.342195043423788,11.88855296,2025-12-29T10:26:56.531673
21350,0.9007189707017365,0.3195886565845285,4.284978842357761e-06,0.0028379405848681927,0.038732043001800776,36.59416749374941,55.81300886720419,0.2186973998323083,92.68241584394127,0.3452650614317351,11.887967232,2025-12-29T10:42:28.036864
21360,0.901161584446553,0.2364252046609181,4.280423843062728e-06,0.003207458183169365,0.04600575380027294,37.27471758238971,56.867294209077954,0.20239098090678453,94.40389579115435,0.3389690619420221,11.8880256,2025-12-29T10:58:07.749216
21370,0.9016041981913696,0.23808730416931212,4.275905254584122e-06,0.00293490057811141,0.052503055427223444,36.65549831325188,56.06494231382385,0.17510110279545188,92.96699782693759,0.3442081679304036,11.887363072,2025-12-29T11:13:48.181325
21380,0.9020468119361862,0.15587190916085092,4.2714230862069e-06,0.0035936543717980385,0.040448764339089394,36.59311611717567,55.86557345138863,0.24589266767725348,92.76259517390281,0.344966631647264,11.887967232,2025-12-29T11:29:17.362186
21390,0.9024894256810028,0.3003440671309363,4.266977347141179e-06,0.002952930983155966,0.04840495390817523,37.10946233430877,56.577960731461644,0.24510784400627017,94.00400328915566,0.340411034427632,11.887870464,2025-12-29T11:44:53.216844
21400,0.9029320394258193,0.22399558237520978,4.262568046522222e-06,0.0028477944433689117,0.045406684279441833,36.917019525542855,55.841836113948375,0.26833356404677033,93.08820030698553,0.343760002819591,11.887967232,2025-12-29T12:00:28.173142
21410,0.9033746531706359,0.10495227825094844,4.2581951934104205e-06,0.0027968348003923893,0.04236341267824173,36.905513723380864,56.14461000356823,0.19432395789772272,93.30469730682671,0.34296236870872626,11.887792128,2025-12-29T12:16:06.651529
21420,0.9038172669154525,0.20004077907651663,4.253858796791267e-06,0.0033474108204245567,0.04423106508329511,37.06141117727384,56.57638291595504,0.19377385778352618,93.89674997702241,0.34079986802344875,11.88773376,2025-12-29T12:31:45.220776
21430,0.9042598806602691,0.2034629262489034,4.249558865575343e-06,0.003139249514788389,0.05534549476578832,37.58325035125017,56.51857249578461,0.17391084507107735,94.34994004201144,0.33916290763673274,11.891147776,2025-12-29T12:47:20.676214
21440,0.9047024944050857,0.21528223663335666,4.2452954085983e-06,0.003539605997502804,0.04080421989783645,37.28613221971318,56.0031682853587,0.24191846791654825,93.5943371411413,0.34190102710748027,11.888023552,2025-12-29T13:03:01.204714
21450,0.9051451081499022,0.2583733166575257,4.241068434620843e-06,0.0031336829997599125,0.038927871733903885,37.44391240552068,56.23998688161373,0.2121340101584792,93.95284252613783,0.3405964007006765,11.899243008,2025-12-29T13:18:38.561009
21460,0.9055877218947188,0.13667892399826087,4.2368779523287095e-06,0.0038404897786676884,0.042234682478010654,36.86365535808727,55.899151949211955,0.21362078608945012,93.04082191595808,0.3439350528191267,11.8901888,2025-12-29T13:34:15.264094
21470,0.9060303356395354,0.13770685514919023,4.23272397033265e-06,0.002967218402773142,0.037988067138940096,36.770919249393046,55.597891215234995,0.2312824516557157,92.65509547619149,0.3453668666093239,11.887792128,2025-12-29T13:49:51.959200
21480,0.906472949384352,0.23433672265809946,4.2286064971684145e-06,0.0028688651509582996,0.03487551677972078,36.78856050921604,55.98280362226069,0.22593751130625606,93.04973191209137,0.3439021192477154,11.887906816,2025-12-29T14:05:22.320131
21490,0.9069155631291685,0.2887116330966819,4.224525541296734e-06,0.002872609067708254,0.04291511885821819,37.09287165151909,56.47032832773402,0.202137460000813,93.82763826288283,0.3410508949435941,11.889196032,2025-12-29T14:20:58.286757
21500,0.9073581768739851,0.16975582687882707,4.220481111103303e-06,0.002996418159455061,0.04120722832158208,36.90866762213409,55.8949926244095,0.19633152801543474,93.05748815275729,0.34387345537922565,11.890013696,2025-12-29T14:36:31.574432
21510,0.9078007906188017,0.2922323366394721,4.216473214898759e-06,0.003942135721445084,0.048680048901587725,36.4501298093237,54.75220582494512,0.25288540590554476,91.5294557241723,0.34961422797523556,11.887839232,2025-12-29T15:10:03.090447
21520,0.9082434043636183,0.2255593400666811,4.212501860918673e-06,0.0026681581512093544,0.04987631505355239,36.754712789319456,55.54280263092369,0.2091562831774354,92.57443714886904,0.3456677781204413,11.892695552,2025-12-29T15:25:29.461508
21530,0.9086860181084349,0.20255604926569504,4.20856705732352e-06,0.002618480008095503,0.04316828399896622,36.69828866235912,55.389373377896845,0.24278593715280294,92.39514304790646,0.34633855140424585,11.895856128,2025-12-29T15:40:55.021725
21540,0.9091286318532514,0.253544278722984,4.20466881219868e-06,0.004106524866074324,0.041845360305160284,36.34310157690197,55.014020243659616,0.16140424087643623,91.57859143801033,0.3494266454366776,11.887905792,2025-12-29T15:56:23.407359
21550,0.909571245598068,0.20573183405213058,4.200807133554402e-06,0.0026073106564581394,0.05132361175492406,37.391949034295976,56.810287840198725,0.28962891828268766,94.56078637810424,0.3384066612141634,11.891414528,2025-12-29T16:11:50.742477
21560,0.9100138593428846,0.1443870920484187,4.196982029325801e-06,0.0030230730772018433,0.04733155854046345,37.19062433857471,56.09469500975683,0.19347605481743813,93.54756245296448,0.342071980935789,11.88802048,2025-12-29T16:27:20.261526
21570,0.9104564730877012,0.12341795103384356,4.193193507372841e-06,0.002493457403033972,0.056548587046563625,37.15201436681673,55.96327181067318,0.16706083621829748,93.35840741777793,0.34276505871399804,11.887792128,2025-12-29T16:42:48.354953
21580,0.9108990868325177,0.12966185645200312,4.189441575480308e-06,0.003345235250890255,0.056426620576530695,37.324814080260694,56.46570970164612,0.24172134092077613,94.11048614885658,0.34002587075562346,11.8938112,2025-12-29T16:58:18.274919
21590,0.9113417005773343,0.20493348247691756,4.185726241357807e-06,0.0026320037432014942,0.04948382033035159,36.819519088603556,55.69993204670027,0.18546904530376196,92.77241850504652,0.34493010439583727,11.890422272,2025-12-29T17:13:48.601202
21600,0.9117843143221509,0.1878760795298149,4.1820475126397415e-06,0.0027466388419270515,0.044828671496361494,36.62676120083779,55.407921732869,0.2205258049070835,92.3154247161001,0.34663762960968214,11.887675392,2025-12-29T17:29:16.834920
21610,0.9122269280669675,0.3012157825050963,4.1784053968852885e-06,0.003080482129007578,0.05421339813619852,36.281094203237444,54.62877093767747,0.2850080458447337,91.27029787190259,0.35060694164614037,11.887792128,2025-12-29T17:44:42.806020
21620,0.9126695418117841,0.1923373206782344,4.174799901578398e-06,0.0025164932012557983,0.047941343393176794,37.02532871393487,56.04551467159763,0.20712656993418932,93.34675282798707,0.3428078538411227,11.892875776,2025-12-29T18:00:12.524037
21630,0.9131121555566006,0.2685636192909442,4.171231034127776e-06,0.002904290799051523,0.04538794839754701,37.10008225124329,56.10794929554686,0.15686775790527463,93.43176724994555,0.3424959298307466,11.885864448,2025-12-29T18:15:45.538406
21640,0.9135547693014172,0.2033104741713032,4.167698801866853e-06,0.002705459948629141,0.04229241190478206,37.0311392089352,55.87033381778747,0.1659927167929709,93.12598128896207,0.3436205402304079,11.887955968,2025-12-29T18:31:15.386102
21650,0.9139973830462338,0.22184881391149247,4.16420321205379e-06,0.0027786348946392536,0.05101462407037616,36.59226589510217,55.07345429016277,0.2516547259874642,91.98552415100858,0.34788082467701126,11.88813824,2025-12-29T18:46:45.836659
21660,0.9144399967910504,0.13634070780972252,4.160744271871446e-06,0.0030582058243453503,0.042029776610434055,36.49765850789845,54.933300682809204,0.16177856363356113,91.6533501110971,0.3491416294244714,11.887966208,2025-12-29T19:02:10.613218
21670,0.914882610535867,0.1572135670503485,4.1573219884273736e-06,0.0031380527652800083,0.040150918532162905,36.53129149135202,55.38575076498091,0.2281191311776638,92.19957165513188,0.3470731959546893,11.887855616,2025-12-29T19:17:37.780003
21680,0.9153252242806835,0.07986530896778277,4.1539363687538084e-06,0.002858627587556839,0.046556958463042974,36.82107457285747,55.38139068335295,0.27559109404683113,92.54777982318774,0.34576734375622953,11.887908864,2025-12-29T19:33:09.753396
21690,0.9157678380255001,0.1472712176037021,4.150587419807637e-06,0.0026358668692409992,0.052538178861141205,37.097917440813035,56.17427804553881,0.2710794606246054,93.61320728389546,0.3418321081869935,11.888021504,2025-12-29T19:48:41.523662
21700,0.9162104517703167,0.19177919963840395,4.147275148470402e-06,0.0026764031499624252,0.043263803236186504,36.71190157113597,55.43787421332672,0.1688557961024344,92.37669045012444,0.3464077338565975,11.887809536,2025-12-29T20:04:05.461209
21710,0.9166530655151333,0.1369164703446586,4.143999561548273e-06,0.0026590563356876373,0.051968338899314404,36.95452853059396,55.74299883376807,0.22257554391399026,92.98840410867706,0.3441289299104551,11.887963136,2025-12-29T20:19:30.942060
21720,0.9170956792599498,0.22026687487959862,4.140760665772048e-06,0.0025701280683279037,0.048548748716712,37.126028965227306,55.97402497800067,0.18934901105239987,93.3595061916858,0.34276102461700664,11.89860096,2025-12-29T20:34:59.228305
21730,0.9175382930047664,0.27301245275884867,4.1375584677971175e-06,0.002997728530317545,0.04660758702084422,36.88515747245401,56.30940497061238,0.21542981173843145,93.47860504174605,0.34232432101130855,11.88642304,2025-12-29T20:50:31.594976
21740,0.917980906749583,0.1514998342609033,4.134392974203483e-06,0.0031438125297427177,0.0437219119630754,36.66160865500569,55.535379028879106,0.19889479270204902,92.46033970406279,0.34609433733882217,11.886562304,2025-12-29T21:05:52.454050
21750,0.9184235204943996,0.14767366456908348,4.1312641914957014e-06,0.0027942415326833725,0.04686523508280516,36.55574542284012,55.38214919809252,0.19597270898520947,92.19689026800916,0.3470832899784201,11.887792128,2025-12-29T21:21:19.626734
21760,0.9188661342392161,0.1724925540147524,4.128172126102917e-06,0.002541759517043829,0.03347899904474616,36.60351654421538,55.19103119941428,0.24179256008937955,92.08533196803182,0.34750376977637504,11.887792128,2025-12-29T21:36:46.453369
21770,0.9193087479840327,0.15400653576944023,4.125116784378808e-06,0.0027042897418141365,0.04789025243371725,36.75008025765419,55.87782268086448,0.18199025793001056,92.87650474021211,0.34454354294994455,11.888224256,2025-12-29T21:52:20.929524
21780,0.9197513617288493,0.25585000109930434,4.1220981726016065e-06,0.0024352753534913063,0.048790919594466686,37.33856017142534,56.564944294746965,0.26094695972278714,94.23299399204552,0.3395838192586899,11.899303936,2025-12-29T22:07:56.959480
21790,0.9201939754736659,0.2622008145208383,4.119116296974059e-06,0.002793199848383665,0.04464959539473057,37.10394236724824,56.237536408472806,0.19962878711521626,93.60253179585561,0.3418710945745684,11.890597376,2025-12-29T22:23:36.139259
21800,0.9206365892184825,0.12759949198243703,4.1161711636234325e-06,0.002631908282637596,0.05145938228815794,37.514890768099576,56.51201693946496,0.3409400898963213,94.44031385378912,0.3388383487325323,11.88790784,2025-12-29T22:39:06.175671
21810,0.921079202963299,0.16016353233135305,4.113262778601491e-06,0.0028489301912486553,0.04525175178423524,37.65146938152611,57.56668484862894,0.1791971349157393,95.45869893301278,0.33522350878106655,11.888786432,2025-12-29T22:54:34.793543
21820,0.9215218167081156,0.19479887187480927,4.110391147884486e-06,0.0031747277826070786,0.050603114534169436,36.86579525144771,56.383281198330224,0.20664807595312595,93.5258281477727,0.3421514744508795,11.887850496,2025-12-29T23:10:16.683516
21830,0.9219644304529322,0.22559075779281557,4.107556277373149e-06,0.002860021311789751,0.03962171357125044,37.3143889978528,56.89657730655745,0.16857265401631594,94.43713160092011,0.33884976658575494,11.888144384,2025-12-29T23:25:59.728253
21840,0.9224070441977488,0.26545859924226534,4.104758172892671e-06,0.002668356988579035,0.052881757728755474,36.93827003845945,55.65583553398028,0.22921711998060346,92.89242664910853,0.344484487641567,11.888019456,2025-12-29T23:41:39.645593
21850,0.9228496579425653,0.2964043974525339,4.1019968401927e-06,0.0025739851407706738,0.049064460676163435,36.90277069574222,55.84975854959339,0.22424421180039644,93.045485150069,0.34391781555428075,11.88782336,2025-12-29T23:57:18.604081
21860,0.9232922716873819,0.3219291381101357,4.099272284947316e-06,0.0030129626393318176,0.053048673551529646,37.11510260682553,55.96837163902819,0.23391365120187402,93.39088389277458,0.342645862916774,11.893986304,2025-12-30T00:12:52.608305
21870,0.9237348854321985,0.17229306853550952,4.096584512755035e-06,0.002749036531895399,0.05334084294736385,37.00384406419471,56.558052426204085,0.22664125636219978,93.86176484683529,0.3409268944837972,11.888248832,2025-12-30T00:28:27.773275
21880,0.9241774991770151,0.15222418627236323,4.093933529138785e-06,0.0031699552200734615,0.04750099219381809,36.709927771706134,55.344773726537824,0.2513955612666905,92.37171821296215,0.34642638048828206,11.892408832,2025-12-30T00:44:01.028615
21890,0.9246201129218317,0.12979554144840222,4.091319339545908e-06,0.0028058388270437717,0.055322288535535336,36.32958555780351,54.72443977976218,0.29386855103075504,91.42310373391956,0.3500209322703999,11.88790784,2025-12-30T00:59:22.984816
21900,0.9250627266666482,0.269053682917729,4.088741949348128e-06,0.003028450533747673,0.06081167794764042,36.99640097981319,55.834920251742005,0.206207191105932,93.11792862089351,0.34365025590592807,11.8880256,2025-12-30T01:14:48.671675
21910,0.9255053404114648,0.12850014373543672,4.086201363841558e-06,0.0028450321406126022,0.06015015533193946,36.84524825634435,55.717710053082556,0.25059371488168836,92.89189626462758,0.34448645454324006,11.888086016,2025-12-30T01:30:16.511792
21920,0.9259479541562814,0.27171776513569057,4.083697588246686e-06,0.003517085686326027,0.04775667376816273,37.17717793677002,56.1841834676452,0.17488870909437537,93.60283133201301,0.34187000056114447,11.892408832,2025-12-30T01:45:45.461442
21930,0.926390567901098,0.15175706924128463,4.081230627708357e-06,0.002719419077038765,0.051409109495580196,36.28462416678667,54.87638576934114,0.1912842718884349,91.4231730690226,0.35002066681541083,11.889955328,2025-12-30T02:01:11.201788
21940,0.9268331816459146,0.25847025650909927,4.078800487295771e-06,0.002691729925572872,0.039719111286103725,36.79525523632765,55.869939784985036,0.2793261739425361,93.00325703481212,0.3440739713881424,11.887791104,2025-12-30T02:16:37.195175
21950,0.9272757953907311,0.20905227386538172,4.076407172002466e-06,0.002892883028835058,0.05605756165459752,36.83730133716017,55.75339937163517,0.19855904206633568,92.8633411009796,0.34459238296415806,11.889661952,2025-12-30T02:32:00.661938
21960,0.9277184091355477,0.13896571087809662,4.074050686746314e-06,0.002801711205393076,0.04409130476415157,36.7092829993926,55.26453557610512,0.26344912219792604,92.29772835411131,0.34670409088756937,11.892058624,2025-12-30T02:47:28.800854
21970,0.9281610228803643,0.25373445548484597,4.0717310363695036e-06,0.0031160376965999603,0.056359068024903536,36.83317263564095,55.69357450865209,0.2182130659930408,92.82434257399291,0.3447371574378983,11.888903168,2025-12-30T03:02:58.167945
21980,0.9286036366251809,0.29646982715848935,4.069448225638532e-06,0.0028810324147343636,0.05499108089134097,36.20398409757763,55.33693345123902,0.25545980501919985,91.86795831099153,0.34832601690867626,11.88781312,2025-12-30T03:18:28.656201
21990,0.9290462503699974,0.20838331582490355,4.067202259244206e-06,0.002992484252899885,0.04864808917045593,37.07180103426799,56.33923611789942,0.1544395969249308,93.62817154126242,0.34177747437797007,11.887878144,2025-12-30T03:34:06.067949
22000,0.929488864114814,0.14868031002151838,4.064993141801611e-06,0.0032464712858200073,0.04719368601217866,36.59920650348067,55.6966986162588,0.2522646440193057,92.6140043628402,0.34552009947255297,11.887617024,2025-12-30T03:49:41.566699
22010,0.9299314778596306,0.23705370933748782,4.062820877850123e-06,0.003178033512085676,0.04839522112160921,37.38924917764962,56.632321923039854,0.23987273685634136,94.33029863983393,0.33923352794821954,11.887792128,2025-12-30T04:23:17.474701
22020,0.9303740916044472,0.2048352011697716,4.060685471853389e-06,0.0034080827608704567,0.05256585171446204,36.678377037867904,55.2911689481698,0.2367123500443995,92.28240020666271,0.34676167859025436,11.887730688,2025-12-30T04:38:44.750734
22030,0.9308167053492638,0.14254553195860353,4.058586928199316e-06,0.002765011042356491,0.04605531692504883,36.64623595168814,55.18182850955054,0.2488870699889958,92.14238977618515,0.3472885832213419,11.887967232,2025-12-30T04:54:15.114441
22040,0.9312593190940803,0.2101724912354257,4.056525251200066e-06,0.0027413922362029552,0.05206309072673321,36.5675078346394,55.19700986612588,0.31773974979296327,92.15263370610774,0.3472499777060532,11.894278144,2025-12-30T05:09:44.205289
22050,0.9317019328388969,0.3650751383975148,4.054500445092048e-06,0.002557662781327963,0.04333063121885061,37.37049127090722,56.79925609799102,0.18351088603958488,94.41350545361638,0.33893456075223277,11.89497856,2025-12-30T05:25:11.599149
22060,0.9321445465837135,0.23364719541314116,4.052512514035904e-06,0.00265835365280509,0.050997191574424505,36.94806912122294,55.94132426567376,0.19659600220620632,93.15373817970976,0.34351815209247355,11.887906816,2025-12-30T05:40:42.863053
22070,0.9325871603285301,0.20556693791877478,4.050561462116504e-06,0.002735233400017023,0.0518838157877326,37.26125681353733,56.03969357861206,0.2356319040991366,93.60725770471618,0.3418538346774767,11.887792128,2025-12-30T05:56:10.778912
22080,0.9330297740733466,0.26049548282753676,4.0486472933429425e-06,0.002689777873456478,0.04247243935242295,37.01820744527504,55.706567231565714,0.24448033515363932,93.02964997896925,0.34397635600299564,11.893986304,2025-12-30T06:11:43.105596
22090,0.9334723878181632,0.13263120007468387,4.046770011648518e-06,0.0028092656284570694,0.0394246494397521,37.60873256018385,57.22284436179325,0.18947916012257338,95.08067295886576,0.33655630533708975,11.88773376,2025-12-30T06:27:20.750486
22100,0.9339150015629798,0.20425666607479798,4.044929620890741e-06,0.003268015570938587,0.04162896238267422,36.46051155310124,54.849715364631265,0.22639174107462168,91.59569571912289,0.3493613946459626,11.887614464,2025-12-30T06:42:49.199952
22110,0.9343576153077964,0.1914179016603157,4.0431261248513085e-06,0.003030288964509964,0.04290450504049659,36.62922738213092,56.1177433449775,0.20914870873093605,93.01887397980317,0.3440162047860097,11.89106432,2025-12-30T06:58:19.102545
22120,0.934800229052613,0.1676998841925581,4.041359527236107e-06,0.002688842359930277,0.04279870819300413,36.833600061014295,56.09011529479176,0.17933174641802907,93.16279549337924,0.3434847551593075,11.88860928,2025-12-30T07:13:58.445137
22130,0.9352428427974295,0.13613397757217172,4.039629831675207e-06,0.00259050028398633,0.039029847364872694,36.98361114086583,55.705431682989,0.1998010710813105,92.94768615998328,0.3442796837881581,11.88580608,2025-12-30T07:29:30.623324
22140,0.9356854565422461,0.2142318020341918,4.037937041722847e-06,0.0025919033214449883,0.04369358578696847,36.94988692784682,55.58196326158941,0.2619629646651447,92.85605906601995,0.34461940687411946,11.887967232,2025-12-30T07:45:01.653647
22150,0.9361280702870627,0.2225567177956691,4.036281160857434e-06,0.0033683087676763535,0.04258182179182768,36.86063016625121,55.68037369195372,0.1686300947330892,92.76987869199365,0.34493954774095986,11.887845376,2025-12-30T08:00:32.966393
22160,0.9365706840318793,0.17942038702021534,4.03466219248153e-06,0.002950272522866726,0.0350938867777586,36.70063878968358,55.957790069282055,0.19615751784294844,92.90634487429634,0.3444328806961083,11.889603584,2025-12-30T08:16:08.730655
22170,0.9370132977766958,0.13306641604867764,4.033080139921845e-06,0.0027593611739575863,0.046946846414357424,37.207879474852234,56.3943529156968,0.21718663489446044,93.88535557780415,0.3408412292104612,11.885864448,2025-12-30T08:31:43.202208
22180,0.9374559115215124,0.250524855859112,4.031535006429245e-06,0.0027195708826184273,0.04355117958039045,37.20153445703909,56.2347859069705,0.26206280291080475,93.76665513217449,0.341272704618635,11.900004352,2025-12-30T08:47:14.393029
22190,0.937898525266329,0.1325813587536686,4.030026795178722e-06,0.0026286253705620766,0.0453579961322248,36.98743283050135,55.6944912862964,0.16944571817293763,92.91655303398147,0.344395040012913,11.88913664,2025-12-30T09:02:40.516883
22200,0.9383411390111456,0.18994633117381454,4.0285555092693964e-06,0.0026988638564944267,0.04130682907998562,37.25163082918152,58.07934905728325,0.2204648000188172,95.61188702005893,0.3346864181572585,11.887850496,2025-12-30T09:18:17.076073
22210,0.9387837527559622,0.30334590992424637,4.027121151724525e-06,0.002723277546465397,0.04543161066249013,36.87614513421431,56.01532395137474,0.20530923502519727,93.16372042987496,0.34348134501655764,11.890947584,2025-12-30T09:33:58.766688
22220,0.9392263665007787,0.2684264760755468,4.025723725491479e-06,0.0028460323810577393,0.04646527534350753,37.82959353597835,56.75297779403627,0.17230480117723346,94.82077017985284,0.33747880279081766,11.887967232,2025-12-30T09:49:37.551737
22230,0.9396689802455953,0.19573782454426691,4.024363233441732e-06,0.0029262127354741096,0.036233102437108755,37.145234691444784,56.66405787039548,0.2086968212388456,94.08047964377329,0.3401343203304759,11.887967232,2025-12-30T10:05:15.128448
22240,0.9401115939904119,0.22246270945470314,4.023039678370878e-06,0.002818882931023836,0.03758206684142351,37.53279791260138,56.16474294429645,0.28007064014673233,94.03350902488455,0.3403042206106728,11.887792128,2025-12-30T10:20:50.266666
22250,0.9405542077352285,0.273618390107913,4.021753062998603e-06,0.002897004596889019,0.04165132297202945,37.273771630600095,56.06229602498934,0.2699503139592707,93.66793986130506,0.341632366927069,11.88627456,2025-12-30T10:36:27.948576
22260,0.940996821480045,0.10017497970238765,4.020503389968688e-06,0.0025286776944994926,0.038648458663374186,36.95332308439538,55.93720286292955,0.1914091561920941,93.1399540132843,0.34356899076239533,11.887908864,2025-12-30T10:52:00.344443
22270,0.9414394352248616,0.14372186488617444,4.019290661849009e-06,0.0025854380801320076,0.03991312487050891,37.793518075253814,57.52656079316512,0.20473141921684146,95.58118353178725,0.33479392928167523,11.899537408,2025-12-30T11:07:35.938389
22280,0.9418820489696782,0.30142397922463715,4.018114881131521e-06,0.0034396396949887276,0.04407026618719101,37.3259357358329,56.60752678848803,0.17750596813857555,94.17531538987532,0.3397918007231891,11.892500992,2025-12-30T11:23:11.337706
22290,0.9423246627144948,0.10492897413587343,4.01697605023226e-06,0.002840162254869938,0.04830235429108143,37.28207377297804,56.6211020834744,0.1513622528873384,94.12218395713717,0.33998361124485443,11.892875776,2025-12-30T11:38:44.158125
22300,0.9427672764593114,0.19541174322512234,4.015874171491336e-06,0.0028013410046696663,0.04667743667960167,36.47667267220095,55.59094053786248,0.19143440201878548,92.32108981721103,0.3466163588770198,11.890064384,2025-12-30T11:54:12.992591
22310,0.9432098902041279,0.21922952332533896,4.014809247172931e-06,0.0027353796176612377,0.03962991200387478,37.04661930166185,55.954925714060664,0.19757284503430128,93.25504927476868,0.3431449583573165,11.89410304,2025-12-30T12:09:36.208910
22320,0.9436525039489445,0.2608164001139812,4.013781279465288e-06,0.0030288025736808777,0.039713574573397636,36.55648040724918,55.16993576847017,0.23520275112241507,92.0186525140889,0.3477555813491238,11.890072064,2025-12-30T12:25:01.750845
22330,0.9440951176937611,0.20405202437541448,4.012790270480712e-06,0.002817844972014427,0.04758445452898741,36.82701714290306,55.561246030032635,0.15662164706736803,92.61414186656475,0.34551958648069636,11.885800448,2025-12-30T12:40:29.669802
22340,0.9445377314385777,0.17087312579678837,4.011836222255561e-06,0.003359904047101736,0.04491100646555424,36.910415361169726,55.87433002889156,0.20305590704083443,93.0547516127117,0.343883567957734,11.88942848,2025-12-30T12:55:59.016338
22350,0.9449803451833942,0.15440970790950814,4.010919136750251e-06,0.00296993600204587,0.04622580949217081,37.020562113728374,56.908502840902656,0.1860535298474133,94.17832527309656,0.33978094117948043,11.89135616,2025-12-30T13:11:31.023275
22360,0.9454229589282108,0.2178924550753436,4.010039015849242e-06,0.003208216279745102,0.04381529241800308,37.077952965628356,57.14520701486617,0.17487446824088693,94.46204938413575,0.338760382700041,11.88796416,2025-12-30T13:27:10.278167
22370,0.9458655726730274,0.22205073960321897,4.009195861361036e-06,0.002893123310059309,0.043046711944043636,36.36156758898869,55.251356532331556,0.23089124681428075,91.90469931578264,0.3481867656195541,11.887965184,2025-12-30T13:42:41.891937
22380,0.946308186417844,0.149784766556877,4.008389675018178e-06,0.0027196574956178665,0.04200605768710375,36.824499923270196,55.59509851038456,0.17269485583528876,92.65861515700817,0.34535374768742916,11.887850496,2025-12-30T13:58:13.957994
22390,0.9467508001626606,0.18647062164382078,4.007620458477245e-06,0.0031728558242321014,0.041001005563884974,36.67065259581432,55.519998032134026,0.2041833340190351,92.45155810704455,0.3461272114305415,11.89077248,2025-12-30T14:13:46.738770
22400,0.9471934139074771,0.2167514366069554,4.006888213318855e-06,0.0024476954713463783,0.04039120860397816,36.80747839482501,55.93097188929096,0.1834371560253203,92.97857090411708,0.34416532421217333,11.887465984,2025-12-30T14:29:20.504001
22410,0.9476360276522937,0.1444413307326613,4.006192941047646e-06,0.003371229860931635,0.04431161051616073,36.46529976744205,55.04032128537074,0.206934975925833,91.77805113885552,0.3486672423626171,11.887848448,2025-12-30T14:44:47.476058
22420,0.9480786413971103,0.20860971171350684,4.005534643092296e-06,0.002781444229185581,0.04862155206501484,36.914870243519545,55.57493092911318,0.16404376924037933,92.72042336920276,0.34512353198150786,11.885747712,2025-12-30T15:00:19.499219
22430,0.9485212551419269,0.2256949061643354,4.004913320805495e-06,0.0027422942221164703,0.044594744220376015,36.832189607433975,55.61887309001759,0.1930292653851211,92.70587429683656,0.3451776949704249,11.888052224,2025-12-30T15:15:48.140216
22440,0.9489638688867434,0.22268252549838508,4.004328975463958e-06,0.0027122138999402523,0.044854249339550734,36.76591765601188,55.65250967256725,0.16933765169233084,92.64960219012573,0.3453873437506291,11.891531264,2025-12-30T15:31:14.349211
22450,0.94940648263156,0.306581478449516,4.003781608268416e-06,0.002661321312189102,0.04290178744122386,37.497750089969486,56.95551005098969,0.22047503991052508,94.73731273319572,0.3377760997941762,11.895153664,2025-12-30T15:46:40.775413
22460,0.9498490963763766,0.1249643141291017,4.003271220343623e-06,0.002560120075941086,0.043774708174169064,36.619551985524595,55.20226707449183,0.18524238793179393,92.06676668766886,0.3475738439751896,11.88773376,2025-12-30T16:02:08.676816
22470,0.9502917101211932,0.21640796423889697,4.002797812738341e-06,0.002661899197846651,0.042693705298006535,36.85697816405445,55.73371055489406,0.18546041194349527,92.83701689215377,0.3446900931465035,11.890889216,2025-12-30T16:17:34.343190
22480,0.9507343238660098,0.10457558683992829,4.002361386425343e-06,0.002575359307229519,0.04312150785699487,36.847038665320724,55.62074406212196,0.16814285796135664,92.69480183301494,0.3452189267057974,11.887845888,2025-12-30T16:32:57.360993
22490,0.9511769376108263,0.1482677148305811,4.001961942301417e-06,0.0034628482535481453,0.04533136077225208,37.55477268481627,57.526951662730426,0.24434128310531378,95.38963651517406,0.335466211729506,11.889143808,2025-12-30T16:48:29.539788
22500,0.9516195513556429,0.2075192341580987,4.001599481187352e-06,0.002806498669087887,0.04162817355245352,36.922735360916704,55.677455701399595,0.23212505830451846,92.89693179307505,0.3444677814685955,11.888032768,2025-12-30T17:03:58.845979
22510,0.9520621651004595,0.22162061533890665,4.001274003827945e-06,0.0029623107984662056,0.0420878641307354,37.23680842015892,56.83466916065663,0.2718653599731624,94.40757028060034,0.3389558687390097,11.887967232,2025-12-30T17:37:47.783980
22520,0.9525047788452761,0.17700232057250176,4.000985510892e-06,0.0027838610112667084,0.045649189967662096,37.057685462292284,56.55742208939046,0.18683425383642316,93.86397348716855,0.3409188723975603,11.887792128,2025-12-30T17:53:33.593048
22530,0.9529473925900926,0.2697543399175686,4.000734002972324e-06,0.0026458147913217545,0.041164342779666185,37.47295568743721,57.41525208391249,0.21696818713098764,95.1674727583304,0.3362493410039504,11.88773376,2025-12-30T18:09:21.800958
22540,0.9533900063349092,0.24453920235191617,4.000519480585723e-06,0.002515265252441168,0.041731533128768206,36.41842596931383,57.216352129820734,0.19995380379259586,93.89754219260067,0.3407969926876496,11.887792128,2025-12-30T18:25:06.272451
22550,0.9538326200797258,0.2937403490068391,4.000341944173006e-06,0.003221937920898199,0.044168847147375345,37.898982553277165,57.931987792253494,0.2240876378491521,96.11990603432059,0.33291751230566197,11.887908864,2025-12-30T18:40:51.613152
22560,0.9542752338245424,0.2410178087679924,4.000201394098981e-06,0.0036438191309571266,0.04429046204313636,37.060614310670644,55.99318311782554,0.1661373032256961,93.28261242294684,0.34304356587818113,11.887792128,2025-12-30T18:56:22.219229
22570,0.954717847569359,0.2166215807901608,4.000097830652454e-06,0.0029764845967292786,0.04153993586078286,37.05227082129568,55.91270479792729,0.21219599107280374,93.24319661129266,0.34318857742940667,11.889686528,2025-12-30T19:11:47.578241
22580,0.9551604613141755,0.1992052483255975,4.000031254046231e-06,0.002934517804533243,0.0445038890466094,36.832091277465224,55.50738483015448,0.18397073401138186,92.58576565468684,0.345625483288101,11.88793856,2025-12-30T19:27:16.602693
22590,0.9556030750589921,0.22004342998252469,4.0000016644171205e-06,0.0027465815655887127,0.041120495647192,36.463456337340176,55.10307159787044,0.32146486872807145,91.94714332930744,0.348026038018304,11.8880256,2025-12-30T19:42:43.283606
22600,0.9560456888038087,0.14390384551552415,4.0000090618259016e-06,0.002714963164180517,0.04694237560033798,36.98089292785153,56.08499108767137,0.23704915819689631,93.37139771692455,0.34271737151257897,11.887966208,2025-12-30T19:58:11.831950
22610,0.9564883025486253,0.1743437242694199,4.0000534462573285e-06,0.002361329272389412,0.04561405349522829,37.74086047150195,57.42819390259683,0.2051778486929834,95.43693439895287,0.3352999569981064,11.887963136,2025-12-30T20:13:41.766489
22620,0.9569309162934418,0.11592034056957345,4.000134817620194e-06,0.002660369500517845,0.042661217506974936,37.06237459089607,56.150521827396005,0.29325000010430813,93.56732399202883,0.3419997348938411,11.887967232,2025-12-30T20:29:08.357417
22630,0.9573735300382584,0.13011589119741984,4.0002531757472945e-06,0.0029430105350911617,0.04578255536034703,36.78485305188224,55.591007684823126,0.1681783040985465,92.60832998342812,0.34554127048534694,11.888086016,2025-12-30T20:44:38.331161
22640,0.957816143783075,0.22163722098980543,4.000408520395424e-06,0.0028341985307633877,0.04094467032700777,37.25111910002306,56.637300364207476,0.19228864181786776,94.14010309800506,0.33991889690928245,11.903276544,2025-12-30T21:00:01.820889
22650,0.9582587575278916,0.2019626768960734,4.000600851245375e-06,0.0026307213120162487,0.04108233796432614,36.46110248332843,54.893122082576156,0.20678512193262577,91.6212641922757,0.34926389940270897,11.888021504,2025-12-30T21:15:25.199108
22660,0.9587013712727082,0.15288965831859969,4.000830167901937e-06,0.0026344475336372852,0.04598621232435107,36.409707163926214,55.16421673167497,0.2080088690854609,91.84365513315424,0.34841818908019984,11.888086016,2025-12-30T21:30:50.451156
22670,0.9591439850175247,0.1903564993845066,4.001096469893904e-06,0.002659937832504511,0.04575957963243127,37.431795693933964,56.246926109772176,0.21890237694606185,93.96504705026746,0.340552162793909,11.891941888,2025-12-30T21:46:17.498396
22680,0.9595865987623413,0.2387102349603083,4.001399756674067e-06,0.0028434102423489094,0.05110052367672324,36.60546945501119,55.253609533421695,0.2290886747650802,92.15607099421322,0.34723702578432825,11.887908864,2025-12-30T22:01:39.969979
22690,0.9600292125071579,0.2724231285537826,4.001740027619222e-06,0.0030099102295935154,0.06064966972917318,36.1599609060213,54.29462531208992,0.25974905816838145,90.79550459701568,0.35244035640341376,11.888676864,2025-12-30T22:17:03.980762
22700,0.9604718262519745,0.19069991573996958,4.00211728203017e-06,0.002734338864684105,0.05076944129541516,36.95481629110873,55.89446258125827,0.17733442364260554,93.09938805690035,0.34371869319315274,11.890655744,2025-12-30T22:32:32.382864
22710,0.960914439996791,0.32539832149632275,4.0025315191317135e-06,0.002612705808132887,0.044996187556535006,36.74834224302322,55.46978676877916,0.2367367809638381,92.51907052332535,0.34587463772598487,11.893869568,2025-12-30T22:48:04.861168
22720,0.9613570537416076,0.1521887177732424,4.002982738072665e-06,0.0030403579585254192,0.051752112340182066,36.95153161045164,56.048438081517816,0.17746594035997987,93.24911957420409,0.3431667789049271,11.887850496,2025-12-30T23:03:29.800169
22730,0.9617996674864242,0.17324787573889466,4.003470937925844e-06,0.0027939067222177982,0.04902421263977885,36.91711413767189,55.93893207749352,0.22587846824899316,93.15102385729551,0.3435281618484732,11.887967232,2025-12-30T23:18:57.162810
22740,0.9622422812312408,0.2675929185934365,4.003996117688075e-06,0.0026898239739239216,0.045685612596571445,36.898052147589624,55.08495902270079,0.22578687081113458,92.27004679711536,0.34680810415499236,11.888436224,2025-12-30T23:34:32.376669
22750,0.9626848949760574,0.19833660495896765,4.004558276280207e-06,0.002516479231417179,0.05000422848388553,37.181176588870585,56.61235584830865,0.1838993807323277,94.04565080907196,0.34026028556030974,11.887792128,2025-12-30T23:50:10.152835
22760,0.9631275087208739,0.17747553209756006,4.005157412547093e-06,0.0027962103486061096,0.046668569557368755,36.18658872274682,55.34153755148873,0.20413241675123572,91.79478427767754,0.34860368431392125,11.888786432,2025-12-31T00:05:43.249506
22770,0.9635701224656905,0.11531951167853549,4.005793525257607e-06,0.0025970889255404472,0.05394860589876771,37.02131996070966,56.41893833084032,0.17990031791850924,93.69181147124618,0.34154532287830436,11.887792128,2025-12-31T00:21:19.682334
22780,0.9640127362105071,0.1871569997165352,4.006466613104643e-06,0.0030116653069853783,0.04625035170465708,36.90640975534916,55.86033973703161,0.23025940032675862,93.06350128119811,0.34385123662293426,11.898367488,2025-12-31T00:36:47.628600
22790,0.9644553499553237,0.047959664702830196,4.007176674705113e-06,0.0026911376044154167,0.04600292909890413,36.65517847426236,55.558907637838274,0.23033161694183946,92.50947891082615,0.34591049886732333,11.888021504,2025-12-31T00:52:21.502551
22800,0.9648979637001402,0.11641259540340343,4.00792370859996e-06,0.00274896202608943,0.041422225534915924,36.93838370125741,56.179642832838,0.2724496042355895,93.45089500304312,0.3424258269432086,11.887792128,2025-12-31T01:07:57.536314
22810,0.9653405774449568,0.16529842810996342,4.008707713254149e-06,0.0026640454307198524,0.037282101809978485,36.59722506953403,55.60088677331805,0.160452492069453,92.41221969015896,0.3462745522971969,11.887641088,2025-12-31T01:23:26.760130
22820,0.9657831911897734,0.2804731047945097,4.009528687056681e-06,0.0033224509097635746,0.04236480826511979,36.5524886995554,54.92982435738668,0.20789998630061746,91.75579237286001,0.34875182451658626,11.887850496,2025-12-31T01:39:00.308324
22830,0.96622580493459,0.2723940029363803,4.010386628320593e-06,0.0028395531699061394,0.05048454785719514,36.50550896767527,55.03838734747842,0.18063471978530288,91.79425457585603,0.3486056959431612,11.887933952,2025-12-31T01:54:26.325629
22840,0.9666684186794066,0.2961500016390346,4.01128153528295e-06,0.0028931391425430775,0.03750123782083392,36.751196823082864,55.590334543492645,0.25960183469578624,92.65603056410328,0.3453633811547871,11.887617024,2025-12-31T02:10:00.219152
22850,0.9671110324242231,0.15094640969914508,4.012213406104873e-06,0.002952979877591133,0.04338656971231103,37.11497150268406,55.918327848427,0.16539412131533027,93.26179862907156,0.3431201249642741,11.88796416,2025-12-31T02:25:31.880960
22860,0.9675536461690397,0.1558522294610185,4.013182238871515e-06,0.002812665421515703,0.038958456832915545,36.6911544976756,55.5136678237468,0.19527137326076627,92.45872480794787,0.34610038226753953,11.887792128,2025-12-31T02:41:04.434867
22870,0.9679962599138563,0.27363543994215433,4.0141880315920844e-06,0.0028680521063506603,0.046255897264927626,36.698521722108126,55.461045070551336,0.19884457113221288,92.42439989885315,0.34622891828369956,11.887792128,2025-12-31T02:56:29.220138
22880,0.9684388736586729,0.19086174980839132,4.015230782199847e-06,0.0027139210142195225,0.04111939249560237,36.94584121881053,56.213576985988766,0.2117192428559065,93.428923569154,0.34250635432307336,11.899303936,2025-12-31T03:12:03.863235
22890,0.9688814874034894,0.13056250938370795,4.016310488552116e-06,0.002702336758375168,0.04187258379533887,37.80343805812299,57.63189989468083,0.19000640278682113,95.68201462412253,0.3344411185917111,11.889370112,2025-12-31T03:27:35.511806
22900,0.969324101148306,0.24842381023336202,4.017427148430274e-06,0.0033070556819438934,0.04131819447502494,36.82288414798677,56.06020951271057,0.26758773624897003,93.21026426367462,0.3433098302294038,11.889311744,2025-12-31T03:43:08.536604
22910,0.9697667148931226,0.2414326374411644,4.018580759539772e-06,0.002624533139169216,0.037945947144180536,36.75285001844168,56.061530840117484,0.2602894213050604,93.13176206685603,0.3435992113735411,11.88773376,2025-12-31T03:58:47.031095
22920,0.9702093286379392,0.19415648941730979,4.019771319510125e-06,0.002588339149951935,0.0397665468044579,36.80213175388053,55.36065732734278,0.2097540469840169,92.42873270716518,0.34621268801102284,11.88754432,2025-12-31T04:14:19.764824
22930,0.9706519423827558,0.28086174093186855,4.020998825894926e-06,0.003362002782523632,0.042495232075452805,36.986546576954424,56.12359731271863,0.19123038463294506,93.36053388891742,0.34275725156064724,11.89048064,2025-12-31T04:29:47.318142
22940,0.9710945561275723,0.1612472346271261,4.022263276171857e-06,0.0030314186587929726,0.04320602584630251,37.03887884924188,56.35251972498372,0.17536031361669302,93.63280339585617,0.3417605672310373,11.887617024,2025-12-31T04:45:21.344828
22950,0.9715371698723889,0.2494981776806533,4.023564667742678e-06,0.00335722416639328,0.04094479978084564,36.6077286391519,55.58281015511602,0.16921364096924663,92.4187712171115,0.3462500050430788,11.886974976,2025-12-31T05:00:56.545932
22960,0.9719797836172055,0.15316721806630085,4.024902997933241e-06,0.003104214556515217,0.0397239001467824,37.2224857006222,55.951124489307404,0.27544425893574953,93.51173831196502,0.342203027958315,11.888086016,2025-12-31T05:16:29.164195
22970,0.9724223973620221,0.14508833747095196,4.026278263993502e-06,0.0027559050358831882,0.03987201349809766,37.28192048287019,56.73293738719076,0.18591230874881148,94.26137283490971,0.339481582302489,11.887850496,2025-12-31T05:32:00.376184
22980,0.9728650111068387,0.1685034891490318,4.027690463097514e-06,0.002982949838042259,0.04333836492151022,36.397356341127306,54.57904280023649,0.19973081117495894,91.23876236518845,0.35072812443375917,11.887967232,2025-12-31T05:47:29.578818
22990,0.9733076248516552,0.2575499799559111,4.029139592343436e-06,0.0028240354731678963,0.04254429042339325,36.83957610884681,55.718328142073005,0.2217155797407031,92.83928050566465,0.34468168888973133,11.888598016,2025-12-31T06:02:56.671768
23000,0.9737502385964718,0.12109127945404907,4.030625648753546e-06,0.002946373075246811,0.046665198635309935,36.75307809840888,56.272623874247074,0.24494230514392257,93.33654374582693,0.3428453499107708,11.889895424,2025-12-31T06:18:31.535659
23010,0.9741928523412884,0.2266226198989898,4.032148629274246e-06,0.0024964814074337482,0.04371884511783719,37.095194234047085,56.35640088841319,0.20126100163906813,93.71398405591026,0.34146451377959375,11.887091712,2025-12-31T06:52:12.609170
23020,0.974635466086105,0.24941901456259075,4.033708530776061e-06,0.0030356659553945065,0.04357666661962867,36.654889980796725,55.37860576109961,0.3507577427662909,92.44697577878833,0.3461443679517562,11.8924672,2025-12-31T07:07:35.832899
23030,0.9750780798309215,0.22419753151507393,4.03530535005365e-06,0.002528129145503044,0.043345910497009754,36.964891290292144,56.11806907970458,0.24585441499948502,93.39154277881607,0.3426434455182652,11.889352704,2025-12-31T07:23:01.547794
23040,0.9755206935757381,0.24827407860448147,4.036939083825808e-06,0.0026520639657974243,0.039311191998422146,36.69419194990769,55.28060881188139,0.1982416813261807,92.23103407584131,0.34695480019975156,11.887908864,2025-12-31T07:38:28.989107
23050,0.9759633073205547,0.2654329958895687,4.038609728735482e-06,0.0032030316069722176,0.04521485511213541,36.61350021278486,55.1227588430047,0.20389334205538034,92.00630260491744,0.34780226021483124,11.887850496,2025-12-31T07:53:56.450709
23060,0.9764059210653713,0.24886885238811374,4.040317281349776e-06,0.00374880013987422,0.04276886023581028,37.104097698349506,56.16421979852021,0.18520765518769622,93.51773169776425,0.3421810967723144,11.888997376,2025-12-31T08:09:25.170045
23070,0.9768485348101879,0.3011473868100438,4.042061738159944e-06,0.0026944787241518497,0.037724435329437256,37.570461929775774,57.27868081163615,0.23065125104039907,95.1354970461689,0.33636235678119725,11.89048064,2025-12-31T08:25:02.957564
23080,0.9772911485550044,0.18720399122958042,4.043843095581417e-06,0.0028346567414700985,0.04137273924425244,37.10505370609462,56.9560883208178,0.3049908271059394,94.4280478511937,0.338882363113424,11.887849472,2025-12-31T08:40:39.678408
23090,0.977733762299821,0.10974766969411576,4.0456613499537984e-06,0.0027005928568542004,0.03900545882061124,36.76146993227303,55.7189966714941,0.2081485870294273,92.74541859980673,0.34503051992334943,11.887641088,2025-12-31T08:56:16.749481
23100,0.9781763760446376,0.16267649300880294,4.047516497540874e-06,0.0027985135093331337,0.046632245648652315,37.30540967360139,56.45731719536707,0.2647507321089506,94.09458614932373,0.3400833279527633,11.890060288,2025-12-31T09:11:52.970247
23110,0.9786189897894542,0.24837956146802753,4.049408534530621e-06,0.0030777547508478165,0.045973461121320724,36.89432473760098,55.96840007323772,0.30072122905403376,93.23170908726752,0.343230863332636,11.895095296,2025-12-31T09:27:30.311140
23120,0.9790616035342707,0.14692096780095198,4.051337457035214e-06,0.003025973681360483,0.047407909296453,36.85011105006561,55.304534358438104,0.20898153400048614,92.43604894494638,0.34618528555951966,11.887965184,2025-12-31T09:43:05.428860
23130,0.9795042172790873,0.27440789032266366,4.053303261091031e-06,0.0026298225857317448,0.044117670971900225,37.521539627574384,56.74066026462242,0.2088895570486784,94.53547998284921,0.33849724998281594,11.89135616,2025-12-31T09:58:47.415020
23140,0.9799468310239039,0.25638766288830084,4.0553059426586745e-06,0.0027739228680729866,0.044487763196229935,36.80735901230946,56.121737234760076,0.22036895528435707,93.21231694612652,0.34330227000466995,11.887850496,2025-12-31T10:14:24.106203
23150,0.9803894447687205,0.2599699401525868,4.057345497622959e-06,0.002437667455524206,0.040745281148701906,37.00988904759288,56.12075546057895,0.21892222622409463,93.40697230491787,0.3425868456108303,11.893401088,2025-12-31T10:29:57.700864
23160,0.980832058513537,0.23395287573839596,4.059421921792932e-06,0.002819968853145838,0.03906076680868864,37.00888129603118,56.217347430530936,0.2175106513313949,93.50395705131814,0.3422315055868418,11.886398464,2025-12-31T10:45:29.643348
23170,0.9812746722583536,0.14739194823778234,4.061535210901887e-06,0.003263244405388832,0.0426219804212451,36.85786123480648,55.665894066914916,0.19875355530530214,92.78337629511952,0.3448893678778881,11.891941888,2025-12-31T11:01:01.494902
23180,0.9817172860031702,0.1448164302673831,4.063685360607361e-06,0.003210596740245819,0.04244811274111271,36.91644897311926,56.037464989349246,0.146496944129467,93.16427842713892,0.3434792877725798,11.885747712,2025-12-31T11:16:32.524449
23190,0.9821598997479868,0.27993625358794816,4.065872366491148e-06,0.0029864031821489334,0.04481058055534959,36.70748264947906,55.67620869865641,0.18338560592383146,92.63046090584248,0.34545871506056236,11.889778688,2025-12-31T11:32:11.576558
23200,0.9826025134928034,0.15239162053330801,4.068096224059314e-06,0.0028422162868082523,0.03926097135990858,36.69207164645195,56.034974032547325,0.1739927576854825,92.95613529719412,0.3442483908963233,11.887929856,2025-12-31T11:47:51.313965
23210,0.9830451272376199,0.2569654194994655,4.070356928742193e-06,0.003064680378884077,0.046136679127812386,36.44500055210665,55.395177555736154,0.15446850005537271,92.06371630262583,0.3475853602825644,11.887936512,2025-12-31T12:03:28.868751
23220,0.9834877409824365,0.1448060120928858,4.072654475894414e-06,0.0028563332743942738,0.044303111266344786,37.065276480745524,55.640849460382015,0.21451068203896284,92.98144380562007,0.3441546903368888,11.888479232,2025-12-31T12:19:05.665768
23230,0.9839303547272531,0.16004356716075563,4.07498886079489e-06,0.0028261453844606876,0.04693334084004164,36.96429719729349,57.385874938219786,0.15101463394239545,94.56408497691154,0.33839485686149257,11.89048064,2025-12-31T12:34:44.823367
23240,0.9843729684720697,0.20784300711238757,4.077360078646848e-06,0.0028274785727262497,0.04207692667841911,36.81409315066412,55.56128812581301,0.20042835688218474,92.63897968595847,0.3454269477975514,11.885746688,2025-12-31T12:50:20.254992
23250,0.9848155822168863,0.20562211237847805,4.079768124577822e-06,0.003266983199864626,0.04062941065058112,37.181113748811185,56.537850809749216,0.18694251496344805,93.96501180203632,0.34055229054211145,11.891764736,2025-12-31T13:05:54.192743
23260,0.9852581959617028,0.16151371381056379,4.082212993639672e-06,0.0029385234229266644,0.042100802063941956,36.91706561855972,55.73141500353813,0.1692852252162993,92.88054496608675,0.34452855559454443,11.890830848,2025-12-31T13:21:28.779600
23270,0.9857008097065194,0.2556393659324385,4.084694680808597e-06,0.0029473588801920414,0.04113800032064319,36.93266798136756,57.14467452932149,0.20439998479560018,94.34239422297105,0.339190035016182,11.887792128,2025-12-31T13:37:04.193660
23280,0.986143423451336,0.18178384361090139,4.087213180985138e-06,0.0026141228154301643,0.03836240293458104,36.37203400908038,55.41482302034274,0.2048473870381713,92.04826131882146,0.3476437201693981,11.885747712,2025-12-31T13:52:43.724669
23290,0.9865860371961526,0.29730663387454115,4.08976848899419e-06,0.0030072377994656563,0.043333782348781824,37.269239470828325,57.89111735904589,0.19180166581645608,95.41516998503357,0.33537643966907343,11.885689344,2025-12-31T14:08:26.287471
23300,0.9870286509409691,0.24090953533868742,4.092360599585016e-06,0.0032006334513425827,0.03901842422783375,36.88099641026929,56.33613859768957,0.19434595899656415,93.4712231149897,0.34235135620974083,11.893284352,2025-12-31T14:24:03.742825
23310,0.9874712646857857,0.38245296040531684,4.094989507431251e-06,0.0028420668095350266,0.03972056647762656,37.21312365075573,56.02383956545964,0.23596982518211007,93.52884387783706,0.34214044216987094,11.890360832,2025-12-31T14:39:45.091570
23320,0.9879138784306023,0.26462620946767856,4.097655207130928e-06,0.003379574976861477,0.04503785399720073,36.7711892449297,56.0955400695093,0.29086400708183646,93.21938799601048,0.3432762292042671,11.88913664,2025-12-31T14:55:24.923115
23330,0.9883564921754189,0.21292147731946898,4.100357693206468e-06,0.002736080437898636,0.036811742931604385,37.08773946855217,56.651264399290085,0.1683825678192079,93.96043389104307,0.340568882824736,11.88913664,2025-12-31T15:11:03.139091
23340,0.9887991059202355,0.18607444847293664,4.1030969601047065e-06,0.002767205238342285,0.04260136466473341,37.5270672570914,57.29614369943738,0.2251388900913298,95.10671001998708,0.3364641673891891,11.887967232,2025-12-31T15:26:39.720842
23350,0.989241719665052,0.19888730379898334,4.1058730021969005e-06,0.0030979104340076447,0.0448555750772357,37.005229115951806,56.13948476314545,0.17982905078679323,93.38798885280266,0.342656484983718,11.887908864,2025-12-31T15:42:19.446733
23360,0.9896843334098686,0.08633453223251308,4.108685813778741e-06,0.0034334128722548485,0.04445892246440053,36.92764241201803,56.17542831087485,0.17519126506522298,93.34361160779372,0.34281939008805357,11.889170432,2025-12-31T15:57:53.031135
23370,0.9901269471546852,0.2994646817096509,4.111535389070363e-06,0.002764876466244459,0.04747076006606221,37.56691084988415,56.997341418173164,0.2511724317446351,94.88194061815739,0.3372612300245914,11.890305536,2025-12-31T16:13:29.594008
23380,0.9905695608995018,0.18934278121014358,4.114421722216353e-06,0.0027260184288024902,0.04304895177483559,36.84662268077955,55.83641938120127,0.1962480368092656,92.94292862713337,0.34429730666629815,11.88773376,2025-12-31T16:28:58.121609
23390,0.9910121746443183,0.21926221789908595,4.117344807285775e-06,0.002866480965167284,0.045914930291473866,37.184727162122726,56.18044113274664,0.17554521560668945,93.60611968487501,0.3418579907780388,11.887617024,2025-12-31T16:44:23.260105
23400,0.9914547883891349,0.22551510948687792,4.1203046382721714e-06,0.002565206028521061,0.04199716169387102,37.18224777188152,56.607773983851075,0.252445459831506,94.09951281640679,0.34006552257537953,11.892642304,2025-12-31T16:59:59.347150
23410,0.9918974021339515,0.12811612223595148,4.1233012090935705e-06,0.002777328249067068,0.03702371846884489,36.599168236367404,55.11238281149417,0.18467040499672294,91.95229182718322,0.34800655170336997,11.885689344,2025-12-31T17:15:30.674487
23420,0.9923400158787681,0.20339879362290958,4.126334513592516e-06,0.002437245100736618,0.04406312387436628,36.97475912095979,56.40615286724642,0.26329353218898177,93.70383953070268,0.3415014812655034,11.888595968,2025-12-31T17:31:01.803526
23430,0.9927826296235847,0.16524947321522632,4.129404545536066e-06,0.0024253586307168007,0.04025342594832182,36.67532629985362,55.82985072862357,0.17539860494434834,92.7404038333334,0.34504917681303365,11.887850496,2025-12-31T17:46:27.781500
23440,0.9932252433684012,0.16538128344018332,4.132511298615806e-06,0.0032782312482595444,0.04454683093354106,36.70602449309081,55.82385468482971,0.24299515085294843,92.8344547408633,0.344699606297299,11.888482304,2025-12-31T18:01:54.661708
23450,0.9936678571132178,0.1641561365686357,4.135654766447872e-06,0.0030922777950763702,0.04032148560509086,37.10613749502227,55.87409302825108,0.19346153130754828,93.23394834715873,0.34322261973554175,11.890563072,2025-12-31T18:17:31.842523
23460,0.9941104708580344,0.25824608494440326,4.138834942572951e-06,0.0031137438490986824,0.03618808323517442,36.79514756100252,55.904261643532664,0.18659885926172137,92.93856013286859,0.34431349005462913,11.888391168,2025-12-31T18:33:01.292269
23470,0.994553084602851,0.20744089298023027,4.142051820456311e-06,0.002883552573621273,0.037044208496809006,36.83501411555335,55.67280225921422,0.16363775776699185,92.72632547421381,0.3451015645918036,11.887906304,2025-12-31T18:48:37.574888
23480,0.9949956983476675,0.28295347704624874,4.145305393487786e-06,0.0030762995593249798,0.042988421861082315,37.32967660948634,56.801040411926806,0.2091852929443121,94.40295473020524,0.3389724409734101,11.896206336,2025-12-31T19:04:11.279757
23490,0.9954383120924841,0.18650156154762954,4.148595654981828e-06,0.0026466576382517815,0.04034959198907018,36.479495668783784,55.071327701210976,0.20529992692172527,91.81164847267792,0.34853965191053976,11.887965184,2025-12-31T19:19:34.014844
23500,0.9958809258373007,0.18235422638827004,4.151922598177486e-06,0.003074245061725378,0.04159460961818695,36.91365971136838,56.172549148090184,0.17916693584993482,93.32490537595004,0.3428881054965039,11.887850496,2025-12-31T19:34:59.339948
23510,0.9963235395821173,0.18577080048271455,4.155286216238436e-06,0.0033992864191532135,0.04717570776119828,36.909700294956565,57.585736143402755,0.24340588273480535,94.80690073594451,0.33752817307177,11.88857344,2025-12-31T20:09:04.149927
23520,0.9967661533269339,0.15172964772773412,4.1586865022529995e-06,0.00277442904189229,0.03962818952277303,37.16149561479688,57.19817927945405,0.21297638583928347,94.63183768233284,0.33815257934036924,11.887908864,2025-12-31T20:24:53.277604
23530,0.9972087670717504,0.20185774764900088,4.16212344923415e-06,0.003350778017193079,0.04389195144176483,37.22151378635317,56.83460317319259,0.29327947087585926,94.41638821782544,0.3389242122477052,11.888282624,2025-12-31T20:40:41.136435
23540,0.997651380816567,0.17674401256954297,4.165597050119524e-06,0.0033143279142677784,0.04987447243183851,37.57263877801597,56.749238120857626,0.15624145278707147,94.54215910471976,0.33847333616059216,11.887799296,2025-12-31T20:56:27.795638
23550,0.9980939945613836,0.29322634408890735,4.169107297771436e-06,0.0034401388838887215,0.044772491324692965,37.55865950929001,56.46518303686753,0.17931475909426808,94.26812700508162,0.33945725895535195,11.889778688,2025-12-31T21:12:17.005702
23560,0.9985366083062002,0.23487431439571083,4.172654184976916e-06,0.003441200125962496,0.03540064161643386,37.013931235298514,56.59102403046563,0.35530817322432995,94.01503864489496,0.34037107744929496,11.898834432,2025-12-31T21:28:01.236516
23570,0.9989792220510167,0.22205904019756417,4.176237704447684e-06,0.003097299486398697,0.0491819572634995,37.18111674161628,56.7784213302657,0.15629673097282648,94.1823648950085,0.3397663674688205,11.889714176,2025-12-31T21:43:46.916420
23580,0.9994218357958333,0.15935449732933193,4.179857848820205e-06,0.003202062100172043,0.04879471519961953,37.719711766112596,56.3161475607194,0.1499560079537332,94.25515948515385,0.33950396110719355,11.889486848,2025-12-31T21:59:35.505009
23590,0.9998644495406499,0.17930241900103283,4.18351461065567e-06,0.0028124526143074036,0.04001977201551199,37.665740564931184,56.31476232968271,0.20115164760500193,94.24122099904343,0.3395541744978538,11.887850496,2025-12-31T22:15:25.112688
