step,epoch,loss,learning_rate,t_data,t_transfer,t_forward,t_backward,t_optimizer,t_step,throughput,gpu_mem_gb,timestamp
25001,0.00016022431403965552,0.004569901883943572,1.8253050388081e-05,0.16202374798012897,0.03843835793668404,92.3969956820365,141.12791694095358,0.190299631038215,234.0794636089704,0.1367057131225146,11.993115648,2026-01-18T19:38:23.466590
25002,0.00032044862807931103,6.02515624059663e-06,1.8250284284608613e-05,0.0031444960623048246,0.04002125404076651,88.7608651361079,134.74807389295893,0.24846643401542678,223.80894722195808,0.14297909175304166,12.005097472,2026-01-18T19:42:07.276646
25003,0.0004806729421189666,0.001320029130116751,1.8247516228731105e-05,0.0024920368450693786,0.03904606797732413,90.38130067504244,137.52323518699268,0.17026716098189354,228.12566235498525,0.14027356532210283,11.99321088,2026-01-18T19:45:55.403189
25004,0.0006408972561586221,0.015514045779841723,1.8244746221193876e-05,0.00273499998729676,0.0363939490634948,90.09591156203533,137.07110588491196,0.16614166501676664,227.3785063319956,0.14073449824354448,12.017060352,2026-01-18T19:49:42.782332
25005,0.0008011215701982776,0.021957760764067302,1.8241974262742856e-05,0.0035512250615283847,0.04099440691061318,89.90676447999431,136.83915113308467,0.20279084000503644,226.99933411600068,0.14096957651711628,12.013424128,2026-01-18T19:53:29.782499
25006,0.0009613458842379332,0.003974544966427018,1.823920035412449e-05,0.002599143947008997,0.03593069897033274,91.79093363002175,140.6663317939383,0.24083671701373532,232.74392868898576,0.1374901600237289,11.992310272,2026-01-18T19:57:22.526964
25007,0.0011215701982775887,0.02303314665450884,1.823642449608576e-05,0.0026831618743017316,0.03978271590312943,90.54692974715726,138.15647410787642,0.2186045889975503,228.9726662429748,0.1397546725775693,12.00757504,2026-01-18T20:01:11.500229
25008,0.0012817945123172441,0.005493661833591901,1.8233646689374166e-05,0.002713398018386215,0.03751374513376504,90.53321265219711,137.93482855474576,0.3752499530091882,228.89050272095483,0.13980483951757433,12.010785792,2026-01-18T20:05:00.391323
25009,0.0014420188263568996,0.019919434934116964,1.8230866934737736e-05,0.0038696592091582716,0.04066646791761741,91.74900161509868,140.506320937071,0.22850748803466558,232.53442497900687,0.13761403285938822,11.992196096,2026-01-18T20:08:52.926373
25010,0.0016022431403965552,0.028996232926669308,1.822808523292502e-05,0.003104772884398699,0.03918716579210013,88.74889067607,133.80011712701526,0.17287404905073345,222.77111863996834,0.14364519151029095,12.016030208,2026-01-18T20:12:35.698063
25011,0.0017624674544362107,0.009113048383792233,1.8225301584685087e-05,0.002885956084355712,0.03763770899968222,90.162910229119,136.88892834098078,0.17090711405035108,227.26965604600264,0.14080190271209256,11.993252864,2026-01-18T20:16:22.968525
25012,0.0019226917684758663,8.091331459070261e-06,1.8222515990767545e-05,0.0027612808626145124,0.043267060013022274,90.20820187986828,136.76795160822803,0.18493402597960085,227.21352013299474,0.14083668956525766,12.011408384,2026-01-18T20:20:10.182625
25013,0.0020829160825155215,0.019925450675231104,1.8219728451922514e-05,0.0028570558642968535,0.041113541868980974,90.43317406805,137.2801635679789,0.19938273198204115,227.9637013929896,0.14037322523042728,12.014769664,2026-01-18T20:23:58.147127
25014,0.0022431403965551774,0.00401369907707938,1.8216938968900645e-05,0.002590063086245209,0.03483000205596909,88.94617432093946,134.46805745892925,0.2009903920115903,223.66088916896842,0.14307374042416982,12.010253312,2026-01-18T20:27:41.808600
25015,0.002403364710594833,0.010880030445935773,1.8214147542453104e-05,0.0030149140511639416,0.03873300302075222,89.53961140610045,135.56470040604472,0.1986354460241273,225.35518576798495,0.14199806359435496,12.007536128,2026-01-18T20:31:27.164524
25016,0.0025635890246344883,0.022932684544269222,1.8211354173331585e-05,0.002857858838979155,0.03853282908676192,90.89844872208778,138.5048203797196,0.22633634699741378,229.67736937501468,0.13932587301516308,12.009542656,2026-01-18T20:35:16.842781
25017,0.0027238133386741437,0.014683213017967489,1.8208558862288308e-05,0.0032352381385862827,0.03701033990364522,90.74333154800115,138.36846971290652,0.16292224504286423,229.3240937939845,0.1395405056249672,12.01228288,2026-01-18T20:39:06.167481
25018,0.002884037652713799,0.02025518593682385,1.820576161007601e-05,0.003053923137485981,0.036284223082475364,88.00802341889357,132.46403750701575,0.16038388101151213,220.67856382596074,0.1450072877274884,11.992141312,2026-01-18T20:42:46.846706
25019,0.003044261966753455,0.02106380215221293,1.8202962417447955e-05,0.002311679010745138,0.035841613076627254,89.69653816905338,135.98585247801384,0.16346196498489007,225.89480987598654,0.1416588544799573,11.993009152,2026-01-18T20:46:32.742222
25020,0.0032044862807931104,0.0002846743351057057,1.820016128515793e-05,0.0032607729081064463,0.03896941099083051,91.87226133409422,141.08523814199725,0.215479330974631,233.22335830400698,0.13720752600727049,12.01857792,2026-01-18T20:50:25.966364
25021,0.003364710594832766,0.022389785550942065,1.819735821396024e-05,0.0026194980018772185,0.038081667269580066,90.5120212189504,138.06325921579264,0.15700176201062277,228.78065533202607,0.13987196580741873,12.012730368,2026-01-18T20:54:14.747793
25022,0.0035249349088724213,0.004882336393441378,1.8194553204609718e-05,0.0027004090370610356,0.04407181398710236,88.9026880900492,134.0015853359946,0.20408483198843896,223.16423980600666,0.14339214933278344,11.992272896,2026-01-18T20:57:57.912567
25023,0.0036851592229120767,0.01758093915019643,1.819174625786171e-05,0.003135901119094342,0.045017727941740304,89.35729681211524,135.44245063199196,0.3028727900236845,225.15742510801647,0.14212278357974825,12.006430208,2026-01-18T21:01:43.070610
25024,0.0038453835369517326,0.0005833755915674033,1.8188937374472096e-05,0.0026578682009130716,0.04493850900325924,91.24222800903954,138.85822190408362,0.20953643100801855,230.3639514039969,0.13891062297277815,12.002371072,2026-01-18T21:05:33.435119
25025,0.004005607850991388,0.01728724509661106,1.818612655519727e-05,0.0035800448968075216,0.04336298507405445,89.13608051900519,134.54045489191776,0.20819492102600634,223.9410836029565,0.14289472697531205,12.011807744,2026-01-18T21:09:17.376890
25026,0.004165832165031043,0.022128965979305804,1.8183313800794142e-05,0.0027775659691542387,0.04301344003761187,89.37779708992457,135.03318474296248,0.1896052320371382,224.65395884797908,0.14244129132687156,12.006647296,2026-01-18T21:13:02.031532
25027,0.004326056479070699,0.014901488981841737,1.8180499112020155e-05,0.0033681790228001773,0.04144530993653461,89.28661017300328,135.47684334003134,0.2197960449848324,225.03512999799568,0.14220002006035687,12.014027264,2026-01-18T21:16:47.067232
25028,0.004486280793110355,0.0003235739892346601,1.8177682489633268e-05,0.0026202069129794836,0.04551525600254536,90.97298556799069,138.47792186995503,0.28533681097906083,229.7914090959821,0.13925672907394832,12.006524416,2026-01-18T21:20:36.859305
25029,0.00464650510715001,0.02269802705818691,1.8174863934391954e-05,0.003177215054165572,0.04170301713747904,89.5993207959109,136.11758053710219,0.15504536096705124,225.9239135759999,0.14164060587254004,12.008953344,2026-01-18T21:24:22.783768
25030,0.004806729421189666,0.01341163285309932,1.817204344705522e-05,0.003284685022663325,0.04828339407686144,89.21496627992019,135.01351719198283,0.20963402203051373,224.49632996501168,0.14254130570859347,11.993005056,2026-01-18T21:28:07.280687
25031,0.004966953735229321,0.004394572597449908,1.8169221028382583e-05,0.0028026860672980547,0.03981185599695891,89.09503192495322,134.45703360496555,0.2213376149884425,223.8253183759516,0.1429686338980236,11.992751104,2026-01-18T21:31:51.106852
25032,0.0051271780492689765,0.02021768389504075,1.816639667913408e-05,0.0030497220577672124,0.04545947187580168,89.36547229706775,135.26841143803904,0.17989854601910338,224.87077293900074,0.14230395342964572,12.011707392,2026-01-18T21:35:35.978191
25033,0.005287402363308632,2.459687007316802e-05,1.8163570400070274e-05,0.002815996005665511,0.03952228091657162,90.2931826171116,137.5490596317686,0.18605666502844542,228.07827461796114,0.1403027099078204,12.013830656,2026-01-18T21:39:24.057034
25034,0.005447626677348287,0.003031204874627491,1.816074219195224e-05,0.0031236958457157016,0.047721048817038536,91.10846784798196,139.38034193916246,0.16842912597348914,230.71428893500706,0.13869968846625924,11.99264768,2026-01-18T21:43:14.771951
25035,0.005607850991387943,1.6771657337599777e-05,1.815791205554158e-05,0.00256943900603801,0.04090446198824793,89.59569263708545,135.6547665639664,0.16344820900121704,225.46362361201318,0.14192976892390802,12.01038848,2026-01-18T21:47:00.236138
25036,0.005768075305427598,0.007397771644727769,1.8155079991600415e-05,0.002394127077423036,0.04279616801068187,89.39493214595132,135.3391091960366,0.18575846700696275,224.97238544002175,0.14223967949404745,11.99305728,2026-01-18T21:50:45.209586
25037,0.005928299619467254,0.010164246663627807,1.8152246000891375e-05,0.002575516002252698,0.04794746689731255,88.91673359513516,134.6866642020177,0.21386361599434167,223.87477304099593,0.1429370516620922,12.012454912,2026-01-18T21:54:29.085111
25038,0.00608852393350691,0.022587424446097515,1.8149410084177623e-05,0.0024116270360536873,0.047719163936562836,89.85738473600941,136.4616279170732,0.21284224197734147,226.59050912299426,0.1412239202950476,12.014032384,2026-01-18T21:58:15.676331
25039,0.006248748247546565,1.3363942311883648e-05,1.814657224222283e-05,0.003123585833236575,0.04192313103703782,89.94519830006175,136.99885921285022,0.1905999730224721,227.1866510079708,0.1408533461716344,12.009245696,2026-01-18T22:02:02.863575
25040,0.006408972561586221,0.020050279199320897,1.8143732475791188e-05,0.0029633358935825527,0.04952728905482218,90.37323449592805,137.38532433414366,0.22305525798583403,228.0417131849681,0.14032520433682374,12.015151616,2026-01-18T22:05:50.905876
25041,0.006569196875625876,0.008549266597038141,1.8140890785647413e-05,0.0025959359481930733,0.04431792092509568,90.28957454516785,137.68642142083263,0.23897662496892735,228.26949918700848,0.14018517635500738,11.99236608,2026-01-18T22:09:39.175996
25042,0.006729421189665532,0.03743832869741226,1.8138047172556732e-05,0.002474993991199881,0.04360479203751311,91.58929876703769,139.9051815829007,0.1746290159644559,231.72467731201323,0.1380949166536655,12.03062784,2026-01-18T22:13:30.901225
25043,0.006889645503705188,2.170143681468062e-05,1.813520163728489e-05,0.002941060927696526,0.042779994080774486,89.93572142597986,136.3534686070052,0.19625356700271368,226.53981390799163,0.14125552346836787,12.0243072,2026-01-18T22:17:17.441609
25044,0.007049869817744843,0.019338116797460003,1.8132354180598155e-05,0.0029047089628875256,0.04208185704192147,90.67029798304429,138.27458259591367,0.23778760799905285,229.23580551502528,0.13959424849929283,12.01029632,2026-01-18T22:21:06.678030
25045,0.0072100941317844985,0.007427792402243227,1.8129504803263307e-05,0.0030858370009809732,0.04211502202088013,90.6937157670036,138.29007691994775,0.24629309098236263,229.2816852290416,0.13956631541692266,12.00615168,2026-01-18T22:24:55.960582
25046,0.0073703184458241535,0.032771957184754896,1.8126653506047646e-05,0.0027195579023100436,0.05087003909284249,92.2452963659307,141.35433635977097,0.20087034400785342,233.86040249594953,0.1368337677455004,12.010908672,2026-01-18T22:28:49.821571
25047,0.007530542759863809,0.021070754830370575,1.8123800289718988e-05,0.002432921086438,0.047787231975235045,89.66171466303058,136.03724611597136,0.20744699699571356,225.9661147299921,0.14161415324698987,12.020269056,2026-01-18T22:32:35.788271
25048,0.007690767073903465,0.010723720434391737,1.8120945155045665e-05,0.0024703238741494715,0.04645322711439803,90.40924774395535,137.54728243796853,0.17372060200432315,228.18695597100304,0.1402358862443759,12.011199488,2026-01-18T22:36:23.975850
25049,0.00785099138794312,0.017289116909623203,1.811808810279653e-05,0.0027174620190635324,0.03855296003166586,91.95113628270337,140.7585150032537,0.18099038599757478,232.93804244400235,0.13737558564609603,12.005289984,2026-01-18T22:40:16.914656
25050,0.008011215701982776,0.0014618806386756944,1.8115229133740947e-05,0.0029445471009239554,0.04197660903446376,89.77427016594447,136.1798646490788,0.17824865301372483,226.1853828059975,0.14147687000378298,11.99228928,2026-01-18T22:44:03.100631
25051,0.008171440016022432,0.003203902428595029,1.8112368248648797e-05,0.002528495853766799,0.04601901303976774,89.97971606394276,136.78502706898144,0.20154443598585203,227.02198527898872,0.1409555112500448,11.993345024,2026-01-18T22:47:50.123215
25052,0.008331664330062086,2.2699583258400935e-05,1.8109505448290487e-05,0.0032762090559117496,0.046296954969875515,89.87022931099636,136.25608379696496,0.18108577601378784,226.3649078020244,0.14136466783087578,12.01222144,2026-01-18T22:51:36.488797
25053,0.008491888644101742,0.009297615334574516,1.8106640733436918e-05,0.002460205985698849,0.05337986897211522,89.41738647012971,135.87932523107156,0.16312510799616575,225.5236083160271,0.1418920184850815,11.992300032,2026-01-18T22:55:22.013048
25054,0.008652112958141398,0.002710841406745601,1.8103774104859528e-05,0.003264561004471034,0.055304155219346285,90.8259548448259,138.4690425702138,0.16561246500350535,229.52547671995126,0.13941807444340418,12.018161152,2026-01-18T22:59:11.539098
25055,0.008812337272181054,0.01255515411086705,1.8100905563330258e-05,0.002937023062258959,0.04088003106880933,91.14733390294714,139.2072152660694,0.18217208998976275,230.58670968702063,0.13877642837019602,12.023220224,2026-01-18T23:03:02.126456
25056,0.00897256158622071,0.010592945213595328,1.8098035109621572e-05,0.0026508260052651167,0.04680602188454941,90.30558452097466,137.54881319310516,0.21556914102984592,228.12772513600066,0.140272296937704,12.003641344,2026-01-18T23:06:50.254761
25057,0.009132785900260364,0.010316274442743634,1.809516274450644e-05,0.0027283961535431445,0.047229358984623104,87.91630269197049,131.90958229399985,0.20325206901179627,220.0868844090146,0.14539712389462725,11.992124416,2026-01-18T23:10:30.342289
25058,0.00929301021430002,0.005318757057438006,1.809228846875836e-05,0.003440620203036815,0.053181154013145715,89.64470604306553,135.7425038148649,0.1764526650076732,225.63077163504204,0.14182462688094702,11.992572928,2026-01-18T23:14:15.973659
25059,0.009453234528339675,0.017544897601155185,1.8089412283151326e-05,0.003101038106251508,0.04726795305032283,89.78982334100874,135.80501222383464,0.1778675370151177,225.83123508899007,0.14169873351394557,11.992839168,2026-01-18T23:18:01.805475
25060,0.009613458842379331,0.004581874053577906,1.808653418845986e-05,0.0024350520689040422,0.049200141860637814,89.24899386102334,135.0273085590452,0.15577864000806585,224.49049435998313,0.14254501105372508,11.992034304,2026-01-18T23:21:46.296546
25061,0.009773683156418987,0.013401848401642269,1.8083654185459004e-05,0.002877994964364916,0.04487439792137593,90.67267658293713,138.00573158107,0.18059707200154662,228.9150437929784,0.13978985159638316,12.011766784,2026-01-18T23:25:35.212168
25062,0.009933907470458641,0.008311079066579907,1.8080772274924294e-05,0.003153981117065996,0.039832843001931906,91.2982384050265,139.9171184769948,0.19754657504381612,231.46440359402914,0.13825019961222873,11.992220672,2026-01-18T23:29:26.677157
25063,0.010094131784498297,0.006299320821149479,1.8077888457631792e-05,0.0026415149332024157,0.04681345104472712,89.53329545783345,135.58624430111377,0.2141130490344949,225.39144364796812,0.14197522089605052,12.014964224,2026-01-18T23:33:12.069439
25064,0.010254356098537953,0.011059446319968913,1.8075002734358068e-05,0.003355297085363418,0.04483586788410321,89.00283203006256,134.39470547193196,0.19077405502321199,223.64462186099263,0.14308414722304277,11.992773632,2026-01-18T23:36:55.714610
25065,0.010414580412577609,0.019418599204584552,1.807211510588022e-05,0.002677166019566357,0.04573109210468829,89.67600083193975,136.12871272990014,0.2471194220124744,226.10644653096097,0.14152626115247985,12.014829568,2026-01-18T23:40:41.821772
25066,0.010574804726617265,0.004179363878023423,1.8069225572975835e-05,0.002662596118170768,0.04043544991873205,91.194382001122,139.54328241501935,0.21514639403903857,231.00264384096954,0.1385265530641716,11.992876032,2026-01-18T23:44:32.825060
25067,0.010735029040656919,0.007363249998007859,1.8066334136423035e-05,0.0027757739881053567,0.04652967018773779,89.91463250597008,136.39012736600125,0.28861711302306503,226.64982087898534,0.14118696355416796,11.992615936,2026-01-18T23:48:19.475493
25068,0.010895253354696575,0.015606976868795641,1.8063440797000442e-05,0.0026745990617200732,0.03771536296699196,88.41008348000469,133.0961168690701,0.18052031402476132,221.73604050499853,0.14431573652673135,12.002812416,2026-01-18T23:52:01.212155
25069,0.01105547766873623,0.0004625642443656375,1.8060545555487192e-05,0.0026524028507992625,0.043618505995254964,90.5224328028271,137.69691207504366,0.2985923529486172,228.5707208099775,0.14000043350523111,11.992168448,2026-01-18T23:55:49.783523
25070,0.011215701982775887,0.00010815399401842285,1.8057648412662942e-05,0.002752703847363591,0.04677654994884506,90.03878489905037,136.69225225702394,0.2156946420436725,227.00272725499235,0.14096746936460536,11.99222528,2026-01-18T23:59:36.786929
25071,0.011375926296815542,0.007061952667623217,1.8054749369307848e-05,0.00281944201560691,0.04412118101026863,91.46197007107548,139.8159053088748,0.1676018990110606,231.50010359601583,0.13822887982738133,12.011170816,2026-01-19T00:03:28.287621
25072,0.011536150610855197,0.009116403669274575,1.8051848426202585e-05,0.003372713108547032,0.04164820606820285,89.80797820095904,136.63182175299153,0.27092759404331446,226.76318617601646,0.141116380218618,11.99319296,2026-01-19T00:07:15.051414
25073,0.011696374924894852,0.012083443515678027,1.804894558412834e-05,0.0030643210047855973,0.04842665890464559,89.92018129007192,136.5709229639615,0.22550426400266588,226.77573212096468,0.14110857321774997,11.992643584,2026-01-19T00:11:01.827861
25074,0.011856599238934508,0.012131435557250825,1.8046040843866805e-05,0.0029782431083731353,0.03870744403684512,89.82049092499074,136.36221501004184,0.18809725902974606,226.4196737059974,0.14133047484889288,12.01538304,2026-01-19T00:14:48.248391
25075,0.012016823552974164,0.00010145401428474088,1.8043134206200193e-05,0.0033777719363570213,0.05237294395919889,89.94980003708042,136.50645025790436,0.2938486349885352,226.8133792009903,0.14108515164638172,11.992183808,2026-01-19T00:18:35.062603
25076,0.01217704786701382,5.8972826504799514e-05,1.8040225671911222e-05,0.0024493480450473726,0.04356064391322434,90.29670508595882,137.06639899202855,0.2228886029915884,227.63935254403623,0.1405732341195694,11.992783872,2026-01-19T00:22:22.702824
25077,0.012337272181053474,0.012029564005310078,1.8037315241783117e-05,0.0024833158822730184,0.047034193004947156,90.45590573793743,137.3132918039919,0.18674357800045982,228.0116915240069,0.14034368056355034,12.01797632,2026-01-19T00:26:10.715378
25078,0.01249749649509313,0.0024881500147557745,1.8034402916599624e-05,0.002745602047070861,0.05096567905275151,87.98841030395124,132.29743772890652,0.2013150720158592,220.54967110900907,0.14509203228049092,11.993453568,2026-01-19T00:29:51.265865
25079,0.012657720809132786,3.652102617124342e-05,1.803148869714499e-05,0.003405687981285155,0.048103445034939796,89.84757688792888,136.53516510815825,0.1926418570219539,226.634130987979,0.1411967379339581,12.011461632,2026-01-19T00:33:37.900715
25080,0.012817945123172442,0.012737202177099505,1.802857258420398e-05,0.0027480670833028853,0.04290864587528631,90.25218485790538,137.70136243803427,0.1975596870179288,228.20342655404238,0.140225764718839,11.992276992,2026-01-19T00:37:26.104725
25081,0.012978169437212098,0.008683289355850832,1.8025654578561857e-05,0.0026433459715917706,0.04035039193695411,89.13831588608446,135.06216437387047,0.2458714119857177,224.49803273100406,0.14254022456554327,12.010085376,2026-01-19T00:41:10.603340
25082,0.013138393751251752,0.012921565019670567,1.8022734681004406e-05,0.0034648069413378835,0.04606860305648297,91.03042994689895,138.95183377503417,0.16642091202083975,230.2064094709931,0.13900568656422282,11.992008192,2026-01-19T00:45:00.810339
25083,0.013298618065291408,0.043278996670792935,1.8019812892317916e-05,0.002557088970206678,0.04254816204775125,90.76103845390026,138.10437000414822,0.18298751796828583,229.10088922298746,0.13967645480788118,12.008438272,2026-01-19T00:48:49.911872
25084,0.013458842379331063,0.03069785212194276,1.8016889213289188e-05,0.00303708208957687,0.03655557206366211,90.12426943500759,137.14091906906106,0.21366670995485038,227.52483874402242,0.14064398496729277,12.012779008,2026-01-19T00:52:37.437289
25085,0.01361906669337072,3.306306334138753e-05,1.8013963644705527e-05,0.0029657779377885163,0.04429500980768353,90.30151747702621,137.51522587513318,0.21615748503245413,228.087356340955,0.1402971234940572,11.992154112,2026-01-19T00:56:25.525230
25086,0.013779291007410375,0.019415558759945384,1.8011036187354753e-05,0.0028245390276424587,0.041781053703743964,89.76901608612388,136.41947747895028,0.21226404298795387,226.4532071040012,0.14130954650292782,12.014168576,2026-01-19T01:00:11.979285
25087,0.01393951532145003,0.013969615161009585,1.8008106842025184e-05,0.002416594885289669,0.04088563297409564,89.78720522904769,136.67374396987725,0.18803492496954277,226.6998831150122,0.1411557851742048,12.006097408,2026-01-19T01:03:58.679869
25088,0.014099739635489685,0.0017163824543544592,1.8005175609505657e-05,0.002352226118091494,0.0472710148897022,91.6933021361474,140.46462795807747,0.2121727240155451,232.42755553597817,0.1376773073494146,12.015083008,2026-01-19T01:07:51.108253
25089,0.014259963949529341,0.00756328901048775,1.800224249058552e-05,0.0027686950634233654,0.052072428981773555,90.14441766520031,136.61644848890137,0.2245571759995073,227.04741028504213,0.1409397269047299,11.994095616,2026-01-19T01:11:38.156304
25090,0.014420188263568997,6.890206232412766e-05,1.7999307486054615e-05,0.0025629220181144774,0.0494696149835363,91.6035665050149,140.15674810716882,0.214336403994821,232.03524568199646,0.13791008303909094,12.010213376,2026-01-19T01:15:30.192195
25091,0.014580412577608653,0.007545406271145083,1.7996370596703304e-05,0.0025808289065025747,0.05055781005648896,89.71409041504376,136.079007696826,0.18064202199457213,226.03447488200618,0.14157132453668644,11.99284736,2026-01-19T01:19:16.227307
25092,0.014740636891648307,0.00018156236029653883,1.799343182332245e-05,0.0027700450154952705,0.05139000207418576,91.69423081091372,140.26876247499604,0.19257971900515258,232.21607745997608,0.13780268941764123,12.007000576,2026-01-19T01:23:08.443951
25093,0.014900861205687963,0.006416258128318475,1.7990491166703428e-05,0.002648110967129469,0.04609204811276868,90.96405583590968,139.32146264601033,0.18282260099658743,230.5261031659902,0.1388129134207349,11.992787968,2026-01-19T01:26:58.970882
25094,0.015061085519727619,0.012663299086177915,1.7987548627638114e-05,0.002846876042895019,0.04679289198247716,89.31117363378871,135.2129320912063,0.22576020698761567,224.80578808300197,0.1423450893897139,12.014085632,2026-01-19T01:30:43.777284
25095,0.015221309833767275,0.04466558582068103,1.79846042069189e-05,0.0037136440514586866,0.0447906659101136,92.60241628019139,142.3987349087838,0.16632029600441456,235.22285919904243,0.13604119986026542,12.007239168,2026-01-19T01:34:39.000815
25096,0.01538153414780693,0.03533934480428513,1.798165790533867e-05,0.0027532910462468863,0.05236789787886664,91.59426251187688,140.31971031811554,0.2144021790008992,232.19193362200167,0.13781701845032482,12.01893632,2026-01-19T01:38:31.193563
25097,0.015541758461846585,0.0038054971821992467,1.7978709723690834e-05,0.002821273752488196,0.05193187395343557,90.69253109500278,138.0994900050573,0.20975558296777308,229.0634962230106,0.1396992560038706,12.006895616,2026-01-19T01:42:20.257661
25098,0.01570198277588624,0.008155940719866805,1.7975759662769298e-05,0.0032141359988600016,0.054882833908777684,90.90002441091929,138.96392963506514,0.22945674898801371,230.15965877001872,0.13903392180458174,12.012454912,2026-01-19T01:46:10.417954
25099,0.015862207089925896,0.0002494765955081135,1.797280772336847e-05,0.0027763390680775046,0.05326663190498948,90.2327010979061,137.4808754650876,0.22053066099761054,227.9976706150337,0.14035231111650656,12.013521408,2026-01-19T01:49:58.416265
25100,0.016022431403965552,0.024517194736326076,1.7969853906283265e-05,0.00281117093982175,0.04412893787957728,91.05598273914075,139.28650058904896,0.1667631750460714,230.564821071981,0.1387896030765673,11.993318912,2026-01-19T01:53:48.981641
25101,0.016182655718005208,0.03250530365430393,1.796689821230911e-05,0.0026011369191110134,0.04564181895693764,90.34221546899062,137.76633131707786,0.16471841605380177,228.3287085740012,0.140148824034665,12.011362304,2026-01-19T01:57:37.311023
25102,0.016342880032044864,3.745988966841196e-05,1.7963940642241935e-05,0.0027462621219456196,0.04339812108082697,89.51558237097925,135.74449134391034,0.16275272401981056,225.47669638798106,0.14192154006433166,11.993536512,2026-01-19T02:01:22.788461
25103,0.01650310434608452,0.018559027503556536,1.7960981196878173e-05,0.0025468827225267887,0.04418736504158005,90.7198078489746,138.41155248699943,0.21254186698934063,229.39961526700063,0.13949456699286467,12.008001024,2026-01-19T02:05:12.188729
25104,0.016663328660124172,0.02727655410027907,1.795801987701476e-05,0.002772972045931965,0.048270786995999515,91.46098271099618,140.46419437602162,0.21809906797716394,232.20245213399176,0.1378107754931653,12.008718848,2026-01-19T02:09:04.391800
25105,0.016823552974163828,0.04008185307510814,1.795505668344915e-05,0.002582416927907616,0.05076185503276065,91.52109476103215,140.37354893004522,0.31603552598971874,232.2713682789472,0.13776988630630305,12.007955968,2026-01-19T02:12:56.663735
25106,0.016983777288203484,0.007212673353141241,1.7952091616979282e-05,0.0027626919327303767,0.04321998415980488,88.84391749085626,134.15420546213863,0.24216301698470488,223.29267390700988,0.14330967263765396,12.0135552,2026-01-19T02:16:39.957239
25107,0.01714400160224314,0.0015803313940097041,1.7949124678403612e-05,0.002446760074235499,0.048069820972159505,90.07231120415963,136.75399848778034,0.2072558730142191,227.0923573669861,0.14091183151658124,12.029888512,2026-01-19T02:20:27.050197
25108,0.017304225916282796,3.7897260705577196e-05,1.79461558685211e-05,0.0030682790093123913,0.054208904039114714,89.85418344382197,136.0472325340379,0.21630375605309382,226.1843467039871,0.1414775180789994,11.992763392,2026-01-19T02:24:13.235217
25109,0.01746445023032245,0.02340740742467773,1.7943185188131205e-05,0.002653833944350481,0.046124954998958856,90.96074618806597,138.92673598701367,0.17753619904397056,230.12015100801364,0.13905779159203507,12.012559872,2026-01-19T02:28:03.355948
25110,0.017624674544362107,0.017380708741935535,1.7940212638033887e-05,0.0037266030558384955,0.051330810063518584,90.84974181395955,138.636183807801,0.2197583700180985,229.76802018203307,0.13927090451773091,12.040659968,2026-01-19T02:31:53.124604
25111,0.017784898858401763,0.013345212525658567,1.793723821902962e-05,0.0027485238388180733,0.04969913000240922,90.45780466700671,137.62154220603406,0.1950012509478256,228.3340477530146,0.14014554690772138,12.019283456,2026-01-19T02:35:41.459255
25112,0.01794512317244142,0.00015400612574723027,1.7934261931919376e-05,0.0030251277494244277,0.04665515583474189,89.62644130393164,135.96466538822278,0.1924453289830126,225.84371224296046,0.14169090510509635,11.992270848,2026-01-19T02:39:27.303605
25113,0.018105347486481075,0.0058062956322650905,1.7931283777504623e-05,0.0028031119727529585,0.05288896296406165,89.56155544589274,135.47096145502292,0.2134005010011606,225.30902579601388,0.14202715531232898,12.006454784,2026-01-19T02:43:12.613291
25114,0.018265571800520727,0.008605650920795682,1.792830375658735e-05,0.0027220468618907034,0.04208396602189168,90.19787958805682,137.28467924694996,0.2219195860088803,227.75668310001493,0.14050081676833967,12.008693248,2026-01-19T02:47:00.370782
25115,0.018425796114560383,0.014198789496560948,1.7925321869970027e-05,0.002614934928715229,0.04623612615978345,90.02376684284536,136.82228628906887,0.2618987769819796,227.16494595399126,0.140866804363738,12.010662912,2026-01-19T02:50:47.536341
25116,0.01858602042860004,0.0031509758641643515,1.7922338118455637e-05,0.003070998936891556,0.0449002351379022,92.56188970990479,142.0690280290437,0.222058234969154,234.90749292401597,0.13622383688863784,12.030212096,2026-01-19T02:54:42.444626
25117,0.018746244742639695,0.007052815880033592,1.7919352502847667e-05,0.002612162148579955,0.04790171707281843,89.76976725383429,136.07639816898154,0.20408961502835155,226.107627830992,0.1415255217480719,12.012757504,2026-01-19T02:58:28.552844
25118,0.01890646905667935,7.832367632687465e-06,1.7916365023950105e-05,0.0027404329157434404,0.04266164085129276,90.54801094008144,138.21486719103996,0.22177903802366927,229.03816304402426,0.13971470769196295,12.0065408,2026-01-19T03:02:17.591725
25119,0.019066693370719007,0.006609292201520844,1.7913375682567435e-05,0.0026322880876250565,0.04099020711146295,91.81989976792829,140.66968800500035,0.21957274596206844,232.75965279096272,0.13748087186200877,12.013287936,2026-01-19T03:06:10.352095
25120,0.019226917684758663,2.8240891730035855e-05,1.7910384479504654e-05,0.002618228958453983,0.04983440303476527,90.47287257993594,138.28667765000137,0.2535904249525629,229.07177001901437,0.13969421023526296,12.00786176,2026-01-19T03:09:59.424509
25121,0.01938714199879832,0.002477237578865754,1.7907391415567245e-05,0.003285083919763565,0.05464495002524927,88.89969825895969,134.26244920509635,0.2848058280069381,223.5148757410352,0.14316720483998238,12.012808704,2026-01-19T03:13:42.940084
25122,0.019547366312837974,0.020772070348904492,1.7904396491561205e-05,0.0026611480279825628,0.04781288106460124,93.1805494648288,144.0263166350196,0.22292745095910504,237.48715428001015,0.13474413004364133,12.059230208,2026-01-19T03:17:40.427840
25123,0.01970759062687763,0.007632988155322096,1.7901399708293025e-05,0.003343885065987706,0.045841034152545035,90.59771867096424,138.2079338330077,0.16613838798366487,229.02771466498962,0.13972108155909432,11.992370176,2026-01-19T03:21:29.456180
25124,0.019867814940917283,0.025187625078523013,1.78984010665697e-05,0.002598682069219649,0.04094310791697353,89.56771759787807,135.86523423314793,0.19136070902459323,225.6771205519908,0.1417954993476086,12.00811776,2026-01-19T03:25:15.133878
25125,0.02002803925495694,0.019830000598247466,1.7895400567198725e-05,0.002566334092989564,0.049617803015280515,90.8739457160118,138.92524431296624,0.19901296496391296,230.05651241197484,0.13909625797810862,12.013769216,2026-01-19T03:29:05.191156
25126,0.020188263568996594,0.0047150922168839315,1.7892398210988094e-05,0.002991262939758599,0.03991825907723978,89.90325509087415,136.5959843211458,0.1738480729982257,226.72440297098365,0.14114051941773284,12.017508352,2026-01-19T03:32:51.916150
25127,0.02034848788303625,0.010165857682780555,1.7889393998746302e-05,0.003016365983057767,0.04403229901799932,92.00527453207178,141.23146741901292,0.19738383300136775,233.49034902901622,0.13705063242688162,12.014260736,2026-01-19T03:36:45.407100
25128,0.020508712197075906,0.015193303403414404,1.7886387931282344e-05,0.0031323691364377737,0.04882896604249254,89.18756133195711,134.7951548830024,0.18916635605273768,224.231505594973,0.1427096514162522,12.006592,2026-01-19T03:40:29.639234
25129,0.020668936511115562,0.00020557444281443793,1.7883380009405712e-05,0.0031149007845669985,0.0480039730318822,90.60548075492261,138.1594989070436,0.1905461840215139,229.0144738490344,0.1397291597433894,11.99264768,2026-01-19T03:44:18.654302
25130,0.020829160825155218,0.005886615548039487,1.78803702339264e-05,0.0028846249915659428,0.05052324791904539,92.31533579918323,142.18829695985187,0.247498448996339,234.81114629399963,0.13627973162710857,12.007639552,2026-01-19T03:48:13.466089
25131,0.020989385139194874,0.008266791618069647,1.78773586056549e-05,0.0028991250437684357,0.03870202793041244,90.07980655506253,136.9907638229779,0.3501226719818078,227.4687243560329,0.14067868051132057,12.01917696,2026-01-19T03:52:00.935443
25132,0.02114960945323453,0.004053266153269064,1.7874345125402207e-05,0.0025376169360242784,0.0497249488835223,90.04878228908638,136.3916415759013,0.2272674459964037,226.7282922010054,0.1411380983350348,12.008339968,2026-01-19T03:55:47.664323
25133,0.021309833767274185,0.009958166099554688,1.7871329793979806e-05,0.002507553086616099,0.04545158997643739,90.16086595808156,136.76863951887935,0.2094457580242306,227.19479560799664,0.1408482967858692,12.008520704,2026-01-19T03:59:34.859703
25134,0.021470058081313838,2.3394958722278147e-05,1.786831261219969e-05,0.002575855003669858,0.05118424486136064,90.34376555902418,137.1028533570934,0.19331188302021474,227.70168633799767,0.1405347519143955,12.00595712,2026-01-19T04:03:22.562033
25135,0.021630282395353494,0.005074378410895974,1.7865293580874342e-05,0.002476062043569982,0.042253050894942135,90.06800111703342,136.89947654190473,0.2238698450382799,227.24401861598017,0.14081778783395318,11.992839168,2026-01-19T04:07:09.806688
25136,0.02179050670939315,0.01851962921085004,1.786227270081675e-05,0.0033996208803728223,0.05089636106276885,91.10985738696763,139.35216224909527,0.2662502779858187,230.79153124598088,0.13865326785277032,12.020651008,2026-01-19T04:11:00.598886
25137,0.021950731023432805,0.023437705123644292,1.7859249972840397e-05,0.002918928919825703,0.044466966995969415,91.29964769893559,139.1982797239325,0.28797935700276867,230.8397330000298,0.13862431559819846,12.013799936,2026-01-19T04:14:51.439264
25138,0.02211095533747246,0.00844991618395241,1.785622539775926e-05,0.0027383091510273516,0.04569082398666069,88.13342068094062,132.58985305798706,0.1824531059828587,220.96320523699978,0.14482049156409355,11.993330688,2026-01-19T04:18:32.403095
25139,0.022271179651512117,0.010178223922528318,1.785319897638782e-05,0.002661640988662839,0.04197580396430567,91.18943681404926,138.79734168795403,0.27878129796590656,230.31978248502128,0.13893726216106123,11.992246272,2026-01-19T04:22:22.723487
25140,0.022431403965551773,4.032787241925462e-06,1.785017070954105e-05,0.0028482189518399537,0.043960753886494786,91.33437726506963,139.37234554701718,0.19489480002084747,230.95679178100545,0.13855405486556369,12.009356288,2026-01-19T04:26:13.680861
25141,0.02259162827959143,0.0012338277622312432,1.7847140598034422e-05,0.0034464779892005026,0.04420363099779934,91.98958280007355,140.64808832592098,0.2986718529718928,232.9903032090515,0.13734477168900833,12.007025664,2026-01-19T04:30:06.671760
25142,0.022751852593631085,0.0005393679083436353,1.784410864268391e-05,0.0030423362622968853,0.04512270784471184,89.53034527821,135.43533988995478,0.20295989996520802,225.22305162402336,0.14208137119738204,12.01222144,2026-01-19T04:33:51.895398
25143,0.02291207690767074,1.1909903953721823e-05,1.7841074844305972e-05,0.0027295189211145043,0.048169696994591504,90.97789820015896,138.9793329189415,0.18910725298337638,230.2088931130129,0.13900418688121982,12.019620352,2026-01-19T04:37:42.115278
25144,0.023072301221710393,2.8389045965582227e-05,1.783803920371757e-05,0.002923274994827807,0.054250919027253985,89.6607414111495,135.4834298879723,0.17658952000783756,225.38425658200867,0.1419797482099484,12.009417216,2026-01-19T04:41:27.500097
25145,0.02323252553575005,0.00781416838643878,1.783500172173617e-05,0.00252404814818874,0.04913915181532502,90.72719289106317,138.2854717061855,0.21501294302288443,229.2885591390077,0.13956213131680847,12.005799424,2026-01-19T04:45:16.789278
25146,0.023392749849789705,0.007296772421271136,1.7831962399179717e-05,0.0027632329729385674,0.05107807694002986,89.9933329578489,136.56201970099937,0.17366809101076797,226.7899457910098,0.14109972948046146,11.993060352,2026-01-19T04:49:03.579812
25147,0.02355297416382936,1.0974441588373907e-05,1.7828921236866667e-05,0.0024411900667473674,0.04802162089617923,90.0658793419716,137.10900738509372,0.17171188100473955,227.40412600099808,0.1407186428968292,12.016607232,2026-01-19T04:52:50.984549
25148,0.023713198477869016,0.0249873213895615,1.7825878235615955e-05,0.002705704013351351,0.049500680062919855,89.158115092956,134.48158191610128,0.1864989820169285,223.8871498410008,0.14292914989862357,11.993517056,2026-01-19T04:56:34.872306
25149,0.023873422791908672,0.005419516610530195,1.7822833396247026e-05,0.002497378911357373,0.04608842602465302,90.75435868091881,138.11720446898835,0.25419316499028355,229.18190968304407,0.13962707634409552,12.012493824,2026-01-19T05:00:24.054914
25150,0.024033647105948328,0.00032763635566546156,1.781978671957982e-05,0.002534384955652058,0.04145860410062596,88.89929455186939,134.18997164902976,0.19502057903446257,223.3344069160521,0.14328289331624705,12.013095424,2026-01-19T05:04:07.389911
25151,0.024193871419987984,0.019651437767464586,1.7816738206434756e-05,0.0028811540687456727,0.04448110389057547,90.5784270389122,138.2560113920481,0.19527800503419712,229.08439253398683,0.13968651310565602,12.00867584,2026-01-19T05:07:56.474937
25152,0.02435409573402764,0.011745526505752224,1.7813687857632765e-05,0.0027300658402964473,0.04426608013454825,90.40166275500087,137.56391953711864,0.2064184839837253,228.22876022098353,0.1402101994902652,11.9931008,2026-01-19T05:11:44.704361
25153,0.024514320048067296,0.027277407443662582,1.7810635673995264e-05,0.003260755038354546,0.045725779957138,90.06117102695862,136.123542578076,0.1996823830413632,226.43996013503056,0.14131781325574239,12.007368192,2026-01-19T05:15:31.144879
25154,0.024674544362106948,0.0020978355341103594,1.7807581656344164e-05,0.0026398730115033686,0.03932939819060266,89.53471379791154,135.57464838313172,0.19569805299397558,225.3556321330252,0.14199778233681204,12.0041728,2026-01-19T05:19:16.501080
25155,0.024834768676146604,0.014589733619750689,1.780452580550188e-05,0.0025287660537287593,0.04731504508526996,91.80607853701804,141.16887126892107,0.1948564019985497,233.22647870401852,0.1372056902707447,12.016474112,2026-01-19T05:23:09.728431
25156,0.02499499299018626,4.483576348945917e-05,1.7801468122291295e-05,0.002783600997645408,0.04880142101319507,90.07730059407186,137.0628261489328,0.19755056296708062,227.3971941570053,0.14072293248220888,11.992967168,2026-01-19T05:26:57.126285
25157,0.025155217304225916,0.0007724406890234903,1.7798408607535815e-05,0.002964308892842382,0.05361558904405683,90.12734516401542,136.7938109820243,0.25267499400069937,227.2389537760173,0.14082092646642552,11.99313664,2026-01-19T05:30:44.365899
25158,0.02531544161826557,0.01321005670583908,1.7795347262059326e-05,0.002799161069560796,0.047273228177800775,91.24266421189532,139.51749971602112,0.23229302500840276,231.05017930304166,0.13849805309187543,12.00849152,2026-01-19T05:34:35.416845
25159,0.025475665932305228,0.01532886591633087,1.7792284086686204e-05,0.0026189390337094665,0.051338450924959034,91.09564488008618,138.744339167024,0.1925121649983339,230.0938930559787,0.1390736606478071,12.014586368,2026-01-19T05:38:25.511428
25160,0.025635890246344883,0.003676722798141796,1.778921908224132e-05,0.00274553190683946,0.0377496819710359,91.69892871310003,140.48963701591128,0.1856848089955747,232.42173968499992,0.13768075242604005,12.006680064,2026-01-19T05:42:17.933723
25161,0.02579611456038454,0.00381817848121635,1.7786152249550046e-05,0.0026237081037834287,0.042081494990270585,90.48986304993741,137.54279347899137,0.21286527602933347,228.29857512703165,0.14016732247318808,11.99347456,2026-01-19T05:46:06.232885
25162,0.025956338874424195,0.008585376795954502,1.778308358943823e-05,0.003422735841013491,0.04520718002459034,90.61289615993155,138.07079899916425,0.2812725629773922,229.02120469900547,0.13972505315416744,11.993238528,2026-01-19T05:49:55.254668
25163,0.02611656318846385,0.0009402994620337779,1.778001310273223e-05,0.0025425098720006645,0.04830248298821971,89.03051643894287,134.6085008950322,0.20271961798425764,223.89968383399537,0.1429211486681936,12.008582656,2026-01-19T05:53:39.154937
25164,0.026276787502503503,0.01496693479415434,1.7776940790258882e-05,0.003306732978671789,0.048736492928583175,91.41553970589302,139.3340285870945,0.20563251205021515,231.01377560396213,0.13851987794381196,12.01158656,2026-01-19T05:57:30.169293
25165,0.02643701181654316,0.028503309785213204,1.7773866652845518e-05,0.002540872897952795,0.04351786500774324,92.53474823111901,142.6002206580015,0.25034624501131475,235.43981785001233,0.13591583739835247,12.010950656,2026-01-19T06:01:25.609795
25166,0.026597236130582815,0.005128304163681818,1.777079069131997e-05,0.002762857882771641,0.038892404991202056,89.91664326598402,136.5598439509049,0.21174426097422838,226.7385807230021,0.14113169403266745,12.011242496,2026-01-19T06:05:12.349040
25167,0.02675746044462247,0.0008178809058918546,1.7767712906510543e-05,0.0026653649983927608,0.039661736926063895,91.01461593696149,139.13239615695784,0.2305219279951416,230.42903738998575,0.13887138688099512,12.004063744,2026-01-19T06:09:02.778752
25168,0.026917684758662127,0.0019154244433323697,1.776463329924605e-05,0.002511985949240625,0.04952264402527362,90.93029966996983,138.71719404589385,0.20586571795865893,229.91301513899816,0.1391830731316094,12.018899456,2026-01-19T06:12:52.692600
25169,0.027077909072701783,0.007997659356201225,1.7761551870355788e-05,0.002404352999292314,0.047066649014595896,91.50879702309612,139.79630826693028,0.19492256798548624,231.55588575301226,0.138195580284807,12.01493248,2026-01-19T06:16:44.249079
25170,0.02723813338674144,1.8210616101299593e-05,1.775846862066954e-05,0.0026265300111845136,0.04339175805216655,89.19101623009192,134.49308358575217,0.22917520999908447,223.96652032400016,0.14287849788310925,12.00758016,2026-01-19T06:20:28.216281
25171,0.027398357700781095,0.016257209830868646,1.775538355101759e-05,0.0029237777926027775,0.041842303064186126,89.34055737603921,135.386600954982,0.1902843799907714,224.9701382170315,0.14224110032385365,12.010544128,2026-01-19T06:24:13.186998
25172,0.02755858201482075,3.5205333441368225e-05,1.7752296662230706e-05,0.002744911063928157,0.04227116622496396,89.87418255984085,136.64040892897174,0.1978438000078313,226.7645348199876,0.14111554095265622,12.01003008,2026-01-19T06:27:59.952372
25173,0.027718806328860406,0.019137412578794866,1.774920795514014e-05,0.0028060980257578194,0.03941437491448596,91.86364312202204,141.11741871514823,0.19625332299619913,233.22695098695112,0.13720541243018855,12.010126336,2026-01-19T06:31:53.180185
25174,0.02787903064290006,1.7843198050648823e-05,1.7746117430577648e-05,0.002759481081739068,0.0466380791622214,90.42476180091035,137.65667964809109,0.18489917303668335,228.32412206399022,0.14015163930437305,11.99212032,2026-01-19T06:35:41.505121
25175,0.028039254956939715,0.004665180740488495,1.7743025089375462e-05,0.0026699138688854873,0.04599817399866879,91.51208532496821,140.09982020308962,0.1908916259999387,231.8576621019747,0.13801571062993764,12.014483968,2026-01-19T06:39:33.374404
25176,0.02819947927097937,0.012062285899682834,1.7739930932366307e-05,0.0028000451275147498,0.04677927785087377,91.14659613900585,139.3285085739335,0.1699256610008888,230.70229134697001,0.13870690149268117,12.025170432,2026-01-19T06:43:24.077944
25177,0.028359703585019026,0.018824098636635256,1.7736834960383403e-05,0.003112125035841018,0.04643563408171758,92.09063758497359,141.3324571159901,0.16442159604048356,233.6438383650384,0.13696059876402186,12.01204736,2026-01-19T06:47:17.722370
25178,0.028519927899058682,0.01605320172359903,1.773373717426045e-05,0.002730014850385487,0.044730229943525046,89.89352926315041,136.73198246589163,0.18213474698131904,226.86188469198532,0.14105498613593467,11.99298048,2026-01-19T06:51:04.584868
25179,0.028680152213098338,1.986921390084717e-06,1.7730637574831646e-05,0.0033975999685935676,0.051695187110453844,90.59680904087145,137.80007259908598,0.16320217598695308,228.6251690729987,0.1399670916800179,12.012749312,2026-01-19T06:54:53.210785
25180,0.028840376527137994,1.4613242615979516e-06,1.7727536162931667e-05,0.0029832340078428388,0.041222430067136884,90.40006794396322,137.44366258208174,0.17365421296563,228.06859755900223,0.1403086630184652,11.992891392,2026-01-19T06:58:41.279992
25181,0.02900060084117765,0.004062699292251892,1.7724432939395687e-05,0.0026108610327355564,0.04104120307601988,91.11770319292555,139.12705118214944,0.17641871800879017,230.47163594601443,0.13884571899118928,12.00627456,2026-01-19T07:02:31.752351
25182,0.029160825155217306,0.00011879360486233281,1.7721327905059352e-05,0.0026195351383648813,0.05437947512837127,91.0598841389874,139.71960838499945,0.17692648997763172,231.02223870204762,0.1385148035088986,12.013890048,2026-01-19T07:06:22.775163
25183,0.029321049469256958,0.012019201587524009,1.771822106075882e-05,0.0026650310028344393,0.04955934506142512,92.30207146104658,141.6471337689436,0.17639982199762017,234.18402533303015,0.13664467486410828,11.993035776,2026-01-19T07:10:16.959802
25184,0.029481273783296614,0.005342158595738056,1.771511240733071e-05,0.002818969136569649,0.05026714107953012,89.61822005495196,135.82798110408476,0.1948042600415647,225.7025953839766,0.141779495027782,11.992027136,2026-01-19T07:14:02.663000
25185,0.02964149809733627,0.02947314577253657,1.7712001945612148e-05,0.0025264909490942955,0.040202621021308005,91.38734598789597,139.9899094539578,0.18052483996143565,231.608971937967,0.13816390501733553,11.992236032,2026-01-19T07:17:54.272835
25186,0.029801722411375926,0.01629001434616839,1.770888967644074e-05,0.00256820407230407,0.04442395217483863,89.13326043495908,135.10572272300487,0.2593601410044357,224.55255294201197,0.1425056165282771,12.00385024,2026-01-19T07:21:38.826002
25187,0.02996194672541558,4.628139766360562e-05,1.770577560065458e-05,0.0029590369667857885,0.05413443403085694,90.59498156711925,138.07577724393923,0.2056326949968934,228.93998396699317,0.13977462322445833,11.992923136,2026-01-19T07:25:27.766686
25188,0.030122171039455237,0.0050488101369250415,1.7702659719092243e-05,0.0028782019508071244,0.053863837849348783,91.00593903998379,139.25808325503021,0.21278045000508428,230.54394226201111,0.1388021723148652,11.9928576,2026-01-19T07:29:18.311244
25189,0.030282395353494893,0.013625526226540785,1.76995420325928e-05,0.0028200470842421055,0.046531515021342784,90.70968847488984,138.4611733921338,0.20074852200923488,229.42916171898833,0.13947660253928204,12.00668416,2026-01-19T07:33:07.740998
25190,0.03044261966753455,1.5797464484990087e-05,1.76964225419958e-05,0.002713392022997141,0.04570105392485857,88.93526954908157,134.1235692660557,0.17507475899765268,223.2902783449972,0.14331121013051018,12.00841472,2026-01-19T07:36:51.031859
25191,0.030602843981574205,0.010709678157239111,1.7693301248141278e-05,0.0027329621370881796,0.047560735954903066,90.64140054181917,138.23860465211328,0.17511460202513263,229.11252678802703,0.13966936006779818,12.00770816,2026-01-19T07:40:40.144969
25192,0.03076306829561386,1.2524768580490786e-05,1.7690178151869757e-05,0.002894884964916855,0.041455316939391196,90.45890203304589,137.79192826489452,0.17635985801462084,228.48003024299396,0.14005600387030429,12.02120704,2026-01-19T07:44:28.625671
25193,0.030923292609653513,1.3619480014881447e-06,1.7687053254022247e-05,0.00289861107012257,0.04669497406575829,89.7574946518871,136.22551493201172,0.20431898097740486,226.24525926000206,0.14143942774608798,11.993269248,2026-01-19T07:48:14.871569
25194,0.03108351692369317,0.009040735448197168,1.7683926555440242e-05,0.002661615959368646,0.03611394693143666,90.03659210592741,136.63101692101918,0.2555789739708416,226.96931613294873,0.14098822054544058,11.99242752,2026-01-19T07:52:01.841584
25195,0.031243741237732825,0.0017424776803474096,1.7680798056965717e-05,0.0024853580398485065,0.04333607293665409,89.87360206409357,136.3197723699268,0.16784050298156217,226.41413504898082,0.1413339321464066,11.993156608,2026-01-19T07:55:48.256488
25196,0.03140396555177248,3.3635935443143694e-05,1.767766775944114e-05,0.002557662141043693,0.051765247946605086,90.25534817605512,137.5557323580142,0.1945179559988901,228.0676403719699,0.14030925188601584,12.01298688,2026-01-19T07:59:36.324811
25197,0.03156418986581214,0.0050851495162440585,1.7674535663709455e-05,0.0029492159374058247,0.06182252895087004,93.85009992902633,144.13544360920787,0.22062382200965658,238.2777349979733,0.13429706304817854,12.013797888,2026-01-19T08:03:34.603161
25198,0.03172441417985179,0.007092751227167682,1.7671401770614093e-05,0.0032358739990741014,0.05357195308897644,90.43095931899734,137.69395712204278,0.17637390899471939,228.3662594530033,0.14012577898612666,11.992579072,2026-01-19T08:07:22.970267
25199,0.03188463849389145,2.9881536650400164e-05,1.7668266080998974e-05,0.002850002085324377,0.051123807847034186,89.43074691219954,135.29076036490733,0.18255927902646363,224.9685578919598,0.142242099517604,12.006215168,2026-01-19T08:11:07.939559
25200,0.032044862807931104,4.591168361045561e-06,1.76651285957085e-05,0.0025799027644097805,0.05505196680314839,90.51866211515153,137.68695619306527,0.1812659430433996,228.45147800899576,0.14007350829544615,12.008584704,2026-01-19T08:14:56.391681
25201,0.03220508712197076,0.00040506261246164854,1.766198931558754e-05,0.002910060982685536,0.054252066067419946,90.31379994685994,137.4892345671542,0.21100196900079027,228.07874477800215,0.14030242068872675,11.992946688,2026-01-19T08:18:44.471006
25202,0.032365311436010416,0.0003818299824907001,1.7658848241481472e-05,0.002902236010413617,0.04700323200086132,90.2179116049665,137.13565522705903,0.19822450203355402,227.60968374699587,0.14059155776329027,12.016891904,2026-01-19T08:22:32.081498
25203,0.03252553575005007,0.012207192200998307,1.7655705374236146e-05,0.012514318921603262,0.05086681997636333,89.01334205514286,134.19162285490893,0.21292112197261304,223.48767149203923,0.14318463200391732,12.01361152,2026-01-19T08:26:15.569775
25204,0.03268576006408973,0.009802696064792116,1.7652560714697888e-05,0.002515650005079806,0.049795360886491835,91.30881961307023,140.16796965291724,0.18159083602949977,231.71972151001683,0.13809787009698568,12.01666048,2026-01-19T08:30:07.290087
25205,0.032845984378129384,0.018956381340202277,1.764941426371352e-05,0.002621266874484718,0.04206776595674455,91.48062197508989,140.1868105318863,0.20958963502198458,231.93065246200422,0.13797227602437054,12.019230208,2026-01-19T08:33:59.221382
25206,0.03300620869216904,0.008998202204781425,1.7646266022130333e-05,0.0025146270636469126,0.051426390069536865,90.64054493495496,138.70374559203628,0.2216980210505426,229.62784435099456,0.13935592214630046,12.009726976,2026-01-19T08:37:48.849786
25207,0.033166433006208695,0.012880252111486357,1.764311599079611e-05,0.0027698581689037383,0.05490498401923105,92.5304308620398,141.97079547005706,0.1915278710075654,234.75789731298573,0.13631064328940004,11.992332288,2026-01-19T08:41:43.608309
25208,0.033326657320248344,0.013923932544010142,1.7639964170559112e-05,0.0025413790717720985,0.045577875862363726,89.27431856404291,134.8970914929523,0.23050916701322421,224.4569374959683,0.1425663218833447,11.99245824,2026-01-19T08:45:28.065858
25209,0.033486881634288,0.005889008198072254,1.763681056226808e-05,0.012809234904125333,0.05333540280116722,90.80433618713869,138.214987742831,0.17096672701882198,229.26399582700105,0.13957708398376992,12.009616384,2026-01-19T08:49:17.330429
25210,0.033647105948327656,0.012543478516509055,1.7633655166772243e-05,0.0026760948821902275,0.047117707203142345,89.39684296492487,135.7466010299977,0.19546548795187846,225.40006982098566,0.14196978743358254,12.010230784,2026-01-19T08:53:02.731263
25211,0.03380733026236731,2.181022462188764e-06,1.7630497984921304e-05,0.002797570137772709,0.048196901101619005,90.02635703410488,136.9763773388695,0.205441766011063,227.26639847800834,0.14080392092408905,11.992029184,2026-01-19T08:56:49.998497
25212,0.03396755457640697,0.0065956941440177275,1.762733901756545e-05,0.002787505916785449,0.052446698129642755,91.21659816807369,139.2933537918725,0.2097175020026043,230.78259309002897,0.1386586378614643,11.993283584,2026-01-19T09:00:40.782043
25213,0.034127778890446624,0.011986358863746105,1.7624178265555352e-05,0.00274732883553952,0.04467781592393294,88.63853787700646,133.7218618048937,0.1855407630209811,222.60056084999815,0.14375525325636332,12.01253632,2026-01-19T09:04:23.383296
25214,0.03428800320448628,0.019667959079544772,1.7621015729742158e-05,0.0028385151526890695,0.04340933804633096,91.37647743202979,139.65596690389793,0.2727750859921798,231.35905746597564,0.13831314991722776,12.0153088,2026-01-19T09:08:14.742938
25215,0.034448227518525935,0.010660182795313666,1.761785141097749e-05,0.012776988151017576,0.04357119492487982,90.65649900404969,138.0796301511,0.17209481500322,228.97427390899975,0.13975369133703475,12.011940864,2026-01-19T09:12:03.717818
25216,0.03460845183256559,0.003953950012244967,1.7614685310113465e-05,0.003064512915443629,0.04511322284815833,91.32257823692635,139.86665727815125,0.21398967498680577,231.45803262898698,0.13825400499836632,12.009409536,2026-01-19T09:15:55.176438
25217,0.03476867614660525,0.012681192268505725,1.7611517428002667e-05,0.0029424320091493428,0.04345584812108427,89.8278170908452,135.9171805960941,0.31449396698735654,226.11450376501307,0.1415212180871672,12.002530816,2026-01-19T09:19:41.291592
25218,0.0349289004606449,0.015230576354792191,1.7608347765498166e-05,0.0026675682165659964,0.04658169794129208,90.38013266812777,137.6683151430334,0.31587517901789397,228.42244909296278,0.14009130944470666,12.006697472,2026-01-19T09:23:29.714613
25219,0.03508912477468456,0.002896411795198617,1.7605176323453514e-05,0.002962398051749915,0.04497732000891119,90.753225524968,138.5175617451896,0.19339255598606542,229.52259920397773,0.13941982232242614,11.993051136,2026-01-19T09:27:19.237973
25220,0.035249349088724215,0.009168564668263102,1.760200310272273e-05,0.00264991307631135,0.04562739800894633,89.70624289091211,136.2127166230348,0.15863874898059294,226.13233975303592,0.1415100557264295,12.003097088,2026-01-19T09:31:05.371023
25221,0.03540957340276387,0.0013480936122611809,1.7598828104160328e-05,0.0036510751233436167,0.047207167954184115,89.67881519906223,136.2566243840265,0.20877833996200934,226.20272105303593,0.14146602592148844,12.013603328,2026-01-19T09:34:51.574405
25222,0.035569797716803526,2.4967244633522512e-05,1.759565132862129e-05,0.0027334989281371236,0.0425712339929305,89.50416989286896,135.35444532730617,0.22822541499044746,225.13943987397943,0.1421341370393025,12.008324608,2026-01-19T09:38:36.714671
25223,0.03573002203084318,1.05909223435674e-06,1.7592472776961078e-05,0.013653078931383789,0.051735356100834906,88.63344256888377,133.4817984791007,0.204097438021563,222.39717552100774,0.14388671944701592,12.00911872,2026-01-19T09:42:19.112601
25224,0.03589024634488284,0.0024742847689882552,1.7589292450035634e-05,0.002761536044999957,0.04463327315170318,90.19906750984956,137.63641134509817,0.2057489849976264,228.096853621013,0.1402912819357367,12.008098304,2026-01-19T09:46:07.210314
25225,0.036050470658922494,0.00438815528691805,1.7586110348701375e-05,0.003810166905168444,0.042525153956376016,89.62755167495925,135.6390367100248,0.250577553990297,225.57096813298995,0.14186222750586303,12.010953728,2026-01-19T09:49:52.782005
25226,0.03621069497296215,0.0078038130460456046,1.7582926473815203e-05,0.002961727965157479,0.044320862099993974,89.9301603079657,136.16591189499013,0.2930597409722395,226.44329001399456,0.14131573515833631,12.006952448,2026-01-19T09:53:39.226013
25227,0.036370919287001806,0.011390686282076956,1.7579740826234494e-05,0.003452002943959087,0.04055617214180529,91.81386657000985,140.5208029759815,0.2240611069719307,232.6112377269892,0.13756859003328856,12.011537408,2026-01-19T09:57:31.837814
25228,0.036531143601041455,0.0005014188450900292,1.7576553406817096e-05,0.0030272039002738893,0.05110096198040992,90.04296662093839,136.81646359420847,0.1824198840186,227.10331419401336,0.14090503308402863,12.022798336,2026-01-19T10:01:18.941761
25229,0.03669136791508111,0.007760542026661099,1.7573364216421345e-05,0.003813460993114859,0.04190973687218502,89.64419923396781,135.8035636190907,0.2960786120384,225.7968973959796,0.14172028211655033,11.992730624,2026-01-19T10:05:04.739459
25230,0.036851592229120766,0.0005083208442435705,1.757017325590604e-05,0.0030364659032784402,0.04439259704668075,90.0427606170415,136.3172412830172,0.2562924480298534,226.67166176298633,0.14117335952413856,12.028745728,2026-01-19T10:08:51.411943
25231,0.03701181654316042,0.018508550813480795,1.756698052613047e-05,0.014152625051792711,0.04933665780117735,89.58215797616867,135.7411787910969,0.16894364496693015,225.56340055400506,0.14186698693761918,12.00946944,2026-01-19T10:12:36.975916
25232,0.03717204085720008,0.0014378363893303714,1.7563786027954392e-05,0.00297939486335963,0.0485711139626801,89.32831840607105,135.43620857509086,0.17852782702539116,225.00380927498918,0.14221981442496864,11.993014272,2026-01-19T10:16:21.980305
25233,0.037332265171239734,0.0040789941478678315,1.7560589762238047e-05,0.003322067961562425,0.04612839611945674,91.11491745506646,139.20219160284614,0.2280304490122944,230.6011581539642,0.1387677332419759,12.008497664,2026-01-19T10:20:12.582058
25234,0.03749248948527939,0.0026564783968083816,1.755739172984214e-05,0.0026220300351269543,0.0460905100335367,89.42787061794661,135.23378956899978,0.26322185405297205,224.9799150209874,0.14223491904606178,12.006007296,2026-01-19T10:23:57.562859
25235,0.037652713799319046,0.02014883814873336,1.755419193162786e-05,0.01380907604470849,0.050849719205871224,90.81047055183444,138.45836731308373,0.2152804849902168,229.55605016101617,0.13939950603590898,12.020862976,2026-01-19T10:27:47.119809
25236,0.0378129381133587,9.640004709154937e-06,1.755099036845687e-05,0.0035887850681319833,0.04475784092210233,89.1968485849793,135.25629659800325,0.2590907900012098,224.76812816399615,0.14236893932155736,11.992220672,2026-01-19T10:31:31.888738
25237,0.03797316242739836,0.004168635335487281,1.754778704119131e-05,0.0028326979954726994,0.04547138715861365,91.24504940985935,139.58181038300972,0.1810278129996732,231.06270146399038,0.13849054735901195,12.008487424,2026-01-19T10:35:22.952025
25238,0.03813338674143801,0.008854377813365844,1.7544581950693794e-05,0.002966876025311649,0.03989406320033595,91.06963936088141,138.9694899659371,0.19329930399544537,230.28381274599815,0.13895896380392067,12.021421056,2026-01-19T10:39:13.236417
25239,0.03829361105547767,0.022464421354101205,1.7541375097827412e-05,0.0028213760815560818,0.04005900799529627,91.46119554998586,139.81387575605186,0.17242498701671138,231.4965780019993,0.13823098499418698,12.014998016,2026-01-19T10:43:04.733608
25240,0.038453835369517325,0.010804171778939775,1.753816648345572e-05,0.0028015979914925992,0.03895343100884929,91.09299488097895,139.2283921620692,0.2908463869825937,230.6610174239613,0.1387317213692122,11.992587264,2026-01-19T10:46:55.395255
25241,0.03861405968355698,0.00026700792234191084,1.7534956108442762e-05,0.0037221150123514235,0.04904625815106556,91.26833084895043,139.09473129705293,0.21472726698266342,230.63945053803036,0.13874469404670858,11.992077312,2026-01-19T10:50:46.035337
25242,0.03877428399759664,0.0028932203616420793,1.7531743973653044e-05,0.0029835040913894773,0.05145941401133314,91.43272725015413,139.89044822606957,0.21070539095671847,231.59595102601452,0.13817167294261345,12.016914432,2026-01-19T10:54:37.631856
25243,0.03893450831163629,0.005599581755573624,1.7528530079951554e-05,0.0028483219211921096,0.0448759380960837,90.0528141768882,137.00628321507247,0.16953687299974263,227.28367256495403,0.14079321949910376,11.99339008,2026-01-19T10:58:24.916157
25244,0.03909473262567595,0.011349324103955283,1.752531442820375e-05,0.0027279669884592295,0.050351441954262555,89.66689706698526,135.985695512034,0.16345207899576053,225.87647735298378,0.14167035175598502,11.992081408,2026-01-19T11:02:10.793254
25245,0.039254956939715605,0.002369181500817774,1.7522097019275564e-05,0.002428255043923855,0.0427847309038043,90.27391428902047,136.63454832090065,0.22858581197215244,227.1897492420394,0.14085142532512945,12.010067968,2026-01-19T11:05:57.983586
25246,0.03941518125375526,1.3261309277368127e-06,1.7518877854033403e-05,0.013479682966135442,0.03915914596291259,90.703525202116,138.1614540410228,0.2881937210331671,229.2144634250435,0.1396072460779268,11.99216384,2026-01-19T11:09:47.198849
25247,0.039575405567794916,0.012690157767003996,1.7515656933344143e-05,0.0028740130946971476,0.0462411362095736,89.40544643288013,135.57460940192686,0.1996620440040715,225.2372439620085,0.14207241856234729,12.013818368,2026-01-19T11:13:32.436687
25248,0.039735629881834565,0.021251821659040715,1.751243425807514e-05,0.0026171138742938638,0.04336160403909162,90.67853810294764,137.98843964509433,0.24077732197474688,228.95994321105536,0.13976243857862242,11.99289344,2026-01-19T11:17:21.397247
25249,0.03989585419587422,0.011092227927234077,1.7509209829094212e-05,0.002599547151476145,0.041633735061623156,91.26620122801978,139.47562757798005,0.20458383398363367,230.99770659499336,0.13852951387134493,12.012848128,2026-01-19T11:21:12.395580
25250,0.04005607850991388,0.006475759943514348,1.7505983647269657e-05,0.0031214860500767827,0.056230266112834215,90.86319633485982,138.54245832614833,0.24457441101549193,229.7185561970109,0.13930089292636944,11.992022016,2026-01-19T11:25:02.124710
25251,0.04021630282395353,0.013135658539392026,1.7502755713470242e-05,0.002704238169826567,0.04434401699109003,90.79887197795324,138.7867053449154,0.16783066396601498,229.80771095200907,0.13924685062757788,11.992383488,2026-01-19T11:28:51.933282
25252,0.04037652713799319,0.00983208132907798,1.749952602856521e-05,0.002449162071570754,0.04632433399092406,90.50361665105447,137.91336091497215,0.21179973101243377,228.68591919000028,0.13992990960415572,12.008253952,2026-01-19T11:32:40.619689
25253,0.040536751452032845,9.971630703375922e-07,1.7496294593424267e-05,0.0029993431526236236,0.042531419079750776,88.60019035596633,133.569012652908,0.15428700600750744,222.37652457802324,0.14390008145294333,11.992452608,2026-01-19T11:36:22.996798
25254,0.0406969757660725,0.010690800797119593,1.7493061408917597e-05,0.002900579071138054,0.04066832293756306,91.77903607604094,140.7992461589165,0.23635363404173404,232.86590831301874,0.137418140043864,12.010708992,2026-01-19T11:40:15.863315
25255,0.040857200080112156,0.01267872931448899,1.7489826475915857e-05,0.0027751760208047926,0.046754066133871675,88.58793587697437,133.56675890501356,0.20968740800162777,222.42017899098573,0.14387183818108923,12.017362944,2026-01-19T11:43:58.284350
25256,0.04101742439415181,0.006616582924033665,1.7486589795290167e-05,0.003157114901114255,0.03997199679724872,91.3413944899803,139.39625735208392,0.20039908704347908,230.9887512520072,0.13853488460608288,12.008582656,2026-01-19T11:47:49.273743
25257,0.04117764870819147,0.016156298296250426,1.7483351367912127e-05,0.002475554938428104,0.037928744859527797,91.1719269490568,139.39398314798018,0.26069614896550775,230.87515167699894,0.13860304916992078,12.00882176,2026-01-19T11:51:40.149536
25258,0.041337873022231124,0.002061405914142611,1.74801111946538e-05,0.013321741134859622,0.04326870106160641,90.2583322529099,137.73915843106806,0.21158272301545367,228.27445834100945,0.1401821308987472,12.0112896,2026-01-19T11:55:28.424564
25259,0.04149809733627078,0.009399806196331184,1.7476869276387722e-05,0.0027450587949715555,0.03965335292741656,90.13377370295348,136.43908122100402,0.22681516996817663,226.84831249702256,0.14106342536896768,11.993146368,2026-01-19T11:59:15.273472
25260,0.041658321650310436,0.0086769240418203,1.74736256139869e-05,0.0034347589826211333,0.04457977804122493,90.65322023379849,137.80124445119873,0.16980655898805708,228.68088956398424,0.13993298723392666,12.0097024,2026-01-19T12:03:03.954946
25261,0.04181854596435009,0.005388819747272677,1.74703802083248e-05,0.0028216660721227527,0.04845315701095387,89.07226514501963,134.6055133799673,0.24927893199492246,223.9846177599975,0.14286695363289825,11.9921408,2026-01-19T12:06:47.940216
25262,0.04197877027838975,0.005289161506391693,1.7467133060275374e-05,0.0024600799079053104,0.04629008483607322,89.71240670204861,136.0073550720699,0.234181622043252,226.00873457099078,0.1415874482052312,11.992441856,2026-01-19T12:10:33.949591
25263,0.0421389945924294,0.0012422048501705696,1.7463884170713036e-05,0.0027897448744624853,0.053094721981324255,90.66126247297507,138.26209109491901,0.2547460029600188,229.24265788099729,0.13959007584274127,11.993156608,2026-01-19T12:14:23.192923
25264,0.04229921890646906,0.003758205120380609,1.746063354051267e-05,0.002465069992467761,0.042109153990168124,90.38178475090535,137.09452842804603,0.18261952500324696,227.71453436702723,0.1405268227122597,11.99200768,2026-01-19T12:18:10.908269
25265,0.042459443220508715,0.008171987851840257,1.7457381170549624e-05,0.003453922749031335,0.04621524707181379,89.43763127707643,135.40236168389674,0.16398837498854846,225.0653120810166,0.14218095051662596,11.992177664,2026-01-19T12:21:55.974220
25266,0.04261966753454837,0.016686947248771844,1.745412706169972e-05,0.002786145079880953,0.04882620903663337,90.1499672109494,137.04778821003856,0.24665990204084665,227.50591456599068,0.1406556838798933,12.011984896,2026-01-19T12:25:43.480862
25267,0.04277989184858803,0.004264243430783132,1.7450871214839248e-05,0.002792258921544999,0.044786297949030995,89.19135754508898,135.331591946946,0.17254753201268613,224.74944016098743,0.14238077735401025,12.005531648,2026-01-19T12:29:28.230936
25268,0.042940116162627676,0.0028767716898041584,1.744761363084496e-05,0.0030630420078523457,0.04234428593190387,90.99868413200602,139.06183402700117,0.19761715800268576,230.30987959599588,0.13894323620043414,12.015686144,2026-01-19T12:33:18.541451
25269,0.04310034047666733,0.017555542715282257,1.7444354310594083e-05,0.0025582860689610243,0.04179657390341163,90.30241829896113,137.0236278109951,0.2178560189786367,227.59463264403166,0.14060085524973454,12.007614976,2026-01-19T12:37:06.136687
25270,0.04326056479070699,5.288449139939644e-06,1.7441093254964302e-05,0.002539966837503016,0.04379071312723681,90.53680506994715,138.14889358193614,0.19866908894618973,228.9384114589775,0.13977558329364903,12.007192064,2026-01-19T12:40:55.075689
25271,0.04342078910474664,0.004250543697072118,1.7437830464833785e-05,0.0029926591087132692,0.03721676906570792,89.53376026486512,135.39472628710791,0.1878088170196861,225.16460577497492,0.14211825117834093,12.00672512,2026-01-19T12:44:40.241046
25272,0.0435810134187863,0.008869308525596864,1.743456594108115e-05,0.0027326539857313037,0.0437061830307357,92.49831935181282,141.60373723815428,0.18443052703514695,234.34145816299133,0.13655287566634097,12.031661568,2026-01-19T12:48:34.583010
25273,0.043741237732825955,0.007383801369510223,1.74312996845855e-05,0.013543432985898107,0.04628921113908291,90.80926586478017,138.29906052612932,0.18424507201416418,229.3618764950079,0.13951751916668892,12.014989824,2026-01-19T12:52:23.945470
25274,0.04390146204686561,0.00918705547795362,1.742803169622639e-05,0.0030375508940778673,0.04592697898624465,92.54111407295568,141.80095358594554,0.33051463100127876,234.72988916595932,0.1363269079779409,12.006631936,2026-01-19T12:56:18.676205
25275,0.04406168636090527,0.015482215053475912,1.742476197688384e-05,0.003002651850692928,0.04548162390710786,92.7404663459165,142.81985538394656,0.20239429804496467,235.82051014399622,0.1356964242866756,12.018426368,2026-01-19T13:00:14.497289
25276,0.04422191067494492,0.016025639785082646,1.7421490527438348e-05,0.0027557449066080153,0.04770740313688293,90.03465608588886,137.4769938349491,0.20113591599510983,227.77056798199192,0.14049225184585742,12.023033856,2026-01-19T13:04:02.268492
25277,0.04438213498898458,0.022311044622739473,1.741821734877087e-05,0.0025402859319001436,0.03853465704014525,92.60323853499722,141.0716330531286,0.23915791301988065,233.9629928880022,0.13677376753048445,11.993443328,2026-01-19T13:07:56.232302
25278,0.044542359303024234,0.014688920863692445,1.741494244176283e-05,0.0026398389018140733,0.04644688102416694,90.81947282899637,137.37210859288462,0.17841727199265733,228.42556784901535,0.14008939674017293,12.008952832,2026-01-19T13:11:44.658471
25279,0.04470258361706389,0.02989356320867209,1.7411665807296117e-05,0.002779951028060168,0.043189876014366746,113.73580361198401,135.33966249215882,0.16075535799609497,249.28953726502368,0.12836479360936953,12.008627712,2026-01-19T13:15:53.948792
25280,0.044862807931103546,0.004135844711996128,1.7408387446253083e-05,0.0031185460393317044,0.042742179008200765,91.02023804595228,138.80850680312142,0.2112028819974512,230.09438092203345,0.13907336577177462,12.014252544,2026-01-19T13:19:44.043839
25281,0.0450230322451432,0.00723343047913616,1.740510735951655e-05,0.0029300470487214625,0.0535318108741194,90.29399745515548,137.48436969687464,0.2505976029788144,228.09272476000478,0.14029382144331803,12.003170304,2026-01-19T13:23:32.137139
25282,0.04518325655918286,0.0033965911033284613,1.74018255479698e-05,0.0033729909919202328,0.045817615115083754,90.63331373385154,138.3933617140283,0.17453144997125491,229.25854303396773,0.139580403750794,12.022675456,2026-01-19T13:27:21.396255
25283,0.045343480873222514,0.009010743110255959,1.739854201249658e-05,0.0027183648198843002,0.047490464930888265,91.50791172200115,139.929332920874,0.16157277999445796,231.65726746199653,0.13813510083489874,12.011256832,2026-01-19T13:31:13.054102
25284,0.04550370518726217,0.005760387947637113,1.73952567539811e-05,0.0030587190412916243,0.050170540052931756,88.2528886878863,132.95918360393262,0.18642480700509623,221.45903180300957,0.1444962516970831,11.993398272,2026-01-19T13:34:54.513747
25285,0.045663929501301825,0.006272809743871122,1.7391969773308047e-05,0.002743838995229453,0.04335263307439163,89.71965903695673,136.10624250693945,0.2805540209519677,226.1587451749947,0.14149353355864874,12.007806464,2026-01-19T13:38:40.673093
25286,0.04582415381534148,0.002554946445748385,1.7388681071362553e-05,0.002635916054714471,0.038537669053766876,90.39734950498678,137.29213772405637,0.1846366779645905,227.92230081098387,0.14039872310054305,11.992751104,2026-01-19T13:42:28.596038
25287,0.04598437812938113,0.013319107470694647,1.738539064903022e-05,0.0023620770080015063,0.045298597833607346,92.19964190520113,141.69722455687588,0.18236944201635197,234.13403943699086,0.1366738474975643,12.00406528,2026-01-19T13:46:22.730697
25288,0.046144602443420786,1.2426786582864224e-05,1.7382098507197124e-05,0.0025527020334266126,0.041378453955985606,89.48985388403526,135.97510545194382,0.18171917099971324,225.69909091101727,0.1417816964651228,12.01719296,2026-01-19T13:50:08.430391
25289,0.04630482675746044,0.004335710926353542,1.7378804646749786e-05,0.002897408092394471,0.05266224389197305,91.07062508515082,139.4798968398245,0.22761754103703424,230.84157736902125,0.13862320802307243,12.03694848,2026-01-19T13:53:59.272608
25290,0.0464650510715001,0.010001210119181536,1.7375509068575202e-05,0.002926969842519611,0.05212798895081505,91.74378795799566,141.29875427496154,0.19529769098153338,233.30115706298966,0.13716177151817652,12.014373376,2026-01-19T13:57:52.574398
25291,0.046625275385539754,0.006715323667894069,1.7372211773560828e-05,0.002947341126855463,0.05465908400947228,90.26413763687015,137.41698744805763,0.22479648399166763,227.9709176439792,0.1403687818196802,12.008055296,2026-01-19T14:01:40.545912
25292,0.04678549969957941,0.006511268621782307,1.736891276259458e-05,0.002528988930862397,0.04676342103630304,92.13150714390213,141.36360989202512,0.1830782939796336,233.73594976501772,0.13690662489946726,12.0029568,2026-01-19T14:05:34.282477
25293,0.046945724013619065,0.008353453557376156,1.7365612036564838e-05,0.0029284770716913044,0.04777305293828249,90.37056296295486,137.89451713307062,0.16571147099602968,228.4891628960031,0.14005040586789144,12.009498624,2026-01-19T14:09:22.772222
25294,0.04710594832765872,0.005236058909149577,1.7362309596360448e-05,0.0027207150124013424,0.046897378168068826,89.86852324591018,136.67334174690768,0.2518598669557832,226.8518045640085,0.14106125389437174,12.013106688,2026-01-19T14:13:09.624617
25295,0.04726617264169838,0.0018560535506111364,1.7359005442870703e-05,0.00256242707837373,0.047605028143152595,89.48945205792552,135.67806197609752,0.2432934080134146,225.46733944199514,0.14192742984059775,12.020939776,2026-01-19T14:16:55.092651
25296,0.04742639695573803,0.0009194163750407824,1.735569957698538e-05,0.002823995891958475,0.05022693594219163,88.86843890795717,134.58423374110134,0.16669810400344431,223.680205215991,0.14306138519991085,12.00518144,2026-01-19T14:20:38.773495
25297,0.04758662126977769,0.00046023669422901037,1.73523919995947e-05,0.0026007640990428627,0.0503665849682875,90.473297349934,137.75422869098838,0.16324945201631635,228.45186749700224,0.1400732694838658,12.019208704,2026-01-19T14:24:27.225999
25298,0.047746845583817345,0.0032072404895231443,1.7349082711589344e-05,0.0025591501616872847,0.049238694133237004,90.29248475289205,137.24072549008997,0.16466482199029997,227.75746328302193,0.140500335482905,12.01541376,2026-01-19T14:28:14.984045
25299,0.047907069897857,1.6388229502339868e-05,1.734577171386047e-05,0.002704518032260239,0.04472298198379576,90.61115014791721,137.81326977710705,0.20169751398498192,228.68303597002523,0.13993167383082328,12.01464064,2026-01-19T14:32:03.668091
25300,0.048067294211896656,0.001100965962475442,1.7342459007299672e-05,0.0026532700867392123,0.04952940600924194,90.11029004701413,136.98913742491277,0.21479000197723508,227.3751392819686,0.1407365822888698,12.013537792,2026-01-19T14:35:51.043901
25301,0.04822751852593631,2.852601598490878e-06,1.7339144592799032e-05,0.0027313848258927464,0.044258003996219486,90.15173686592607,137.21554839599412,0.19375363597646356,227.61682350101182,0.14058714776791423,11.992448,2026-01-19T14:39:38.661355
25302,0.04838774283997597,0.0046348647077074645,1.7335828471251067e-05,0.0024474331294186413,0.04735511395847425,91.11355193215422,139.50272663601208,0.3135843380005099,230.98724397702608,0.13853578859611274,12.00774912,2026-01-19T14:43:29.649388
25303,0.048547967154015624,0.012728188987555455,1.733251064354877e-05,0.0029474999755620956,0.0499347549630329,89.79986622720025,136.61527956690406,0.21826423198217526,226.6936831450439,0.1411596457212513,12.01544448,2026-01-19T14:47:16.343708
25304,0.04870819146805528,0.011113719160722013,1.7329191110585588e-05,0.0028708619065582752,0.04007992387050763,89.80665424815379,136.14323520794278,0.24260697100544348,226.24287695699604,0.14144091708170117,11.992211968,2026-01-19T14:51:02.587200
25305,0.048868415782094936,0.0008594508758541508,1.7325869873255425e-05,0.0026132278726436198,0.04383680800674483,90.01606930012349,136.67898178694304,0.16473791800672188,226.91436291701393,0.14102236451071584,12.008623616,2026-01-19T14:54:49.502159
25306,0.04902864009613459,0.007663733682491625,1.7322546932452644e-05,0.0026716779684647918,0.04289733589394018,90.93320384301478,138.92048075405182,0.28037281101569533,230.18855863704812,0.13901646628082975,12.02009088,2026-01-19T14:58:39.691586
25307,0.04918886441017424,0.013658705680569483,1.7319222289072072e-05,0.0025778040289878845,0.04875409009400755,92.20375482499367,141.82720754493494,0.173250537016429,234.2629685010179,0.13659862762244881,12.009126912,2026-01-19T15:02:33.955294
25308,0.049349088724213896,2.6265214419396443e-05,1.731589594400899e-05,0.0027272648876532912,0.044776833907235414,89.61879875295563,136.12582552008098,0.25935855600982904,226.0608427830157,0.14155481155449454,11.992067072,2026-01-19T15:06:20.016818
25309,0.04950931303825355,0.00023771361029290006,1.731256789815914e-05,0.0026343369972892106,0.03764515509828925,90.09276385011617,136.83326188998763,0.20213224703911692,227.17468380497303,0.14086076610310877,12.011923456,2026-01-19T15:10:07.192331
25310,0.04966953735229321,0.0021615160359846897,1.730923815241872e-05,0.002984209975693375,0.04562243091640994,92.76879185595317,142.72479346313048,0.19442462199367583,235.74425918998895,0.13574031499197967,12.00642816,2026-01-19T15:14:02.937205
25311,0.049829761666332864,0.007639624389900845,1.7305906707684385e-05,0.002804370888043195,0.04494014009833336,90.52143357601017,137.50797225587303,0.2996164240175858,228.38417726999614,0.14011478545717967,12.015727104,2026-01-19T15:17:51.322001
25312,0.04998998598037252,0.0018611489565607542,1.730257356485325e-05,0.0027360600070096552,0.041968118923250586,89.96689869713737,136.91127849795157,0.2029397310107015,227.1329824749846,0.14088662796264886,11.993027584,2026-01-19T15:21:38.455561
25313,0.050150210294412176,2.4924717489938075e-06,1.7299238724822884e-05,0.0026475339545868337,0.045057615207042545,90.0787981589092,137.1541704221163,0.17717346403514966,227.46549331501592,0.14068067878622514,11.99277568,2026-01-19T15:25:25.921890
25314,0.05031043460845183,0.01274713747395495,1.7295902188491316e-05,0.002781503018923104,0.046355218917597085,89.80874412099365,136.62077365303412,0.2522469800314866,226.7390174709726,0.14113142218275987,11.992147456,2026-01-19T15:29:12.661641
25315,0.05047065892249149,0.013692414130097141,1.7292563956757033e-05,0.0027724640094675124,0.04598048096522689,90.68208771094214,138.53975484805414,0.23075122700538486,229.5102717980044,0.139427310809704,11.992936448,2026-01-19T15:33:02.172559
25316,0.05063088323653114,3.812325889640533e-06,1.7289224030518976e-05,0.0030642239726148546,0.039855946903117,90.0341259460547,136.89964164805133,0.19707059900974855,227.18239890300902,0.14085598248155554,12.007986688,2026-01-19T15:36:49.366067
25317,0.0507911075505708,0.0003032625421912627,1.728588241067654e-05,0.002638181031215936,0.04381860408466309,90.61541553586721,138.63509869005065,0.17639736697310582,229.4795870949747,0.13944595423538111,12.009203712,2026-01-19T15:40:38.846338
25318,0.050951331864610455,0.011656299215751176,1.728253909812958e-05,0.0027742970269173384,0.04755658801877871,90.32542493403889,137.0830387569149,0.22552729299059138,227.69143696600804,0.1405410779887048,11.992024064,2026-01-19T15:44:26.538386
25319,0.05111155617865011,0.007728728104094529,1.7279194093778408e-05,0.002814517996739596,0.04768303700257093,92.48028936504852,142.32968014094513,0.16042293200735003,235.02785009000218,0.13615407700723908,12.057004544,2026-01-19T15:48:21.566755
25320,0.05127178049268977,0.0028686176160412913,1.7275847398523787e-05,0.0026072669425047934,0.042865210212767124,91.93158438795945,140.67637147702044,0.19962208298966289,232.8591946589877,0.13742210199971974,12.009065984,2026-01-19T15:52:14.426554
25321,0.05143200480672942,0.0008221179881022778,1.7272499013266936e-05,0.002396093972492963,0.04083268088288605,89.57515874505043,135.81231779500376,0.15820845897542313,225.59661943896208,0.1418460971604142,12.008713728,2026-01-19T15:56:00.023873
25322,0.05159222912076908,0.006973192720693078,1.7269148938909532e-05,0.0027165139908902347,0.05508970201481134,91.02023747499334,139.0926674240618,0.18067793699447066,230.35852751001948,0.13891389368517368,11.991901184,2026-01-19T15:59:50.382995
25323,0.051752453434808735,0.005440628897457778,1.7265797176353708e-05,0.003012543893419206,0.03872550098458305,88.63857207499677,133.7735352650052,0.1861931789899245,222.64786440500757,0.1437247111510147,12.00336128,2026-01-19T16:03:33.031500
25324,0.05191267774884839,0.005764569654465035,1.7262443726502043e-05,0.0027958559803664684,0.04572435194859281,90.25357477500802,137.53661576891318,0.22888533305376768,228.07710713200504,0.1403034280923216,11.991890944,2026-01-19T16:07:21.109484
25325,0.052072902062888046,0.029987705784710883,1.7259088590257582e-05,0.003278177056927234,0.04437706200405955,90.27383654017467,137.1958201469388,0.19056634296430275,227.71542271395447,0.1405262744991889,11.991943168,2026-01-19T16:11:08.825413
25326,0.0522331263769277,0.016341534057240814,1.7255731768523814e-05,0.0025692310300655663,0.03561535297194496,91.85704878601246,140.3914086019504,0.1641596619738266,232.45796200301265,0.1376592985857171,11.99211776,2026-01-19T16:15:01.284061
25327,0.05239335069096735,0.012305784664176755,1.7252373262204687e-05,0.0031105141388252378,0.038235654996242374,88.899026545987,134.12944388308097,0.23750156100140885,223.3149926949991,0.14329534982769926,11.99308288,2026-01-19T16:18:44.599657
25328,0.05255357500500701,1.0853211488637271e-05,1.7249013072204608e-05,0.0028596550691872835,0.04719576996285468,92.25490456202533,142.16685700899689,0.3016100419918075,234.78319421195192,0.1362959563924827,11.992116224,2026-01-19T16:22:39.383475
25329,0.05271379931904666,0.009132449092216888,1.7245651199428428e-05,0.002899017184972763,0.04251908103469759,91.24450754391728,139.83557012706297,0.22786724899196997,231.3602778739878,0.13831242032579616,12.017795584,2026-01-19T16:26:30.744364
25330,0.05287402363308632,0.0022941009835832915,1.7242287644781456e-05,0.0026567470631562173,0.04816093295812607,90.57302212814102,137.664540681988,0.3142269490053877,228.61125980701763,0.13997560761885844,12.008882176,2026-01-19T16:30:19.356464
25331,0.053034247947125975,0.01081771024936451,1.723892240916945e-05,0.002752455067820847,0.0378462090739049,89.16497833590256,134.79100845812354,0.21299551601987332,224.21746294398326,0.14271858926525552,12.005169664,2026-01-19T16:34:03.574526
25332,0.05319447226116563,0.021818981408836535,1.7235555493498622e-05,0.0028747818432748318,0.050453835050575435,91.96849140204722,141.23628670506878,0.19815011898754165,233.46356624999316,0.13706635478074702,12.020721664,2026-01-19T16:37:57.038905
25333,0.053354696575205286,0.015305312862128773,1.7232186898675644e-05,0.0024001369602046907,0.038434673100709915,89.82082568970509,136.26284904312342,0.21032811398617923,226.34116019803332,0.14137949974278716,12.010999808,2026-01-19T16:41:43.380766
25334,0.05351492088924494,0.015219500799123153,1.7228816625607626e-05,0.0025895010330714285,0.045538578066043556,92.73912972200196,142.70897878118558,0.21397409797646105,235.7172913000104,0.1357558447389073,12.0186752,2026-01-19T16:45:39.098902
25335,0.0536751452032846,0.010370375257849673,1.722544467520214e-05,0.0025485879741609097,0.046779933967627585,88.89595095912227,134.06634228408802,0.18386696797097102,223.20190447103232,0.14336795232924654,11.993277952,2026-01-19T16:49:22.301415
25336,0.053835369517324254,2.851338605225351e-06,1.722207104836721e-05,0.0027290540165267885,0.03883545089047402,91.784421645978,140.6601004000986,0.1719590330030769,232.665717536991,0.1375363776784708,12.012529664,2026-01-19T16:53:14.967950
25337,0.05399559383136391,0.013583125927588924,1.7218695746011307e-05,0.0027351630269549787,0.043914228095673025,89.37085658189608,134.9111225270317,0.20271899696672335,224.5401663199882,0.14251347776414028,12.00591104,2026-01-19T16:56:59.508704
25338,0.054155818145403566,0.013046442408761294,1.7215318769043358e-05,0.002831980003975332,0.043531250033993274,90.70965073507978,138.61816615291173,0.22849976998986676,229.60925110196695,0.1393672068804804,11.992174592,2026-01-19T17:00:49.118584
25339,0.05431604245944322,0.014016986699571632,1.7211940118372732e-05,0.0023897088831290603,0.042996876989491284,93.05375817191089,143.73973399709212,0.2857274670386687,237.1309915750171,0.13494651115595196,12.020415488,2026-01-19T17:04:46.250247
25340,0.05447626677348288,0.011324089291937511,1.7208559794909258e-05,0.0026621700963005424,0.048439418082125485,90.15022883506026,136.74317161284853,0.1924828119808808,227.1449352669879,0.14087921424436323,12.017352704,2026-01-19T17:08:33.395769
25341,0.05463649108752253,0.011694934387096012,1.7205177799563215e-05,0.0025871809921227396,0.04931092500919476,89.9098493619822,136.38562229898525,0.18494201096473262,226.53957328002434,0.1412556735085087,12.004476928,2026-01-19T17:12:19.935919
25342,0.05479671540156219,0.008153400873155192,1.7201794133245322e-05,0.002535835956223309,0.04355606297031045,91.18497162306448,139.36544216104085,0.20081491401651874,230.80492234497797,0.13864522331187742,12.007448064,2026-01-19T17:16:10.741610
25343,0.054956939715601845,3.2329401982167383e-06,1.7198408796866763e-05,0.002576072118245065,0.04371663118945435,90.9083113198867,138.59642806398915,0.22401572298258543,229.78254574997118,0.13926210058974425,12.012978688,2026-01-19T17:20:00.524840
25344,0.0551171640296415,0.008544677855514493,1.719502179133916e-05,0.0033171980758197606,0.04186457407195121,90.55537196487421,137.91648940212326,0.22038244199939072,228.7441926500178,0.13989426192323273,12.014160384,2026-01-19T17:23:49.269622
25345,0.05527738834368116,0.009256208041245273,1.719163311757459e-05,0.0028436901047825813,0.04758338298415765,91.44679603696568,139.64290944399545,0.15607258601812646,231.3031756359851,0.1383465657659634,12.01724416,2026-01-19T17:27:40.573621
25346,0.05543761265772081,0.006712359014835911,1.7188242776485576e-05,0.002950622991193086,0.0428730720304884,90.59473489696393,138.33352201717207,0.19270604697521776,229.17566166998586,0.13963088299524654,11.992314368,2026-01-19T17:31:29.749865
25347,0.05559783697176046,0.003038370778435606,1.7184850768985094e-05,0.0033714399905875325,0.04240554670104757,89.921823768178,136.39862957800506,0.19154312898172066,226.56459792598616,0.14124007145394232,11.99209984,2026-01-19T17:35:16.315042
25348,0.05575806128580012,0.003771690427631924,1.7181457095986567e-05,0.0026691320817917585,0.043819669052027166,90.3305493730586,137.33428357786033,0.1853515490074642,227.9055116280215,0.1404090658949449,11.9923968,2026-01-19T17:39:04.221227
25349,0.05591828559983977,0.003765854039115446,1.7178061758403862e-05,0.002612061856780201,0.04680729703977704,91.88860883790767,141.20524884492625,0.1797491559991613,233.33360704197548,0.13714269626939496,12.007173632,2026-01-19T17:42:57.555420
25350,0.05607850991387943,6.602123794330339e-06,1.71746647571513e-05,0.0026365090161561966,0.046604703937191516,90.91390056203818,138.80481678893557,0.2707511960179545,230.04705334902974,0.1391019773309127,12.029201408,2026-01-19T17:46:47.603051
25351,0.056238734227919085,0.01932804648611608,1.7171266093143653e-05,0.002657000150065869,0.043635410838760436,90.9864625329501,139.45068409497617,0.2640652609989047,230.75370343599934,0.13867599749650542,12.006745088,2026-01-19T17:50:38.357336
25352,0.05639895854195874,0.00864178069520527,1.7167865767296128e-05,0.002556106017436832,0.04881318210391328,91.62828341103159,140.42074773501372,0.305863241024781,232.4150235229754,0.13768473102530154,12.015324672,2026-01-19T17:54:30.772942
25353,0.0565591828559984,0.012551989737247027,1.7164463780524395e-05,0.0027028490439988673,0.038775051943957806,90.07000723003875,136.79534588806564,0.21098253002855927,227.12554637802532,0.14089124059492428,12.005844992,2026-01-19T17:58:17.899069
25354,0.05671940717003805,0.010521991758474236,1.716106013374456e-05,0.0025864067138172686,0.04652463598176837,90.4004445920582,137.93750646989793,0.2066704870085232,228.60016609501326,0.1399824004795334,12.00956928,2026-01-19T18:02:06.499886
25355,0.05687963148407771,0.008503423274400568,1.7157654827873178e-05,0.002946296939626336,0.03658525901846588,89.56036907894304,135.6115818520193,0.17312317702453583,225.39100626297295,0.14197549640762633,12.032158208,2026-01-19T18:05:51.891567
25356,0.057039855798117364,0.0038029323866144438,1.7154247863827257e-05,0.0029001510119996965,0.04954557493329048,87.91010985313915,131.89874397584936,0.18720611499156803,220.05587642698083,0.14541761174288964,11.992114176,2026-01-19T18:09:31.948110
25357,0.05720008011215702,0.027040973411594393,1.715083924252424e-05,0.0029307869262993336,0.042787641868926585,90.31334379711188,137.24571898696013,0.24651510000694543,227.85856093699113,0.14043799745074684,12.007745024,2026-01-19T18:13:19.807290
25358,0.057360304426196676,0.012502708196459267,1.714742896488203e-05,0.0026329459506087005,0.04048328608041629,91.05430230585625,139.3236138470238,0.22827633999986574,230.65632539096987,0.13873454346313274,12.011546624,2026-01-19T18:17:10.464255
25359,0.05752052874023633,0.005453650615317329,1.714401703181897e-05,0.0026753429556265473,0.04212955798720941,90.26275020191679,137.46526448300574,0.2096993289887905,227.98883202602156,0.14035775224440675,12.01146368,2026-01-19T18:20:58.453772
25360,0.05768075305427599,0.00889431282055142,1.7140603444253844e-05,0.0026597591349855065,0.04297593788942322,91.3109964361065,139.4346647678758,0.1928321120212786,230.99183203396387,0.13853303694000263,12.00538368,2026-01-19T18:24:49.446290
25361,0.057840977368315644,0.004956318439823804,1.7137188203105883e-05,0.0025763840530999005,0.04368776310002431,89.79173367796466,136.37395239796024,0.20100374100729823,226.42002936598146,0.1413302528473563,12.009756672,2026-01-19T18:28:35.867188
25362,0.0580012016823553,3.4588021884829345e-05,1.7133771309294778e-05,0.0031711418996565044,0.04732453799806535,91.78238987206714,140.72713174088858,0.1981841580127366,232.7655265830108,0.13747740255938584,12.022013952,2026-01-19T18:32:28.633386
25363,0.058161425996394955,0.012842585452299105,1.7130352763740643e-05,0.0027252311701886356,0.037727551942225546,90.43349573214073,138.07542757183546,0.2426095890114084,228.79964741901495,0.13986035538506064,12.000548864,2026-01-19T18:36:17.433787
25364,0.05832165031043461,0.0056528667210198336,1.712693256736405e-05,0.00316809891955927,0.04474027897231281,90.42667539214017,138.06400077493163,0.20276270702015609,228.74817436398007,0.13989182684834092,11.992798208,2026-01-19T18:40:06.182544
25365,0.05848187462447427,0.0035500531956724757,1.7123510721086013e-05,0.0027467358740977943,0.04144209891092032,90.75154520804062,138.53509514505276,0.2390938230091706,229.57726903801085,0.13938662191639625,12.018235904,2026-01-19T18:43:55.760563
25366,0.058642098938513916,0.0033674988813956475,1.7120087225827986e-05,0.0031885330099612474,0.042146963998675346,89.86605485307518,136.61582683800953,0.15800590999424458,226.69184822199168,0.14116078831676152,11.99199744,2026-01-19T18:47:42.453061
25367,0.05880232325255357,0.014972366116799307,1.7116662082511876e-05,0.002605681016575545,0.04728219407843426,91.00461026892299,138.95880127919372,0.21110775094712153,230.23201469203923,0.13899022706639447,12.027274752,2026-01-19T18:51:32.685808
25368,0.05896254756659323,0.01843232318317245,1.7113235292060026e-05,0.002696259005460888,0.04797307419357821,91.77681930491235,140.68104520399356,0.2288904759916477,232.74544145201799,0.13748926638632797,12.03112192,2026-01-19T18:55:25.431859
25369,0.059122771880632884,0.0015927569792903995,1.710980685539522e-05,0.002818305103573948,0.04588018590584397,89.66024501895299,136.5129759600386,0.17717611195985228,226.40633229597006,0.14133880300736443,11.9918848,2026-01-19T18:59:11.838888
25370,0.05928299619467254,0.0040631541783788805,1.71063767734407e-05,0.0031544009689241648,0.043549018853809685,89.32595833204687,135.3041094429209,0.19119270198279992,224.8764791440335,0.1423003424893716,11.992933376,2026-01-19T19:02:56.715971
25371,0.059443220508712195,0.0025275407246692083,1.7102945047120136e-05,0.002559149928856641,0.0418905079131946,88.07827619486488,132.6602812562487,0.18658706499263644,220.97761674196227,0.14481104680102833,12.00495104,2026-01-19T19:06:37.694088
25372,0.05960344482275185,1.0026025835330188e-05,1.7099511677357643e-05,0.0029594709048978984,0.0459373218473047,89.33638192515355,135.51500244694762,0.22995337401516736,225.13742117001675,0.14213541149089826,11.992767488,2026-01-19T19:10:22.832282
25373,0.05976366913679151,0.009865233687798458,1.709607666507779e-05,0.002953933144453913,0.04079847998218611,90.54480574501213,138.0873729530722,0.1957082410226576,228.8819710459793,0.1398100508037465,12.01446656,2026-01-19T19:14:11.714944
25374,0.05992389345083116,0.005150833700199087,1.7092640011205577e-05,0.0027107520145364106,0.039302618883084506,90.46869627106935,137.76918725896394,0.24325759097700939,228.53055054799188,0.14002504226794804,12.008093184,2026-01-19T19:18:00.246050
25375,0.06008411776487082,3.2121956090591652e-06,1.7089201716666443e-05,0.0029527388978749514,0.04207670007599518,90.91979669692228,138.82959864014992,0.18751435598824173,229.98838065599557,0.13913746385241915,12.022257664,2026-01-19T19:21:50.235246
25376,0.060244342078910475,0.007932599070221258,1.7085761782386283e-05,0.002594750141724944,0.04476123192580417,90.49150751915295,137.80724758584984,0.18065044900868088,228.532976004004,0.1400235561604,12.017913856,2026-01-19T19:25:38.768811
25377,0.06040456639295013,0.006408800971801298,1.708232020929142e-05,0.0026566708111204207,0.046360937878489494,90.5405951141147,138.7868737539975,0.162332649983,229.54705131601077,0.13940497086127465,11.99325952,2026-01-19T19:29:28.316456
25378,0.060564790706989786,0.006881383530668472,1.707887699830863e-05,0.003524836851283908,0.04421427001943812,90.39034619677113,136.94877251214348,0.2221338720410131,227.61585718102288,0.14058774461636214,12.00645888,2026-01-19T19:33:15.932904
25379,0.06072501502102944,0.02998451348172748,1.707543215036512e-05,0.002539903041906655,0.04882223001914099,91.42786572611658,140.82414779183455,0.23668385099153966,232.55020577798132,0.13760469440543438,12.0130176,2026-01-19T19:37:08.483915
25380,0.0608852393350691,0.0003221717693238091,1.707198566638854e-05,0.003336575930006802,0.038954091898631305,91.84751542808954,140.66896668897243,0.257176484039519,232.82322229299461,0.1374433344098719,11.991962624,2026-01-19T19:41:01.307860
25381,0.061045463649108754,0.0021131760723189785,1.7068537547306987e-05,0.0026931490283459425,0.044145268853753805,88.84257710602833,134.65358004911104,0.2193814690108411,223.77057806000812,0.1430036078801147,12.026893824,2026-01-19T19:44:45.079053
25382,0.06120568796314841,7.342504293461616e-07,1.7065087794048988e-05,0.0026603800361044705,0.047660081065259874,91.9174172640196,140.80040186888073,0.20544496295042336,232.98166378500173,0.13734986470664912,12.026506752,2026-01-19T19:48:38.061355
25383,0.061365912277188066,0.00016901532052226997,1.706163640754352e-05,0.002635711047332734,0.04348389199003577,90.068312654912,137.06808633805485,0.23056621197611094,227.4193015419878,0.14070925283398572,12.013453824,2026-01-19T19:52:25.481385
25384,0.06152613659122772,0.013141551958165465,1.7058183388719993e-05,0.003610579122323543,0.0538958219694905,89.4430704889237,135.99936303211143,0.1988434210070409,225.70974908099743,0.14177500143565616,11.992187904,2026-01-19T19:56:11.191821
25385,0.06168636090526738,0.007542642672541788,1.705472873850826e-05,0.002800318121444434,0.04083303496008739,90.0498232319369,136.8770650869119,0.2634002779959701,227.24266236601397,0.1408186282752594,12.003923968,2026-01-19T19:59:58.435130
25386,0.061846585219307026,0.01516148788504168,1.705127245783862e-05,0.0024917079717852175,0.04440046503441408,90.49451976508135,137.60329717886634,0.21435067598940805,228.36731868900824,0.14012512904080535,12.009227776,2026-01-19T20:03:46.803047
25387,0.06200680953334668,0.01142953374335054,1.7047814547641788e-05,0.0033341769594699144,0.04241085785906762,90.66251676209504,137.97903873294126,0.18252009095158428,228.87869443005184,0.13981205231743227,12.007949824,2026-01-19T20:07:35.682438
25388,0.06216703384738634,0.007659307161683948,1.7044355008848942e-05,0.0028258548118174076,0.050279328890610486,89.91503467294388,136.41448017506627,0.2072049779817462,226.5967076420202,0.14122005713584299,12.008973312,2026-01-19T20:11:22.279800
25389,0.062327258161425994,0.009557598289019253,1.7040893842391694e-05,0.0025454979622736573,0.047075376904103905,90.37565534096211,137.70820855494821,0.20935582497622818,228.3498539410066,0.140135846148897,12.00798976,2026-01-19T20:15:10.630280
25390,0.06248748247546565,0.001980454796951747,1.7037431049202083e-05,0.0025588921271264553,0.04631865007104352,90.58077737496933,137.60901325306622,0.21543536498211324,228.46305434202077,0.14006641070330075,11.992840192,2026-01-19T20:18:59.093947
25391,0.0626477067895053,0.005633042514089581,1.703396663021259e-05,0.0027689440175890923,0.04437303700251505,88.69819532695692,133.63093764800578,0.2073802300146781,222.59076824504882,0.14376157759054678,12.021573632,2026-01-19T20:22:41.685433
25392,0.06280793110354496,0.009127712824865242,1.7030500586356148e-05,0.0027351679746061563,0.049481508031021804,90.20060131716309,136.76629669079557,0.17440955701749772,227.20270415599225,0.1408433940910735,12.008625664,2026-01-19T20:26:28.888785
25393,0.06296815541758462,0.012229819698584166,1.702703291856611e-05,0.0024941102601587772,0.04754807910649106,88.80115804699017,133.90239912702236,0.18079412099905312,222.9424014610122,0.1435348313748029,11.992130048,2026-01-19T20:30:11.832023
25394,0.06312837973162427,0.0009950367703961405,1.7023563627776273e-05,0.002768958976957947,0.04324619082035497,90.92831817205297,138.79956111608772,0.15664522600127384,229.9367076639901,0.1391687318005878,12.023952896,2026-01-19T20:34:01.769554
25395,0.06328860404566393,2.830771402173582e-06,1.702009271492087e-05,0.0024673729203641415,0.041304613871034235,89.6577515990939,136.0084667991032,0.2054210869828239,225.92189646599581,0.1416418704895938,11.992927232,2026-01-19T20:37:47.692066
25396,0.06344882835970359,0.0020248887669644944,1.7016620180934576e-05,0.002631806011777371,0.04340528498869389,90.53814643103397,137.90864397090627,0.17382289399392903,228.6747156450292,0.13993676524200194,11.993112576,2026-01-19T20:41:36.367370
25397,0.06360905267374324,0.017809158514157986,1.7013146026752493e-05,0.0026243008906021714,0.04372429399518296,88.54452932602726,133.47984596388415,0.20786530897021294,222.28583820100175,0.14395878864340442,11.992896512,2026-01-19T20:45:18.654016
25398,0.0637692769877829,0.0017650738488033113,1.7009670253310165e-05,0.0026317519950680435,0.052583323791623116,90.22570301609812,137.34845250088256,0.16797427099663764,227.80475459300214,0.14047116820354108,12.010338304,2026-01-19T20:49:06.459489
25399,0.06392950130182255,0.002302812835885071,1.7006192861543575e-05,0.003439823107328266,0.04509157798020169,89.28749896603404,135.2154264759738,0.2042909120209515,224.76269140298245,0.14237238306880046,11.992022016,2026-01-19T20:52:51.223004
25400,0.06408972561586221,0.004712239756115899,1.7002713852389138e-05,0.002466028032358736,0.04609015100868419,90.44331014493946,137.80630509287585,0.24119731702376157,228.54549137101276,0.14001588833818787,12.012536832,2026-01-19T20:56:39.769116
25401,0.06424994992990186,0.0035782186108868075,1.6999233226783702e-05,0.0025888290256261826,0.04008016089210287,89.94082371902186,136.832423494081,0.1730511540081352,226.9971008829889,0.1409709633978769,12.025389568,2026-01-19T21:00:26.766943
25402,0.06441017424394152,0.009055391785925515,1.6995750985664554e-05,0.0029880639631301165,0.041851852904073894,89.25071301817661,134.89474744076142,0.33296418003737926,224.53313587099547,0.14251794006202034,12.026316288,2026-01-19T21:04:11.310687
25403,0.06457039855798118,0.002502498172031409,1.699226712996942e-05,0.0030395830399356782,0.04771697404794395,91.00374043302145,139.4616995928809,0.21759176201885566,230.74236489995383,0.13868281194861934,12.003598336,2026-01-19T21:08:02.053606
25404,0.06473062287202083,0.005197091804120646,1.6988781660636446e-05,0.002952010778244585,0.045386406884063035,90.31713033403503,137.46352565311827,0.21468292095232755,228.05124203895684,0.14031934101255017,12.009029632,2026-01-19T21:11:50.105433
25405,0.06489084718606049,0.006112586884665205,1.698529457860423e-05,0.0023822649964131415,0.04545101505937055,90.7299527300056,138.07777908496791,0.2096953639993444,229.0732074630214,0.139693333648221,12.032215552,2026-01-19T21:15:39.179272
25406,0.06505107150010014,0.006948335081507828,1.69818058848118e-05,0.0025358860730193555,0.04199098300887272,89.48928359913407,135.5753478569095,0.19514945294940844,225.31082267605234,0.1420260226292325,11.993156608,2026-01-19T21:19:24.490811
25407,0.0652112958141398,0.003121584389111476,1.6978315580198603e-05,0.003017399983946234,0.04047279589576647,88.25870321295224,133.28723448020173,0.1858043700340204,221.78509334498085,0.14428381780476493,12.005955072,2026-01-19T21:23:06.276629
25408,0.06537152012817946,0.015260142641924546,1.6974823665704544e-05,0.0029481241363100708,0.04927371797384694,90.5322540209745,138.71595622610766,0.2053211280144751,229.51259993197164,0.13942589648448458,12.00567552,2026-01-19T21:26:55.789846
25409,0.06553174444221911,0.0053265519451572985,1.697133014226994e-05,0.029735137068200856,0.04109043482458219,93.90757016913267,145.54387904098257,0.22495133901247755,239.7837628289708,0.13345357342992595,11.992830976,2026-01-19T21:30:55.581055
25410,0.06569196875625877,0.005981453827282657,1.6967835010835557e-05,0.0127597670070827,0.040978761098813266,90.57847596198553,138.19404410093557,0.16295123496092856,229.00011200102745,0.1397379229223103,12.005833216,2026-01-19T21:34:44.583819
25411,0.06585219307029842,0.005323136001681661,1.696433827234258e-05,0.0028301409329287708,0.045264790940564126,90.93303086387459,139.61225517705316,0.2008495589834638,230.80118240299635,0.1386474699428774,12.008326656,2026-01-19T21:38:35.385736
25412,0.06601241738433808,0.009839536046550634,1.6960839927732645e-05,0.0030629210523329675,0.04828004486626014,88.84971384500386,134.56190455588512,0.2050274210050702,223.67568567499984,0.14306427586633583,12.009356288,2026-01-19T21:42:19.062026
25413,0.06617264169837773,0.01492797642030208,1.69573399779478e-05,0.003113629063591361,0.04957786202430725,90.6855767670786,139.4186147999717,0.2071577000315301,230.37284478195943,0.13890526042809856,12.006080512,2026-01-19T21:46:09.446042
25414,0.06633286601241739,0.010154337845094119,1.6953838423930538e-05,0.023803391959518194,0.04444209299981594,93.21111906523583,143.9465856567258,0.21117795101599768,237.4452168699936,0.13476792845871768,12.014047232,2026-01-19T21:50:06.891961
25415,0.06649309032645705,0.005190431683054442,1.695033526662378e-05,0.00282896013231948,0.050757269957102835,90.56625091203023,137.8324069798109,0.2208436030196026,228.68089646997396,0.13993298300805654,12.016949248,2026-01-19T21:53:55.573443
25416,0.06665331464049669,0.004856757494430042,1.6946830506970887e-05,0.0034496249863877892,0.04921106103574857,91.7580667330185,140.23970195784932,0.16071519599063322,232.2187151039834,0.1378011241930736,12.004436992,2026-01-19T21:57:47.803036
25417,0.06681353895453634,5.430644902659765e-05,1.6943324145915635e-05,0.002468518039677292,0.04460831295000389,90.11983077804325,137.3304532840266,0.259847973997239,227.76518443098757,0.14049557257815204,12.01213952,2026-01-19T22:01:35.569258
25418,0.066973763268576,0.00928650116301899,1.693981618440224e-05,0.002639812999404967,0.044576294953003526,92.94081938208546,141.95093752490357,0.1966338840429671,235.14421525696525,0.13608669881600297,12.006747648,2026-01-19T22:05:30.725130
25419,0.06713398758261566,2.8650452970069296e-06,1.693630662337536e-05,0.002793300023768097,0.045138414949178696,90.42457897210261,137.3506777448929,0.18887051800265908,228.0194268929772,0.14033891952118388,12.013605376,2026-01-19T22:09:18.746207
25420,0.06729421189665531,0.006176054920999263,1.693279546378006e-05,0.0034176880144514143,0.04308688401943073,91.78748039004859,139.20451060897904,0.1734005049802363,231.21816371602472,0.13839743161052628,12.007716352,2026-01-19T22:13:09.975211
25421,0.06745443621069497,0.005186244988565569,1.692928270656186e-05,0.0026360490010119975,0.049983873846940696,92.0906517940457,141.69209427305032,0.1657884200103581,234.00881431397283,0.13674698576552402,12.006460416,2026-01-19T22:17:03.985245
25422,0.06761466052473462,0.019612253767323118,1.692576835266669e-05,0.0029008841956965625,0.050668295938521624,92.28440698317718,142.45197619189275,0.190233098983299,234.9865997650195,0.13617797794427075,12.012619776,2026-01-19T22:20:58.972642
25423,0.06777488483877428,0.00873027857830877,1.6922252403040924e-05,0.002900066028814763,0.04163482802687213,92.2765387679101,141.6457590048667,0.1992313369992189,234.17539962899173,0.13664970808504298,12.009872384,2026-01-19T22:24:53.148832
25424,0.06793510915281394,0.008214087104630785,1.6918734858631357e-05,0.002960619982331991,0.04418724385323003,91.23461641004542,139.24922522396082,0.19217363494681194,230.73295285500353,0.13868846908967242,11.99268352,2026-01-19T22:28:43.892840
25425,0.06809533346685359,0.006592002055914037,1.691521572038522e-05,0.003638888883870095,0.042715106916148216,90.82468836108455,138.424061484111,0.2684668239671737,229.5710267429822,0.13939041199578645,12.008027648,2026-01-19T22:32:33.464757
25426,0.06825555778089325,3.1411254246549447e-06,1.6911694989250165e-05,0.0032073670299723744,0.051472630933858454,90.95405917911557,139.00881636701524,0.21123344800435007,230.23660896898946,0.1389874535735109,11.99207168,2026-01-19T22:36:23.701994
25427,0.0684157820949329,0.007477486027594793,1.6908172666174285e-05,0.0027060561114922166,0.03964525007177144,90.87114488700172,137.38150123792002,0.33304826595121995,228.63628405303461,0.13996028728571036,11.993050112,2026-01-19T22:40:12.349257
25428,0.06857600640897256,0.0031977095957742563,1.690464875210609e-05,0.0031921431072987616,0.04576102312421426,90.55010640283581,139.28402127604932,0.19984358799410984,230.08970289299032,0.13907619331788393,12.018653696,2026-01-19T22:44:02.451916
25429,0.06873623072301221,7.321563018081179e-06,1.6901123247994523e-05,0.0028677588561549783,0.042561984912026674,89.90885043301387,136.3370774901705,0.1880597309791483,226.48674779600697,0.14128861980402443,12.005861888,2026-01-19T22:47:48.940278
25430,0.06889645503705187,0.003908039197366264,1.6897596154788957e-05,0.002670234825927764,0.05148987891152501,90.79681821301347,138.57543576002354,0.1959541059914045,229.62951206800062,0.1393549100540865,12.007978496,2026-01-19T22:51:38.570409
25431,0.06905667935109153,0.0009451889690810233,1.6894067473439194e-05,0.0030595509451813996,0.04340438998769969,91.8354552189121,140.391731391137,0.19111405400326476,232.47099562903168,0.13765158063444774,11.993156608,2026-01-19T22:55:31.041976
25432,0.06921690366513118,0.002241783808122122,1.689053720489546e-05,0.0027821589028462768,0.047297021956183016,90.96148558409186,140.56143257801887,0.1594886279781349,231.74150479998207,0.13808488914240655,11.992134656,2026-01-19T22:59:22.794000
25433,0.06937712797917084,0.003216341475642537,1.6887005350108404e-05,0.0028062728233635426,0.044763482990674675,90.64384934597183,138.52916567691136,0.22088944900315255,229.44839470699662,0.13946491123140647,11.992776704,2026-01-19T23:03:12.243931
25434,0.0695373522932105,0.005958832038710504,1.688347191002911e-05,0.003068485122639686,0.04331593995448202,89.3692506639054,135.1666756841587,0.188124553009402,224.77732609503437,0.14236311355741732,11.993283584,2026-01-19T23:06:57.021917
25435,0.06969757660725015,0.0014635576048229737,1.687993688560909e-05,0.003437860985286534,0.045928622072096914,90.17626065184595,136.04511574399658,0.22065367101458833,226.499552941008,0.1412806320564104,12.016116224,2026-01-19T23:10:43.522197
25436,0.0698578009212898,0.0015948072557421256,1.6876400277800278e-05,0.003038691880647093,0.04291037697112188,90.21842642803676,138.11325602093711,0.1692646580049768,228.55370141600724,0.14001085872485813,11.992324096,2026-01-19T23:14:32.076584
25437,0.07001802523532946,7.124211524711654e-06,1.687286208755503e-05,0.002999905962496996,0.047877437027636915,90.833979949879,139.2570588940871,0.22418482304783538,230.3756176889874,0.13890358850041484,12.018866688,2026-01-19T23:18:22.452856
25438,0.07017824954936912,0.02805362256433419,1.686932231582614e-05,0.0029385630041360855,0.047217747021932155,90.83179073798237,139.67231660807738,0.1946632509934716,230.75656008603983,0.13867428075747223,12.005310976,2026-01-19T23:22:13.209956
25439,0.07033847386340877,0.0020466481550558413,1.6865780963566818e-05,0.0025830999948084354,0.04147916589863598,90.66535489610396,137.1391825809842,0.2153316589538008,228.0716808559955,0.1403067661881477,12.009260032,2026-01-19T23:26:01.282252
25440,0.07049869817744843,0.011719908513413202,1.6862238031730705e-05,0.0028150719590485096,0.048959620064124465,90.70156305399723,139.03857372590574,0.23136033298214898,230.03238963300828,0.1391108445686824,11.992958976,2026-01-19T23:29:51.315230
25441,0.07065892249148809,0.0008854926386439033,1.6858693521271864e-05,0.0026171180070377886,0.046326437673997134,91.61468479211908,140.38362382602645,0.17574437899747863,232.2299267660128,0.13779447139145914,11.991970816,2026-01-19T23:33:43.545781
25442,0.07081914680552774,0.006793233800697962,1.6855147433144788e-05,0.0029228360508568585,0.04954314889619127,90.61188910307828,137.70314853312448,0.19373347103828564,228.56987626297632,0.1400009507953842,12.008116736,2026-01-19T23:37:32.116280
25443,0.0709793711195674,0.007890845727513529,1.6851599768304386e-05,0.002677254087757319,0.047748926968779415,90.4756595310173,137.97875593591016,0.30052577098831534,228.8125866659684,0.13985244634603575,11.993396224,2026-01-19T23:41:20.929491
25444,0.07113959543360705,0.0025369534175627706,1.6848050527706e-05,0.0025926129310391843,0.04573453700868413,90.94030139490496,139.51554741919972,0.2034795939689502,230.71417397796176,0.13869975757560823,12.016990208,2026-01-19T23:45:11.644289
25445,0.07129981974764671,0.016452058194941444,1.6844499712305393e-05,0.0027329971198923886,0.03997468191664666,89.91278787795454,135.21166275907308,0.18987794005079195,225.36452806997113,0.14199217718089444,11.993383424,2026-01-19T23:48:57.009443
25446,0.07146004406168636,0.0052771595176070996,1.684094732305875e-05,0.0028684541466645896,0.04277599405031651,90.67813552601729,138.67160396697,0.20765691896667704,229.61346966598649,0.13936464636220897,12.007732736,2026-01-19T23:52:46.623614
25447,0.07162026837572602,0.006403130092317966,1.6837393360922687e-05,0.0028006279608234763,0.03754921100335196,91.41852204309544,139.76317576487781,0.2433024650090374,231.47315917001106,0.1382449702364706,12.01143808,2026-01-19T23:56:38.097389
25448,0.07178049268976568,0.008145441663931052,1.6833837826854236e-05,0.0024858859251253307,0.03912886400939897,91.44859599904157,139.82581745798234,0.17733438697177917,231.50287369498983,0.13822722581906569,12.030189568,2026-01-20T00:00:29.600979
25449,0.07194071700380533,4.421632964657363e-06,1.683028072181085e-05,0.0029747558874078095,0.04000663897022605,91.27062885009218,139.22099462291226,0.21197569399373606,230.75411283096764,0.13867575146294658,11.992211456,2026-01-20T00:04:20.356003
25450,0.07210094131784499,0.0037882576303971405,1.682672204675042e-05,0.004227803088724613,0.04737145104445517,90.94322506396566,139.1687367761042,0.2602884320076555,230.43123680294957,0.13887006138566363,12.007228928,2026-01-20T00:08:10.787895
25451,0.07226116563188464,0.003823494222412016,1.6823161802631245e-05,0.00312396400840953,0.04752193804597482,91.04674537101528,136.90486884088023,0.1795137149747461,228.19053924101172,0.1402336841239594,11.992910848,2026-01-20T00:11:58.979004
25452,0.0724213899459243,0.01872507407150703,1.681959999041205e-05,0.0033320518559776247,0.046995345037430525,89.78683202603133,136.83391769888112,0.2037112059770152,226.88135565898847,0.14104288079139146,11.9921536,2026-01-20T00:15:45.860978
25453,0.07258161425996396,0.00036413739177110216,1.6816036611051985e-05,0.002853976853657514,0.04872983996756375,91.04980859503848,137.81481782882474,0.1809311449760571,229.10885504400358,0.13967159843670796,12.006278656,2026-01-20T00:19:34.970541
25454,0.07274183857400361,0.03527865924980489,1.681247166551062e-05,0.002552840916905552,0.047485300863627344,89.75578347500414,135.6720801460906,0.22788030898664147,225.71512731199618,0.1417716232894209,12.01084928,2026-01-20T00:23:20.686402
25455,0.07290206288804325,0.007739179901774307,1.680890515474795e-05,0.0033201458863914013,0.053108608874026686,91.25303425401216,137.41246542602312,0.20484547701198608,228.93500119599048,0.1397776654195612,12.01042944,2026-01-20T00:27:09.621989
25456,0.07306228720208291,1.7582493174739255e-06,1.6805337079724385e-05,0.002593453973531723,0.04108281101798639,89.80670440790709,135.6784619220416,0.2010612380108796,225.73604970501037,0.14175848315684306,11.992052736,2026-01-20T00:30:55.358585
25457,0.07322251151612257,0.008120524593658196,1.6801767441400763e-05,0.002747422142419964,0.04420421319082379,90.17451904993504,136.07066631584894,0.15391726401867345,226.45456848602043,0.14130869698915097,11.992768512,2026-01-20T00:34:41.813917
25458,0.07338273583016222,6.960273879030865e-06,1.679819624073834e-05,0.002882143948227167,0.04773812310304493,91.20776441291673,138.6753693848732,0.17115898901829496,230.11198829102796,0.13906272436153505,12.011798016,2026-01-20T00:38:31.926691
25459,0.07354296014420188,0.0004636119172261033,1.679462347869879e-05,0.0027863509603776038,0.05115512409247458,90.93807916488731,138.57611570804147,0.3061195179470815,229.88172631897032,0.13920201710856603,11.992097792,2026-01-20T00:42:21.809159
25460,0.07370318445824153,0.005002467586892045,1.6791049156244212e-05,0.0032891998416744173,0.04389911104226485,90.8823945299373,137.22788070695242,0.17804304894525558,228.34332680597436,0.14013985189587225,12.010089472,2026-01-20T00:46:10.153337
25461,0.07386340877228119,0.027960681517408936,1.6787473274337123e-05,0.0029145420412532985,0.046534952882211655,90.76079714193475,138.47589325997978,0.1976989500108175,229.49235584697453,0.1394381955856412,12.004811776,2026-01-20T00:49:59.646391
25462,0.07402363308632084,0.006782409806181722,1.6783895833940464e-05,0.002618453116156161,0.04535444499924779,90.83784801798174,138.9274082899792,0.16433362796669826,229.98559821600793,0.13913914718235895,11.99270656,2026-01-20T00:53:49.632629
25463,0.0741838574003605,0.008439740719876632,1.6780316836017585e-05,0.002751255058683455,0.04526124394033104,92.93331842601765,143.29272207798203,0.21621732198400423,236.49679175100755,0.13530838944187779,12.026658304,2026-01-20T00:57:46.130107
25464,0.07434408171440016,0.00018103992378737388,1.677673628153227e-05,0.0032566640293225646,0.03956399200251326,89.56075154407881,136.33004333690042,0.22925585403572768,226.1711140910047,0.14148579551641652,11.993667584,2026-01-20T01:01:32.301958
25465,0.07450430602843981,0.013707119213943741,1.6773154171448713e-05,0.013705966004636139,0.048801671946421266,91.02356435108231,139.47655842802487,0.2033653010148555,230.773933709017,0.13866384077999389,12.0123392,2026-01-20T01:05:23.076497
25466,0.07466453034247947,0.004902408796171542,1.6769570506731525e-05,0.002442082914058119,0.04437996295746416,91.78763828193769,141.38472593505867,0.19081752898637205,233.4171852779691,0.13709359043933383,12.009998336,2026-01-20T01:09:16.494532
25467,0.07482475465651912,0.0022896593141235044,1.6765985288345744e-05,0.003979097062256187,0.038319839048199356,90.60336809803266,137.62850726390025,0.23006942600477487,228.5113826969755,0.14003678776227343,12.017015808,2026-01-20T01:13:05.006666
25468,0.07498497897055878,3.5129729978322644e-06,1.6762398517256816e-05,0.002830689016263932,0.0445825929637067,89.87958726804936,136.26527259207796,0.18986706796567887,226.39231283596018,0.14134755548518393,12.013685248,2026-01-20T01:16:51.399754
25469,0.07514520328459844,0.011736228737289522,1.6758810194430616e-05,0.0035178798716515303,0.040767769096419215,90.45174502395093,138.0447670269059,0.1637093229801394,228.7112931269803,0.1399143853479663,12.016492544,2026-01-20T01:20:40.111644
25470,0.07530542759863809,0.0015863111546448039,1.6755220320833427e-05,0.0037574099842458963,0.04846301313955337,89.90581562794978,136.69511915900512,0.19709451496601105,226.85689805803122,0.14105808672308578,11.992902656,2026-01-20T01:24:26.969199
25471,0.07546565191267775,0.005283051142677131,1.6751628897431957e-05,0.003531095979269594,0.04425526107661426,91.41314777778462,138.83450042805634,0.25267886300571263,230.5557927650516,0.13879503792216435,11.998929408,2026-01-20T01:28:17.525581
25472,0.0756258762267174,0.0005174810036727706,1.6748035925193328e-05,0.0026788259856402874,0.050532776047475636,89.5654642910813,137.0042462190031,0.21739111904753372,226.8474641549983,0.14106395290420934,12.012796416,2026-01-20T01:32:04.373651
25473,0.07578610054075706,0.006094126084186691,1.674444140508508e-05,0.002814328938256949,0.03904501214856282,89.44358328485396,136.43940244609257,0.2414145499933511,226.1729273480014,0.14148466120687883,12.009655296,2026-01-20T01:35:50.547439
25474,0.07594632485479672,0.00893228201829177,1.674084533807517e-05,0.002952301118057221,0.04569830413674936,90.64671147090849,138.01251115399646,0.17843533301493153,228.89562044397462,0.139801713715324,11.992166912,2026-01-20T01:39:39.443718
25475,0.07610654916883637,0.0011300998495444858,1.673724772513197e-05,0.0026448099524714053,0.05081867706030607,91.35877243097639,140.76952260587132,0.25526312994770706,232.44341135100694,0.13766791587685662,12.01300736,2026-01-20T01:43:31.887872
25476,0.07626677348287603,0.0015033058106670438,1.673364856722427e-05,0.003257554955780506,0.04469119285931811,90.7589752211934,138.16106254886836,0.24124128196854144,229.21653573901858,0.1396059839087463,11.993029632,2026-01-20T01:47:21.105042
25477,0.07642699779691568,0.0032951529753093567,1.6730047865321276e-05,0.002931517956312746,0.044587392068933696,88.88775554316817,135.27226293482818,0.20669720496516675,224.42291475099046,0.14258793508455123,11.992101888,2026-01-20T01:51:05.528804
25478,0.07658722211095534,0.00891335565354101,1.6726445620392605e-05,0.0031637189676985145,0.044318453874439,92.88115931401262,141.30116638401523,0.18121138401329517,234.4185673930333,0.1365079582042997,12.022523904,2026-01-20T01:54:59.948127
25479,0.076747446424995,0.0023682690940161066,1.6722841833408298e-05,0.0030153990373946726,0.046008898061700165,90.56846494204365,137.31048754206859,0.20604280603583902,228.14154883800074,0.14026379746690784,11.992184832,2026-01-20T01:58:48.090525
25480,0.07690767073903465,0.006120215142313867,1.6719236505338805e-05,0.002885413938201964,0.043686369026545435,89.9394848170923,136.662033236993,0.20647141098743305,226.86167420697166,0.14105511700846213,11.99342592,2026-01-20T02:02:34.952721
25481,0.0770678950530743,0.005640457540524224,1.6715629637154994e-05,0.003207816043868661,0.04579126194585115,91.59100054908777,140.85279016505228,0.19855019001988694,232.698629274033,0.13751692521710485,11.992644608,2026-01-20T02:06:27.651929
25482,0.07722811936711396,0.003188402727849926,1.6712021229828146e-05,0.0029328319360502064,0.04162434802856296,90.81916186900344,139.32422120211413,0.27179914101725444,230.4686142159626,0.1388475394311788,12.028650496,2026-01-20T02:10:18.121168
25483,0.07738834368115362,0.009835186411808472,1.670841128432996e-05,0.0029477140633389354,0.04507015191484243,90.37366091791773,138.1630100941402,0.24451379699166864,228.83714851300465,0.13983743552101402,12.010725376,2026-01-20T02:14:06.958914
25484,0.07754856799519327,0.0032479128334053087,1.670479980163254e-05,0.0028165600961074233,0.043169095122721046,89.53310451295692,135.69012521608965,0.19440134899923578,225.47081104503013,0.14192524456573266,11.992568832,2026-01-20T02:17:52.430439
25485,0.07770879230923293,0.004896245973532665,1.6701186782708415e-05,0.0026683990727178752,0.04851941199740395,90.93601050309371,138.34306340297917,0.20014028198784217,229.53966753999703,0.13940945520636008,12.0169088,2026-01-20T02:21:41.970690
25486,0.07786901662327259,0.003071633686563935,1.6697572228530523e-05,0.0034790888894349337,0.054050464008469135,89.90553295402788,135.88135168806184,0.16093939798884094,226.0116965760244,0.14158559262545087,12.01309952,2026-01-20T02:25:27.982971
25487,0.07802924093731224,0.008197371247155694,1.669395614007221e-05,0.002629786089528352,0.05089887895155698,90.23392280493863,137.13020611403044,0.20810107298893854,227.63253581902245,0.14057744375101705,11.993283072,2026-01-20T02:29:15.616102
25488,0.0781894652513519,0.01605064593290262,1.669033851830725e-05,0.003470436029601842,0.05419714987510815,91.88136000407394,141.21427541901357,0.21874491003109142,233.38190287403995,0.13711431608847122,11.992910848,2026-01-20T02:33:08.998604
25489,0.07834968956539155,0.003748630632331107,1.6686719364209814e-05,0.0029126022127456963,0.04309272090904415,90.85109223105246,139.47326360899024,0.20159968198277056,230.57954143499956,0.1387807426489345,12.01005056,2026-01-20T02:36:59.578755
25490,0.07850991387943121,0.0013922298087560847,1.6683098678754488e-05,0.0033401561086066067,0.04922822077060118,91.31615520821651,139.5407634038129,0.1987964419531636,231.11574020201806,0.1384587651712031,12.00701696,2026-01-20T02:40:50.695073
25491,0.07867013819347086,0.007595076842747517,1.6679476462916285e-05,0.002872851793654263,0.05082007794408128,94.38346944586374,146.13256486796308,0.20252841396722943,240.78184107202105,0.13290038757710293,11.992497152,2026-01-20T02:44:51.477671
25492,0.07883036250751052,0.009168558364151425,1.6675852717670612e-05,0.0031261169933713973,0.04470294783823192,90.6543372371234,139.20911061076913,0.200126153009478,230.12146033300087,0.13905700039315716,12.009083904,2026-01-20T02:48:41.599930
25493,0.07899058682155018,0.002529047907059656,1.66722274439933e-05,0.002975779992993921,0.04293019004398957,89.99081811192445,137.0214873351506,0.28309996298048645,227.34951092401752,0.14075244705802212,12.011199488,2026-01-20T02:52:28.950281
25494,0.07915081113558983,0.00108622715625728,1.666860064286058e-05,0.0024800478131510317,0.049749527883250266,91.01353512908099,138.96810316905612,0.17270985699724406,230.2139268030296,0.13900114751693154,11.992914944,2026-01-20T02:56:19.164821
25495,0.07931103544962947,0.004330802865562533,1.6664972315249106e-05,0.01299747492885217,0.04541586193954572,90.3997255130671,138.37913207896054,0.20715216104872525,229.051844786969,0.13970636224197094,11.992003584,2026-01-20T03:00:08.217450
25496,0.07947125976366913,0.003776798555259475,1.6661342462135942e-05,0.0032495768391527236,0.049540186941158026,90.67232490616152,137.8748611229821,0.2428094070055522,228.85154689499177,0.13982863753454616,11.99331072,2026-01-20T03:03:57.069731
25497,0.07963148407770879,2.242903173077515e-06,1.6657711084498555e-05,0.0027009788318537176,0.04094847111264244,91.38866365991998,140.81319223501487,0.2605842840275727,232.51363563199993,0.13762633710930613,12.014494208,2026-01-20T03:07:49.584076
25498,0.07979170839174844,0.006456787389579333,1.6654078183314827e-05,0.0025355849065817893,0.04258234507869929,91.5709242169396,139.848818820843,0.15656022197799757,231.62854416901246,0.1381522303945862,11.992027136,2026-01-20T03:11:41.213275
25499,0.0799519327057881,0.011794579327553123,1.665044375956305e-05,0.00299107312457636,0.04827048594597727,92.02284119708929,141.54333892499562,0.22008505900157616,233.84492103097728,0.1368428266858145,12.008928768,2026-01-20T03:15:35.058969
25500,0.08011215701982775,0.013735741435269233,1.6646807814221927e-05,0.0032516189385205507,0.049491692043375224,91.17821130703669,138.29146881290944,0.16657404601573944,229.69604954100214,0.13931454225680012,11.9926016,2026-01-20T03:19:24.755639
25501,0.08027238133386741,5.5153254171713684e-05,1.6643170348270567e-05,0.005926683952566236,0.047973083914257586,93.46029339591041,142.85469165013637,0.200600043986924,1587.5566252400167,0.02015676133452061,12.011068416,2026-01-20T03:45:52.312919
25502,0.08043260564790707,0.004170663719762047,1.6639531362688494e-05,0.002670430112630129,0.041604158002883196,93.9630992259481,139.9818058029632,0.208423265023157,234.20397698198212,0.1366330342138547,12.014510592,2026-01-20T03:49:46.518867
25503,0.08059282996194672,0.01107797172738012,1.6635890858455638e-05,0.0028954880544915795,0.04078278690576553,95.73923044512048,145.8311607328942,0.223636845999863,241.84524489898467,0.1323160189209672,12.010315776,2026-01-20T03:53:48.364729
25504,0.08075305427598638,0.004119557757412906,1.6632248836552335e-05,0.0026965769939124584,0.042684528860263526,95.68340444122441,140.38449655100703,0.23467312497086823,236.35662736697122,0.13538863012424132,12.01657856,2026-01-20T03:57:44.722086
25505,0.08091327859002603,2.076433833231306e-05,1.662860529795934e-05,0.0028811380034312606,0.04336210590554401,90.73537606402533,143.45602371101268,0.2877966680098325,234.5329185629962,0.13644140104539187,12.01007616,2026-01-20T04:01:39.255603
25506,0.08107350290406569,0.009959869010483402,1.6624960243657797e-05,0.003114929946605116,0.04592279699863866,92.19029366597533,147.69941858912352,0.15508463798323646,240.10256403195672,0.13327637765559608,12.013799936,2026-01-20T04:05:39.358823
25507,0.08123372721810534,0.02075506949772521,1.6621313674629283e-05,0.002846368995960802,0.048586403019726276,92.07271586399293,147.21378333080793,0.27964399103075266,239.62518026999896,0.13354189223329463,12.007548416,2026-01-20T04:09:38.984637
25508,0.081393951532145,6.170649260095473e-05,1.6617665591855767e-05,0.0026502501568756998,0.04245083115529269,91.00220617593732,138.10650422499748,0.25929501600330696,229.4203448239714,0.1394819627899732,12.018481664,2026-01-20T04:13:28.405570
25509,0.08155417584618466,2.9253007181040402e-06,1.6614015996319626e-05,0.0029661260778084397,0.04152013501152396,92.55378492211457,141.56973202893278,0.1793646959704347,234.35532007797156,0.1365447986815635,12.009253888,2026-01-20T04:17:22.761514
25510,0.08171440016022431,0.0018356756803470375,1.661036488900365e-05,0.003093644161708653,0.04872458492172882,91.4746348351473,138.51843832299346,0.23655606497777626,230.28762678499334,0.1389566623563176,12.009409536,2026-01-20T04:21:13.049732
25511,0.08187462447426397,0.007084861227349748,1.6606712270891034e-05,0.0038275240221992135,0.047049217973835766,93.31382903608028,144.11214102990925,0.18470021698158234,237.6696582250297,0.1346406614920187,12.007233024,2026-01-20T04:25:10.719986
25512,0.08203484878830362,0.003013658968541222,1.6603058142965384e-05,0.0027277579065412283,0.04234609485138208,92.47692222712794,140.47989548684563,0.18113461002940312,233.19044660404325,0.13722689100697127,12.014565888,2026-01-20T04:29:03.911078
25513,0.08219507310234328,0.003738067038556281,1.65994025062107e-05,0.012780971068423241,0.04458086105296388,92.42955186904874,143.17705189296976,0.19649867399130017,235.86980169499293,0.13566806674717827,12.00744192,2026-01-20T04:32:59.781627
25514,0.08235529741638294,0.004921416446244997,1.65957453616114e-05,0.003219698031898588,0.048727381974458694,90.70080692193005,140.11324135417817,0.19329059903975576,231.06600768998032,0.13848856575621535,12.010702848,2026-01-20T04:36:50.848299
25515,0.08251552173042259,0.014373229672151489,1.6592086710152303e-05,0.0028540968196466565,0.04509979306021705,92.96111989708152,143.85758784483187,0.17743241298012435,237.055215261993,0.13498964772672753,11.992899584,2026-01-20T04:40:47.904115
25516,0.08267574604446225,6.574135315240426e-06,1.6588426552818635e-05,0.002768772072158754,0.04800123209133744,92.07467869995162,141.51784335402772,0.22362974396673962,233.8747905070195,0.1368253497122408,12.026574336,2026-01-20T04:44:41.779768
25517,0.0828359703585019,5.41342311155546e-06,1.658476489059603e-05,0.0027530809747986495,0.04703187494305894,91.10185777908191,139.40179064701078,0.20133632299257442,230.76128814101685,0.13867143946797952,12.0078976,2026-01-20T04:48:32.541664
25518,0.08299619467254156,0.005427628557957753,1.6581101724470525e-05,0.0028695869841612875,0.04646790400147438,91.11087353090988,138.36612424009945,0.207265525998082,229.74088602600386,0.13928735347689913,11.992406528,2026-01-20T04:52:22.283167
25519,0.08315641898658122,0.003823990489288498,1.6577437055428558e-05,0.003020916134119034,0.04266742296749726,92.0122802661499,140.2912322479533,0.1543358379858546,232.51101259700954,0.1376278897183366,12.0143488,2026-01-20T04:56:14.794807
25520,0.08331664330062087,0.009329599219132234,1.657377088445698e-05,0.002438737079501152,0.04834803706035018,91.10925655788742,139.22262437810423,0.2546894699917175,230.6446736450307,0.13874155207784677,12.008899072,2026-01-20T05:00:05.440058
25521,0.08347686761466053,0.007233095815275092,1.6570103212543037e-05,0.0031328820041380823,0.04903248185291886,92.64758118818281,143.37275907298317,0.21958886802894995,236.29953484603902,0.135421341480209,11.99264768,2026-01-20T05:04:01.740274
25522,0.08363709192870018,0.008340831135870808,1.656643404067439e-05,0.0024194071302190423,0.04505063605029136,91.51601205096813,142.50635286502074,0.16795504896435887,234.24567342101363,0.13660871312011758,11.9930112,2026-01-20T05:07:55.986780
25523,0.08379731624273984,0.005359249351460704,1.65627633698391e-05,0.0028163219685666263,0.04595450090710074,91.77843444509199,141.1444953919854,0.18826084397733212,233.16742876596982,0.1372404377805204,11.992216064,2026-01-20T05:11:49.154818
25524,0.0839575405567795,0.006988520715988322,1.6559091201025622e-05,0.0025401899474672973,0.048063678783364594,90.29058358311886,138.4913770519779,0.18039245199179277,229.02083554805722,0.13972527837226056,11.993119744,2026-01-20T05:15:38.176328
25525,0.08411776487081915,0.018160814976992512,1.6555417535222827e-05,0.002775845874566585,0.04606997797964141,89.64045276300749,135.80622529098764,0.25985182699514553,225.76179877098184,0.14174231501610937,11.992902656,2026-01-20T05:19:23.938748
25526,0.0842779891848588,0.003301804663922603,1.655174237341998e-05,0.004030723124742508,0.050392867997288704,91.97623057710007,139.67126318690134,0.18934771203203127,231.89913994900417,0.13799102492159723,12.019450368,2026-01-20T05:23:15.838531
25527,0.08443821349889846,0.004745573126823999,1.654806571660676e-05,0.0031433699768967927,0.04683201591251418,90.7412466390524,138.5683700761292,0.18593967001652345,229.55223820899846,0.1394018209086911,12.015047168,2026-01-20T05:27:05.391611
25528,0.08459843781293812,0.005937587402127242,1.6544387565773236e-05,0.002619634906295687,0.04093902389286086,90.38482343609212,137.8288004209753,0.18611184204928577,228.4507461899775,0.14007395700686,12.006024704,2026-01-20T05:30:53.842984
25529,0.08475866212697777,0.0037333296976305164,1.654070792190989e-05,0.012745323998387903,0.04016705194953829,89.81085219694069,136.03774178907042,0.18970428797183558,226.09841284097638,0.14153128983929145,12.002949632,2026-01-20T05:34:39.942237
25530,0.08491888644101743,1.6392677553156432e-06,1.6537026786007597e-05,0.003163622983265668,0.04784714581910521,89.79564725206001,136.57422818709165,0.23143696098122746,226.66107955004554,0.1411799505390363,11.992022016,2026-01-20T05:38:26.604026
25531,0.08507911075505709,1.2875743172990894e-05,1.653334415905764e-05,0.002719263022299856,0.046727615932468325,89.28518225101288,134.97125041508116,0.16756724403239787,224.48404774302617,0.14254910458774064,11.992863744,2026-01-20T05:42:11.088814
25532,0.08523933506909674,0.014014221138354266,1.65296600420517e-05,0.0029173799557611346,0.03980490687536076,90.64207043603528,138.6849397640326,0.241563618008513,229.61998904298525,0.13936068951736405,12.00357376,2026-01-20T05:46:00.709611
25533,0.0853995593831364,0.0012353987832316449,1.652597443598186e-05,0.003472039068583399,0.05084051378071308,91.07487030810444,139.1080254620174,0.1809800349874422,230.42441547301132,0.1388741724018739,11.993407488,2026-01-20T05:49:51.134611
25534,0.08555978369717605,0.01396580915107215,1.6522287341840607e-05,0.003530448128003627,0.04702169296797365,92.53307064803084,142.36244527099188,0.20757800299907103,235.16030788997887,0.13607738604837763,12.010834944,2026-01-20T05:53:46.295513
25535,0.0857200080112157,0.013715481660204532,1.6518598760620827e-05,0.002955669944640249,0.04400904499925673,89.81262870004866,136.72886029287474,0.20012418401893228,226.80014744296204,0.1410933827018242,12.009793536,2026-01-20T05:57:33.096407
25536,0.08588023232525535,0.006026191667641512,1.6514908693315805e-05,0.0027082330198027194,0.044558686029631644,90.60617304197513,138.23513500601985,0.19684189301915467,229.09265782299917,0.13968147344435514,11.992579072,2026-01-20T06:01:22.189799
25537,0.08604045663929501,3.907698252714198e-05,1.6511217140919227e-05,0.0034292160999029875,0.04706340795382857,89.7651192661142,136.1243777219206,0.23122861800948158,226.17865127703408,0.14148108063835307,11.993232384,2026-01-20T06:05:08.369080
25538,0.08620068095333466,0.005499163248172678,1.6507524104425176e-05,0.002970366971567273,0.044243476004339755,90.31365100690164,137.381358880084,0.28179836203344166,228.03009498800384,0.14033235394513802,12.01013248,2026-01-20T06:08:56.399826
25539,0.08636090526737432,0.005625681340752031,1.6503829584828137e-05,0.0025081069325096905,0.051726745907217264,92.02340343297692,140.9835709510371,0.26220974704483524,233.32972958200844,0.13714497529879902,12.012024832,2026-01-20T06:12:49.730387
25540,0.08652112958141397,0.007715876191357829,1.6500133583123002e-05,0.0027447971515357494,0.04556976002641022,89.03207543503959,134.51844836300006,0.2861462470027618,223.89510211598827,0.1429240733610264,11.992982528,2026-01-20T06:16:33.626396
25541,0.08668135389545363,0.009806553954610386,1.649643610030505e-05,0.0026765259681269526,0.03873802605085075,90.53483490715735,138.18934317090316,0.2246158070047386,228.9988393369713,0.13973869951765158,12.003454976,2026-01-20T06:20:22.625807
25542,0.08684157820949329,0.005877618583215227,1.6492737137369967e-05,0.013745453034061939,0.046632953046355397,91.41202898905613,140.20370223285863,0.18129937699995935,231.86724298499757,0.13801000774426117,12.007735808,2026-01-20T06:24:14.493798
25543,0.08700180252353294,0.003179295467176324,1.648903669531383e-05,0.0029842157964594662,0.048118584032636136,90.35602220305009,137.49385943083325,0.1840561599819921,228.09312503802357,0.1402935752432939,12.007101952,2026-01-20T06:28:02.587562
25544,0.0871620268375726,0.004375564654779396,1.6485334775133127e-05,0.002773003128822893,0.04334121203282848,90.20202542305924,137.12914964492666,0.17149370297556743,227.5561191290035,0.14062465172320385,12.033901568,2026-01-20T06:31:50.144265
25545,0.08732225115161225,0.0023782758762695977,1.6481631377824728e-05,0.013091223081573844,0.04900971089955419,90.51598295831354,137.78782539378153,0.207408762013074,228.5796905310126,0.13999493973266358,12.012743168,2026-01-20T06:35:38.724591
25546,0.08748247546565191,0.005580950575438948,1.6477926504385912e-05,0.0027192039997316897,0.04720677307341248,88.6136497920379,133.7803305410198,0.21177808404900134,222.6628369090031,0.14371504667874876,11.992767488,2026-01-20T06:39:21.387995
25547,0.08764269977969157,0.009894945760355434,1.6474220155814347e-05,0.0030581008759327233,0.04573110997444019,89.00715635204688,134.58978084404953,0.20170450897421688,223.8546801340417,0.1429498815072294,11.993252352,2026-01-20T06:43:05.243283
25548,0.08780292409373122,0.007294167319884082,1.6470512333108108e-05,0.00264960085041821,0.042940421029925346,90.28509755100822,137.288370178896,0.25089719699462876,227.8765618429752,0.14042690367625657,12.013040128,2026-01-20T06:46:53.120429
25549,0.08796314840777088,0.004888983449674811,1.6466803037265663e-05,0.00291078892769292,0.0454637740040198,91.59790179802803,140.03588411398232,0.28742843004874885,231.9768828889937,0.13794477967579527,12.0088832,2026-01-20T06:50:45.097879
25550,0.08812337272181053,0.0015069077145994925,1.6463092269285875e-05,0.012349073018413037,0.05056858900934458,92.33735407493077,141.35894597513834,0.27729995601112023,234.04496694001136,0.13672586263391853,12.010063872,2026-01-20T06:54:39.143717
25551,0.08828359703585019,9.127236273442918e-07,1.6459380030168002e-05,0.0030972669483162463,0.04511495109181851,92.23160887899576,140.23446212999988,0.20914396399166435,232.7307779910043,0.1374979290501787,11.992986624,2026-01-20T06:58:31.875064
25552,0.08844382134988985,0.007883167110424694,1.6455666320911706e-05,0.003562013036571443,0.05033334286417812,92.37121896422468,138.33075312589062,0.18877889501163736,230.95208250300493,0.1385568800817531,11.993156608,2026-01-20T07:02:22.827836
25553,0.0886040456639295,0.007845397855110292,1.6451951142517034e-05,0.0037564989761449397,0.047636778850574046,95.37721694010543,145.72256908507552,0.1769684079918079,241.3393589510233,0.13259337448763997,12.011328512,2026-01-20T07:06:24.167937
25554,0.08876426997796916,8.233755427689005e-05,1.6448234495984438e-05,0.0034265491412952542,0.04813402105355635,96.81751392490696,140.07696406403556,0.1906689259922132,237.14571256999625,0.13493813425176235,11.992134656,2026-01-20T07:10:21.314337
25555,0.08892449429200881,0.005002509917348519,1.6444516382314757e-05,0.0028094740118831396,0.05030506191542372,93.096644292993,145.03251737717073,0.19686485099373385,238.38585750799393,0.13423615114804754,11.999715328,2026-01-20T07:14:19.700754
25556,0.08908471860604847,0.011738757726099891,1.6440796802509236e-05,0.0026917760842479765,0.044073017954360694,92.73417822807096,140.50425221095793,0.20209438598249108,233.49504353600787,0.1370478769715949,12.009033216,2026-01-20T07:18:13.196430
25557,0.08924494292008812,8.544878850713644e-05,1.6437075757569504e-05,0.002933469833806157,0.043700338108465075,92.88348025991581,142.31093266786775,0.18192475102841854,235.43193886900553,0.13592038596685396,11.993330688,2026-01-20T07:22:08.629065
25558,0.08940516723412778,1.891372688067605e-05,1.643335324849759e-05,0.0025710699264891446,0.048283756885211915,93.1925026770914,142.15716915292433,0.20963446504902095,235.61832379398402,0.13581286669359222,11.992593408,2026-01-20T07:26:04.248293
25559,0.08956539154816744,0.0019250368710317378,1.6429629276295915e-05,0.0029389620758593082,0.05267234693747014,92.17174665111816,143.06461341795512,0.16191093996167183,235.4608010490192,0.13590372519516786,12.020415488,2026-01-20T07:29:59.709684
25560,0.08972561586220709,0.00029046026393242386,1.6425903841967293e-05,0.0027780840755440295,0.040418399090413004,91.01565249694977,140.77489274699474,0.21414818800985813,232.05587960599223,0.1378978203626334,11.992026112,2026-01-20T07:33:51.766136
25561,0.08988584017624675,0.0017962662296957532,1.6422176946514942e-05,0.0029358930769376457,0.047405646939296275,94.97591016895603,145.1661474990542,0.17784280801424757,240.37894501403207,0.13312314020735888,12.005500416,2026-01-20T07:37:52.145674
25562,0.0900460644902864,4.5801265295963844e-06,1.641844859094246e-05,0.0026959290262311697,0.04557534691412002,93.08406779798679,142.54978182906052,0.1904346569790505,235.88010534795467,0.13566214053023135,12.007005696,2026-01-20T07:41:48.026379
25563,0.09020628880432606,4.648616092062241e-05,1.6414718776253844e-05,0.0028150330181233585,0.04754646006040275,92.15171636996092,143.13786852604244,0.18757737695705146,235.5352610500413,0.13586076181265,12.014449152,2026-01-20T07:45:43.562497
25564,0.09036651311836572,0.00015110883102487094,1.6410987503453484e-05,0.003542971913702786,0.04167727183084935,90.3721959401737,138.24457489600172,0.22896522702649236,228.8993616559892,0.13979942874673681,11.992169472,2026-01-20T07:49:32.462518
25565,0.09052673743240537,0.006867022826983593,1.6407254773546156e-05,0.0028428391087800264,0.04584819596493617,91.7998091650079,140.9399735960178,0.23783903196454048,233.03345403500134,0.13731933954510084,12.016128512,2026-01-20T07:53:25.496659
25566,0.09068696174644503,0.005505123762122643,1.6403520587537046e-05,0.0031401359592564404,0.049139787908643484,91.5784500760492,142.18543782795314,0.23287552897818387,234.0564686600119,0.13671914381688327,12.005779968,2026-01-20T07:57:19.553936
25567,0.09084718606048468,0.010075118630712587,1.6399784946431713e-05,0.0029229021165519953,0.043383657932281494,91.56841493002139,141.53738952311687,0.17010969895636663,233.32867790898308,0.13714559344686542,11.9923968,2026-01-20T08:01:12.883258
25568,0.09100741037452434,0.026175317928047726,1.639604785123612e-05,0.002687156025785953,0.047282926039770246,91.66846838308265,140.07704691193067,0.1736803320236504,231.97635379299754,0.13794509430282267,12.009300992,2026-01-20T08:05:04.860207
25569,0.091167634688564,0.01016536833258419,1.639230930295661e-05,0.0030989459482952952,0.04773897799896076,91.78690214385279,142.08040053100558,0.16569829895161092,234.09129532403313,0.1366988035830425,12.010835968,2026-01-20T08:08:58.952113
25570,0.09132785900260365,0.00344041005816198,1.638856930259993e-05,0.0028491789707913995,0.04331075609661639,90.5323034299654,135.74351018993184,0.18047513597412035,226.5101328130113,0.1412740330977451,11.991981056,2026-01-20T08:12:45.463050
25571,0.0914880833166433,0.0038625931610667408,1.6384827851173214e-05,0.0033634708961471915,0.047317171934992075,90.81502530409489,138.70402397488942,0.2894013280165382,229.86759362503653,0.1392105755115655,12.020826112,2026-01-20T08:16:35.331388
25572,0.09164830763068296,0.008379026701923031,1.638108494968398e-05,0.0028130350401625037,0.05654928303556517,90.35767236701213,138.77185791986994,0.2063922300003469,229.4028426039731,0.1394926045238368,12.017268736,2026-01-20T08:20:24.734819
25573,0.09180853194472262,0.009436815939995569,1.6377340599140142e-05,0.0027508451021276414,0.04327851813286543,92.03388390195323,138.4599788018386,0.2577061370247975,230.8041117619723,0.13864571023328007,11.9927552,2026-01-20T08:24:15.539652
25574,0.09196875625876226,9.677171352251435e-06,1.6373594800550004e-05,0.0034720529220066965,0.04912486608373001,93.27222662878921,140.02288986498024,0.18935228401096538,233.5442070189747,0.13701902696905732,11.992712192,2026-01-20T08:28:09.084685
25575,0.09212898057280192,0.010294515289780648,1.6369847554922264e-05,0.0025299808476120234,0.0500348168425262,92.11077144992305,144.6000320010353,0.18668627995066345,236.9586000199779,0.13504468711961537,12.016158208,2026-01-20T08:32:06.043860
25576,0.09228920488684157,0.011841716182765971,1.6366098863266005e-05,0.002592412056401372,0.041183605149853975,91.23982269194676,143.27162608603248,0.2083908579661511,234.77066080202349,0.1363032326555695,12.0165376,2026-01-20T08:36:00.815130
25577,0.09244942920088123,0.018011611236234515,1.6362348726590695e-05,0.0027904779417440295,0.046644376998301595,92.11302889604121,140.7582093399251,0.18145385902607813,233.11054271704052,0.1372739286135289,11.99213312,2026-01-20T08:39:53.926443
25578,0.09260965351492088,0.0143991143732487,1.6358597145906197e-05,0.0025916318991221488,0.047839412989560515,93.15381835296284,143.3982140729786,0.19385201000841334,236.80525755201234,0.13513213486390377,12.014105088,2026-01-20T08:43:50.732367
25579,0.09276987782896054,0.0003356805222400894,1.6354844122222767e-05,0.0027180348988622427,0.045930696825962514,93.3951722921338,145.09066680789692,0.25097692699637264,238.79208737099543,0.1340077904268399,11.993393664,2026-01-20T08:47:49.525023
25580,0.0929301021430002,0.0006472590291339841,1.6351089656551036e-05,0.002811575308442116,0.05173834890592843,94.15507493709447,146.29099250590662,0.1829092639964074,240.69410196697572,0.13294883313921227,12.009426944,2026-01-20T08:51:50.219902
25581,0.09309032645703985,0.010441953775201185,1.6347333749902038e-05,0.0026968991151079535,0.05344022111967206,92.21622221195139,144.55901793198427,0.19900427805259824,237.04077938600676,0.13499786864896318,12.017915904,2026-01-20T08:55:47.261492
25582,0.09325055077107951,0.004299124815997146,1.6343576403287187e-05,0.0026947231381200254,0.04370198806282133,90.48556141601875,142.5817779439967,0.19918350101215765,233.3201865919982,0.13715058464254395,11.99226624,2026-01-20T08:59:40.582330
25583,0.09341077508511916,9.369121544366976e-06,1.6339817617718288e-05,0.002699298143852502,0.04808823490748182,95.30615318292985,146.6866420530132,0.19854268000926822,242.25122352398466,0.13209427607630542,12.027403776,2026-01-20T09:03:42.834285
25584,0.09357099939915882,0.0007451149658344036,1.6336057394207528e-05,0.0026393448933959007,0.047656226030085236,91.86475801299093,142.9718889829819,0.16279117402154952,235.05799990694504,0.13613661314513092,12.010290176,2026-01-20T09:07:37.893072
25585,0.09373122371319847,0.004978625363346367,1.633229573376749e-05,0.0034152549342252314,0.04906489106360823,91.37226419890067,142.047901679005,0.1910286779748276,233.6719114080188,0.13694414449379078,12.013496832,2026-01-20T09:11:31.565767
25586,0.09389144802723813,6.230004717444615e-06,1.6328532637411133e-05,0.0028336188988760114,0.039824653998948634,91.36363265383989,139.71368727105437,0.21155480499146506,231.34058734797873,0.13832419277066207,11.992968192,2026-01-20T09:15:22.907043
25587,0.09405167234127779,0.012382154868316064,1.6324768106151815e-05,0.002468859136570245,0.05045152606908232,91.58610619296087,142.40037152101286,0.22766575397690758,234.27490111399675,0.13659167007578416,12.01704448,2026-01-20T09:19:17.182550
25588,0.09421189665531744,0.013592126731273524,1.632100214100327e-05,0.002961676975246519,0.044867163873277605,91.37201619200641,142.8084466229193,0.22697739099385217,234.46210390899796,0.13648261047943253,12.010566656,2026-01-20T09:23:11.645274
25589,0.0943721209693571,0.012397894489969197,1.6317234742979625e-05,0.004015363985672593,0.0462258689221926,94.22463916800916,144.9307965649641,0.177719815983437,239.38992439903086,0.1336731279745103,11.992933376,2026-01-20T09:27:11.035814
25590,0.09453234528339675,0.0012422941981125035,1.631346591309539e-05,0.003056128858588636,0.04973232705378905,92.44273670186521,137.1951440460398,0.19330307602649555,229.8935494030011,0.13919485815543403,12.012800512,2026-01-20T09:31:00.929967
25591,0.09469256959743641,4.777134421374285e-07,1.6309695652365457e-05,0.0035891220904886723,0.04129865899449214,92.00879552605329,138.41342575399904,0.1807419080287218,230.65528181102127,0.13873517115562087,12.02804992,2026-01-20T09:34:51.585854
25592,0.09485279391147607,0.012727765813611569,1.630592396180511e-05,0.003042834985535592,0.04840446496382356,93.78099411597941,143.0339063410065,0.20515355898533016,237.07773027999792,0.13497682790453058,11.992617984,2026-01-20T09:38:48.664370
25593,0.09501301822551572,0.0008181388864123562,1.6302150842430015e-05,0.012842584983445704,0.05261910310946405,91.48609811998904,139.941593376745,0.15322789695346728,231.65449166100007,0.1381367560393707,11.992982528,2026-01-20T09:42:40.319432
25594,0.09517324253955538,0.0022372767911793545,1.6298376295256225e-05,0.002888099057599902,0.04799279209692031,94.3543833119329,141.86213552794652,0.1741417740122415,236.4492657900555,0.13533558623274797,12.019333632,2026-01-20T09:46:36.769292
25595,0.09533346685359503,0.00643694832481323,1.629460032130017e-05,0.002819967980030924,0.04660313914064318,92.74633970402647,140.82731179497205,0.169846780016087,233.8046770960209,0.13686638093581835,12.015555072,2026-01-20T09:50:30.574766
25596,0.09549369116763469,1.641363960613873e-05,1.6290822921578677e-05,0.0025153308524750173,0.048151366936508566,91.80927475902718,142.24879994703224,0.17205778404604644,234.2913820259855,0.13658206171856055,11.993324544,2026-01-20T09:54:24.866942
25597,0.09565391548167435,0.004687389165138001,1.628704409710894e-05,0.002923655032645911,0.04773202812066302,93.64939682290424,143.37650189595297,0.17909979296382517,237.26812149002217,0.13486851836244548,12.008982016,2026-01-20T09:58:22.135853
25598,0.095814139795714,0.0015892923913520818,1.6283263848908555e-05,0.0034506989759393036,0.04868320899549872,91.4385618280503,142.03610317409039,0.21534405701095238,233.7486427089898,0.13689919063974657,11.992515584,2026-01-20T10:02:15.885312
25599,0.09597436410975366,0.00853333768363651,1.627948217799549e-05,0.0027515729889273643,0.04851349908858538,90.83499431394739,143.04996319604106,0.1555120350094512,234.0994474029867,0.1366940433008119,12.00952832,2026-01-20T10:06:09.985619
25600,0.09613458842379331,0.006710460181998279,1.6275699085388092e-05,0.002521857968531549,0.04934328608214855,93.14931181393331,147.76234478718834,0.17827750399010256,241.14792372100055,0.132698633710912,12.011509248,2026-01-20T10:10:11.134114
25601,0.09629481273783297,0.0027123551259231604,1.6271914572105108e-05,0.0029517938965000212,0.052588822902180254,92.75201635115081,143.91290576406755,0.15758239501155913,236.88477169902762,0.13508677561028443,12.02043904,2026-01-20T10:14:08.019515
25602,0.09645503705187262,0.013602700775630083,1.6268128639165652e-05,0.00294960307655856,0.0489226829377003,91.99227657396113,140.07795389008243,0.18959881097543985,232.3180719059892,0.13774218999608973,11.993331712,2026-01-20T10:18:00.338176
25603,0.09661526136591228,0.009063269297330478,1.6264341287589222e-05,0.003417571948375553,0.03955457196570933,93.3458981140866,145.632435167965,0.18559696996817365,239.21360093803378,0.1337716579430169,12.010288128,2026-01-20T10:21:59.552387
25604,0.09677548567995194,0.0026588560058069532,1.626055251839571e-05,0.0027151061804033816,0.050210945948492736,93.20568709919462,142.36147650884232,0.23477415001252666,235.86229249602184,0.13567238604084936,12.013341184,2026-01-20T10:25:55.415272
25605,0.09693570999399159,0.0033778120139169587,1.6256762332605375e-05,0.0031327471369877458,0.04698247089982033,91.9664278741111,142.7469237158657,0.2148896610015072,234.98480978497537,0.13617901527031404,12.013475328,2026-01-20T10:29:50.400658
25606,0.09709593430803125,0.011843635284217946,1.625297073123886e-05,0.0027477670228108764,0.042208227911032736,91.18894254806219,142.4439056199044,0.1854121929500252,233.87065943703055,0.1368277665827336,12.009624576,2026-01-20T10:33:44.271934
25607,0.0972561586220709,0.0007433838399002468,1.6249177715317204e-05,0.002565475064329803,0.04368928191252053,91.18066384101985,141.2589352040086,0.1815040780347772,232.68025109398877,0.13752778695031548,12.005707264,2026-01-20T10:37:36.952889
25608,0.09741638293611056,0.0032779498442003785,1.6245383285861807e-05,0.003041719028260559,0.04176952794659883,91.87991016090382,145.015674229071,0.20492916996590793,237.15270370797953,0.13493415634596154,11.992680448,2026-01-20T10:41:34.106255
25609,0.09757660725015022,0.004397473631438942,1.624158744389446e-05,0.002603236003778875,0.04478368809213862,92.50210858823266,139.7227168197278,0.16926080401754007,232.44952051801374,0.1376642977309138,11.992421376,2026-01-20T10:45:26.556399
25610,0.09773683156418987,0.0027835735653880533,1.6237790190437335e-05,0.002719475014600903,0.04602598195197061,92.01557629997842,141.95921345503302,0.20502060401486233,234.23541032598587,0.1366146986720135,12.007770624,2026-01-20T10:49:20.792404
25611,0.09789705587822953,0.0022855965733228345,1.6233991526512976e-05,0.0029676369158551097,0.04664198000682518,91.43898972281022,141.22557845106348,0.2194142109947279,232.94255167903611,0.1373729263689519,12.012824576,2026-01-20T10:53:13.735607
25612,0.09805728019226918,0.0036348023176220323,1.6230191453144322e-05,0.002928644942585379,0.048273767810314894,90.49842874496244,139.95465396810323,0.1643969530123286,230.67736535397125,0.13872188955728898,11.992163328,2026-01-20T10:57:04.413601
25613,0.09821750450630884,0.0051821345321689805,1.6226389971354674e-05,0.0027263560332357883,0.04498101904755458,90.09768151096068,137.02220216102432,0.21647210704395548,227.3909576869919,0.14072679197757998,11.993045504,2026-01-20T11:00:51.805281
25614,0.09837772882034848,0.0013554831839170944,1.6222587082167723e-05,0.0025878078304231167,0.046277324843686074,90.90582114021527,140.0633760658675,0.1562856170348823,231.1814534229925,0.1384194083313839,12.011460608,2026-01-20T11:04:42.987370
25615,0.09853795313438814,0.016665502269754384,1.6218782786607543e-05,0.0028308361070230603,0.04868016287218779,90.34277256717905,138.39798783313017,0.24797371099703014,229.04825595696457,0.13970855122342613,11.992004096,2026-01-20T11:08:32.036220
25616,0.09869817744842779,0.002217356205810539,1.621497708569857e-05,0.00256636890117079,0.04266446898691356,89.7344288850436,136.88562097592512,0.1917598649743013,226.8653959139483,0.1410528030116053,11.992142848,2026-01-20T11:12:18.902194
25617,0.09885840176246745,0.003747888130138932,1.6211169980465634e-05,0.003312182961963117,0.0399372199899517,90.50592811900424,137.7836589900544,0.21028345299419016,228.55121318704914,0.14001238301811508,12.015739392,2026-01-20T11:16:07.454052
25618,0.0990186260765071,0.00011644209338435019,1.6207361471933937e-05,0.002946868014987558,0.039013295143377036,91.31300856394228,137.52283558796626,0.21412663796218112,229.09900368604576,0.13967760437689364,12.014176768,2026-01-20T11:19:56.553881
25619,0.09917885039054676,0.01780905491257112,1.6203551561129056e-05,0.0029862611554563046,0.036006634996738285,90.47485786501784,137.42955324897775,0.211494960996788,228.16194818395888,0.14025125685813103,11.992695808,2026-01-20T11:23:44.716475
25620,0.09933907470458642,0.0006294794930203906,1.6199740249076953e-05,0.003085412026848644,0.04858748894184828,91.31910040398361,139.9053440389107,0.1935465569840744,231.4770509430091,0.13824264595404134,12.024995328,2026-01-20T11:27:36.194137
25621,0.09949929901862607,1.1362066985043384e-06,1.6195927536803968e-05,0.0029497479554265738,0.04646929888986051,95.17844063596567,143.51069793314673,0.1676695870119147,238.91412904503522,0.1339393368148939,12.00853248,2026-01-20T11:31:35.108840
25622,0.09965952333266573,0.0003091803388848291,1.6192113425336808e-05,0.002791870152577758,0.049419902090448886,94.67186344106449,138.52646629401715,0.2294214899884537,233.48818645096617,0.13705190179598306,11.992538112,2026-01-20T11:35:28.597650
25623,0.09981974764670538,0.0043185592535204265,1.618829791570256e-05,0.002809627912938595,0.04732486110879108,92.29192141495878,148.23909150093095,0.2168438250082545,240.80615652399138,0.1328869679326984,11.99207936,2026-01-20T11:39:29.404419
25624,0.09997997196074504,0.009710099575734432,1.6184481008928698e-05,0.0034277780214324594,0.04380604106700048,94.07715437503066,146.0442745431792,0.19078852602979168,240.36724695703015,0.1331296189689295,12.00947712,2026-01-20T11:43:29.772353
25625,0.1001401962747847,0.0006552902062315624,1.6180662706043058e-05,0.0026675520930439234,0.04518292605644092,92.30872120405547,144.7890591250616,0.25525930599542335,237.4100813040277,0.13478787347290763,12.009245696,2026-01-20T11:47:27.183072
25626,0.10030042058882435,0.0025013551200405715,1.617684300807386e-05,0.002696432115044445,0.04215742601081729,91.68945216987049,140.5751738321269,0.2409996329806745,232.55836203799117,0.13759986834948734,11.993119744,2026-01-20T11:51:19.742014
25627,0.10046064490286401,1.9734984038066727e-06,1.6173021916049693e-05,0.003059794951695949,0.04295847692992538,92.60332088090945,142.07316031493247,0.19914633402368054,234.9285410430166,0.13621163209003473,11.992989696,2026-01-20T11:55:14.671284
25628,0.10062086921690366,1.469980520418801e-06,1.6169199430999537e-05,0.013165952987037599,0.04686220386065543,92.52013929502573,138.03718842903618,0.19629240600625053,230.81986496399622,0.13863624781598163,12.011506688,2026-01-20T11:59:05.491757
25629,0.10078109353094332,8.224541466717028e-05,1.6165375553952728e-05,0.002899490180425346,0.048654304060619324,92.0074863259797,143.3788831990678,0.2977389270090498,235.74514125299174,0.1357398071066031,12.024531456,2026-01-20T12:03:01.237470
25630,0.10094131784498298,0.007945538000154961,1.6161550285938988e-05,0.002635760873090476,0.044790474930778146,90.24908927310025,140.28010827192338,0.16283026698511094,230.74676881503547,0.13868016511923906,11.993412608,2026-01-20T12:06:51.985059
25631,0.10110154215902263,0.006277458380330891,1.615772362798841e-05,0.002938331163022667,0.038977855001576245,91.9091813309351,138.77710644103354,0.16270749899558723,230.89867050398607,0.13858893137042802,12.00868352,2026-01-20T12:10:42.884343
25632,0.10126176647306229,0.008089202307852261,1.6153895581131464e-05,0.0032608910696581006,0.0448239489342086,93.55416643398348,145.246799012064,0.2078506499528885,239.0640927720233,0.13385531732913103,12.007420416,2026-01-20T12:14:41.949026
25633,0.10142199078710194,0.007112315992988005,1.6150066146398993e-05,0.002573586767539382,0.04764250700827688,92.69366117095342,143.77265291800722,0.18298963899724185,236.70618334400933,0.13518869489562013,12.006477824,2026-01-20T12:18:38.655813
25634,0.1015822151011416,2.433353230024693e-06,1.6146235324822208e-05,0.0029019411304034293,0.050110792100895196,91.90516099787783,141.07961698400322,0.22430858900770545,233.27138881298015,0.137179275018829,12.008714752,2026-01-20T12:22:31.927821
25635,0.10174243941518125,0.008593776442477719,1.61424031174327e-05,0.0027550450176931918,0.05221261706901714,88.80551668605767,133.89087813679362,0.19245267001679167,222.95104647200787,0.14352926575752892,11.993202688,2026-01-20T12:26:14.879471
25636,0.10190266372922091,0.013007653522417506,1.6138569525262434e-05,0.012611977872438729,0.04209217004245147,91.0438710519229,139.6308430110803,0.1560761840082705,230.8934801319847,0.1385920467815201,12.007654912,2026-01-20T12:30:05.773561
25637,0.10206288804326057,0.0019951743255721688,1.6134734549343743e-05,0.0026495371130295098,0.04569089220603928,90.41885450587142,137.31847809394822,0.2056828200002201,227.99849732295843,0.14035180220803037,11.992409088,2026-01-20T12:33:53.772631
25638,0.10222311235730022,0.003931500845064662,1.6130898190709335e-05,0.0026499549858272076,0.0493029480567202,91.09564756997861,139.11280560609885,0.1734382649883628,230.4407684560283,0.13886431734455051,11.993781248,2026-01-20T12:37:44.214068
25639,0.10238333667133988,0.0038424448033094194,1.612706045039229e-05,0.0026818911428563297,0.04512575687840581,91.01040932902833,138.2572345660301,0.2249522460042499,229.54681034601526,0.13940511720360524,12.014787072,2026-01-20T12:41:33.761475
25640,0.10254356098537953,0.0033015045379216623,1.6123221329426068e-05,0.0028934211586602032,0.047422053874470294,89.56955979607301,135.78823344997363,0.20389809098560363,225.61950164701557,0.1418317112058176,11.992034816,2026-01-20T12:45:19.381579
25641,0.10270378529941919,9.816436132314976e-05,1.6119380828844482e-05,0.013218452746514231,0.048787885112687945,89.9558761260123,136.47859839489684,0.1686172119807452,226.67269441403914,0.14117271638174897,11.99187968,2026-01-20T12:49:06.054905
25642,0.10286400961345885,0.005809478329030782,1.6115538949681732e-05,0.002943530969787389,0.044308425043709576,88.30516666796757,132.76927413092926,0.18174860801082104,221.31179570103996,0.14459238333246072,11.997000192,2026-01-20T12:52:47.367309
25643,0.1030242339274985,0.004243880047329007,1.611169569297239e-05,0.0027059359126724303,0.04591804288793355,90.52222008811077,136.07511425897246,0.2547968580038287,226.90897745697293,0.1410257115369881,11.992034304,2026-01-20T12:56:34.277004
25644,0.10318445824153816,0.008354366322797624,1.6107851059751386e-05,0.0032018099445849657,0.057973453076556325,91.52445167815313,140.73479824193055,0.17244490602752194,232.50231564999558,0.1376330378066951,11.991950336,2026-01-20T13:00:26.779898
25645,0.10334468255557781,0.00043131943205643175,1.6104005051054034e-05,0.002608463983051479,0.04601580195594579,91.95729597000172,137.2700861649937,0.16790359799051657,229.45546434400603,0.13946061424810832,12.01533184,2026-01-20T13:04:16.236083
25646,0.10350490686961747,0.037337489212605934,1.6100157667916007e-05,0.0028994910535402596,0.0502676239120774,93.2204261891311,149.03372064896394,0.22528028598753735,242.54247001302429,0.13193565645753352,12.01450752,2026-01-20T13:08:18.779482
25647,0.10366513118365712,0.0008454199598375567,1.6096308911373362e-05,0.002800258924253285,0.04986853484297171,93.26119566214038,142.92895553197013,0.2857674899860285,236.53660671203397,0.1352856136934342,12.036517376,2026-01-20T13:12:15.316754
25648,0.10382535549769678,0.004070494938471114,1.609245878246251e-05,0.003387940058019012,0.047506938921287656,93.3740596260177,146.62040487700142,0.2636884939856827,240.3165523739881,0.13315770255475623,12.020389888,2026-01-20T13:16:15.633940
25649,0.10398557981173644,0.007403471300895248,1.6088607282220248e-05,0.003169683914165944,0.04769183706957847,94.2445796999964,146.150645376998,0.1621097120223567,240.61727116798284,0.1329912846433195,12.006948352,2026-01-20T13:20:16.251828
25650,0.10414580412577609,0.00021771573756623752,1.6084754411683725e-05,0.003053604916203767,0.05066220910521224,91.43867336201947,140.6159175808425,0.1827960829832591,232.29777612996986,0.1377542244833894,11.99196672,2026-01-20T13:24:08.550209
25651,0.10430602843981575,0.0064671672421914295,1.6080900171890473e-05,0.012448560970369726,0.04391251696506515,94.72015792608727,145.44705505896127,0.1641459990059957,240.39408317400375,0.133114757141662,11.99256576,2026-01-20T13:28:08.944864
25652,0.1044662527538554,0.0076306817016478234,1.6077044563878387e-05,0.002738497918471694,0.04871774703497067,91.53362832393032,141.069850245025,0.24710297299316153,232.90929815598065,0.13739253972835994,11.992773632,2026-01-20T13:32:01.855207
25653,0.10462647706789505,0.01291274027279421,1.607318758868573e-05,0.002623409847728908,0.04666584596270695,93.20024754002225,142.140492461971,0.23428044497268274,235.63064518204192,0.13580576488799942,12.00703232,2026-01-20T13:35:57.486719
25654,0.1047867013819347,3.784872687262464e-06,1.6069329247351135e-05,0.0027383859851397574,0.04635664401575923,92.90933471318567,143.78370690275915,0.22938903898466378,236.97907895199023,0.13503301701363649,12.009542656,2026-01-20T13:39:54.466526
25655,0.10494692569597436,0.005811277486618138,1.6065469540913603e-05,0.00299849989823997,0.048667475930415094,92.52156580594601,143.39304913813248,0.17643400002270937,236.1511334189563,0.1355064425764526,12.015104512,2026-01-20T13:43:50.618315
25656,0.10510715001001401,0.004010222922472773,1.6061608470412498e-05,0.0030075691174715757,0.04706876503769308,93.55943120282609,144.66345228120917,0.19358442700468004,238.47328007797478,0.134186941151381,12.011694592,2026-01-20T13:47:49.092242
25657,0.10526737432405367,0.003994546724882753,1.6057746036887556e-05,0.002733992994762957,0.04464893596014008,91.84045235696249,142.74106825806666,0.18692083901260048,234.82360332197277,0.13627250219869919,12.010917888,2026-01-20T13:51:43.916455
25658,0.10542759863809333,0.0038347063075656607,1.6053882241378877e-05,0.0029829510604031384,0.050968727096915245,93.71378093009116,143.32176683895523,0.19542306603398174,237.29141958401306,0.1348552765038788,12.0130688,2026-01-20T13:55:41.208448
25659,0.10558782295213298,0.0086002132303733,1.605001708492694e-05,0.0034392109955661,0.05288237385684624,92.88063490611967,145.60266570700333,0.19634905300335959,238.74386670498643,0.1340348568599758,12.00910336,2026-01-20T13:59:39.952980
25660,0.10574804726617264,0.011210531730128093,1.604615056857257e-05,0.0025512740248814225,0.050175127980764955,91.91684285498923,143.26907313906122,0.22826391097623855,235.4741981450352,0.13589599307305125,11.992486912,2026-01-20T14:03:35.427780
25661,0.1059082715802123,0.001636801801863097,1.604228269335697e-05,0.002958236960694194,0.051091239089146256,92.52110235887812,142.77626286807936,0.18120900000212714,235.53901608503656,0.13585859587885454,12.008643072,2026-01-20T14:07:30.967423
25662,0.10606849589425195,0.004930032212263846,1.6038413460321713e-05,0.002921788953244686,0.05085922300349921,91.54805202176794,139.67737202410353,0.20844499004306272,231.49578095402103,0.13823146092824792,11.993539584,2026-01-20T14:11:22.463796
25663,0.1062287202082916,0.004604788598935983,1.6034542870508725e-05,0.0031899200985208154,0.04963223496451974,93.05405272502685,147.06683224398876,0.18264630099292845,240.36435653700028,0.13313121987400037,12.0113408,2026-01-20T14:15:22.828789
25664,0.10638894452233126,0.00871851703607085,1.603067092496031e-05,0.003108079021330923,0.04957389004994184,91.85135039087618,141.9094322269666,0.23019487399142236,234.05136499204673,0.1367221250817631,11.992928256,2026-01-20T14:19:16.880832
25665,0.10654916883637092,0.00022879667990416408,1.6026797624719127e-05,0.0025549239362590015,0.04478820803342387,92.48777216504095,142.4595714029274,0.22353018098510802,235.2281129990006,0.13603816139160185,12.013904384,2026-01-20T14:23:12.109684
25666,0.10670939315041057,0.012003284040312812,1.6022922970828204e-05,0.0034872020478360355,0.04577112692641094,92.2305941960658,143.2889056680142,0.22522587998537347,235.80136153899366,0.1357074437193539,12.0261248,2026-01-20T14:27:07.911756
25667,0.10686961746445023,0.0023554165607286848,1.6019046964330937e-05,0.012611861049663275,0.04172449483303353,90.2036787661491,142.26969865703722,0.20956735400250182,232.74352153297514,0.13749040054576228,11.993208832,2026-01-20T14:31:00.655857
25668,0.10702984177848988,0.005634412028867608,1.601516960627108e-05,0.0028402559692040086,0.04209304304094985,93.33651598292636,141.979458769958,0.19756254000822082,235.56923708098475,0.13584116668425147,12.008410624,2026-01-20T14:34:56.225838
25669,0.10719006609252954,0.0016302473655844807,1.6011290897692754e-05,0.002975999959744513,0.044967954978346825,92.0689406960737,141.4640358730103,0.1698929049889557,233.75989240402123,0.13689260236607434,12.005718528,2026-01-20T14:38:49.986397
25670,0.1073502904065692,0.004097921294577311,1.600741083964045e-05,0.0027353399200364947,0.04791808204026893,91.57466835912783,141.7430236338405,0.23883615899831057,233.61463633697713,0.13697771895525263,11.992146944,2026-01-20T14:42:43.601718
25671,0.10751051472060885,0.004983889958106502,1.600352943315901e-05,0.002791473059915006,0.046496442111674696,91.97116981993895,142.20487200905336,0.14992326201172546,234.38401356700342,0.13652808275190728,11.992138752,2026-01-20T14:46:37.986473
25672,0.10767073903464851,0.014897571748866412,1.5999646679293645e-05,0.0031116681057028472,0.04741632007062435,92.57622770679882,143.33644331019605,0.17194050195394084,236.1424649039982,0.1355114168601964,11.99314944,2026-01-20T14:50:34.129554
25673,0.10783096334868816,2.6111575692766564e-06,1.599576257908993e-05,0.012778532051015645,0.04403212701436132,91.01110928191338,138.87968743004603,0.18180852301884443,230.1368356780149,0.13904771005355826,11.991911424,2026-01-20T14:54:24.266981
25674,0.10799118766272782,0.004791867258722604,1.59918771335938e-05,0.002730865846388042,0.04468662501312792,89.23001072794432,135.8111291041132,0.23221394402207807,225.32978939596796,0.1420140678504207,12.004451328,2026-01-20T14:58:09.597427
25675,0.10815141197676748,0.0032418544679391204,1.5987990343851557e-05,0.012569319922477007,0.03848079015733674,90.36935559881385,136.80442890390987,0.1693470009486191,227.401569647016,0.14072022479735732,11.992146432,2026-01-20T15:01:56.999681
25676,0.10831163629080713,0.0006427352019526822,1.5984102210909863e-05,0.002503058931324631,0.04233765508979559,90.97408344101859,138.624224394036,0.2629441900062375,229.9121668189764,0.13918358668332464,12.018210304,2026-01-20T15:05:46.912568
25677,0.10847186060484679,0.0001532742971637191,1.5980212735815735e-05,0.003954715910367668,0.04916738602332771,93.84151698084315,138.23976463306462,0.1769712039967999,232.31951062596636,0.13774133697931162,12.014309376,2026-01-20T15:09:39.242990
25678,0.10863208491888644,2.7232111595942854e-05,1.597632191961656e-05,0.0027817789232358336,0.04643694293918088,91.03476459509693,139.78923833201407,0.2852241840446368,231.16585762699833,0.13842874691138063,12.018192896,2026-01-20T15:13:30.419927
25679,0.1087923092329261,4.6542536753069186e-05,1.5972429763360087e-05,0.002710465923883021,0.04699459910625592,89.60613304498838,137.7214581639273,0.20606864604633301,227.59132519201376,0.1406028985199779,11.992372224,2026-01-20T15:17:18.012471
25680,0.10895253354696575,0.004713912777231322,1.5968536268094415e-05,0.0030124838231131434,0.04630794405238703,92.82905571593437,143.3601334428531,0.20074416400166228,236.44656194502022,0.13533713384016471,12.014807552,2026-01-20T15:21:14.459879
25681,0.10911275786100541,9.353889394403403e-05,1.5964641434868015e-05,0.002819936955347657,0.046286751865409315,92.15181706106523,141.70132418093272,0.20633155602263287,234.11800183699233,0.13668320995785882,12.011922432,2026-01-20T15:25:08.578609
25682,0.10927298217504507,0.015571690394216908,1.596074526472971e-05,0.00391797797055915,0.04821351502323523,93.39817819406744,144.31574609695235,0.19062568701338023,237.96522014401853,0.13447343263285844,12.017888256,2026-01-20T15:29:06.544430
25683,0.10943320648908472,0.00234512778421081,1.595684775872869e-05,0.013352639914955944,0.04394402710022405,94.18425868696067,145.94388664193684,0.2002733419649303,240.39239487500163,0.1331156920194553,12.006455808,2026-01-20T15:33:06.937559
25684,0.10959343080312438,0.0007576456151001665,1.5952948917914503e-05,0.003064753022044897,0.04660271905595437,91.86907094094204,141.142600141,0.2634159949957393,233.33161740499781,0.13714386569590795,11.996865536,2026-01-20T15:37:00.269937
25685,0.10975365511716403,0.007587738706526181,1.594904874333705e-05,0.002857412036973983,0.04073819291079417,92.61559192306595,141.05457067792304,0.20407892001094297,233.92694759398,0.1367948427025237,11.993214976,2026-01-20T15:40:54.197507
25686,0.10991387943120369,0.004680249588583152,1.5945147236046594e-05,0.0026826540124602616,0.047844245098531246,92.44859343580902,142.51797814609017,0.21755622699856758,235.2421149169677,0.1360300642225347,12.003569664,2026-01-20T15:44:49.450400
25687,0.11007410374524335,2.583414203538581e-05,1.5941244397093768e-05,0.00295639899559319,0.037950349040329456,89.31920801190427,139.33885487692896,0.16813976998673752,228.87666710698977,0.13981329073199675,12.004950016,2026-01-20T15:48:38.327957
25688,0.110234328059283,0.0023313411890137914,1.5937340227529547e-05,0.003104488947428763,0.04911767004523426,91.4418679610244,141.7391193039366,0.1629881450207904,233.40544691501418,0.13710048511272147,12.005376,2026-01-20T15:52:31.734076
25689,0.11039455237332266,0.007155867475199251,1.5933434728405277e-05,0.012967914168257266,0.048994146985933185,92.40685114107328,144.98321078991285,0.20382603903999552,237.66724880598485,0.13464202644985634,12.014715392,2026-01-20T15:56:29.402112
25690,0.11055477668736231,1.718755199819899e-05,1.5929527900772656e-05,0.002956494106911123,0.04379512480227277,91.2995841911179,140.37818231596611,0.193215252016671,231.92763169895625,0.1379740730571346,11.993529344,2026-01-20T16:00:21.330408
25691,0.11071500100140197,0.007475660442943344,1.5925619745683738e-05,0.0031539981137029827,0.04648924805223942,91.06595184496837,142.86518578598043,0.1764789200387895,234.1636313960189,0.1366565756143464,12.019341824,2026-01-20T16:04:15.494637
25692,0.11087522531544163,0.00690739305065069,1.592171026419094e-05,0.0027991239330731332,0.05611593299545348,92.97988777491264,145.2997924760566,0.18591914395801723,238.53197691199603,0.13415392105606905,11.992278016,2026-01-20T16:08:14.027397
25693,0.11103544962948127,0.0004279091733154772,1.591779945734703e-05,0.002538937027566135,0.050744575913995504,93.39608181396034,143.36917963402811,0.1809851509751752,237.00698691001162,0.135017116656354,12.024055296,2026-01-20T16:12:11.034959
25694,0.11119567394352092,0.0006099309089577787,1.591388732620514e-05,0.0035378741449676454,0.046724234882276505,95.89604112604866,141.35442888602847,0.1676240970264189,237.4766668039956,0.13475008063175994,12.013644288,2026-01-20T16:16:08.512334
25695,0.11135589825756058,0.0032200962069639516,1.5909973871818752e-05,0.003163179033435881,0.04897008487023413,94.25379583414178,140.91921429900685,0.18232145596994087,235.4149198999512,0.1359302121275901,12.017733632,2026-01-20T16:20:03.927947
25696,0.11151612257160023,7.41314019947481e-07,1.590605909524171e-05,0.0029384770314209163,0.03756684600375593,90.56247624213574,136.96677792695118,0.33265478000976145,227.9097833620035,0.14040643419493923,11.993243648,2026-01-20T16:23:51.838537
25697,0.11167634688563989,0.008169322676590873,1.590214299752821e-05,0.002678356075193733,0.048342612106353045,92.05932744184975,142.91260517010232,0.18514183297520503,235.21442331501748,0.13604607893089576,12.024724992,2026-01-20T16:27:47.053627
25698,0.11183657119967955,0.01713407388569621,1.5898225579732807e-05,0.01265228312695399,0.04945336509263143,94.96128215483623,140.45957848604303,0.19762537901988253,235.68815334199462,0.1357726281370048,12.014571008,2026-01-20T16:31:42.742397
25699,0.1119967955137192,0.0023402503593228374,1.58943068429104e-05,0.004079334088601172,0.04270006995648146,93.38643449009396,146.25526716007153,0.18649326299782842,239.88245144399116,0.13339867008767628,12.007405056,2026-01-20T16:35:42.625464
25700,0.11215701982775886,4.3370067848158556e-07,1.5890386788116267e-05,0.0027507980121299624,0.04461392288794741,93.06224041501991,139.5457944580121,0.18047720397589728,232.8422174200532,0.1374321218659037,11.992022016,2026-01-20T16:39:35.468334
25701,0.11231724414179851,0.003056262977843005,1.588646541640602e-05,0.002791943901684135,0.04636466404190287,91.89164443296613,143.8523633199511,0.21341513900551945,236.01420135598164,0.13558506147574656,11.991981056,2026-01-20T16:43:31.483138
25702,0.11247746845583817,0.001827597127362246,1.588254272883563e-05,0.012942234869115055,0.04311481106560677,91.90130556700751,142.95895416900748,0.21068886696593836,235.1344068979961,0.13609237551474954,11.9950464,2026-01-20T16:47:26.618163
25703,0.11263769276987783,0.003745871319087435,1.5878618726461426e-05,0.0026937569491565228,0.044800059928093106,90.82175799499964,138.72720005596057,0.2043421869748272,229.8085584900109,0.13924633708274595,12.00640768,2026-01-20T16:51:16.427357
25704,0.11279791708391748,0.012678803912888448,1.587469341034009e-05,0.0026767179369926453,0.04316535498946905,92.9245360410423,144.18555424991064,0.16197114199167117,237.3267815260333,0.13483518292472943,11.993293824,2026-01-20T16:55:13.754763
25705,0.11295814139795714,0.005552058009909766,1.5870766781528658e-05,0.0030363420955836773,0.046396362013183534,92.50674297596561,144.7621096681105,0.22969462495530024,237.55419820401585,0.1347061017735322,11.992580096,2026-01-20T16:59:11.309541
25706,0.1131183657119968,0.006583423424234125,1.586683884108452e-05,0.0030040250276215374,0.04975420900154859,92.79004179895855,145.2193473560037,0.16172209603246301,238.2307750080363,0.13432353565117913,12.000902144,2026-01-20T17:03:09.540834
25707,0.11327859002603645,0.004034019444105752,1.5862909590065413e-05,0.0026521050021983683,0.047097949078306556,91.85338108497672,143.9374612228712,0.17325639101909474,236.02222310798243,0.1355804533090924,12.007219712,2026-01-20T17:07:05.563648
25708,0.1134388143400761,0.004068645475609145,1.585897902952944e-05,0.002900285122450441,0.04940076416824013,91.4565871458617,142.9914649258717,0.21073610795428976,234.71941192395752,0.13633299324372497,12.01088,2026-01-20T17:11:00.283661
25709,0.11359903865411576,0.003043746222996635,1.5855047160535043e-05,0.0028370340587571263,0.05264822900062427,93.16662999789696,144.43728683615336,0.21437008399516344,237.88170511700446,0.13452064329310437,12.011962368,2026-01-20T17:14:58.166041
25710,0.11375926296815542,0.010691987431034278,1.5851113984141022e-05,0.003067977901082486,0.05788839206798002,90.51480872603133,135.66559320897795,0.24137523403624073,226.490175874962,0.14128648130710172,11.992008192,2026-01-20T17:18:44.656832
25711,0.11391948728219507,0.015086240361950054,1.584717950140653e-05,0.003362618968822062,0.04273993318201974,92.61156758008292,145.9207198160002,0.26963247801177204,238.8548538889736,0.13397257572531682,11.991966208,2026-01-20T17:22:43.512287
25712,0.11407971159623473,0.0007198350333581516,1.584324371339107e-05,0.0026292658294551075,0.04774615087080747,92.77074052899843,144.05079444590956,0.20630513498326764,237.08734659600304,0.13497135321408787,12.006548992,2026-01-20T17:26:40.600285
25713,0.11423993591027438,0.011260570879447762,1.58393066211545e-05,0.003307886130642146,0.044966372195631266,92.09628406784032,140.3281329930178,0.30458562198327854,232.78490163304377,0.13746596010098625,12.025250304,2026-01-20T17:30:33.385819
25714,0.11440016022431404,0.01466755957567445,1.583536822575703e-05,0.013320521160494536,0.04753298102878034,93.09960335696815,146.13113766600145,0.17518693598685786,239.47340002004057,0.1336265322049215,12.015360512,2026-01-20T17:34:32.859841
25715,0.1145603845383537,0.001868219469302268,1.5831428528259208e-05,0.002546363102737814,0.05236251710448414,92.65782694501104,144.15922051499365,0.23062012298032641,237.11044402996777,0.13495820536675981,12.004789248,2026-01-20T17:38:29.971007
25716,0.11472060885239335,0.00029797687447263854,1.5827487529721945e-05,0.0032806149101816118,0.04585958697134629,91.07577068993123,140.25730356795248,0.27289611601736397,231.66196878801566,0.1381322975342659,12.014007808,2026-01-20T17:42:21.633608
25717,0.11488083316643301,0.01253346763423302,1.5823545231206505e-05,0.0027696850011125207,0.04557474696775898,91.46094036387512,139.23194169613998,0.24854993203189224,230.99679043196375,0.13853006329724338,12.014119424,2026-01-20T17:46:12.630986
25718,0.11504105748047266,1.6244570619328158e-05,1.5819601633774493e-05,0.004122733953408897,0.046967860078439116,92.84604318602942,147.88480677397456,0.21580941299907863,241.00636406202102,0.132776576770251,12.009849856,2026-01-20T17:50:13.637911
25719,0.11520128179451232,0.012540788648710333,1.5815656738487865e-05,0.002966355998069048,0.0393926088581793,90.89670816011494,137.5136184860021,0.1718739959760569,228.63084095396334,0.139963619372084,11.992941568,2026-01-20T17:54:02.269526
25720,0.11536150610855198,0.006449905125412769,1.5811710546408934e-05,0.0031154059106484056,0.04058925114804879,91.70521221484523,141.51607953204075,0.24653100600698963,233.5177745850524,0.13703453647955557,11.993208832,2026-01-20T17:57:55.787891
25721,0.11552173042259163,0.008577328776623538,1.580776305860035e-05,0.0029001209186390042,0.04997419792925939,89.99968003993854,138.69774276099633,0.20958511100616306,228.96766630699858,0.1397577243814617,12.009188352,2026-01-20T18:01:44.756130
25722,0.11568195473663129,0.000256387899255639,1.5803814276125125e-05,0.01329130184603855,0.04448634886648506,90.72639688715572,139.50087265990442,0.23678018897771835,230.52966108801775,0.13881077102604245,12.013805568,2026-01-20T18:05:35.286373
25723,0.11584217905067094,2.0708263681612493e-06,1.5799864200046613e-05,0.0033594738924875855,0.04764344001887366,90.45333172997925,137.3538032299839,0.20553721097530797,228.07049069204368,0.140307498365532,12.022329344,2026-01-20T18:09:23.357461
25724,0.1160024033647106,0.0101888873112701,1.5795912831428515e-05,0.002514911931939423,0.04294665588531643,91.21198793308577,138.71377092506737,0.2071335039800033,230.18672991695348,0.13901757069812376,12.007816704,2026-01-20T18:13:13.544778
25725,0.11616262767875025,0.007517771304273779,1.5791960171334885e-05,0.00288032297976315,0.04134737083222717,91.00562270497903,139.3658968041418,0.21186774998204783,230.63414389203535,0.1387478864143371,11.991936512,2026-01-20T18:17:04.179548
25726,0.11632285199278991,0.007038519249837449,1.5788006220830117e-05,0.003046066907700151,0.046613434969913214,91.51397450611694,139.90322185790865,0.20941515499725938,231.68659854796715,0.13811761319192095,12.009980928,2026-01-20T18:20:55.866727
25727,0.11648307630682957,0.003965363611579953,1.578405098097896e-05,0.0029650721116922796,0.04504821007139981,92.88313662604196,141.8815521009965,0.21861893200548366,235.03918508603238,0.13614751084287033,12.011587584,2026-01-20T18:24:50.906622
25728,0.11664330062086922,0.012197494178955992,1.5780094452846506e-05,0.00245413911761716,0.04461731901392341,91.88254872092512,140.25334316299995,0.20790102501632646,232.39976511400891,0.1376937708362213,11.992008704,2026-01-20T18:28:43.307374
25729,0.11680352493490888,0.002413008447329723,1.5776136637498197e-05,0.002531275909859687,0.05138510785764083,91.14394987013657,138.1613004419487,0.2808355879969895,229.65049663098762,0.13934217634817045,12.016019968,2026-01-20T18:32:32.958555
25730,0.11696374924894853,0.005021379444511531,1.577217753599982e-05,0.013132054009474814,0.05106403800891712,89.34943200618727,135.55429578589974,0.20618516602553427,225.18226676201448,0.14210710488059627,12.011259904,2026-01-20T18:36:18.141413
25731,0.11712397356298819,0.0071085760267637355,1.576821714941751e-05,0.0027656479505822062,0.050613713974598795,90.46763993892819,137.37426150520332,0.2333888990106061,228.13705607800512,0.14026655971688567,12.011261952,2026-01-20T18:40:06.279252
25732,0.11728419787702783,0.0021150555516133984,1.5764255478817738e-05,0.0029889940633438528,0.03850600100122392,89.57236625615042,135.6668622769066,0.19854206696618348,225.48700618901057,0.14191505107472382,12.007132672,2026-01-20T18:43:51.766848
25733,0.11744442219106749,0.001976135025361092,1.576029252526734e-05,0.0031584519892930984,0.05261627404252067,93.91226030001417,144.85448738693958,0.18278221396030858,239.0115384630044,0.13388474968940944,12.009870336,2026-01-20T18:47:50.779262
25734,0.11760464650510714,0.01057792906568178,1.5756328289833482e-05,0.0027856488595716655,0.04509706288808957,91.91541789303301,140.53451731108362,0.19890017400030047,232.70307870802935,0.1375142958041829,12.000730112,2026-01-20T18:51:43.482925
25735,0.1177648708191468,0.011722127904144841,1.575236277358368e-05,0.002899870916735381,0.04453884100075811,90.99442423606524,136.20968749804888,0.18610915396129712,227.44712515402352,0.1406920398678599,12.013259264,2026-01-20T18:55:30.930685
25736,0.11792509513318646,0.0016904535843167423,1.5748395977585796e-05,0.002856892882846296,0.04356822499539703,94.6204747519223,139.24419367703376,0.20490368601167575,234.12321359699126,0.1366801672861167,12.009266688,2026-01-20T18:59:25.054665
25737,0.11808531944722611,0.0012912155647795132,1.5744427902908036e-05,0.013415897032245994,0.04298999405000359,93.10848305100808,141.74709926807554,0.20681720599532127,235.12551726098172,0.13609752090191485,12.00331008,2026-01-20T19:03:20.180772
25738,0.11824554376126577,0.012708142097247688,1.5740458550618942e-05,0.003319515031762421,0.05041272210655734,92.57535630883649,142.44279883417767,0.24525377398822457,235.32599299802678,0.1359815785426998,12.011465728,2026-01-20T19:07:15.507355
25739,0.11840576807530542,7.509031947350309e-07,1.573648792178742e-05,0.0026007170672528446,0.046576391090638936,91.78251423093025,141.05343825591262,0.20401932799723,233.09723374596797,0.13728176643603573,12.001719808,2026-01-20T19:11:08.605175
25740,0.11856599238934508,0.00018271256758062293,1.57325160174827e-05,0.002649196016136557,0.04584153211908415,93.14971598586999,147.64138472394552,0.1920794440084137,241.0421406669775,0.13275686944803158,11.992292352,2026-01-20T19:15:09.648072
25741,0.11872621670338473,0.005614177601659165,1.572854283877436e-05,0.013019702979363501,0.050607525859959424,92.38674819690641,140.03543842612999,0.23316290695220232,232.72597044700524,0.13750076941794007,11.99333888,2026-01-20T19:19:02.374765
25742,0.11888644101742439,0.004185902536478103,1.5724568386732334e-05,0.0028652019682340324,0.045358593051787466,91.12753448507283,141.03086979908403,0.22253129997989163,232.4355439399951,0.13767257562062465,12.008095232,2026-01-20T19:22:54.810904
25743,0.11904666533146405,2.9618480539284064e-06,1.572059266242688e-05,0.002580544038210064,0.04306007316336036,90.91764734691242,141.28944492107257,0.20169788802741095,232.46141023701057,0.1376572566060482,11.993043968,2026-01-20T19:26:47.272875
25744,0.1192068896455037,6.670272466813287e-06,1.5716615666928615e-05,0.0027506419573910534,0.04707048478303477,91.67762814013986,139.8924855538644,0.28167463099816814,231.90921963896835,0.13798502728704345,11.993029632,2026-01-20T19:30:39.182821
25745,0.11936711395954336,1.1730493945094622e-06,1.5712637401308483e-05,0.013061326171737164,0.04315969708841294,91.46148615103448,142.9488745338749,0.16178064898122102,234.63651680300245,0.13638115855115066,11.99696128,2026-01-20T19:34:33.819945
25746,0.11952733827358301,0.012236741706015852,1.5708657866637786e-05,0.0031115749734453857,0.044981931801885366,93.4251508952002,144.65374664089177,0.27897117502288893,238.41403928300133,0.13422028373931236,12.0117504,2026-01-20T19:38:32.234588
25747,0.11968756258762267,0.009339210548933607,1.5704677063988155e-05,0.003337879024911672,0.050344486080575734,91.485430213972,142.64247977512423,0.16533017699839547,234.35750216897577,0.1365435273197589,12.013671936,2026-01-20T19:42:26.592799
25748,0.11984778690166233,0.0019172398387361511,1.5700694994431568e-05,0.002981153898872435,0.04978607420343906,93.1787027278915,141.4316758941277,0.19732385099632666,234.86965612799395,0.1362457821395258,12.004366336,2026-01-20T19:46:21.463076
25749,0.12000801121570198,0.0015036515012969431,1.5696711659040346e-05,0.0028023559716530144,0.05698879895498976,90.96522858401295,141.9842831559945,0.18555298796854913,233.20269603299676,0.13721968289539926,12.008420864,2026-01-20T19:50:14.666443
25750,0.12016823552974164,0.0002773772246111861,1.569272705888714e-05,0.002733760862611234,0.04563945985864848,92.57606276299339,143.25748229416786,0.18365245399763808,236.07199576700805,0.13555186796312127,11.99281664,2026-01-20T19:54:10.739034
25751,0.1203284598437813,0.005841448514260605,1.5688741195044962e-05,0.002777168876491487,0.04570293199503794,89.68966873001773,140.98974160995567,0.2505579140270129,230.9893494649441,0.1385345258304061,12.02187264,2026-01-20T19:58:01.729221
25752,0.12048868415782095,0.002315396013297999,1.568475406858714e-05,0.003235334064811468,0.05040623905370012,91.37474891304737,139.41849601385184,0.22621577000245452,231.0807586220326,0.13847972540345008,12.00259328,2026-01-20T20:01:52.810637
25753,0.1206489084718606,0.00938670044294998,1.5680765680587366e-05,0.01311619603075087,0.046629494114313275,93.29184807074489,146.14213254122296,0.20252699096454307,239.70316587900743,0.13349844539038053,11.992196096,2026-01-20T20:05:52.514449
25754,0.12080913278590026,0.009851151966506322,1.5676776032119652e-05,0.0027014101506210864,0.046832840074785054,91.45311765983934,141.79527723707724,0.21674359898315743,233.52202745701652,0.13703204082488585,11.99293952,2026-01-20T20:09:46.037261
25755,0.12096935709993992,0.010768689279023747,1.5672785124258353e-05,0.0032131279003806412,0.04794771794695407,94.06731880200095,143.68155142391333,0.25132929801475257,238.05855057999725,0.1344207125601511,11.993084928,2026-01-20T20:13:44.096447
25756,0.12112958141397957,0.004851887524998766,1.566879295807818e-05,0.0029825838282704353,0.04040679300669581,88.79850231501041,136.8139457749785,0.1805076629971154,225.8426252650097,0.1416915870617885,12.00737024,2026-01-20T20:17:29.939748
25757,0.12128980572801923,0.004546844782920445,1.566479953465416e-05,0.002879164239857346,0.04582178907003254,91.12098562694155,138.99091324204346,0.17708350101020187,230.3483991610119,0.13892000168680238,11.992157696,2026-01-20T20:21:20.288745
25758,0.12145003004205888,0.007512622233404542,1.5660804855061673e-05,0.002916976052802056,0.053792584978509694,90.90519470802974,140.18869209924014,0.1752086819615215,231.3321645190008,0.13832922916939047,12.024114688,2026-01-20T20:25:11.621658
25759,0.12161025435609854,7.421541994290237e-06,1.5656808920376433e-05,0.002718461211770773,0.04807649314170703,92.10448929888662,140.7656765509164,0.25910278101218864,233.18690960598178,0.13722897247564503,12.022964224,2026-01-20T20:29:04.809243
25760,0.1217704786701382,0.0056748447004491,1.5652811731674494e-05,0.002983694081194699,0.0440762439975515,90.22272798896302,137.6089727791259,0.20365248300367966,228.08978316094726,0.14029563076667842,12.013055488,2026-01-20T20:32:52.899607
25761,0.12193070298417785,0.005747709785481447,1.564881329003224e-05,0.0026515001081861556,0.04876496491488069,91.83352810901124,140.10098915500566,0.16432837600586936,232.160021468997,0.13783596244314325,12.003848192,2026-01-20T20:36:45.060359
25762,0.12209092729821751,4.994368201671762e-06,1.5644813596526404e-05,0.003870632906910032,0.045394109969493,89.30353465897497,135.4989658941049,0.2031923370086588,225.06276230199728,0.1421825613117698,12.001836544,2026-01-20T20:40:30.123786
25763,0.12225115161225716,0.013952484664826237,1.5640812652234045e-05,0.003101601905655116,0.04596382402814925,89.6927162790671,135.99927188799484,0.3117387350066565,226.059216515976,0.14155582989795287,12.009411584,2026-01-20T20:44:16.183754
25764,0.12241137592629682,0.004712027440645805,1.5636810458232566e-05,0.002613595046568662,0.048854527180083096,91.75944414798869,140.68656515498878,0.21140978898620233,232.71690528298495,0.13750612556955344,12.010161152,2026-01-20T20:48:08.901393
25765,0.12257160024033648,0.0036834869552322402,1.5632807015599707e-05,0.0035195788950659335,0.04717787494882941,91.22081012401031,140.0104512461112,0.2085921469843015,231.4988889080123,0.13822960512227522,11.992254464,2026-01-20T20:52:00.400870
25766,0.12273182455437613,0.0033937806985298025,1.5628802325413542e-05,0.002586049900855869,0.04784698999719694,91.57408898702124,140.80087697395356,0.15562277397839352,232.58733112900518,0.13758273008537647,12.02307072,2026-01-20T20:55:52.988788
25767,0.12289204886841579,0.005976318278339221,1.562479638875248e-05,0.003431574790738523,0.048448638059198856,90.17773078597384,137.21925468504196,0.20462860900443047,227.66082296799868,0.14055997682349636,12.012306432,2026-01-20T20:59:40.650253
25768,0.12305227318245544,0.006315356039550579,1.562078920669526e-05,0.0027378740487620234,0.047321657883003354,90.86593183403602,139.0318457391695,0.1692199050448835,230.12487808900187,0.1390549351540508,12.006989312,2026-01-20T21:03:30.775967
25769,0.1232124974964951,0.0015583924295361484,1.5616780780320976e-05,0.002796467102598399,0.041900252806954086,89.06799417117145,134.19513765000738,0.23175855400040746,223.5458415010362,0.14314737319706156,11.993762816,2026-01-20T21:07:14.322402
25770,0.12337272181053476,0.006122643044379039,1.5612771110709034e-05,0.002549008815549314,0.04638611804693937,89.10707375005586,134.84958818275481,0.1682737210066989,224.18008101399755,0.1427423875272931,12.011101184,2026-01-20T21:10:58.503087
25771,0.12353294612457441,0.0044452604718978606,1.5608760198939182e-05,0.002777294022962451,0.04616292897844687,90.69277878315188,138.53369393292814,0.1924735030042939,229.4765204479918,0.13944781774417933,12.008894976,2026-01-20T21:14:47.980424
25772,0.12369317043861405,0.004527988362373225,1.560474804609152e-05,0.0032718380098231137,0.043352154083549976,89.68511596188182,136.35975694999797,0.21818644902668893,226.31594769301591,0.14139524998656344,12.007305728,2026-01-20T21:18:34.297031
25773,0.12385339475265371,1.2598548451814295e-05,1.5600734653246447e-05,0.003034513967577368,0.048151550930924714,89.68438870704267,136.1257124459953,0.17570851696655154,226.04417973500676,0.14156524639348747,12.00146944,2026-01-20T21:22:20.341813
25774,0.12401361906669336,0.0011888014614225284,1.5596720021484734e-05,0.0031272380729205906,0.04804716614307836,92.66279240883887,142.58337074815063,0.17052716197213158,235.47712653002236,0.1358943030754205,12.021055488,2026-01-20T21:26:15.819719
25775,0.12417384338073302,0.002642619345486097,1.559270415188746e-05,0.002710857195779681,0.04398693499388173,90.3790563060902,136.87644248188008,0.1864328269730322,227.49496754497522,0.1406624522086348,11.992148992,2026-01-20T21:30:03.315415
25776,0.12433406769477268,0.006971054476194283,1.5588687045536044e-05,0.0027023451984860003,0.04363548307446763,90.530157184985,138.3275916990824,0.18671426398213953,229.09824970102636,0.13967806406971708,11.992876032,2026-01-20T21:33:52.414256
25777,0.12449429200881233,3.588941829146819e-05,1.5584668703512243e-05,0.003109389974270016,0.04387079307343811,94.08223718701629,137.55268663202878,0.16327370796352625,231.8528109480394,0.13801859839073302,12.007695872,2026-01-20T21:37:44.267650
25778,0.12465451632285199,7.642121098605514e-06,1.558064912689814e-05,0.0031798580894246697,0.04503074492095038,93.10219326801598,139.28960683505284,0.20761451497673988,232.65689598501194,0.13754159258645607,11.99336448,2026-01-20T21:41:36.925280
25779,0.12481474063689164,0.02009698369213453,1.5576628316776156e-05,0.004016868944745511,0.04819635389139876,96.49806254694704,140.21325582108693,0.3248541859793477,237.09578469302505,0.13496654966443772,12.005135872,2026-01-20T21:45:34.021723
25780,0.1249749649509313,0.003626893884860538,1.557260627422904e-05,0.002761412935797125,0.05431805894477293,94.63329000317026,142.4004590358818,0.21604455402120948,237.31435278902063,0.1348422445752741,11.993179136,2026-01-20T21:49:31.336646
25781,0.12513518926497097,2.2757393836059236e-05,1.556858300033988e-05,0.00285226886626333,0.058808998961467296,92.6608411250636,141.98006053216523,0.28848954202840105,234.99867464002455,0.1361709807470966,11.993455616,2026-01-20T21:53:26.335903
25782,0.1252954135790106,0.002986198850159827,1.556455849619208e-05,0.002548006013967097,0.052290703111793846,92.09551876381738,140.6245059039793,0.2389408489689231,233.02374151494587,0.1373250630685095,12.012452864,2026-01-20T21:57:19.360386
25783,0.12545563789305028,3.604829783121488e-06,1.556053276286939e-05,0.0027266130200587213,0.046606726944446564,91.33097464905586,140.768686291005,0.17858878895640373,232.334338198998,0.13773254632981327,11.992712192,2026-01-20T22:01:11.695599
25784,0.12561586220708992,0.008123878484838087,1.5556505801455893e-05,0.0031549360137432814,0.04096342413686216,94.59815795492614,146.6164769741008,0.16430936299730092,241.43283347599208,0.1325420388738554,11.991880704,2026-01-20T22:05:13.139553
25785,0.1257760865211296,3.4007761584575746e-06,1.5552477613035987e-05,0.002974018862005323,0.046099767088890076,90.93099111900665,140.44801762799034,0.1920455860090442,231.62841659400146,0.1381523064853033,12.015846912,2026-01-20T22:09:04.768863
25786,0.12593631083516924,0.0035535742680394833,1.5548448198694413e-05,0.0028011740068905056,0.042905442183837295,92.43539249594323,142.53593376802746,0.18643416604027152,235.21168514800956,0.1360476626825051,12.011723776,2026-01-20T22:12:59.981124
25787,0.1260965351492089,0.018690283447954315,1.554441755951624e-05,0.0029567250167019665,0.0427962479298003,93.64436637697509,143.8951806788682,0.25261512299766764,237.8439730469836,0.13454198393195665,12.016230912,2026-01-20T22:16:57.825679
25788,0.12625675946324855,0.004913446247616804,1.5540385696586862e-05,0.0031002131872810423,0.05079225287772715,92.34066624386469,140.708674399124,0.25180999300209805,233.36140392697416,0.1371263604928164,11.991952896,2026-01-20T22:20:51.187700
25789,0.12641698377728822,3.7478796199863496e-05,1.553635261099201e-05,0.003817663062363863,0.04761462297756225,92.27135241602082,143.1809615229722,0.19474230898777023,235.70670664403588,0.1357619409969797,12.01623296,2026-01-20T22:24:46.895010
25790,0.12657720809132786,0.027950568564520495,1.5532318303817738e-05,0.0031348770717158914,0.04477479588240385,92.15134269202827,143.5676755500026,0.250592801021412,236.0258640460088,0.13557836184326902,12.006567424,2026-01-20T22:28:42.921483
25791,0.12673743240536753,0.0003731692608939241,1.5528282776150434e-05,0.0034944500075653195,0.053440966934431344,91.18370931904064,138.40963345294585,0.25248663796810433,229.90925577102462,0.13918534898773288,12.016766976,2026-01-20T22:32:32.831525
25792,0.12689765671940717,0.00826437371425115,1.5524246029076803e-05,0.0027915069949813187,0.039498820959124714,91.92431481304811,140.96333716606023,0.22943182598100975,233.16565614700085,0.137241481137451,12.013281792,2026-01-20T22:36:25.997966
25793,0.1270578810334468,0.003138391004548602,1.55202080636839e-05,0.0036790469312109053,0.047295872936956584,91.57676098693628,144.7077499020961,0.20292667800094932,236.54580597998574,0.13528035243502703,11.99224064,2026-01-20T22:40:22.544395
25794,0.12721810534748648,0.013358584899185288,1.551616888105909e-05,0.0032295030541718006,0.04673469695262611,92.91200675413711,144.12098250701092,0.17068201501388103,237.26077336003073,0.13487269533359264,12.006419456,2026-01-20T22:44:19.805913
25795,0.12737832966152612,0.010606053696528228,1.5512128482290067e-05,0.002748704981058836,0.04740327812032774,92.95845144987106,143.30246002902277,0.19987435900839046,236.5173096350045,0.13529665143486821,12.014410752,2026-01-20T22:48:16.324103
25796,0.1275385539755658,0.0027839458295080277,1.550808686846486e-05,0.003015233902260661,0.03669622872257605,91.814460919064,143.13391404220602,0.2148962200153619,235.21175522601698,0.13604762214903302,12.011674624,2026-01-20T22:52:11.536696
25797,0.12769877828960544,1.0224145413628705e-05,1.5504044040671825e-05,0.003269459877628833,0.04492151190061122,90.70876430906355,140.48154751997208,0.1865120599977672,231.4328536579851,0.1382690464824414,11.992740864,2026-01-20T22:56:02.970228
25798,0.1278590026036451,0.0028137696375525323,1.5499999999999638e-05,0.002762730000540614,0.04769724910147488,91.6274630689295,140.60022770403884,0.2546066549839452,232.54029017401626,0.13761056192048923,12.016214528,2026-01-20T22:59:55.511108
25799,0.12801922691768475,0.005154725942063898,1.5495954747537306e-05,0.0029090061434544623,0.04363662388641387,92.8032057050732,142.292803700082,0.23789840599056333,235.3893984889728,0.13594494996553166,12.028150784,2026-01-20T23:03:50.901119
25800,0.12817945123172442,3.942014954461115e-07,1.5491908284374163e-05,0.002719598007388413,0.0439279698766768,90.48945342708612,138.7747807429405,0.2662423000438139,229.58481225301512,0.13938204224386688,12.011011072,2026-01-20T23:07:40.486608
25801,0.12833967554576406,0.02042156203111878,1.5487860611599864e-05,0.012887395918369293,0.04533045704010874,91.71938775794115,140.05244088510517,0.19661271502263844,232.0351926809526,0.13791011454025365,12.009897984,2026-01-20T23:11:32.522392
25802,0.12849989985980373,0.010294224549501685,1.5483811730304396e-05,0.0038113961927592754,0.04514694306999445,92.21982315002242,140.64097714383388,0.21824401296908036,233.13443992799148,0.13725985748773917,11.993032704,2026-01-20T23:15:25.657500
25803,0.12866012417384337,0.00018275550002577745,1.547976164157807e-05,0.0026132111088372767,0.0479221828863956,89.76557833398692,136.83698960300535,0.19735466997371987,226.85682168294443,0.14105813421261482,11.9933184,2026-01-20T23:19:12.515116
25804,0.12882034848788304,0.016019272242205673,1.5475710346511518e-05,0.0029890750302001834,0.043430081102997065,89.30735512601677,136.55401536502177,0.17381002201000229,226.0911602160195,0.1415358299255287,12.007696896,2026-01-20T23:22:58.606901
25805,0.12898057280192268,1.3064089674053037e-05,1.5471657846195705e-05,0.00395494990516454,0.04741461598314345,90.54366486205254,138.31042455189163,0.18112949398346245,229.09552135900594,0.13967972752227725,11.992916992,2026-01-20T23:26:47.702997
25806,0.12914079711596235,0.0063256611523430095,1.546760414172191e-05,0.0025950390845537186,0.046423137944657356,90.9729610569193,139.2411964731291,0.2029046630486846,230.47200833598617,0.1388454946483125,12.016544768,2026-01-20T23:30:38.175614
25807,0.129301021430002,0.015062134802636962,1.5463549234181743e-05,0.0029657200211659074,0.04618745297193527,89.1417380940984,134.7986165409675,0.18806194298667833,224.18784430500818,0.14273744457109777,12.011008,2026-01-20T23:34:22.364028
25808,0.12946124574404166,0.015263910660237912,1.545949312466714e-05,0.0026422810624353588,0.04732863086974248,89.4035986509407,135.410892973945,0.22701767197577283,225.10000070201932,0.14215903998312576,11.992585216,2026-01-20T23:38:07.464633
25809,0.1296214700580813,0.012361559684192835,1.5455435814270353e-05,0.0029126160661689937,0.04841985605889931,91.4469460110995,139.4352425909019,0.1529452980030328,231.09286588500254,0.1384724702662348,12.012991488,2026-01-20T23:41:58.558050
25810,0.12978169437212098,0.004021441116742075,1.5451377304083964e-05,0.002586988965049386,0.04934573400532827,91.78506449790439,140.53031442710198,0.20825343200704083,232.58286904799752,0.1375853695974326,11.993039872,2026-01-20T23:45:51.141771
25811,0.12994191868616062,0.002932297853623922,1.5447317595200877e-05,0.0036943210870958865,0.04574858088744804,93.78668859705795,136.91504194505978,0.20569340197835118,230.96432419202756,0.138549536219259,12.016613376,2026-01-20T23:49:42.106668
25812,0.1301021430002003,0.011315918043017348,1.5443256688714315e-05,0.002724990074057132,0.042422879894729704,93.71808529400732,144.39378914202098,0.23158580297604203,238.39512714598095,0.13423093157606716,12.008929792,2026-01-20T23:53:40.502506
25813,0.13026236731423993,9.366183366665837e-07,1.5439194585717828e-05,0.0035097128711640835,0.05139222490834072,90.68229410913773,140.09764975094004,0.19344451098004356,231.03597677999642,0.13850656701173403,11.993025536,2026-01-20T23:57:31.539105
25814,0.1304225916282796,3.078096411535114e-06,1.5435131287305284e-05,0.003477104881312698,0.05092457792488858,92.6563045779476,143.08721058210358,0.3002725400147028,236.10513308196096,0.1355328432816901,11.992886272,2026-01-21T00:01:27.655410
25815,0.13058281594231924,0.020475987191372447,1.5431066794570873e-05,0.003696229076012969,0.05242759094107896,93.43304635206005,144.79167422407772,0.18077356700086966,238.47117778100073,0.1341881241069187,12.007157248,2026-01-21T00:05:26.127174
25816,0.1307430402563589,0.03140138297062034,1.5427001108609122e-05,0.0028442569309845567,0.03919392015086487,92.37630656885449,146.44416117121,0.2244989089667797,239.09399081603624,0.13383857909093771,11.99246336,2026-01-21T00:09:25.221803
25817,0.13090326457039855,0.005457573657126957,1.542293423051485e-05,0.003389282035641372,0.04433530388632789,92.53479476092616,143.77221730322344,0.1956205999595113,236.55794841895113,0.1352734085405875,11.9922432,2026-01-21T00:13:21.780550
25818,0.13106348888443822,1.976153843230577e-06,1.5418866161383218e-05,0.0025388039648532867,0.0418075590278022,92.12129462807206,143.65360148594482,0.20006374997319654,236.02840138901956,0.13557690435422615,11.992508416,2026-01-21T00:17:17.809535
25819,0.13122371319847786,0.008343620701014132,1.541479690230971e-05,0.00291984697105363,0.05251428211340681,92.76640947780106,140.31981555413222,0.18440784997073933,233.3337896729936,0.13714258892741812,11.992757248,2026-01-21T00:21:11.143902
25820,0.13138393751251753,0.009144774669689326,1.5410726454390116e-05,0.0027362098917365074,0.052899190050084144,91.72702749498421,143.77041046507657,0.1728595499880612,235.73432325897738,0.13574603629037443,12.01800192,2026-01-21T00:25:06.878800
25821,0.13154416182655718,0.0056612490283161065,1.5406654818720556e-05,0.0028485959046520293,0.04867663886398077,92.54139020305593,141.84052501100814,0.17843812803039327,234.61976001702715,0.1363908990345811,12.00691968,2026-01-21T00:29:01.499156
25822,0.13170438614059685,0.011503823082521514,1.5402581996397465e-05,0.00238750409334898,0.04039782105246559,90.69334633403923,139.8803977900534,0.18653812498087063,230.80901730700862,0.13864276349929378,12.018923008,2026-01-21T00:32:52.308769
25823,0.1318646104546365,0.003120959925188238,1.5398507988517605e-05,0.0026762420311570168,0.048329580982681364,94.52383480186108,145.0291430382058,0.1861613710061647,239.7972719949903,0.1334460552189623,12.010486784,2026-01-21T00:36:52.106684
25824,0.13202483476867616,0.0048090210734414995,1.539443279617805e-05,0.0027636258746497333,0.04683839506469667,91.96011324401479,140.88137690996518,0.1605267830309458,233.06155901000602,0.1373027801578644,11.991995392,2026-01-21T00:40:45.168800
25825,0.1321850590827158,9.962800282536932e-07,1.539035642047619e-05,0.0026526899891905487,0.05531771283131093,93.62632434011903,144.0847844237578,0.2654560930095613,238.04076022002846,0.13443075870880855,12.016312832,2026-01-21T00:44:43.210331
25826,0.13234528339675547,0.00015707301523271155,1.5386278862509742e-05,0.002896297024562955,0.04524229996604845,91.78678858891362,140.51684725505766,0.21081929095089436,232.56876592995832,0.1375937128618436,12.008123904,2026-01-21T00:48:35.779658
25827,0.1325055077107951,0.010934135557598701,1.538220012337674e-05,0.0031859809532761574,0.04791403410490602,92.76810504600871,145.2032178718364,0.1736250520334579,238.20231711497763,0.13433958320629583,12.015053824,2026-01-21T00:52:33.982816
25828,0.13266573202483478,0.010004592035860682,1.5378120204175533e-05,0.0035418119514361024,0.04622749105328694,93.64435676898574,145.09682023891946,0.21372250898275524,239.01137164997635,0.13388484313149276,12.019462656,2026-01-21T00:56:32.994765
25829,0.13282595633887442,0.004372336013437561,1.537403910600479e-05,0.003101214999333024,0.03841038403334096,90.52578142390121,140.0347611750476,0.20332227600738406,230.81428579997737,0.13863959888397487,12.016313344,2026-01-21T01:00:23.809664
25830,0.1329861806529141,0.0076641319520112106,1.5369956829963495e-05,0.0025618209037929773,0.04502681194571778,92.12894529406913,141.46273013897007,0.19839350203983486,233.84598751697922,0.13684220259574276,11.992817664,2026-01-21T01:04:17.656333
25831,0.13314640496695374,0.00968833908828115,1.536587337715095e-05,0.0030076158582232893,0.04896138294134289,91.46724057605024,140.31222544505727,0.20708357100374997,232.0463347779587,0.13790349255298634,11.99319552,2026-01-21T01:08:09.703537
25832,0.13330662928099338,0.0002316764570826635,1.5361788748666777e-05,0.0028922230703756213,0.04066703707212582,91.69575875694863,141.08319259493146,0.18137678800849244,233.01233501598472,0.13733178545163624,12.013953536,2026-01-21T01:12:02.716452
25833,0.13346685359503305,0.008017164520736308,1.5357702945610915e-05,0.003835056908428669,0.042601435096003115,90.6509216670529,137.9004899589345,0.18953586200950667,228.7943433210021,0.1398635977424647,12.01572096,2026-01-21T01:15:51.511435
25834,0.1336270779090727,0.005777696519116304,1.5353615969083608e-05,0.0026655951514840126,0.050130230898503214,90.34258976520505,138.60530750994803,0.22381121898069978,229.23149987997022,0.1395968704857569,12.014866944,2026-01-21T01:19:40.743532
25835,0.13378730222311236,0.029177500891004904,1.534952782018543e-05,0.0028165369294583797,0.04742146097123623,92.0237106171553,140.26779143186286,0.1824059080099687,232.5323872140143,0.13761523882068252,11.992220672,2026-01-21T01:23:33.276496
25836,0.133947526537152,0.010048850263916442,1.534543850001726e-05,0.002809475001413375,0.045866011176258326,89.81348765204893,136.67002222198062,0.1684892140328884,226.7091957560042,0.141149986851173,11.992896512,2026-01-21T01:27:19.986339
25837,0.13410775085119167,0.003302409711423593,1.5341348009680302e-05,0.0028714739019051194,0.04492298001423478,89.95099349686643,136.78852607210865,0.16702164901653305,226.96302614896558,0.14099212784992135,12.007107584,2026-01-21T01:31:06.950181
25838,0.1342679751652313,0.004215109279821938,1.5337256350276072e-05,0.003194355987943709,0.0452561701531522,90.57605097407941,138.0876581327757,0.22299161303089932,228.94175586500205,0.13977354143675363,12.009649152,2026-01-21T01:34:55.892659
25839,0.13442819947927098,0.004969187445790446,1.5333163522906394e-05,0.0035986279835924506,0.046210668224375695,90.54297619289719,138.04829335503746,0.18358656601049006,228.83287747896975,0.1398400455063144,12.01521408,2026-01-21T01:38:44.726207
25840,0.13458842379331062,0.027457083512167912,1.532906952867342e-05,0.0037189520080573857,0.05084361898479983,91.84623527998338,140.88658784603467,0.22129585995571688,233.01801051199436,0.13732844053422572,12.008304128,2026-01-21T01:42:37.744837
25841,0.1347486481073503,0.0013370053070307364,1.5324974368679603e-05,0.0025496010202914476,0.04620526492362842,94.04042404296342,141.12534714402864,0.2616497499984689,235.48541298200144,0.13588952111630717,12.009171968,2026-01-21T01:46:33.230957
25842,0.13490887242138994,0.0013757839930361726,1.5320878044027713e-05,0.003189187089446932,0.04612623300636187,90.39823059301125,139.1553217630135,0.2803618719917722,229.89489406597568,0.1391940440000228,12.003846144,2026-01-21T01:50:23.126768
25843,0.1350690967354296,0.00048036930175143766,1.531678055582084e-05,0.003079174959566444,0.04481211997335777,92.25617214094382,143.4335362900747,0.220512454980053,235.96853260498028,0.1356113022644809,12.014639616,2026-01-21T01:54:19.095883
25844,0.13522932104946925,0.015930891358327592,1.531268190516238e-05,0.0031082179048098624,0.0439348469953984,92.42944290209562,144.586480442842,0.1992406759527512,237.2714338239748,0.13486663558386858,12.019323392,2026-01-21T01:58:16.367939
25845,0.13538954536350892,0.004630954048201907,1.530858209315605e-05,0.0034711180487647653,0.05245038593420759,89.45986678107874,137.50602532492485,0.20975271402858198,227.24069473397685,0.14081984759578975,11.992136704,2026-01-21T02:02:03.609242
25846,0.13554976967754856,0.002901022028598099,1.530448112090587e-05,0.002666236076038331,0.03959697805112228,91.02877451694803,143.07465210411465,0.1915117830503732,234.34445509401849,0.13655112935000605,11.993084928,2026-01-21T02:05:57.954449
25847,0.13570999399158823,0.0013181051210695571,1.5300378989516174e-05,0.002914687036536634,0.04812856699572876,92.25749414297752,142.3297195850173,0.1882642789860256,234.83385225804523,0.13626655481015176,11.993821184,2026-01-21T02:09:52.788943
25848,0.13587021830562787,2.3105138335921538e-06,1.529627570009162e-05,0.0029656460392288864,0.05247767484979704,93.7539530210197,146.10990815691184,0.2839105619932525,240.2106271290104,0.13321642086556687,12.009182208,2026-01-21T02:13:53.000126
25849,0.13603044261966754,0.006840370973543841,1.5292171253737166e-05,0.002703102014493197,0.04622395389014855,91.98085190419806,142.76056968065677,0.1725453509716317,234.97124173300108,0.13618687871753152,11.993086976,2026-01-21T02:17:47.971940
25850,0.13619066693370718,0.007360310305789319,1.528806565155808e-05,0.002861569169908762,0.03950236696982756,90.8393917750218,137.54989999794634,0.20770854398142546,228.64564878604142,0.1399545548751924,12.001750528,2026-01-21T02:21:36.618437
25851,0.13635089124774685,0.0014363775095116438,1.5283958894659953e-05,0.003106368938460946,0.04809575597755611,90.58048139803577,137.4184481978882,0.15166182001121342,228.20915222901385,0.14022224651133694,12.010902528,2026-01-21T02:25:24.828085
25852,0.1365111155617865,0.0008981643398202621,1.5279850984148678e-05,0.003249664092436433,0.04728156403871253,91.01109512109542,140.62156891683117,0.18639890803024173,231.87633464700775,0.13800459649629426,12.0091904,2026-01-21T02:29:16.705223
25853,0.13667133987582616,0.005340292669929525,1.527574192113046e-05,0.002893616969231516,0.04749623098177835,91.20501838409109,140.39125532092294,0.19602271600160748,231.85107649100246,0.1380196308954461,12.009597952,2026-01-21T02:33:08.556885
25854,0.1368315641898658,9.656449311279403e-07,1.5271631706711815e-05,0.0033207550295628607,0.04389769094996154,92.11856320995139,142.47892900719307,0.25676570198265836,234.90967647597427,0.13622257064950175,12.018038784,2026-01-21T02:37:03.467317
25855,0.13699178850390548,0.00872928090220304,1.526752034199957e-05,0.0032539060921408236,0.04634218284627423,89.88178604800487,138.2259299600264,0.17872875405009836,228.3422105970094,0.1401405369438037,12.00781312,2026-01-21T02:40:51.810182
25856,0.13715201281794512,0.026316728819454127,1.5263407828100856e-05,0.0031751710339449346,0.05416599806630984,91.23114317614818,140.70946275489405,0.16594290098873898,232.17132314504124,0.13782925284019282,12.005693952,2026-01-21T02:44:43.982076
25857,0.1373122371319848,0.006634553334288418,1.5259294166123126e-05,0.003008466970641166,0.04690573189873248,91.69625109789195,139.7708803480491,0.19124801503494382,231.71594957698835,0.1381001180903514,12.018855424,2026-01-21T02:48:35.698661
25858,0.13747246144602443,0.015725053791658006,1.5255179357174128e-05,0.0028359650168567896,0.04706969310063869,89.83646468195366,136.89840196387377,0.18423230695771053,226.97737813100684,0.14098321279193837,11.992413184,2026-01-21T02:52:22.676675
25859,0.1376326857600641,0.014426964662666464,1.5251063402361927e-05,0.00290838599903509,0.044584674877114594,90.1976797870011,136.91879161604447,0.20889687398448586,227.38172725698678,0.14073250470049253,11.993214976,2026-01-21T02:56:10.059241
25860,0.13779291007410374,0.010512981696937151,1.5246946302794896e-05,0.002821155940182507,0.04788849694887176,93.71907941618701,144.49961334379623,0.17860337102320045,238.4559255539789,0.13419670710911402,12.00344832,2026-01-21T03:00:08.515762
25861,0.1379531343881434,0.006450423054165988,1.5242828059581716e-05,0.002774770080577582,0.04961893311701715,89.09404581895797,134.5640528340591,0.19429466198198497,223.91248159494717,0.14291297998245273,12.007007744,2026-01-21T03:03:52.428908
25862,0.13811335870218305,0.006158761600586704,1.5238708673831375e-05,0.0028397151036188006,0.04546003695577383,90.27687452500686,136.93099930905737,0.17290876002516598,227.43946159502957,0.14069678047769052,12.029292544,2026-01-21T03:07:39.869131
25863,0.13827358301622272,0.0074617472523113015,1.5234588146653166e-05,0.0028269439353607595,0.05067012313520536,92.71544399496634,138.6523414660478,0.18297734897350892,231.6126287819934,0.1381617235997963,12.010660864,2026-01-21T03:11:31.482705
25864,0.13843380733026237,0.023489460788564287,1.5230466479156695e-05,0.0030964648467488587,0.054873517830856144,92.90931822208222,142.76272771513322,0.19951173098525032,235.9374212170369,0.13562918436140514,12.012878848,2026-01-21T03:15:27.420686
25865,0.13859403164430203,0.008932838263120857,1.5226343672451872e-05,0.01362012984463945,0.048576975939795375,93.48067198018543,143.3945168389473,0.18747052497928962,237.13253950397484,0.1349456302662487,12.00471808,2026-01-21T03:19:24.553796
25866,0.13875425595834168,0.015608047496788124,1.5222219727648912e-05,0.003207988105714321,0.052221814868971705,92.8934988300316,141.87261109700194,0.18607263499870896,235.0138686419814,0.13616217708729605,12.021067264,2026-01-21T03:23:19.568273
25867,0.13891448027238135,0.0009697412218621082,1.5218094645858339e-05,0.002957613847684115,0.043130254081916064,92.89310111908708,146.78784915886354,0.24786560097709298,239.98108151298948,0.13334384443245345,12.012579328,2026-01-21T03:27:19.550188
25868,0.139074704586421,0.007537513832473586,1.5213968428190984e-05,0.002975576848257333,0.0519771859399043,91.88135229598265,140.8410390880308,0.17138194403378293,232.96414470596937,0.13736019351985734,11.99209984,2026-01-21T03:31:12.514977
25869,0.13923492890046066,0.003818179088620255,1.5209841075757983e-05,0.0027102678432129323,0.04069542099023238,94.2100809738622,143.25921285816003,0.19827810203423724,237.7181276039919,0.13461320902421006,11.992832,2026-01-21T03:35:10.233837
25870,0.1393951532145003,0.010731794330240518,1.5205712589670777e-05,0.0028126639663241804,0.04621547693386674,92.38104395696428,143.32900972414063,0.20585725601995364,235.97104606596986,0.13560985779184892,12.022550528,2026-01-21T03:39:06.205507
25871,0.13955537752853994,0.0008078305237599892,1.520158297104111e-05,0.0026773479185067117,0.04335563280619681,93.31995235005161,142.6424617319717,0.20660365599906072,236.222800293006,0.13546533171356806,11.99279104,2026-01-21T03:43:02.428964
25872,0.1397156018425796,0.019119415150160357,1.5197452220981033e-05,0.003000357188284397,0.03955584374489263,92.53290950699011,144.74688743409934,0.25347776792477816,237.58318817801774,0.1346896648933882,12.008062464,2026-01-21T03:47:00.012975
25873,0.13987582615661925,0.0031060893320793426,1.5193320340602902e-05,0.0029156036907806993,0.04711518285330385,91.658514381852,139.5729946991196,0.2118004319490865,231.50257882499136,0.13822740188216645,11.993029632,2026-01-21T03:50:51.516176
25874,0.14003605047065892,5.488514932316946e-05,1.5189187331019383e-05,0.002610641182400286,0.04513530572876334,92.70322807203047,146.39876053412445,0.3078832750907168,239.4664887180552,0.1336303888335557,11.99209984,2026-01-21T03:54:50.983406
25875,0.14019627478469857,0.0013022959720867533,1.5185053193343435e-05,0.0027441459242254496,0.05018584488425404,96.62799170194194,145.60208741307724,0.22034900600556284,242.50968746701255,0.13195349156661138,12.019153408,2026-01-21T03:58:53.493772
25876,0.14035649909873824,0.02771312906630108,1.5180917928688328e-05,0.0028969149570912123,0.04658189904876053,93.80469195009209,144.1136181410402,0.2105275719659403,238.18575005803723,0.13434892722256794,12.01241088,2026-01-21T04:02:51.680128
25877,0.14051672341277788,0.004093676433614357,1.517678153816764e-05,0.0029500850941985846,0.04525123001076281,94.26823883282486,146.9469025762519,0.2103961199754849,241.4813429180067,0.13251541346142579,12.02603264,2026-01-21T04:06:53.162199
25878,0.14067694772681755,0.009692177825984416,1.5172644022895234e-05,0.0027828706661239266,0.043590864981524646,93.75242000911385,147.00373144389596,0.21791421703528613,241.02827637002338,0.132764505816214,11.99271424,2026-01-21T04:10:54.191061
25879,0.1408371720408572,6.680434958550308e-07,1.5168505383985296e-05,0.0028953744331374764,0.041432638303376734,91.6912392990198,140.42547212680802,0.16562135401181877,232.3341437940253,0.1377326615771526,12.016989184,2026-01-21T04:14:46.525824
25880,0.14099739635489686,0.015393507181204136,1.5164365622552304e-05,0.0029649731004610658,0.0439963152166456,92.3251524650259,141.6399651080137,0.20159155398141593,234.2211041910341,0.1366230430452601,12.010074624,2026-01-21T04:18:40.747552
25881,0.1411576206689365,0.02193959938756951,1.516022473971104e-05,0.002772143925540149,0.04950963903684169,93.9252636131132,144.37947422999423,0.17076908005401492,238.5369895659387,0.1341511019244009,12.011097088,2026-01-21T04:22:39.285122
25882,0.14131784498297617,0.007557446792825218,1.5156082736576591e-05,0.004038803745061159,0.04301076114643365,92.67128383484669,145.0139651709469,0.168179078027606,237.90943070093635,0.13450496647283203,12.031126528,2026-01-21T04:26:37.195164
25883,0.1414780692970158,0.0003859092048736912,1.5151939614264339e-05,0.0032439236529171467,0.04797170695383102,97.2213079208741,142.93415477406234,0.17201073898468167,240.38524824893102,0.13311964953382827,12.013597184,2026-01-21T04:30:37.581111
25884,0.14163829361105548,3.862124064202277e-05,1.5147795373889976e-05,0.002807822893373668,0.049217274179682136,93.24201189982705,142.92172080022283,0.20139294699765742,236.42850371904206,0.1353474707856162,12.009445376,2026-01-21T04:34:34.010413
25885,0.14179851792509512,2.900521719695348e-06,1.5143650016569488e-05,0.0027133638504892588,0.04766356619074941,93.31003194476943,145.9912061020732,0.2548090519849211,239.61476173100527,0.13354769868445596,12.016056832,2026-01-21T04:38:33.625864
25886,0.1419587422391348,0.0004457504646635524,1.5139503543419166e-05,0.0031602459494024515,0.049236990977078676,91.54089522571303,145.03143753437325,0.19506229006219655,236.82787548494525,0.13511922924813885,12.015202816,2026-01-21T04:42:30.454578
25887,0.14211896655317444,0.0069929275700610916,1.5135355955555599e-05,0.002909913659095764,0.04671861068345606,98.10433019616175,140.57950324437115,0.2665028590708971,239.0082544439938,0.13388658929141078,11.992306688,2026-01-21T04:46:29.463444
25888,0.1422791908672141,0.004843428521942528,1.5131207254095679e-05,0.0034033580450341105,0.05291116493754089,92.00296432978939,140.82631224615034,0.20093237794935703,233.09297991904896,0.13728427175761923,11.993208832,2026-01-21T04:50:22.557051
25889,0.14243941518125375,0.00496551673272716,1.5127057440156594e-05,0.0031988590490072966,0.04883454635273665,91.45758661697619,142.88114682910964,0.16731843596789986,234.5678067089757,0.1364211076062192,11.991975936,2026-01-21T04:54:17.125500
25890,0.14259963949529342,4.8891107669035705e-06,1.5122906514855838e-05,0.0029203551821410656,0.03819849179126322,91.05870954704005,140.81498112226836,0.15078477491624653,232.07335310208146,0.13788743762375963,11.992228352,2026-01-21T04:58:09.199455
25891,0.14275986380933306,0.0020123705640742173,1.5118754479311194e-05,0.0038353550480678678,0.04284566198475659,91.56987997784745,137.11728760809638,0.16489154601003975,228.91033161105588,0.13979272920879587,11.993070592,2026-01-21T05:01:58.110531
25892,0.14292008812337273,0.00024405507391023207,1.5114601334640754e-05,0.0031447908841073513,0.041742156841792166,91.55456739198416,141.1312488131225,0.21124838199466467,232.94974527403247,0.1373686842299678,12.007050752,2026-01-21T05:05:51.061008
25893,0.14308031243741237,0.008224075885326698,1.5110447081962905e-05,0.002623249194584787,0.05103642703033984,94.39248872909229,144.35670155182015,0.19014315505046397,239.00019751593936,0.13389110273796265,12.011897856,2026-01-21T05:09:50.061826
25894,0.14324053675145204,0.003172102221902229,1.5106291722396325e-05,0.002939848112873733,0.04934142902493477,91.09053364594001,142.39900856721215,0.19872195506468415,233.74796168296598,0.1368995894963218,12.007056896,2026-01-21T05:13:43.810532
25895,0.14340076106549168,0.0098953500220329,1.5102135257060006e-05,0.00343686412088573,0.048272306099534035,93.72892980719917,142.7245123561006,0.20149753999430686,236.7149553759955,0.1351836851591043,12.016990208,2026-01-21T05:17:40.526155
25896,0.14356098537953135,0.000379142912661834,1.5097977687073225e-05,0.002882775035686791,0.046191148925572634,91.75156757980585,144.250112821348,0.20937593607231975,236.26808746904135,0.13543936611495624,11.993142272,2026-01-21T05:21:36.794810
25897,0.143721209693571,0.003935307642846553,1.5093819013555563e-05,0.002834843471646309,0.047059724340215325,92.49209322570823,139.08042850915808,0.24400836799759418,231.87734241003636,0.13800399671397537,11.99200768,2026-01-21T05:25:28.672969
25898,0.14388143400761066,3.8114339329098357e-07,1.5089659237626887e-05,0.003044237964786589,0.04829770291689783,94.01839489105623,145.00520428118762,0.1636249099392444,239.24559855100233,0.1337537668145575,12.0122624,2026-01-21T05:29:27.919232
25899,0.1440416583216503,0.009031153555212335,1.5085498360407384e-05,0.0030025749001652002,0.04837358382064849,91.8549794111168,139.68773346592207,0.20729795296210796,231.80894976400305,0.13804471325450607,12.005691904,2026-01-21T05:33:19.728744
25900,0.14420188263568998,0.005405339183158109,1.508133638301751e-05,0.003111631842330098,0.040238085901364684,91.29234077420551,139.23673565965146,0.21664735104423016,230.7978354069637,0.13864948058795565,11.992630272,2026-01-21T05:37:10.527179
25901,0.14436210694972962,0.01967103090447342,1.5077173306578037e-05,0.002423904836177826,0.052049788064323366,93.95327369484585,144.4460474071093,0.28500249003991485,238.74633372400422,0.13403347184796008,12.016841216,2026-01-21T05:41:09.274091
25902,0.1445223312637693,3.1913597839938745e-06,1.5073009132210023e-05,0.0029047197895124555,0.050399630796164274,93.37054043391254,145.14562294317875,0.20181022095493972,238.78169109404553,0.13401362497008457,11.992742912,2026-01-21T05:45:08.056663
25903,0.14468255557780893,0.01193225182476887,1.5068843861034823e-05,0.0025521493516862392,0.04424479673616588,91.2279555919813,141.9178454730427,0.2335831659147516,233.43239059997723,0.13708466043530773,11.992853504,2026-01-21T05:49:01.489670
25904,0.1448427798918486,0.006225121052318094,1.5064677494174094e-05,0.0026499542873352766,0.040520794107578695,91.80715080059599,140.67636138456874,0.28483213402796537,232.81779449002352,0.13744653869818887,11.993039872,2026-01-21T05:52:54.308045
25905,0.14500300420588824,0.001345220681861825,1.506051003274978e-05,0.0029230929212644696,0.04253238986711949,92.22177660814486,142.77301412587985,0.2003846149891615,235.2487102119485,0.13602625056336948,12.01222144,2026-01-21T05:56:49.557417
25906,0.1451632285199279,0.004943238657342697,1.5056341477884123e-05,0.004086843808181584,0.044252980034798384,93.16498842695728,141.6363301689271,0.19388035195879638,235.05086225701962,0.1361407471248038,12.021927936,2026-01-21T06:00:44.608792
25907,0.14532345283396755,0.008455141503340258,1.505217183069966e-05,0.0027683869702741504,0.04112377006094903,90.86549964395817,141.09512921713758,0.19186195894144475,232.2036957750097,0.1378100374035645,12.029795328,2026-01-21T06:04:36.813060
25908,0.14548367714800722,1.5908101063111246e-05,1.504800109231922e-05,0.0029239890864118934,0.039896586909890175,90.23186926695053,138.6614208049141,0.1555660020094365,229.09831541101448,0.13967802400724907,12.003625984,2026-01-21T06:08:25.911967
25909,0.14564390146204687,0.0026292401517135078,1.5043829263865931e-05,0.002666162676177919,0.04701640410348773,91.18218369479291,140.43127158703282,0.16732333099935204,231.83661625999957,0.13802823952585952,11.992650752,2026-01-21T06:12:17.749191
25910,0.1458041257760865,0.0023683541802634878,1.5039656346463208e-05,0.002849650802090764,0.052301777875982225,91.80213931633625,141.66019658686128,0.1810087220510468,233.70686636096798,0.13692366209974738,12.007890432,2026-01-21T06:16:11.456718
25911,0.14596435009012618,0.021697608842436544,1.5035482341234764e-05,0.002652319031767547,0.04661515390034765,91.94880501530133,140.9458429546794,0.1842348809586838,233.1355798280565,0.13725918636529363,11.991937536,2026-01-21T06:20:04.592894
25912,0.14612457440416582,7.043099561343524e-07,1.5031307249304604e-05,0.0025633922778069973,0.047935832873918116,91.27733247191645,138.3243818023475,0.1668016070034355,229.8290435191011,0.13923392583470626,11.992034304,2026-01-21T06:23:54.422874
25913,0.1462847987182055,0.0005408205537573707,1.5027131071797018e-05,0.002811474143527448,0.04863242688588798,90.96076362405438,137.91151876782533,0.20250972895883024,229.13466695602983,0.13965586449710246,12.01268224,2026-01-21T06:27:43.558207
25914,0.14644502303224513,0.000511298649618741,1.5022953809836603e-05,0.0029074762715026736,0.04754350788425654,92.40601619542576,141.8979926649481,0.15499994694255292,234.51661418902222,0.13645088690478768,12.012585472,2026-01-21T06:31:38.075400
25915,0.1466052473462848,3.627067266975814e-06,1.5018775464548238e-05,0.0026936010690405965,0.05081719090230763,89.50780413416214,136.17504772671964,0.15471922408323735,225.89840632095002,0.1416565991817371,11.992865792,2026-01-21T06:35:23.974422
25916,0.14676547166032444,0.0035041915708697857,1.5014596037057094e-05,0.0029040020890533924,0.04548471316229552,90.66178822645452,138.32398887339514,0.17654271703213453,229.2171541400021,0.1396056072681843,12.010503168,2026-01-21T06:39:13.192163
25917,0.1469256959743641,0.002286231827236307,1.5010415528488632e-05,0.0027408978203311563,0.05184312001802027,92.76598076475784,137.9906445600791,0.17339069698937237,230.99067807709798,0.13853372900753738,12.008485376,2026-01-21T06:43:04.183446
25918,0.14708592028840375,0.009487656916107423,1.5006233939968615e-05,0.0027272168081253767,0.04309703526087105,95.09523281676229,142.18062105204444,0.16421326505951583,237.49301357299555,0.1347408057128574,12.00858368,2026-01-21T06:47:01.677149
25919,0.14724614460244342,0.0036971456155141524,1.5002051272623083e-05,0.002991648972965777,0.04847210505977273,93.66878326900769,143.95681800413877,0.25670956110116094,237.94037546101026,0.13448747375471648,12.017391616,2026-01-21T06:50:59.618118
25920,0.14740636891648307,0.005744587273618151,1.4997867527578375e-05,0.0028878747252747416,0.042318040621466935,91.99866797891445,144.14133886620402,0.16364076104946434,236.35751567792613,0.13538812128828168,11.992902656,2026-01-21T06:54:55.976428
25921,0.14756659323052274,0.008808789441367537,1.499368270596112e-05,0.002901765052229166,0.052652304992079735,95.59334293589927,139.58000565425027,0.2078529690625146,235.44581756694242,0.13591237394098835,12.010822656,2026-01-21T06:58:51.422863
25922,0.14772681754456238,0.008881599003935925,1.4989496808898232e-05,0.0026074907509610057,0.0481724968412891,91.49582696706057,142.32362276897766,0.2456247090594843,234.12369248608593,0.13667988771320858,11.992976384,2026-01-21T07:02:45.547320
25923,0.14788704185860205,0.0005143821367630252,1.498530983751692e-05,0.002758419024758041,0.05017307726666331,92.24664738192223,141.90935309883207,0.18263470905367285,234.398572122911,0.13651960295739446,12.010940416,2026-01-21T07:06:39.946558
25924,0.1480472661726417,0.007733996309798319,1.4981121792944675e-05,0.0027434261282905936,0.045457360218279064,96.38691777375061,143.6107959500514,0.19560514099430293,240.2491823870223,0.13319504225596301,12.01061376,2026-01-21T07:10:40.196513
25925,0.14820749048668136,0.003000386007338207,1.4976932676309286e-05,0.002838338725268841,0.04832580324728042,92.01282721583266,146.37841194518842,0.22436292900238186,238.67332643596455,0.1340744710682428,12.031024128,2026-01-21T07:14:38.870623
25926,0.148367714800721,0.0070175475564768774,1.4972742488738825e-05,0.002971414942294359,0.04973321279976517,90.82998073322233,140.52769661287311,0.19887408299837261,231.62035892601125,0.13815711256289898,12.010363904,2026-01-21T07:18:30.491742
25927,0.14852793911476067,0.00756581611241014,1.4968551231361653e-05,0.003035011002793908,0.0444825243903324,92.2260351368459,141.90224085666705,0.1548224809812382,234.3369211050449,0.136555519502006,12.009966592,2026-01-21T07:22:24.829487
25928,0.1486881634288003,0.00038698359398603444,1.4964358905306422e-05,0.0031607728451490402,0.04638373723719269,91.88440201175399,142.83327220007777,0.336483723949641,235.11123937601224,0.13610578586089012,11.992495104,2026-01-21T07:26:19.941347
25929,0.14884838774283998,4.719489308424585e-05,1.4960165511702067e-05,0.002992430003359914,0.05361162428744137,90.43299353891052,142.30460324289743,0.18313618598040193,232.9884346940089,0.13734587316330363,12.006413824,2026-01-21T07:30:12.930367
25930,0.14900861205687962,0.009268727802864696,1.4955971051677813e-05,0.0026668448699638247,0.04633453814312816,92.46737222815864,140.5099145109998,0.18061821209266782,233.2160597749753,0.13721181993588286,12.009719808,2026-01-21T07:34:06.147092
25931,0.1491688363709193,0.007204401163760643,1.4951775526363176e-05,0.0032387978862971067,0.04759999690577388,92.41552976274397,144.56590167421382,0.19044371705967933,237.22945357998833,0.13489050165185468,12.015348224,2026-01-21T07:38:03.377175
25932,0.14932906068495894,0.002645063657944924,1.4947578936887953e-05,0.003122831112705171,0.045608813874423504,90.92851721402258,139.1117340622004,0.23884126695338637,230.33761522895657,0.1389265056347478,12.003994624,2026-01-21T07:41:53.715444
25933,0.1494892849989986,0.014888404484308282,1.494338128438223e-05,0.003327139187604189,0.048898719949647784,92.16444175399374,146.8400603592163,0.18487165495753288,239.24817423895,0.13375232685387134,12.014178816,2026-01-21T07:45:52.964220
25934,0.14964950931303825,0.004414211952073366,1.4939182569976376e-05,0.0032029791036620736,0.048235464259050786,93.28031732793897,142.1964701329125,0.21463807905092835,235.74931917199865,0.13573740154326108,12.032808448,2026-01-21T07:49:48.714123
25935,0.14980973362707792,0.0008802124632074637,1.4934982794801053e-05,0.002877204096876085,0.050326121505349874,93.45581411535386,138.6823032228276,0.18177412601653486,232.38415458099917,0.13770302049078037,12.012998656,2026-01-21T07:53:41.099007
25936,0.14996995794111756,0.0010070682228633387,1.49307819599872e-05,0.003287504077889025,0.04380822088569403,92.39263679122087,142.05627039202955,0.18541193497367203,234.69119752408005,0.13634938309399822,12.008354304,2026-01-21T07:57:35.790890
25937,0.15013018225515723,0.001193083295617292,1.4926580066666056e-05,0.0030089120846241713,0.0416889808839187,92.57916039600968,144.35323538572993,0.21970900893211365,237.20425026409794,0.1349048339748209,12.013521408,2026-01-21T08:01:32.995801
25938,0.15029040656919687,0.009428861023371038,1.4922377115969126e-05,0.002678781980648637,0.04391327337361872,92.22901711391751,144.25667092588264,0.29215716291218996,236.83073084102944,0.1351176001795127,11.993089024,2026-01-21T08:05:29.827338
25939,0.15045063088323654,0.0005206366645935656,1.4918173109028209e-05,0.002917537116445601,0.04947604495100677,89.74177427834366,139.27402115962468,0.22927161399275064,229.30542659305502,0.13955186528049304,12.018898432,2026-01-21T08:09:19.133549
25940,0.15061085519727618,0.015491925188627853,1.4913968046975393e-05,0.0032360019395127892,0.04306893504690379,90.9006129980553,139.7225851820549,0.1684863780392334,230.84575570002198,0.13862069892930223,11.991917568,2026-01-21T08:13:09.979913
25941,0.15077107951131585,0.01862981251418727,1.490976193094304e-05,0.0027672811411321163,0.04030726314522326,91.37442702893168,143.4161997019546,0.16966944397427142,235.01271304104012,0.13616284662188408,12.0077696,2026-01-21T08:17:04.993373
25942,0.1509313038253555,0.005327982590647373,1.4905554762063805e-05,0.0029813930159434676,0.04433794505894184,92.86151458299719,143.8419974418357,0.21021149191074073,236.9682640149258,0.13503917975271335,12.007347712,2026-01-21T08:21:01.962488
25943,0.15109152813939516,0.0041226257358077945,1.4901346541470618e-05,0.0028482088819146156,0.04938688559923321,93.20565255614929,143.0882931558881,0.23515681305434555,236.5887868310092,0.13525577618713172,11.992102912,2026-01-21T08:24:58.552115
25944,0.1512517524534348,0.007871097494971835,1.4897137270296702e-05,0.0027441930724307895,0.04233228915836662,92.41659820242785,145.07376434258185,0.23739486595150083,237.77917104796506,0.13457865068233804,11.992034304,2026-01-21T08:28:56.331890
25945,0.15141197676747448,4.863181928271842e-07,1.4892926949675552e-05,0.0035957000218331814,0.039515170152299106,91.35963177599479,138.91279695788398,0.1788325150264427,230.50207595690154,0.13882738308171788,11.992804352,2026-01-21T08:32:46.834469
25946,0.15157220108151412,0.004949723241139736,1.4888715580740957e-05,0.003000655793584883,0.041865729028359056,93.24058871285524,145.29905976401642,0.16830536897759885,238.76255977305118,0.13402436307608978,12.026844672,2026-01-21T08:36:45.597640
25947,0.1517324253955538,0.0026256943571532076,1.488450316462698e-05,0.003237580880522728,0.0434685229556635,91.00746271875687,139.7489021931542,0.21471353305969387,231.0247799810022,0.1385132798422379,11.993342976,2026-01-21T08:40:36.623014
25948,0.15189264970959343,0.01040860754911499,1.4880289702467971e-05,0.0029605982126668096,0.04461979493498802,92.31060128798708,140.46978646994103,0.21317107300274074,233.04926757502835,0.13731002175193643,12.00599808,2026-01-21T08:44:29.672886
25949,0.1520528740236331,0.00022271844367605098,1.4876075195398554e-05,0.0034586169058457017,0.05192059406545013,96.87052181991749,148.91223612171598,0.1876815090654418,246.03619049000554,0.13006216661162254,12.01161728,2026-01-21T08:48:35.709823
25950,0.15221309833767274,0.002506967599066545,1.4871859644553645e-05,0.00285030878148973,0.038176830974407494,91.80896661721636,142.49126915785018,0.32100689702201635,234.66973934799898,0.13636185086712954,12.014107136,2026-01-21T08:52:30.380330
25951,0.15237332265171238,0.007479317276290809,1.4867643051068437e-05,0.002783297561109066,0.04824778460897505,91.20115169894416,139.8317399212392,0.16701686300802976,231.2621115889633,0.1383711312680376,12.007261696,2026-01-21T08:56:21.643190
25952,0.15253354696575205,0.0031332983167748907,1.4863425416078395e-05,0.004143367754295468,0.05312472383957356,89.8322130010929,136.7272942319978,0.20630189403891563,226.83041243394837,0.14107455722815918,12.010665984,2026-01-21T09:00:08.474389
25953,0.1526937712797917,0.004163302384765366,1.4859206740719279e-05,0.003078866982832551,0.04274806019384414,91.13270394294523,138.84575733693782,0.1679378330009058,230.20119168097153,0.13900883729719252,11.99313408,2026-01-21T09:03:58.676193
25954,0.15285399559383137,0.0024898990049986303,1.4854987026127121e-05,0.002709935884922743,0.04701381118502468,90.34545869904105,138.59046810783911,0.22689736005850136,229.2208896940574,0.13960333215140472,12.013181952,2026-01-21T09:07:47.897852
25955,0.153014219907871,0.01771012096054747,1.4850766273438228e-05,0.002773679210804403,0.045781583175994456,89.85498536319938,136.70125654980075,0.2504775800043717,226.8632236380363,0.14105415362983859,12.004706304,2026-01-21T09:11:34.761757
25956,0.15317444422191068,0.008518265619379406,1.4846544483789202e-05,0.0031660408712923527,0.05253076204098761,92.22087431012187,141.70269511186052,0.22425920004025102,234.210510556004,0.13662922267678596,12.023184384,2026-01-21T09:15:28.972918
25957,0.15333466853595032,0.009297332796249336,1.484232165831691e-05,0.0025261702248826623,0.05044877913314849,90.42626793612726,137.85807492083404,0.1751859390642494,228.52349512197543,0.14002936539597322,12.016228864,2026-01-21T09:19:17.496985
25958,0.15349489284999,0.016321525350962318,1.4838097798158497e-05,0.0025832928949967027,0.049994974164292216,89.68594545987435,136.4258234789595,0.1765974030131474,226.34788050106727,0.14137530216391453,12.0066944,2026-01-21T09:23:03.845444
25959,0.15365511716402963,0.002484691238857195,1.4833872904451404e-05,0.003351984196342528,0.050290877814404666,89.22713564930018,134.69399144756608,0.15838195791002363,224.13940089405514,0.1427682945183099,11.993129984,2026-01-21T09:26:47.985615
25960,0.1538153414780693,0.00610649272540531,1.482964697833333e-05,0.0028195338090881705,0.04817145422566682,91.65752829494886,140.72621183504816,0.17241514602210373,232.61414603097364,0.1375668700550097,12.010407936,2026-01-21T09:30:40.600356
25961,0.15397556579210894,0.0033098383521448227,1.4825420020942263e-05,0.013636922114528716,0.052014634129591286,94.7565905440133,138.8836454822449,0.17030372808221728,233.88251182599925,0.1368208326059322,12.028419072,2026-01-21T09:34:34.483451
25962,0.1541357901061486,9.670178808818264e-07,1.4821192033416467e-05,0.0035264178877696395,0.05194868624676019,92.65803565178066,143.61550312116742,0.16823315108194947,236.50348116096575,0.13530456229614904,11.992097792,2026-01-21T09:38:30.987534
25963,0.15429601442018825,0.013903592323389447,1.4816963016894485e-05,0.0032516488572582603,0.045861116726882756,91.33623827295378,139.85263862123247,0.18550731800496578,231.43033106299117,0.1382705536176681,12.007853568,2026-01-21T09:42:22.418464
25964,0.15445623873422792,5.552231869820901e-07,1.4812732972515131e-05,0.0026885141851380467,0.04501751228235662,90.95858918596059,140.2597338319756,0.16911987902130932,231.4413110660389,0.138263993807351,12.010112,2026-01-21T09:46:13.860347
25965,0.15461646304826757,1.1925916503230383e-06,1.4808501901417499e-05,0.002730395761318505,0.049785475828684866,91.3130446029827,142.66232869704254,0.17166289396118373,234.2077591540292,0.13663082775560337,12.007276032,2026-01-21T09:50:08.068710
25966,0.15477668736230724,0.0034770634661716038,1.4804269804740963e-05,0.0027464712038636208,0.04860852682031691,92.52940843813121,142.79218770784792,0.18261586094740778,235.56163654394913,0.13584554968070833,12.012340224,2026-01-21T09:54:03.630944
25967,0.15493691167634688,0.006874274982548556,1.480003668362517e-05,0.0032342677004635334,0.049315411248244345,93.95574175263755,142.96770073345397,0.15269911906216294,237.13498446601443,0.13494423891969495,11.992902656,2026-01-21T09:58:00.766532
25968,0.15509713599038655,0.009196026891691744,1.4795802539210041e-05,0.0030110604129731655,0.04471778543666005,92.65074964181986,142.35737087321468,0.1543548220070079,235.2175020420691,0.13604429824391528,12.031665664,2026-01-21T10:01:55.984772
25969,0.1552573603044262,0.0029958801814924385,1.479156737263578e-05,0.0026629772037267685,0.04272392811253667,91.36205306591,139.36463913694024,0.16515344206709415,230.9482603840297,0.13855917315328187,12.017750016,2026-01-21T10:05:46.933777
25970,0.15541758461846586,0.003668168919644721,1.4787331185042856e-05,0.0035299608716741204,0.047968641854822636,92.92012710520066,142.4619849260198,0.16055299900472164,235.60134025698062,0.13582265688767395,11.992634368,2026-01-21T10:09:42.535779
25971,0.1555778089325055,0.006960334258591772,1.4783093977572019e-05,0.0028797120321542025,0.04021674592513591,90.58158581890166,139.81266846798826,0.19617196498438716,230.64477721403819,0.13874148977717377,12.010253312,2026-01-21T10:13:33.181328
25972,0.15573803324654517,0.0011719590838703553,1.4778855751364295e-05,0.003756345948204398,0.043449511867947876,93.78068273223471,144.0687760937726,0.15684635296929628,238.06072487600613,0.13441948484642813,12.029816832,2026-01-21T10:17:31.242710
25973,0.1558982575605848,0.006091883933414088,1.477461650756098e-05,0.0035304840421304107,0.05355802527628839,92.90375282277819,143.67226080491673,0.20278641500044614,236.84393740491942,0.1351100659388689,12.001925632,2026-01-21T10:21:28.087251
25974,0.15605848187462448,0.00017527883398038568,1.4770376247303644e-05,0.0031022942857816815,0.046175925876013935,92.86728406918701,142.2707385260146,0.2254994169343263,235.42033722100314,0.13592708420071495,11.993125888,2026-01-21T10:25:23.508202
25975,0.15621870618866412,0.00013991702247206916,1.4766134971734138e-05,0.003596216323785484,0.04685392789542675,92.78856274217833,144.11529519595206,0.20169047906529158,237.1636859839782,0.1349279079857183,12.015839744,2026-01-21T10:29:20.672546
25976,0.1563789305027038,0.0010404836178921073,1.4761892681994581e-05,0.0028554898453876376,0.043442608788609505,91.49178262194619,139.44386494124774,0.17441715102177113,231.1634375139838,0.13843019615965096,11.993562112,2026-01-21T10:33:11.836584
25977,0.15653915481674344,0.019149120061961344,1.4757649379227357e-05,0.0034942650236189365,0.04738337092567235,91.10641283227596,138.94869161164388,0.1796313269296661,230.29277449008077,0.13895355627572376,12.015979008,2026-01-21T10:37:02.129972
25978,0.1566993791307831,0.012197231896402094,1.4753405064575136e-05,0.0029199859127402306,0.04386650293599814,89.49607489700429,133.05371778609697,0.19243737601209432,222.7954203169793,0.14362952323917796,11.992138752,2026-01-21T10:40:44.926123
25979,0.15685960344482275,0.007178714762600791,1.4749159739180858e-05,0.002838130807504058,0.04811614297796041,92.5264168730937,137.3827794570243,0.3888434950495139,230.35535397590138,0.13891580745871301,12.016416768,2026-01-21T10:44:35.282071
25980,0.15701982775886242,0.0020024463907528656,1.4744913404187731e-05,0.0029107207665219903,0.04314982600044459,93.40308427601121,144.7685883330414,0.17704780492931604,238.40240164799616,0.13422683571471886,12.004860928,2026-01-21T10:48:33.685072
25981,0.15718005207290206,0.017327830938526745,1.4740666060739235e-05,0.0027014570077881217,0.044892044039443135,92.7951471938286,146.94097816210706,0.20829491305630654,239.99891037400812,0.13333393868385496,12.006393344,2026-01-21T10:52:33.694809
25982,0.15734027638694173,0.0019466168738002665,1.4736417709979127e-05,0.0028786042239516973,0.04264561296440661,91.60697084502317,143.93896406702697,0.21740807010792196,235.81827263708692,0.1356977118106809,12.009413632,2026-01-21T10:56:29.513829
25983,0.15750050070098137,0.00047766918503855393,1.4732168353051423e-05,0.002849404700100422,0.042774320929311216,93.85681966017,147.97132878389675,0.2066755770938471,242.08790414605755,0.13218339062778459,12.008679936,2026-01-21T11:00:31.602613
25984,0.15766072501502104,0.0003480120407663989,1.4727917991100426e-05,0.0030066868057474494,0.04658446798566729,90.95028923801146,142.03037184581626,0.19095281301997602,233.22770749602932,0.13720496738383794,11.992704,2026-01-21T11:04:24.831076
25985,0.15782094932906068,0.004410059837899105,1.4723666625270699e-05,0.003315008827485144,0.037991392076946795,91.68910631584004,141.96317890507635,0.1790590420132503,233.88369348808192,0.1368201413393133,11.992728576,2026-01-21T11:08:18.715525
25986,0.15798117364310035,0.0025470545267580746,1.4719414256707079e-05,0.002902463311329484,0.046359367901459336,91.87803076615091,141.6579778721789,0.19793257303535938,233.78969821205828,0.13687514995196448,11.992430592,2026-01-21T11:12:12.505848
25987,0.15814139795714,0.003762048159154041,1.4715160886554673e-05,0.004559896187856793,0.043048157007433474,92.98556304303929,142.23911356180906,0.1996684679761529,235.48104252200574,0.13589204318648962,12.014852608,2026-01-21T11:16:07.987575
25988,0.15830162227117967,0.00416222582834358,1.4710906515958856e-05,0.002881266991607845,0.04641958710271865,93.69703598879278,146.18251523422077,0.2272154079983011,240.16412117506843,0.13324221721142723,12.005172736,2026-01-21T11:20:08.152338
25989,0.1584618465852193,0.005962060907704014,1.4706651146065274e-05,0.003064289572648704,0.04482204432133585,92.48260017391294,141.71625624608714,0.20131050399504602,234.45439041301142,0.13648710072619782,12.028804096,2026-01-21T11:24:02.607386
25990,0.15862207089925895,0.004503470899454243,1.470239477801984e-05,0.0036673429422080517,0.052806812105700374,93.4935075227404,146.9845402361825,0.1919941999949515,240.73452947591431,0.1329265065118198,12.015899136,2026-01-21T11:28:03.342521
25991,0.15878229521329862,0.012992645674809788,1.469813741296874e-05,0.0029977356316521764,0.04617693310137838,92.56080905976705,144.50107218604535,0.18069822597317398,237.3001946080476,0.13485028974735944,11.9928064,2026-01-21T11:32:00.643445
25992,0.15894251952733826,0.01151577758664113,1.4693879052058426e-05,0.0030273329466581345,0.04136577597819269,93.39033829711843,142.35697800421622,0.20640821801498532,236.00465758296195,0.13559054438894344,12.010167296,2026-01-21T11:35:56.648770
25993,0.15910274384137793,0.007159520169242484,1.468961969643561e-05,0.003737164312042296,0.04720463301055133,90.79062217008322,144.12635121913627,0.1657428980106488,235.14260643604212,0.13608762990684922,12.023709696,2026-01-21T11:39:51.791986
25994,0.15926296815541757,0.013977540787773357,1.4685359347247287e-05,0.002816464053466916,0.045230334042571485,93.28475359093864,146.57646851520985,0.19646409491542727,240.11249665508512,0.133270864473027,12.011145216,2026-01-21T11:43:51.905258
25995,0.15942319246945724,0.021089732681118356,1.4681098005640716e-05,0.0026458437787368894,0.045316239120438695,93.24649002100341,144.93848494975828,0.19959267799276859,238.44145714095794,0.13420485004452376,12.008218112,2026-01-21T11:47:50.347304
25996,0.15958341678349688,0.0011972898113612462,1.4676835672763413e-05,0.00413979880977422,0.04613332427106798,93.06593249714933,145.80967500666156,0.15662536805029958,239.09023295994848,0.13384068267381094,11.99312128,2026-01-21T11:51:49.438135
25997,0.15974364109753655,0.011785176712586165,1.4672572349763166e-05,0.0028803773457184434,0.0440249009989202,92.76277529075742,142.16664167505223,0.21479432797059417,235.19909406499937,0.1360549458203122,12.012246016,2026-01-21T11:55:44.637861
25998,0.1599038654115762,0.0035624121847064316,1.4668308037788039e-05,0.002930139424279332,0.05275656736921519,95.13652470696252,147.24411498289555,0.18880502495449036,242.63275419303682,0.13188656291038528,12.007525888,2026-01-21T11:59:47.271309
25999,0.16006408972561587,0.0029779781124839033,1.4664042737986348e-05,0.002748472965322435,0.04521905002184212,93.68598609394394,144.75992707314435,0.18557158100884408,238.68777227797545,0.13406635662397,12.042817536,2026-01-21T12:03:45.959725
26000,0.1602243140396555,0.0008551628701480851,1.4659776451506683e-05,0.012846361845731735,0.052410769974812865,93.90548814903013,144.0072559948312,0.16080602793954313,238.14755262807012,0.1343704759795554,12.00734976,2026-01-21T12:07:44.108032
26001,0.16038453835369518,0.007091900939538931,1.4655509179497903e-05,0.0671201559016481,0.06346545508131385,97.84421464067418,140.87642462737858,0.26095304801128805,1609.5964136969997,0.01988076000150922,12.020219904,2026-01-21T12:34:33.707371
26002,0.16054476266773482,0.004616456554408899,1.4651240923109119e-05,0.0033275156747549772,0.05191188398748636,93.53081241319887,144.77915288961958,0.17015085695311427,238.54177307605278,0.1341484117743924,12.012831232,2026-01-21T12:38:32.263692
26003,0.1607049869817745,0.014327002462290572,1.4646971683489721e-05,0.002745521953329444,0.051820671767927706,92.85766694089398,139.6031585521996,0.1733888010494411,232.70552627905272,0.1375128494440079,12.016300032,2026-01-21T12:42:24.969977
26004,0.16086521129581413,0.0054025593054318755,1.4642701461789356e-05,0.0027619360480457544,0.05836860020644963,93.13212403887883,141.67684023920447,0.1647230280796066,235.04378865391482,0.1361448442575852,11.99337472,2026-01-21T12:46:20.014606
26005,0.1610254356098538,0.0013192342034908933,1.463843025915794e-05,0.0032166721066460013,0.05130715307313949,93.64992452226579,146.56386731483508,0.22866805107332766,240.5037267699372,0.13305407126023786,12.006818304,2026-01-21T12:50:20.518941
26006,0.16118565992389344,0.0017186097563390845,1.4634158076745652e-05,0.003401092253625393,0.04147853085305542,93.55424618592951,145.70367603830528,0.1596560749458149,239.4696968800854,0.13362859859476925,11.992402944,2026-01-21T12:54:19.989300
26007,0.1613458842379331,0.011653514694211609,1.4629884915702931e-05,0.00331305677536875,0.053646189044229686,94.66428174893372,144.4120953049278,0.18943709798622876,239.33009146805853,0.13370654648444316,12.047229952,2026-01-21T12:58:19.320104
26008,0.16150610855197275,0.021195564846614445,1.4625610777180486e-05,0.014156891964375973,0.04051784996408969,92.5431618540315,143.60955347388517,0.20813576597720385,236.4252028990304,0.1353493604218928,12.005863936,2026-01-21T13:02:15.746388
26009,0.16166633286601242,0.01694572746037082,1.4621335662329282e-05,0.014434532728046179,0.051652893773280084,93.00288359599654,145.24224640370812,0.21611212298739702,238.53365222597495,0.13415297884126132,12.02775552,2026-01-21T13:06:14.280923
26010,0.16182655718005207,0.000286738405656628,1.4617059572300552e-05,0.003099192981608212,0.05116893781814724,93.0192986530019,140.9106556220213,0.1976106440415606,234.1895822630031,0.13664143251283858,12.010150912,2026-01-21T13:10:08.471098
26011,0.16198678149409174,0.012828773098179092,1.4612782508245793e-05,0.003093189327046275,0.0451243887655437,92.28787430282682,144.15849217842333,0.15657081990502775,236.65850292390678,0.135215931836977,11.992019968,2026-01-21T13:14:05.130198
26012,0.16214700580813138,0.003233250828312606,1.4608504471316754e-05,0.0035124399000778794,0.04750359896570444,91.99143004172947,144.76124018407427,0.21140921500045806,237.0249715190148,0.13500687203935754,12.016705536,2026-01-21T13:18:02.155883
26013,0.16230723012217105,0.001813013263253005,1.4604225462665459e-05,0.002726474078372121,0.04521228896919638,91.4027790579712,142.6418481520377,0.25474585697520524,234.3548975449521,0.13654504486667282,12.02336768,2026-01-21T13:21:56.511816
26014,0.1624674544362107,0.005881577523978443,1.4599945483444189e-05,0.0032428480917587876,0.04960479692090303,94.23258495971095,150.13625751738437,0.26201939198654145,244.69013708201237,0.13077764548096443,12.033034752,2026-01-21T13:26:01.202611
26015,0.16262767875025036,0.0025211657439303536,1.4595664534805481e-05,0.0025760437129065394,0.04715983511414379,92.61742855305783,142.29160629969556,0.19083410396706313,235.15771173196845,0.13607888835248336,11.992564736,2026-01-21T13:29:56.360906
26016,0.16278790306429,0.002880624267841192,1.4591382617902144e-05,0.013356096111238003,0.05548780201934278,91.83768868504558,138.65197545604315,0.37129601393826306,230.9375156989554,0.1385656198091021,12.01422592,2026-01-21T13:33:47.299154
26017,0.16294812737832967,0.006801377583261825,1.458709973388724e-05,0.0030178268207237124,0.04791029286570847,91.61673973500729,139.75306891615037,0.3059919869992882,231.7350408269558,0.13808874085596512,11.99211264,2026-01-21T13:37:39.035065
26018,0.1631083516923693,0.010170191552367314,1.4582815883914086e-05,0.0029394752345979214,0.047249544179067016,91.96543807594571,140.1128056369489,0.2677977100247517,232.40531697997358,0.13769048150803473,12.007227904,2026-01-21T13:41:31.440962
26019,0.16326857600640898,0.011544443259907,1.457853106913627e-05,0.0030946421902626753,0.04209810448810458,91.02384959184565,138.62179275183007,0.19016783102415502,229.8891909410013,0.1391974971464077,12.019803648,2026-01-21T13:45:21.341267
26020,0.16342880032044863,0.005289760161899082,1.4574245290707637e-05,0.002778482041321695,0.040125796338543296,91.79906161909457,140.5423603997333,0.23951654694974422,232.6323204638902,0.1375561226238429,12.012632576,2026-01-21T13:49:13.974210
26021,0.1635890246344883,1.2713709836020826e-06,1.4569958549782289e-05,0.0034721189877018332,0.043646544800139964,90.53959510196,138.5016331890365,0.16743663791567087,229.26865682308562,0.1395742464033917,12.014163456,2026-01-21T13:53:03.243619
26022,0.16374924894852794,0.0036186019334234487,1.4565670847514587e-05,0.0027540799928829074,0.043509828858077526,91.50544223014731,140.31343396101147,0.2828263690462336,232.15515805094037,0.13783884996851303,12.006557184,2026-01-21T13:56:55.399553
26023,0.1639094732625676,0.013943295356528829,1.4561382185059155e-05,0.003473814809694886,0.0442047449760139,90.76460410701111,136.83383799018338,0.2054608300095424,227.85923516598996,0.140437581898705,11.993219072,2026-01-21T14:00:43.259469
26024,0.16406969757660725,0.0030346907583478355,1.4557092563570869e-05,0.00387679401319474,0.04054222640115768,90.11408507381566,136.6267599898856,0.1956002420047298,226.9879464970436,0.14097664873327,12.007568896,2026-01-21T14:04:30.248005
26025,0.16422992189064692,0.007790010903178768,1.4552801984204868e-05,0.014011466293595731,0.04314473900012672,90.43109490687493,138.47546886000782,0.21821197494864464,229.18912308092695,0.13962268178276838,11.992913408,2026-01-21T14:08:19.437993
26026,0.16439014620468656,0.0050424080625406376,1.4548510448116549e-05,0.0028757279505953193,0.041821293765679,90.8484106392134,139.58575556077994,0.1808817529818043,230.66806767205708,0.13872748110715827,11.992416768,2026-01-21T14:12:10.106665
26027,0.16455037051872623,0.004878897992946385,1.4544217956461566e-05,0.002782338880933821,0.04353883769363165,90.8904623852577,138.98970377002843,0.27239776495844126,230.2081780360313,0.13900461865864505,12.009827328,2026-01-21T14:16:00.315611
26028,0.16471059483276587,0.007376463252873222,1.4539924510395832e-05,0.00261267286259681,0.042717042146250606,89.04245296283625,134.42877791810315,0.15903851005714387,223.6830748670036,0.14305954985206817,12.005213696,2026-01-21T14:19:43.999279
26029,0.16487081914680551,0.004277502815066114,1.4535630111075512e-05,0.003339286195114255,0.04523162089753896,90.20927779807243,137.45658978295978,0.17262066202238202,227.89515123295132,0.14041544906451317,11.992113664,2026-01-21T14:23:31.895021
26030,0.16503104346084518,0.01681305013566181,1.453133475965703e-05,0.0031448036897927523,0.05151622008997947,89.81583286309615,136.16632310475688,0.18713814695365727,226.23157291696407,0.14144798441438264,11.992914944,2026-01-21T14:27:18.127197
26031,0.16519126777488483,0.005094362873580671,1.4527038457297068e-05,0.0026020321529358625,0.04762778291478753,90.64991874922998,137.92411208397243,0.23362484702374786,228.86516902793664,0.1398203148863333,11.993187328,2026-01-21T14:31:06.992945
26032,0.1653514920889245,0.002186942574813777,1.4522741205152564e-05,0.002500370959751308,0.047731011058203876,89.29687259776983,135.13334613502957,0.1828989350469783,224.67137852602173,0.14243024727911088,11.992067072,2026-01-21T14:34:51.664902
26033,0.16551171640296414,0.010191543470407183,1.4518443004380706e-05,0.003150372765958309,0.04156685795169324,91.26529720902909,139.17248359008227,0.28312265092972666,230.77513357403222,0.13866311982757215,11.992521728,2026-01-21T14:38:42.440867
26034,0.1656719407170038,0.004194459350226332,1.451414385613895e-05,0.00321855116635561,0.04726519889663905,90.43803931202274,137.58179832901806,0.17583530698902905,228.2545775329927,0.1401943406605925,12.018338304,2026-01-21T14:42:30.696031
26035,0.16583216503104345,0.0009193202570436654,1.450984376158499e-05,0.0030690295388922095,0.042716469266451895,90.41097224468831,137.62075363495387,0.17281506303697824,228.25879462400917,0.14019175056413846,11.992813568,2026-01-21T14:46:18.955449
26036,0.16599238934508312,0.0049622359920289405,1.4505542721876799e-05,0.0030299396021291614,0.04814130114391446,89.72070973785594,136.0980099911103,0.16267733403947204,226.04098254896235,0.14156724873140442,12.007689728,2026-01-21T14:50:04.997005
26037,0.16615261365912276,1.2426109270435859e-06,1.4501240738172573e-05,0.0031777011463418603,0.039835349773056805,88.23013946902938,132.6911655816948,0.1549786829855293,221.1267667140346,0.1447133717709671,11.993570304,2026-01-21T14:53:46.124606
26038,0.16631283797316243,0.006332513876269097,1.449693781163079e-05,0.0026059597730636597,0.04663204506505281,89.42894825199619,135.30465539963916,0.22064888896420598,225.01019566098694,0.14221577784952025,12.018807296,2026-01-21T14:57:31.135393
26039,0.16647306228720207,0.004908202067638534,1.449263394341017e-05,0.003210479160770774,0.042272002436220646,89.08851534174755,134.25981126807164,0.20641912997234613,223.61029066401534,0.14310611512992244,12.013896704,2026-01-21T15:01:14.746380
26040,0.16663328660124174,0.012421829144972918,1.4488329134669681e-05,0.002961312886327505,0.05357449816074222,91.95054193295073,141.26220619003288,0.2542578469729051,233.53168332995847,0.13702637493854308,12.009974784,2026-01-21T15:05:08.278727
26041,0.16679351091528138,0.00436364237815301,1.4484023386568556e-05,0.01310987421311438,0.05126715323422104,89.74708631983958,135.99101789621636,0.3230370399542153,226.1330699690152,0.14150959877024907,11.992375296,2026-01-21T15:08:54.412438
26042,0.16695373522932105,0.0005416968772948838,1.4479716700266275e-05,0.003067270969040692,0.04141490918118507,91.06299357197713,139.0302215028787,0.2172910700319335,230.36222651298158,0.13891166309853628,12.031658496,2026-01-21T15:12:44.775302
26043,0.1671139595433607,0.011345074164017532,1.447540907692257e-05,0.0030544899636879563,0.04864458984229714,91.02891386393458,138.94736757292412,0.17156780103687197,230.2079017899232,0.13900478546215012,11.992849408,2026-01-21T15:16:34.983874
26044,0.16727418385740037,0.015720125619139935,1.4471100517697428e-05,0.0028798850253224373,0.047576728160493076,91.20088705979288,139.83371095114853,0.24111936090048403,231.33275269903243,0.13832887745745415,12.013025792,2026-01-21T15:20:26.317224
26045,0.16743440817144,3.7425545107439007e-06,1.4466791023751086e-05,0.00294951512478292,0.03947568405419588,88.29698103107512,132.83441001782194,0.22284988197498024,221.40548347996082,0.14453119903372352,11.9920128,2026-01-21T15:24:07.723361
26046,0.16759463248547968,0.009432965306402252,1.4462480596244036e-05,0.0024990690872073174,0.04461813799571246,89.14682088803966,134.92082376300823,0.18971988197881728,224.31236432795413,0.14265820832423956,12.005473792,2026-01-21T15:27:52.036319
26047,0.16775485679951932,0.004677067674385249,1.4458169236337014e-05,0.002971022855490446,0.04183101106900722,90.8073864079779,138.7953682350926,0.27168194099795073,229.92706115997862,0.13917457057277413,12.029697024,2026-01-21T15:31:41.963980
26048,0.167915081113559,0.007288409015745678,1.4453856945191015e-05,0.0038091419264674187,0.044216189766302705,90.53699587809388,137.80152586183976,0.28557020297739655,228.67925488005858,0.1399339875266949,12.01088,2026-01-21T15:35:30.643900
26049,0.16807530542759863,0.0005770847285822001,1.4449543723967282e-05,0.003499107202515006,0.041786629939451814,90.19818219682202,137.2238190100761,0.21511947095859796,227.69202987395693,0.14054071202103202,12.005805568,2026-01-21T15:39:18.336538
26050,0.1682355297416383,0.0036598826669216322,1.4445229573827306e-05,0.0027568781515583396,0.049043667037039995,90.83775897091255,138.8821586658014,0.19755562802311033,229.97691586706787,0.13914440012099633,11.992925184,2026-01-21T15:43:08.314041
26051,0.16839575405567794,0.003679190938640886,1.4440914495932831e-05,0.002718428848311305,0.047120646107941866,88.63029999483842,133.64036958292127,0.2518786770524457,222.5819136139471,0.14376729663445065,12.006401536,2026-01-21T15:46:50.896610
26052,0.1685559783697176,1.0682617039847742e-06,1.443659849144585e-05,0.0030625760555267334,0.04656695725861937,90.9192623210838,138.19932269421406,0.2677315080072731,229.4437630380271,0.13946772654132442,11.993260032,2026-01-21T15:50:40.341008
26053,0.16871620268375725,0.012871913983028449,1.4432281561528609e-05,0.0027834041975438595,0.04726479959208518,91.20990437676664,139.34543520899024,0.21190395299345255,230.82468443503603,0.1386333531802409,12.035362816,2026-01-21T15:54:31.166446
26054,0.16887642699779692,0.007269501451145466,1.442796370734359e-05,0.003434223122894764,0.04753381188493222,90.07280241406988,136.73999999673106,0.17170708603225648,227.0438604700612,0.140941930487566,12.008049152,2026-01-21T15:58:18.211016
26055,0.16903665131183657,0.005182814708383887,1.4423644930053546e-05,0.002568144118413329,0.04238580586388707,89.94601023185533,136.54805205226876,0.17827610205858946,226.72383233904839,0.14114087464853017,11.992620032,2026-01-21T16:02:04.935744
26056,0.16919687562587624,0.004250195280999236,1.441932523082146e-05,0.0028086681850254536,0.04362535080872476,90.38233132695314,137.98341510118917,0.2072199850808829,228.6261904790299,0.1399664663656945,12.004289536,2026-01-21T16:05:53.562528
26057,0.16935709993991588,0.0026619208876894618,1.4415004610810567e-05,0.012921741814352572,0.0413928508060053,89.4283192800358,135.2390379338758,0.17378283094149083,224.90373617503792,0.1422830965115451,12.00614144,2026-01-21T16:09:38.466879
26058,0.16951732425395555,0.0005544459823854098,1.4410683071184362e-05,0.002906023873947561,0.04278581321705133,89.85462955280673,136.48856167215854,0.22279760998208076,226.6184066570131,0.14120653512683104,12.013161984,2026-01-21T16:13:25.085902
26059,0.1696775485679952,0.001613147871160514,1.4406360613106566e-05,0.0030472840880975127,0.046087988070212305,92.41642525803763,142.03525017702486,0.2832842719508335,234.7907954400871,0.13629154388279938,11.992912896,2026-01-21T16:17:19.877530
26060,0.16983777288203486,0.0029219814737651006,1.4402037237741169e-05,0.0027741941157728434,0.03953765006735921,90.04417490190826,136.74272311397363,0.1903249949682504,227.02750856999774,0.14095208198143827,12.005986816,2026-01-21T16:21:06.905695
26061,0.1699979971960745,1.046257935399808e-06,1.4397712946252393e-05,0.0037933498388156295,0.045017533004283905,90.73179596872069,138.05129045189824,0.28312167793046683,229.12357242999133,0.13966262685511155,11.99230464,2026-01-21T16:24:56.029866
26062,0.17015822151011417,0.016267294980289115,1.4393387739804717e-05,0.0029572671046480536,0.0492600800935179,91.47217692492995,139.58264657994732,0.22044983494561166,231.33560835197568,0.1383271698981689,11.992146432,2026-01-21T16:28:47.366078
26063,0.1703184458241538,0.010139309402537933,1.4389061619562857e-05,0.0029764173086732626,0.04837222793139517,92.3589296649443,138.11775889014825,0.21950664301402867,230.75395933899563,0.138675843706714,12.022181888,2026-01-21T16:32:38.120632
26064,0.17047867013819348,0.006215129100395345,1.4384734586691778e-05,0.012627257849089801,0.050012891995720565,94.97290476388298,136.67666748922784,0.19894612103234977,231.91794564004522,0.13797983554781268,12.017209344,2026-01-21T16:36:30.039336
26065,0.17063889445223313,0.0204943347349964,1.43804066423567e-05,0.003493787837214768,0.045108477119356394,92.36560448317323,142.78300920163747,0.17609189194627106,235.38084595697,0.13594988950736425,12.006995456,2026-01-21T16:40:25.420832
26066,0.1707991187662728,0.011025343885567196,1.4376077787723073e-05,0.00264902098570019,0.04568164178635925,90.3480251020519,138.99740608327556,0.1691091600805521,229.56998740695417,0.13939104306032057,11.992065024,2026-01-21T16:44:14.991501
26067,0.17095934308031244,0.00046439108963802767,1.4371748023956607e-05,0.003492480143904686,0.045749343233183026,92.01464261871297,142.65980165905785,0.2505665780045092,234.981681611971,0.1361808281414979,12.004041728,2026-01-21T16:48:09.973777
26068,0.1711195673943521,0.005709670432405556,1.4367417352223242e-05,0.0024081090232357383,0.043892400921322405,92.74334964109585,144.72549408732448,0.22553955600596964,237.74933007801883,0.13459554224400555,12.01367296,2026-01-21T16:52:07.723761
26069,0.17127979170839175,0.006710114633277087,1.4363085773689178e-05,0.002803966635838151,0.04833817505277693,93.14299320185091,141.3484170982847,0.21782634290866554,234.76755589200184,0.1363050353291606,12.014375424,2026-01-21T16:56:02.492178
26070,0.1714400160224314,0.009249740861265288,1.4358753289520849e-05,0.0025136127369478345,0.03920546022709459,91.68757924379315,139.67058422835544,0.1885631150798872,231.59613341395743,0.13817156412884862,12.014078464,2026-01-21T16:59:54.088906
26071,0.17160024033647106,0.00012452469233625862,1.4354419900884932e-05,0.0028384948382154107,0.04604261717759073,92.8020797559293,143.8094431720674,0.42263991804793477,237.09005546802655,0.13496981109912243,11.99279616,2026-01-21T17:03:51.179815
26072,0.1717604646505107,0.00322418021256321,1.4350085608948353e-05,0.002810079138725996,0.04578102007508278,90.65575453778729,136.94374289817642,0.18097084702458233,227.8367030059453,0.1404514706270349,12.007430656,2026-01-21T17:07:39.017375
26073,0.17192068896455037,0.006436916896457312,1.4345750414878276e-05,0.012798164272680879,0.047865482862107456,91.83805788494647,142.95419360895175,0.2214923440478742,235.08282994606998,0.13612223405401863,12.03149056,2026-01-21T17:11:34.100970
26074,0.17208091327859001,0.002641294371936276,1.434141431984212e-05,0.003354215994477272,0.04182105092331767,91.87912840023637,139.70296799798962,0.1956378809409216,231.8308433080092,0.1380316766457385,12.00210688,2026-01-21T17:15:25.932501
26075,0.17224113759262968,0.008123973024696918,1.4337077325007534e-05,0.0026502308901399374,0.04870208934880793,92.26509384997189,140.05069248890504,0.20701926306355745,232.58181566395797,0.13758599273399205,11.992912896,2026-01-21T17:19:18.514899
26076,0.17240136190666933,0.00034056527473236287,1.4332739431542405e-05,0.0030735939508304,0.05063668917864561,93.1842357229907,139.8907365296036,0.17913389508612454,233.31521475093905,0.13715350725909403,11.992886272,2026-01-21T17:23:11.830634
26077,0.172561586220709,0.004494127470342946,1.432840064061488e-05,0.0030619959579780698,0.04904040030669421,91.60369289596565,139.75282022089232,0.17690427892375737,231.5925483360188,0.13817370303974996,11.99288832,2026-01-21T17:27:03.423769
26078,0.17272181053474864,0.00630633005330683,1.4324060953393337e-05,0.0029063158435747027,0.04831700073555112,92.77657661715057,143.8359968640143,0.24214506393764168,236.9130029679509,0.13507067826213362,11.992221696,2026-01-21T17:31:00.337359
26079,0.1728820348487883,0.004376843759515303,1.431972037104639e-05,0.002662351238541305,0.0509928121464327,92.46369954186957,141.6845394410193,0.22590553003828973,234.43729030992836,0.13649705623920022,12.01553664,2026-01-21T17:34:54.775241
26080,0.17304225916282795,0.00868152867436045,1.4315378894742903e-05,0.002579036052338779,0.04507525486405939,92.79325112677179,143.89194785419386,0.15344849706161767,236.8925234619528,0.135082355206282,12.00206592,2026-01-21T17:38:51.668315
26081,0.17320248347686762,0.006953499816892972,1.4311036525651978e-05,0.0030441901180893183,0.04058016184717417,92.05694431241136,138.93025754962582,0.24989154993090779,231.28794896800537,0.13835567370795718,11.992022016,2026-01-21T17:42:42.957079
26082,0.17336270779090726,3.363718003690508e-06,1.4306693264942958e-05,0.0033735973993316293,0.044880533940158784,92.58879773097578,145.83855540596414,0.15605793800204992,238.63949654099997,0.13409347766748314,11.991913984,2026-01-21T17:46:41.597208
26083,0.17352293210494693,0.00278287350491091,1.4302349113785427e-05,0.0027027258183807135,0.044742310885339975,93.4973841413157,142.92507290793583,0.17481873102951795,236.65187858289573,0.13521971679084246,12.013487616,2026-01-21T17:50:38.249759
26084,0.17368315641898657,0.006278528438797615,1.42980040733492e-05,0.012774204835295677,0.0443453878397122,91.87002800486516,142.46841324609704,0.16238081001210958,234.56494565308094,0.13642277157358226,11.99207168,2026-01-21T17:54:32.815308
26085,0.17384338073302624,0.01630254068948256,1.4293658144804345e-05,0.002674449817277491,0.04805579921230674,91.6848149781581,143.28154267871287,0.18209017196204513,235.20834866596851,0.1360495925484552,12.02211328,2026-01-21T17:58:28.024270
26086,0.17400360504706588,0.003806128544558085,1.428931132932116e-05,0.0030723580857738853,0.04429690807592124,91.08293986762874,141.1024031691486,0.21801076992414892,232.45800293900538,0.13765927434383265,12.003416064,2026-01-21T18:02:20.482881
26087,0.17416382936110555,0.005160988713916126,1.4284963628070185e-05,0.0031883210176602006,0.045047853724099696,93.21976557199378,142.23966121440753,0.23371757299173623,235.74959747807588,0.13573724130314122,12.011472896,2026-01-21T18:06:16.233012
26088,0.1743240536751452,1.186391182717017e-05,1.4280615042222202e-05,0.0027195678558200598,0.043535946984775364,92.32361960411072,143.4036466049729,0.3019845460075885,236.08334994595498,0.13554534873944118,11.993170944,2026-01-21T18:10:12.317213
26089,0.17448427798918487,6.0717575598445706e-06,1.4276265572948222e-05,0.0024454371305182576,0.05171070888172835,92.49679756606929,146.92931036872324,0.17585677094757557,239.66489189700224,0.13351976481291317,11.994029568,2026-01-21T18:14:11.982689
26090,0.1746445023032245,0.002945338399581665,1.4271915221419504e-05,0.002668716013431549,0.04784964176360518,92.59291565103922,143.58143739402294,0.24278635706286877,236.4756502689561,0.1353204863316994,11.991990272,2026-01-21T18:18:08.459007
26091,0.17480472661726418,0.007350244557423835,1.4267563988807534e-05,0.002782355877570808,0.042600214248523116,92.67967650177889,144.73261364910286,0.18784804199822247,237.65276303398423,0.13465023335505683,12.012520448,2026-01-21T18:22:06.112415
26092,0.17496495093130382,0.0056689607660453945,1.4263211876284044e-05,0.0030798648949712515,0.0477614076808095,92.75364619330503,140.94971373898443,0.24656119593419135,234.00727791001555,0.1367478835949076,12.015446528,2026-01-21T18:26:00.120315
26093,0.1751251752453435,0.003920853570203775,1.4258858885020998e-05,0.0026518491795286536,0.04641732980962843,93.60328324697912,146.35792233026586,0.20333688997197896,240.2205236570444,0.13321093265821632,12.010636288,2026-01-21T18:30:00.341469
26094,0.17528539955938313,0.0002769748149527018,1.4254505016190605e-05,0.0027955012628808618,0.05156634736340493,92.26616187312175,143.47682435414754,0.22986134397797287,236.03416650299914,0.1355735929001338,12.009198592,2026-01-21T18:33:56.376267
26095,0.1754456238734228,0.0016310527184186796,1.4250150270965295e-05,0.002585576963610947,0.039305077865719795,90.73512542794924,139.49965504021384,0.19288120395503938,230.47601435601246,0.13884308130463474,11.992873984,2026-01-21T18:37:46.853099
26096,0.17560584818746244,1.489503671159298e-05,1.4245794650517751e-05,0.0030183830531314015,0.045973626896739006,91.2310619117925,139.5412555540679,0.26559016399551183,231.09398173401132,0.13847180164489065,12.0096512,2026-01-21T18:41:37.947775
26097,0.1757660725015021,0.002809936311018113,1.4241438156020883e-05,0.00233948091045022,0.04519111895933747,91.48705237009563,139.36598086578306,0.2794102829648182,231.18767260201275,0.13841568471121588,12.005848576,2026-01-21T18:45:29.136307
26098,0.17592629681554176,0.00024504693574023406,1.4237080788647832e-05,0.002723790123127401,0.03820326260756701,93.27676451136358,146.08494829491246,0.24292011396028101,239.65377775509842,0.13352595690229727,12.005234688,2026-01-21T18:49:28.790915
26099,0.17608652112958142,4.03703098594832e-06,1.4232722549571982e-05,0.002775256521999836,0.04450242826715112,92.54197366395965,140.27260707877576,0.30298266105819494,233.173057203996,0.13723712500798999,11.992513536,2026-01-21T18:53:21.964590
26100,0.17624674544362107,0.00022085823662010284,1.4228363439966947e-05,0.002728426130488515,0.04201490804553032,90.4886506407056,140.18042782414705,0.18206980894319713,230.9024908839492,0.13858663835758744,11.99337984,2026-01-21T18:57:12.867794
26101,0.17640696975766074,0.01226024409269666,1.4224003461006582e-05,0.002786264638416469,0.05151779798325151,90.72201793128625,139.38980397384148,0.2079705559881404,230.38242265500594,0.13889948560841162,11.992278528,2026-01-21T19:01:03.250830
26102,0.17656719407170038,0.002946536925837684,1.4219642613864967e-05,0.0028710439801216125,0.04818478517699987,93.48868239496369,146.55587347608525,0.18915904394816607,240.2934904859867,0.13317048221023764,12.00634624,2026-01-21T19:05:03.545216
26103,0.17672741838574005,0.0026706431899663485,1.4215280899716419e-05,0.0028280842816457152,0.047874910174869,91.17694203497376,139.9123369678855,0.365675890003331,231.51447396096773,0.13822029980464656,12.017533952,2026-01-21T19:08:55.060302
26104,0.1768876426997797,0.0003309247445795749,1.4210918319735492e-05,0.0023678537691012025,0.045766925904899836,91.74589927948546,140.8173844947014,0.18019218498375267,232.7994631229667,0.1374573616739714,12.013889024,2026-01-21T19:12:47.860467
26105,0.17704786701381936,0.0019127905240479137,1.420655487509697e-05,0.0028662229888141155,0.05047046591062099,92.54584777227137,141.07523214560933,0.20240090298466384,233.8834293889813,0.13682029583540722,12.00246016,2026-01-21T19:16:41.744572
26106,0.177208091327859,0.011371101472528622,1.4202190566975873e-05,0.002732367953285575,0.04523027781397104,93.56398831715342,141.97061288391706,0.1935149549972266,235.78246221400332,0.135718321454103,12.01338624,2026-01-21T19:20:37.527642
26107,0.17736831564189867,0.015409800567179666,1.4197825396547446e-05,0.002820878871716559,0.04522089892998338,92.67167160392273,144.89758468593936,0.27124659705441445,237.89592517109122,0.13451260242051677,12.005539328,2026-01-21T19:24:35.424177
26108,0.1775285399559383,0.0028454493753846677,1.4193459364987178e-05,0.00282182393129915,0.045421376009471714,92.96864860900678,145.06303796486463,0.2033876939676702,238.2899777549319,0.13429016319314208,12.004052992,2026-01-21T19:28:33.714743
26109,0.17768876426997796,0.007977531044005559,1.4189092473470778e-05,0.002614940865896642,0.048510288936086,92.60133687395137,142.17219140916131,0.15268859907519072,234.98612857202534,0.13617825100766198,12.001506816,2026-01-21T19:32:28.701723
26110,0.17784898858401763,0.015017506711191508,1.4184724723174191e-05,0.0028958063339814544,0.0469992992002517,91.80160546582192,142.78476099099498,0.1706557540455833,234.82652733603027,0.1362708053601154,12.024354304,2026-01-21T19:36:23.528973
26111,0.17800921289805727,0.005073076995048886,1.4180356115273598e-05,0.002985455095767975,0.041193959885276854,91.39915981492959,141.61967135826126,0.247580943047069,233.31838783004787,0.13715164200135488,12.007527936,2026-01-21T19:40:16.848019
26112,0.17816943721209694,1.211123263900049e-06,1.4175986650945406e-05,0.01278861309401691,0.04673601989634335,92.25168856210075,143.6786930420203,0.2024123959708959,236.19829175597988,0.13547938794180484,12.006876672,2026-01-21T19:44:13.046938
26113,0.17832966152613658,3.0218469309062357e-06,1.4171616331366254e-05,0.0027549898950383067,0.04302958818152547,91.86687420180533,139.78550182201434,0.21767094905953854,231.92420143901836,0.13797611375376023,12.007392768,2026-01-21T19:48:04.971719
26114,0.17848988584017625,0.011336386437333701,1.4167245157713007e-05,0.0028711818158626556,0.051520805107429624,91.9472717482131,142.85942241107114,0.21659477101638913,235.0866724869702,0.1361200091075925,11.993060352,2026-01-21T19:52:00.058986
26115,0.1786501101542159,0.012117597448447537,1.416287313116277e-05,0.002488830010406673,0.038509920123033226,92.59814574965276,144.53699351125397,0.15719187504146248,237.34221240098123,0.13482641657497124,12.006560256,2026-01-21T19:55:57.402050
26116,0.17881033446825556,0.0020972873125630898,1.415850025289287e-05,0.0028754703234881163,0.04513182386290282,94.18262437591329,145.26296370499767,0.20736085600219667,239.70724268106278,0.13349617492608223,12.012550144,2026-01-21T19:59:57.109979
26117,0.1789705587822952,0.02377063981908023,1.4154126524080862e-05,0.003201823099516332,0.046110723982565105,90.88897024700418,140.1786395178642,0.201188959996216,231.3256258330075,0.13833313920482201,11.992036352,2026-01-21T20:03:48.436208
26118,0.17913078309633487,0.0029460071969413804,1.4149751945904532e-05,0.0026289643719792366,0.04129573388490826,91.89679085905664,139.59928590373602,0.15990426996722817,231.7078891369747,0.13810492218969342,12.007167488,2026-01-21T20:07:40.144641
26119,0.17929100741037451,0.004536997281441135,1.4145376519541901e-05,0.0029225812759250402,0.03992775536607951,91.80001375672873,145.4213273342466,0.19305295299272984,237.46813103707973,0.13475492420919136,12.009038848,2026-01-21T20:11:37.613524
26120,0.17945123172441418,0.0024167519639606283,1.4141000246171213e-05,0.0033335831249132752,0.04618386400397867,92.30253391095903,146.04958177811932,0.19962547603063285,238.6078428560868,0.13411126649051675,12.01033216,2026-01-21T20:15:36.222287
26121,0.17961145603845383,0.010081459422113248,1.4136623126970932e-05,0.013439540402032435,0.03934303217101842,92.03551539301407,140.31094896583818,0.16714482801035047,232.57759996398818,0.1375884866167456,11.993050112,2026-01-21T20:19:28.800665
26122,0.1797716803524935,0.0055591832886827675,1.4132245163119768e-05,0.0034758368274196982,0.051562946871854365,91.11151428788435,140.40399110107683,0.19340977701358497,231.77158257295378,0.138066969404791,12.007609856,2026-01-21T20:23:20.572909
26123,0.17993190466653314,0.009204817953903266,1.4127866355796641e-05,0.002718796720728278,0.04583646834362298,93.3349371078657,147.0721206528833,0.2302300640149042,240.6956134820357,0.13294799825003176,12.010704896,2026-01-21T20:27:21.269267
26124,0.1800921289805728,0.006689483363751414,1.4123486706180709e-05,0.002645739121362567,0.04650454095099121,91.54900292411912,138.48487873282284,0.21941774908918887,230.3102756739827,0.13894299725166334,11.992966144,2026-01-21T20:31:11.580262
26125,0.18025235329461245,0.005682294420021883,1.4119106215451353e-05,0.0025354961398988962,0.04103190393652767,91.55585781496484,142.43312989000697,0.2173330830410123,234.2571619229857,0.13660201351931478,12.004534272,2026-01-21T20:35:05.838025
26126,0.18041257760865212,0.008454857676996497,1.4114724884788182e-05,0.002910975948907435,0.05292672000359744,91.54037790000439,140.8826548139332,0.19896371196955442,232.68503540498205,0.13752495919776217,12.003327488,2026-01-21T20:38:58.523645
26127,0.18057280192269176,0.005294368756480594,1.4110342715371028e-05,0.002606606110930443,0.04506720893550664,91.0110995778814,139.89797790918965,0.16533854906447232,231.1298264139332,0.13845032679897754,12.004409344,2026-01-21T20:42:49.654085
26128,0.18073302623673143,0.008084745507102031,1.4105959708379954e-05,0.012919358094222844,0.04656609520316124,92.25846102903597,143.84384908690117,0.16262165002990514,236.3328691450879,0.13540224055907676,11.991709184,2026-01-21T20:46:45.987581
26129,0.18089325055077107,0.00286420939021248,1.4101575864995239e-05,0.003057198948226869,0.04742289776913822,90.45888059423305,137.61509320582263,0.20582241099327803,228.33903250901494,0.14014248745989857,12.01378816,2026-01-21T20:50:34.327202
26130,0.18105347486481074,0.002995361949492903,1.40971911863974e-05,0.0034045421052724123,0.0461155460216105,92.24527122802101,137.26985745166894,0.2434828729601577,229.81523669906892,0.139242290718532,11.992111104,2026-01-21T20:54:24.143109
26131,0.18121369917885038,0.01133247527727299,1.4092805673767173e-05,0.0031703817658126354,0.044394384953193367,92.2789339129813,138.45391100889537,0.20662301895208657,230.99317840102594,0.1385322294862101,11.992372224,2026-01-21T20:58:15.136886
26132,0.18137392349289005,0.011402546613695108,1.4088419328285512e-05,0.0026345381047576666,0.045820840052329004,89.54054355924018,135.10556644492317,0.2646450970787555,224.96641505800653,0.1422434543918431,12.009729024,2026-01-21T21:02:00.103871
26133,0.1815341478069297,0.0041238378387280505,1.4084032151133609e-05,0.002686617081053555,0.04523272521328181,89.90865039487835,136.3245110900607,0.23160946904681623,226.52027478197124,0.14126770784999454,11.993218048,2026-01-21T21:05:46.624764
26134,0.18169437212096937,0.005577268085474429,1.4079644143492867e-05,0.0027357974322512746,0.044170342036522925,89.40126813470852,135.43063180614263,0.23680505389347672,225.1236031409353,0.1421441357260388,12.015589888,2026-01-21T21:09:31.748938
26135,0.181854596435009,0.00986331885999503,1.4075255306544921e-05,0.0035207197070121765,0.043043080950155854,90.4490369190462,137.87142947805114,0.22829090792220086,228.60260629002005,0.13998090625179807,12.005755392,2026-01-21T21:13:20.352266
26136,0.18201482074904868,0.005447055090930242,1.4070865641471626e-05,0.0026706757489591837,0.04179275792557746,89.14108997804578,134.86499012634158,0.21742075099609792,224.27420032199007,0.14268248400421296,12.004846592,2026-01-21T21:17:04.627107
26137,0.18217504506308832,0.011948186797029692,1.4066475149455057e-05,0.0027290111174806952,0.04784094030037522,90.75698741688393,138.89018216298427,0.16030977701302618,229.865066633909,0.1392121059045666,12.026839552,2026-01-21T21:20:54.492839
26138,0.182335269377128,0.007976137218756563,1.4062083831677523e-05,0.0026657277485355735,0.04122415091842413,89.67399516003206,136.11946571990848,0.18150353292003274,226.024998539011,0.14157726006788107,12.005019648,2026-01-21T21:24:40.518423
26139,0.18249549369116763,0.0029941134012804183,1.405769168932154e-05,0.0033148699440062046,0.048855749308131635,92.4303030819865,137.81147715158295,0.17068551504053175,230.47093881701585,0.13884613897202303,12.013480448,2026-01-21T21:28:30.989976
26140,0.1826557180052073,1.8034088369756063e-05,1.4053298723569853e-05,0.003111491911113262,0.046629325835965574,92.21372266497929,140.50165211223066,0.19592599396128207,232.97146231704392,0.1373558790494784,12.008494592,2026-01-21T21:32:23.962153
26141,0.18281594231924694,0.004416421002149562,1.4048904935605436e-05,0.002817185129970312,0.04882254474796355,90.60102913819719,143.3685755340848,0.228578026057221,234.25747730303556,0.1366018296124857,12.016943104,2026-01-21T21:36:18.220238
26142,0.1829761666332866,0.00125239656333187,1.4044510326611471e-05,0.002781585091724992,0.04660249734297395,93.82743090158328,141.27282395330258,0.16277414304204285,235.3220952929696,0.13598383084325708,12.008354304,2026-01-21T21:40:13.542865
26143,0.18313639094732626,0.01248285550922379,1.4040114897771372e-05,0.0030267788097262383,0.040182495722547174,93.69205253338441,144.2643003797857,0.20511240093037486,238.21359886601567,0.13433322090901514,12.02297344,2026-01-21T21:44:11.757078
26144,0.18329661526136592,0.016799345361022233,1.4035718650268767e-05,0.01305495563428849,0.041377939051017165,92.15282632410526,146.2471713438863,0.1914604880148545,238.65309372905176,0.13408583773202756,11.992810496,2026-01-21T21:48:10.410804
26145,0.18345683957540557,0.004293355391036036,1.4031321585287508e-05,0.002948154229670763,0.0414440322201699,91.80682441289537,139.53437902301084,0.2093965170206502,231.60550994006917,0.1381659702667713,12.008274432,2026-01-21T21:52:02.016915
26146,0.18361706388944524,0.022600009636456697,1.4026923704011667e-05,0.0030094642424955964,0.04512396198697388,93.33563611574937,143.05125746910926,0.211710051051341,236.66024294309318,0.13521493767626466,12.011741184,2026-01-21T21:55:58.677953
26147,0.18377728820348488,0.002252522411970048,1.4022525007625531e-05,0.003194462158717215,0.04664956498891115,93.21038495399989,142.79952447908,0.24497918202541769,236.31297427997924,0.1354136398879521,12.016300544,2026-01-21T21:59:54.991627
26148,0.18393751251752452,0.005681352016559504,1.4018125497313618e-05,0.0032891981536522508,0.04411081119906157,91.99385048286058,139.2707529020263,0.1765175589825958,231.4964997250354,0.13823103173485837,11.99315456,2026-01-21T22:03:46.488754
26149,0.1840977368315642,0.005971574642186894,1.401372517426065e-05,0.003830483998171985,0.049666808103211224,92.55931793979835,145.84403700113762,0.25135130889248103,238.71638025192078,0.13405028999782062,12.02822656,2026-01-21T22:07:45.205746
26150,0.18425796114560383,0.003462983773577122,1.4009324039651581e-05,0.002871439908631146,0.04187760595232248,91.60675428214017,142.84553309215698,0.19002834102138877,234.69417024799623,0.13634765604184498,11.992173568,2026-01-21T22:11:39.900784
26151,0.1844181854596435,0.0019575716123468867,1.4004922094671574e-05,0.002750124200247228,0.04383512609638274,93.13499377085827,144.48374966788106,0.22497807105537504,237.89664556004573,0.1345121950949204,11.9920384,2026-01-21T22:15:37.798286
26152,0.18457840977368314,0.0017598951439241617,1.400051934050602e-05,0.0028305492596700788,0.04587075929157436,91.16145869356114,139.62995611247607,0.20240964996628463,231.05076281900983,0.13849770331668076,12.01347328,2026-01-21T22:19:28.849809
26153,0.18473863408772281,0.01001556095083167,1.399611577834051e-05,0.00305800698697567,0.04672192386351526,92.84285674826242,147.03725892864168,0.2112778660375625,240.14875459996983,0.13325074307923984,12.01407232,2026-01-21T22:23:28.999389
26154,0.18489885840176246,0.004711573677813163,1.3991711409360876e-05,0.002765969024039805,0.04832407832145691,91.21375386277214,140.2960560460342,0.15873338689561933,231.7284828220727,0.1380926488202594,12.011111424,2026-01-21T22:27:20.728542
26155,0.18505908271580213,0.006845424802852662,1.3987306234753156e-05,0.0024938706774264574,0.04846887395251542,92.04836200037971,139.38844642986078,0.19204154692124575,231.68705854192376,0.13811733897173892,11.99253248,2026-01-21T22:31:12.416329
26156,0.18521930702984177,0.002502201379540825,1.3982900255703598e-05,0.0026927213184535503,0.047531462158076465,91.06425284512807,139.02917618886568,0.22636245505418628,230.37822341406718,0.13890201741197228,11.992902656,2026-01-21T22:35:02.795192
26157,0.18537953134388144,0.004550772530680369,1.397849347339868e-05,0.0023752462584525347,0.048398373182863,92.32130787614733,141.9534937327262,0.1665899910731241,234.50136391003616,0.13645976068726168,11.992957952,2026-01-21T22:38:57.297158
26158,0.18553975565792108,0.007087119234728156,1.3974085889025085e-05,0.002787982695735991,0.04098465887364,93.0278608360095,142.67539128824137,0.1971793930279091,235.95132911205292,0.13562118984633162,11.992208384,2026-01-21T22:42:53.249127
26159,0.18569997997196075,0.0010229324436652476,1.3969677503769718e-05,0.003932359511964023,0.04257661791052669,92.56337549397722,143.21130248601548,0.20654039306100458,236.03544812696055,0.13557285676339426,12.006091264,2026-01-21T22:46:49.285211
26160,0.1858602042860004,0.0013076686297051054,1.39652683188197e-05,0.004426617058925331,0.044306707684881985,93.36925437417813,141.04129527672194,0.2003078249981627,234.6671836959431,0.13636333592114958,11.992912896,2026-01-21T22:50:43.953241
26161,0.18602042860004006,3.292785259745301e-05,1.3960858335362366e-05,0.0025634628254920244,0.0501121940324083,91.80320218577981,142.91554547217675,0.17954276991076767,234.95872762205545,0.13619413215189788,12.015018496,2026-01-21T22:54:38.912618
26162,0.1861806529140797,0.01114431568056995,1.3956447554585264e-05,0.0025714481016620994,0.046981772989965975,91.34772120695561,141.18733359104954,0.18380934093147516,232.77605663100258,0.1374711835192161,12.003912704,2026-01-21T22:58:31.689261
26163,0.18634087722811937,0.003145799104444569,1.3952035977676162e-05,0.0028944106306880713,0.04856503987684846,91.89846846426371,141.93335288274102,0.23111066897399724,234.12028347398154,0.13668187790126374,12.008877056,2026-01-21T23:02:25.810287
26164,0.18650110154215901,0.0023572986424511555,1.3947623605823034e-05,0.013535987003706396,0.05328991310670972,92.41543928778265,140.17941634589806,0.2548910169862211,232.9238376840949,0.1373839634370111,12.012156928,2026-01-21T23:06:18.734885
26165,0.18666132585619868,0.0006090157760603176,1.3943210440214074e-05,0.002815227140672505,0.03833441890310496,92.11860221694224,140.22338746802416,0.2599153289338574,232.65077128901612,0.13754521346609772,11.992797184,2026-01-21T23:10:11.386367
26166,0.18682155017023833,0.011529527367614811,1.3938796482037694e-05,0.0025573051534593105,0.040728677064180374,91.99212367495056,144.383354964084,0.2832698820857331,236.7083052699454,0.13518748302264577,11.992290304,2026-01-21T23:14:08.095442
26167,0.186981774484278,0.004423897837122492,1.393438173248251e-05,0.0025787182385101914,0.055298586608842015,90.68834708433133,138.88974955689628,0.2591836489737034,229.90339608001523,0.1391888964913888,12.009393152,2026-01-21T23:17:57.999464
26168,0.18714199879831764,0.006545987238176565,1.3929966192737357e-05,0.0031574839958921075,0.04362041188869625,93.01711299899034,140.88753131730482,0.2077258409699425,234.1668231000658,0.13665471297924017,12.021516288,2026-01-21T23:21:52.166987
26169,0.1873022231123573,0.005036325610933812,1.392554986399128e-05,0.01261179312132299,0.0463765081949532,92.95206864899956,146.6129767090315,0.17496036493685097,239.80589926906396,0.13344125435419654,12.014194176,2026-01-21T23:25:51.973461
26170,0.18746244742639695,0.00013471170064960347,1.3921132747433537e-05,0.002742273034527898,0.043335204129107296,90.85995901876595,141.98336216714233,0.17942057200707495,233.07599758391734,0.13729427453583515,12.013429248,2026-01-21T23:29:45.050032
26171,0.18762267174043662,0.002267616252417781,1.3916714844253602e-05,0.0026961450930684805,0.051412526168860495,92.1913987948792,142.8999140348751,0.22756488504819572,235.38114769407548,0.1359497152320387,12.014656,2026-01-21T23:33:40.431827
26172,0.18778289605447626,0.003739577482432921,1.391229615564115e-05,0.0031442733015865088,0.04378656076733023,93.05698306090198,141.53500945924316,0.18490608502179384,234.83121914300136,0.13626808273951632,12.0288512,2026-01-21T23:37:35.263602
26173,0.18794312036851593,0.004965247272552986,1.3907876682786083e-05,0.0029432319570332766,0.0457526920363307,94.32424534030724,142.93036012991797,0.17854483891278505,237.49275979201775,0.1347409496947348,12.016533504,2026-01-21T23:41:32.757160
26174,0.18810334468255557,0.0011282824709111239,1.3903456426878506e-05,0.0033525589387863874,0.048303787130862474,94.37465002515819,144.96561506285798,0.21369480807334185,239.61804318602663,0.13354586981230337,12.013244928,2026-01-21T23:45:32.375883
26175,0.18826356899659524,0.0050278913359269595,1.3899035389108727e-05,0.002965229097753763,0.0435830547939986,90.03475054597948,139.29768443887588,0.19301136303693056,229.5805317510385,0.1393846410056294,12.005080576,2026-01-21T23:49:21.967654
26176,0.18842379331063489,0.01122786695240885,1.3894613570667282e-05,0.002952751936390996,0.03683715988881886,92.32284325279761,142.589976279065,0.18834195693489164,235.14828654401936,0.13608434265162997,12.00861184,2026-01-21T23:53:17.116760
26177,0.18858401762467455,1.717216281349465e-05,1.3890190972744906e-05,0.00317177502438426,0.04047271562740207,92.440362809808,141.23979209118988,0.3054742820095271,234.037581635057,0.13673017716401942,12.00837376,2026-01-21T23:57:11.154926
26178,0.1887442419387142,0.016651434293284417,1.388576759653254e-05,0.0033530157525092363,0.04379916097968817,92.71896568906959,145.18089118704665,0.17254798498470336,238.1265982890036,0.13438230012912306,12.02399488,2026-01-22T00:01:09.282135
26179,0.18890446625275387,0.00957777387861114,1.3881343443221346e-05,0.003405134892091155,0.05180549796205014,91.27243296115194,139.95793076092377,0.22153411898761988,231.51351260696538,0.13822087376094366,12.012427264,2026-01-22T00:05:00.796322
26180,0.1890646905667935,0.0032034217534739895,1.3876918514002688e-05,0.002553157042711973,0.04360510502010584,91.01712673297152,140.46018749999348,0.19095324398949742,231.720652419026,0.1380973153059039,12.005640192,2026-01-22T00:08:52.517737
26181,0.18922491488083318,0.005248293478869126,1.387249281006814e-05,0.0029870906146243215,0.04369714995846152,93.24572592996992,144.78374743205495,0.18004082993138582,238.2638817341067,0.13430487141861797,12.005529088,2026-01-22T00:12:50.782377
26182,0.18938513919487282,0.008156168833890476,1.3868066332609486e-05,0.002924641943536699,0.04373052704613656,90.91174016112927,139.96214148204308,0.17299518291838467,231.1008962970227,0.13846765855408869,11.992083968,2026-01-22T00:16:41.883870
26183,0.1895453635089125,0.010289272814751449,1.3863639082818718e-05,0.0025120630161836743,0.043741998611949384,93.02656784316059,142.86637618218083,0.18840833904687315,236.13619705603924,0.1355150137884445,12.019699712,2026-01-22T00:20:38.020852
26184,0.18970558782295213,0.00015921821335984632,1.3859211061888033e-05,0.0034663882106542587,0.04946406779345125,92.86820321320556,141.12288619065657,0.1878502769395709,234.24122148996685,0.13661130947172184,12.006031872,2026-01-22T00:24:32.262866
26185,0.1898658121369918,0.0044514237769437415,1.385478227100984e-05,0.0030692500295117497,0.04668363311793655,91.46847822400741,142.17510486685205,0.1784988270374015,233.88202662102412,0.1368211164505253,11.99314432,2026-01-22T00:28:26.145563
26186,0.19002603645103144,0.0122679918238503,1.3850352711376756e-05,0.002635614830069244,0.042629382223822176,91.91279711469542,141.21442148811184,0.18821933609433472,233.36693364509847,0.13712311123162463,11.99236352,2026-01-22T00:32:19.513136
26187,0.19018626076507109,0.006115704498892427,1.3845922384181598e-05,0.0029141760896891356,0.041583593003451824,90.29036776628345,138.99227485479787,0.20384087995626032,229.53828677197453,0.13941029381206935,11.99259648,2026-01-22T00:36:09.052022
26188,0.19034648507911076,0.006484186928501501,1.3841491290617395e-05,0.003230194910429418,0.04291550104971975,91.03771300299559,141.02279764099512,0.1894805469783023,232.3043812830001,0.13775030769228863,12.012922368,2026-01-22T00:40:01.357026
26189,0.1905067093931504,0.00023015599580222812,1.3837059431877385e-05,0.002709300140850246,0.04759033920709044,90.50740671192762,138.23917348496616,0.2408388009062037,229.04576265998185,0.13971007203265298,11.992902656,2026-01-22T00:43:50.403416
26190,0.19066693370719007,0.0024851412040280962,1.3832626809155004e-05,0.0034388909116387367,0.050142629304900765,90.67689970694482,139.6439101017313,0.1695768740028143,230.5518295710208,0.13879742381373078,12.011377664,2026-01-22T00:47:40.955835
26191,0.1908271580212297,0.0005307799160849669,1.38281934236439e-05,0.013172855135053396,0.04554064909461886,90.24295328883454,137.7402899459703,0.299861261039041,228.34985975699965,0.14013584257968478,12.007828992,2026-01-22T00:51:29.306284
26192,0.19098738233526938,0.008754384075400079,1.3823759276537923e-05,0.00278652086853981,0.04170383606106043,90.78997185314074,139.0548750727903,0.19126500794664025,230.08877834305167,0.13907675215820167,12.007137792,2026-01-22T00:55:19.395879
26193,0.19114760664930902,0.015355497172230947,1.3819324369031138e-05,0.0034808297641575336,0.04363116668537259,90.13391285110265,137.59821127937175,0.21792045806068927,228.00496452697553,0.14034782122568232,12.026138112,2026-01-22T00:59:07.401426
26194,0.1913078309633487,0.005592110316214871,1.3814888702317794e-05,0.0031290679471567273,0.04108764149714261,89.11259047535714,135.31340355309658,0.15455164900049567,224.63328522793017,0.14245440059130304,11.993024,2026-01-22T01:02:52.035333
26195,0.19146805527738833,3.419200278731438e-05,1.3810452277592366e-05,0.0029080164385959506,0.042893619975075126,90.9928491290193,137.66433375515044,0.17498092202004045,228.88700602704193,0.1398069753082416,12.019132416,2026-01-22T01:06:40.922968
26196,0.191628279591428,0.008645932515227273,1.3806015096049525e-05,0.0027858862886205316,0.04078364896122366,91.74254268105142,141.15138143999502,0.21745001594536006,233.1653169799829,0.13724168077170407,12.007669248,2026-01-22T01:10:34.089015
26197,0.19178850390546764,0.001347696248498842,1.380157715888414e-05,0.00307997886557132,0.04858016886282712,94.62054141785484,138.33279356523417,0.18635786697268486,233.1987246189965,0.13722201976997117,12.016797696,2026-01-22T01:14:27.288358
26198,0.19194872821950731,0.00010119363603955378,1.379713846729129e-05,0.0029710375238209963,0.040871724602766335,93.46739913814235,139.9372674160404,0.15187115990556777,233.60819020599592,0.13698149868710668,12.004356096,2026-01-22T01:18:20.907319
26199,0.19210895253354696,0.005786906034552786,1.3792699022466256e-05,0.0027983338804915547,0.04230163211468607,92.38045216992032,143.9990539381979,0.1837363539962098,236.61556549894158,0.13524046878540263,12.00778496,2026-01-22T01:22:17.523663
26200,0.19226917684758663,0.015023047074719464,1.3788258825604521e-05,0.003247021813876927,0.04427761735860258,93.61179994954728,148.6837507749442,0.234151536016725,242.58392389002256,0.13191311067466888,12.008484352,2026-01-22T01:26:20.118222
26201,0.19242940116162627,0.00885924537981797,1.378381787790177e-05,0.0028608121210709214,0.0450722745154053,92.36737049231306,141.2675011389656,0.1779116929974407,233.86834409693256,0.136829121203068,12.025738752,2026-01-22T01:30:13.987161
26202,0.19258962547566594,0.01839117786419342,1.3779376180553895e-05,0.0030376152135431767,0.04574421211145818,92.73784031695686,144.07199403981213,0.19432633300311863,237.06159486202523,0.13498601500012966,12.014779904,2026-01-22T01:34:11.049359
26203,0.19274984978970558,0.016010742772541775,1.3774933734756985e-05,0.0028568600537255406,0.03918066306505352,91.41342570481356,139.51688727212604,0.2585954660316929,231.23757302307058,0.1383858149938607,12.006580736,2026-01-22T01:38:02.287560
26204,0.19291007410374525,0.005521047723788364,1.3770490541707327e-05,0.0028933942085132003,0.0453452201327309,93.63865852693561,145.65151789516676,0.2546858119312674,239.60040408896748,0.1335557013005616,12.018948608,2026-01-22T01:42:01.888579
26205,0.1930702984177849,0.012802035948362156,1.3766046602601417e-05,0.0030234690057113767,0.042101476108655334,92.21869107580278,144.26638746412937,0.17603182001039386,236.7148009450175,0.13518377335193646,12.010565632,2026-01-22T01:45:58.603906
26206,0.19323052273182456,0.0017017124427285424,1.3761601918635949e-05,0.002832458936609328,0.04126697510946542,91.55722421582323,142.26810209231917,0.15762591396924108,234.03414982301183,0.13673218213752128,12.004885504,2026-01-22T01:49:52.638690
26207,0.1933907470458642,0.012852985098109393,1.3757156491007816e-05,0.01335441181436181,0.04787786293309182,94.16277430695482,143.74911736883223,0.17255541495978832,238.1527722789906,0.13436753094989262,12.010297344,2026-01-22T01:53:50.792053
26208,0.19355097135990387,0.008611363485222512,1.3752710320914114e-05,0.0029125307919457555,0.04836757178418338,92.86406539613381,144.6360757278744,0.16761087300255895,237.7271321079461,0.1346081102154952,12.0226688,2026-01-22T01:57:48.519882
26209,0.19371119567394351,0.0050740840177005975,1.3748263409552137e-05,0.002679981989786029,0.03540734201669693,92.76117132406216,142.87320336827543,0.32669692393392324,236.00721542409156,0.13558907486153685,11.992744448,2026-01-22T02:01:44.527856
26210,0.19387141998798318,0.006964574042751082,1.374381575811938e-05,0.002758369199000299,0.04782500606961548,92.10141781484708,142.3827033729758,0.17775578401051462,234.72178392100614,0.13633161552133297,12.006055424,2026-01-22T02:05:39.250494
26211,0.19403164430202283,6.299174275614661e-05,1.3739367367813533e-05,0.002814719919115305,0.049004812026396394,92.5672606980661,141.6869478840381,0.16004066495224833,234.47329275798984,0.13647609765530355,12.013987328,2026-01-22T02:09:33.724382
26212,0.1941918686160625,0.0005391704241861639,1.3734918239832496e-05,0.002560154884122312,0.04573666420765221,92.51607051503379,144.53835935122333,0.18354099290445447,237.29473948595114,0.13485338979414896,12.008676864,2026-01-22T02:13:31.019704
26213,0.19435209293010214,0.0015737948500689214,1.3730468375374346e-05,0.002722633071243763,0.04570527886971831,92.0304492241703,138.48520723404363,0.16291720198933035,230.7340541810263,0.13868780711014533,11.993029632,2026-01-22T02:17:21.754369
26214,0.1945123172441418,0.00033654327075938184,1.3726017775637384e-05,0.002752597793005407,0.04254125012084842,94.4420828782022,146.15924433991313,0.18019623798318207,240.83734877500683,0.13286975696570547,12.025202176,2026-01-22T02:21:22.592503
26215,0.19467254155818145,0.004893690899806735,1.3721566441820098e-05,0.003277464071288705,0.04256963275838643,91.06702956848312,139.4266921565868,0.19097273400984704,230.73834158398677,0.138685230119643,12.012010496,2026-01-22T02:25:13.331698
26216,0.19483276587222112,0.005698482513144754,1.3717114375121168e-05,0.002762730000540614,0.039002345874905586,92.36139903275762,141.55911393999122,0.1573812779970467,234.125770699,0.13667867447680623,11.99348224,2026-01-22T02:29:07.458045
26217,0.19499299018626076,0.0001319521886475883,1.371266157673947e-05,0.002856861217878759,0.051646254723891616,92.00236373604275,139.22698853292968,0.19840982800815254,231.48872498597484,0.13823567433765416,11.992585216,2026-01-22T02:32:58.947340
26218,0.19515321450030043,0.0053088199186275276,1.37082080478741e-05,0.0027240609051659703,0.04993534798268229,91.72990237001795,138.43509606900625,0.15961008600424975,230.38550441898406,0.1388976276120398,11.992705024,2026-01-22T02:36:49.333426
26219,0.19531343881434007,0.00975296174003315,1.3703753789724322e-05,0.0030005258740857244,0.04991348518524319,90.92190667509567,141.39301788888406,0.1729177850065753,232.5470484070247,0.13760656271151947,12.005934592,2026-01-22T02:40:41.881056
26220,0.19547366312837974,0.024356453743886064,1.3699298803489606e-05,0.0025427340297028422,0.05242810968775302,93.2421564462129,142.8239657166414,0.19961829599924386,236.32790259993635,0.13540508610263705,12.013494784,2026-01-22T02:44:38.209584
26221,0.19563388744241939,0.00926191636982221,1.3694843090369634e-05,0.0029960930114611983,0.05284673813730478,93.84370599896647,143.8744209652068,0.1736202760366723,237.955617328058,0.1344788593743645,12.019112448,2026-01-22T02:48:36.165763
26222,0.19579411175645905,0.011408212759601355,1.369038665156426e-05,0.0027938870480284095,0.05115211918018758,91.7676770548569,143.31476618081797,0.20156028005294502,235.34417488402687,0.13597107307104156,11.993253888,2026-01-22T02:52:31.510533
26223,0.1959543360704987,0.010311773832489823,1.3685929488273548e-05,0.012795090908184648,0.049241102300584316,91.73713035474066,142.45805834629573,0.1534162120660767,234.41871471493505,0.13650787241502288,12.01943808,2026-01-22T02:56:25.929929
26224,0.19611456038453837,0.002511296520765871,1.3681471601697747e-05,0.002750542829744518,0.04246080946177244,94.0701400822727,143.65984826814383,0.18917830800637603,237.97243757196702,0.13446935420965564,11.993314304,2026-01-22T03:00:23.902942
26225,0.196274784698578,0.010010218220802614,1.3677012993037311e-05,0.002912078984081745,0.046770400018431246,91.64596738561522,141.72114757832605,0.18598575796931982,233.6088764789747,0.13698109627645108,12.015072768,2026-01-22T03:04:17.512396
26226,0.19643500901261768,0.0027481147563834796,1.3672553663492885e-05,0.0029118231032043695,0.04176021134480834,90.28294484759681,141.11745416920166,0.1865467830793932,231.63996706006583,0.13814541767613955,11.992759296,2026-01-22T03:08:09.152945
26227,0.19659523332665732,1.7697852801035197e-06,1.3668093614265301e-05,0.0025907993549481034,0.04564989183563739,91.35124827316031,138.2330616946565,0.17032882594503462,229.81285617500544,0.13924373306440085,12.00784128,2026-01-22T03:11:58.966672
26228,0.19675545764069696,0.010378170162029576,1.36636328465556e-05,0.0031035032588988543,0.04405588377267122,92.09048885130323,141.7409990548622,0.17733214003965259,234.06713525007945,0.13671291343746703,12.014837248,2026-01-22T03:15:53.034635
26229,0.19691568195473663,0.016293105425709165,1.3659171361564999e-05,0.0026852759765461087,0.05976473179180175,90.86570558289532,140.4843523183372,0.15910935902502388,231.57955967402086,0.13818145282357508,12.00983552,2026-01-22T03:19:44.614898
26230,0.19707590626877627,0.012281467075726304,1.3654709160494923e-05,0.002650298993103206,0.04907712491694838,91.07852588617243,140.64383703889325,0.19344095105770975,231.97366721299477,0.1379466919002409,11.993376256,2026-01-22T03:23:36.589208
26231,0.19723613058281594,1.8499687005402166e-05,1.3650246244546983e-05,0.002896818215958774,0.039450997835956514,89.89223042107187,138.00110777607188,0.15747441502753645,228.10107922391035,0.14028868302103872,11.991934464,2026-01-22T03:27:24.690889
26232,0.19739635489685559,0.0032498517323125142,1.3645782614922977e-05,0.002870559925213456,0.04643521714024246,91.46532562014181,139.84024107572623,0.2399519010214135,231.6031773959985,0.1381673617771052,12.014726656,2026-01-22T03:31:16.294656
26233,0.19755657921089526,0.005646073912081384,1.3641318272824905e-05,0.013631774112582207,0.04690619884058833,91.88446188694797,140.2190230267588,0.2774770410032943,232.44908622396179,0.13766455493470256,11.99317504,2026-01-22T03:35:08.744527
26234,0.1977168035249349,0.002688218763671202,1.3636853219454957e-05,0.0027735659386962652,0.038348513771779835,91.34101688815281,140.2251207997324,0.1832873149542138,231.7984526780201,0.1380509646647626,12.021285888,2026-01-22T03:39:00.543692
26235,0.19787702783897457,0.004501492739231949,1.3632387456015511e-05,0.002700527082197368,0.041796977864578366,90.3698519631289,136.31448323407676,0.30505104397889227,227.04193567694165,0.14094312535078476,11.992838144,2026-01-22T03:42:47.586239
26236,0.1980372521530142,0.005807963980274167,1.3627920983709133e-05,0.002983044949360192,0.04598861117847264,90.4930547629483,138.145913770888,0.18501186394132674,228.88147075194865,0.1398103564035559,12.017836032,2026-01-22T03:46:36.468295
26237,0.19819747646705388,0.0032280887990792095,1.362345380373859e-05,0.0026967680314555764,0.05207603704184294,92.00004817324225,140.68742046901025,0.1941621460719034,232.94382550299633,0.13737217516241224,12.010359808,2026-01-22T03:50:29.412768
26238,0.19835770078109352,0.0022383920241511035,1.3618985917306834e-05,0.0024420437403023243,0.0484244649996981,90.46593205200043,137.37650518596638,0.22189118596725166,228.1228855010122,0.14027527281938582,12.016722944,2026-01-22T03:54:17.536261
26239,0.1985179250951332,0.002631463959185343,1.3614517325617002e-05,0.0130835430463776,0.045524048153311014,92.30766434513498,142.445492850733,0.24307144398335367,235.06297467905097,0.136133732008165,12.02006016,2026-01-22T03:58:12.600030
26240,0.19867814940917283,0.011666573559529603,1.3610048029872434e-05,0.0029863460222259164,0.043676647590473294,90.30187479616143,137.75558456010185,0.1570939850062132,228.272212763899,0.14018350990927428,12.006829568,2026-01-22T04:02:00.872862
26241,0.1988383737232125,1.509636807561776e-06,1.3605578031276645e-05,0.0026835580356419086,0.039352684281766415,88.67831402202137,133.27069712476805,0.1781318000284955,222.17554627498612,0.1440302523680697,11.992337408,2026-01-22T04:05:43.049038
26242,0.19899859803725214,7.307090925134929e-05,1.360110733103335e-05,0.0029582111164927483,0.03920065809506923,91.03430971608032,138.81535391090438,0.2201985459541902,230.1194069320336,0.139058241226266,12.006354432,2026-01-22T04:09:33.169245
26243,0.19915882235129181,0.004243908184679235,1.3596635930346451e-05,0.0025527997640892863,0.043766476097516716,89.97284990502521,136.74224246502854,0.2421045609517023,227.01465355895925,0.1409600635832484,12.013592064,2026-01-22T04:13:20.184687
26244,0.19931904666533146,3.654048322587755e-06,1.3592163830420033e-05,0.002820465131662786,0.038544385810382664,91.26695380709134,139.27015718235634,0.1722758220275864,230.75704432406928,0.1386739897528763,12.036278784,2026-01-22T04:17:10.942358
26245,0.19947927097937113,0.0003907826378064527,1.3587691032458374e-05,0.002627026056870818,0.04125461634248495,89.66050299291965,135.4400237299269,0.2084029100369662,225.3611318540061,0.14199431701794216,11.9921408,2026-01-22T04:20:56.304198
26246,0.19963949529341077,0.004224917469919376,1.358321753766594e-05,0.002823619870468974,0.044770890031941235,88.59696546010673,133.3588059216272,0.17344454198610038,222.18556491704658,0.1440237578527987,11.992883712,2026-01-22T04:24:38.490379
26247,0.19979971960745044,0.006322398049835476,1.3578743347247384e-05,0.0037802908336743712,0.043283741804771125,91.36673417687416,139.65095672523603,0.17476637999061495,231.24690228805412,0.13838023205231526,12.016172544,2026-01-22T04:28:29.737885
26248,0.19995994392149008,0.0035978889982564155,1.3574268462407543e-05,0.0027233134023845196,0.04368288395926356,90.92211279727053,138.60341252281796,0.1975737620377913,229.7764444060158,0.1392657984708645,12.014452224,2026-01-22T04:32:19.514979
26249,0.20012016823552975,0.0052995933704087506,1.3569792884351445e-05,0.003132490790449083,0.038047031965106726,89.89232713391539,136.43392769806087,0.17314286495093256,226.54904573305976,0.14124976733605513,11.992254464,2026-01-22T04:36:06.064781
26250,0.2002803925495694,0.0051538853578696475,1.3565316614284306e-05,0.0027684097876772285,0.03903365496080369,90.79207171825692,138.24299020809121,0.19670322199817747,229.28112247993704,0.13956665796941098,11.992061952,2026-01-22T04:39:55.346531
26251,0.20044061686360906,0.003918427535483993,1.3560839653411523e-05,0.0029891178710386157,0.036558841238729656,90.01346358295996,136.4982271688059,0.21466834901366383,226.7729731569998,0.14111028997201405,11.992265728,2026-01-22T04:43:42.120097
26252,0.2006008411776487,0.0019180805352032593,1.3556362002938683e-05,0.002532029990106821,0.04190702084451914,92.85368771723006,135.98196263075806,0.20319229003507644,229.08966880803928,0.13968329591856762,12.010031104,2026-01-22T04:47:31.210463
26253,0.20076106549168837,0.003858208139142172,1.3551883664071559e-05,0.002822333131916821,0.044913991005159914,92.785487251007,144.32036198896822,0.2736844930332154,237.43629903101828,0.13477299018975852,12.007345664,2026-01-22T04:51:28.647341
26254,0.20092128980572801,0.010803822085154735,1.3547404638016108e-05,0.00308699207380414,0.03727061324752867,93.01312512077857,141.91074113408104,0.17800954799167812,235.1500843761023,0.13608330222335263,12.011754496,2026-01-22T04:55:23.798195
26255,0.20108151411976768,0.0022652781870871053,1.3542924925978469e-05,0.012887380900792778,0.04718136799056083,93.02593009185512,143.9900191660272,0.24395757191814482,237.32635300792754,0.13483542638406906,12.007816704,2026-01-22T04:59:21.125124
26256,0.20124173843380733,0.00017322739201031112,1.3538444529164971e-05,0.003112829988822341,0.047646127291955054,93.38135558809154,145.43333978124429,0.21068217093124986,239.0838548130123,0.1338442532015691,12.005703168,2026-01-22T05:03:20.209629
26257,0.201401962747847,0.01279767526761777,1.353396344878213e-05,0.002709051943384111,0.042039652122184634,94.33374050282873,144.88057988206856,0.24517831509001553,239.5127406740794,0.1336045836640669,12.018077696,2026-01-22T05:07:19.722971
26258,0.20156218706188664,0.00445221530369011,1.352948168603663e-05,0.0028756492538377643,0.05659528903197497,91.32990061386954,139.7486226161709,0.2766105820192024,231.42401186097413,0.13827432919633123,11.993091072,2026-01-22T05:11:11.147724
26259,0.2017224113759263,0.012626442896350731,1.3524999242135363e-05,0.003041459829546511,0.03751828474923968,91.2261428560596,138.3288489440456,0.15158364991657436,229.75327657093294,0.13927984173979982,11.992992256,2026-01-22T05:15:00.901595
26260,0.20188263568996595,0.015530888496334327,1.3520516118285384e-05,0.002784995944239199,0.04218620713800192,93.35846483486239,145.52826582698617,0.29272366606164724,239.23264024406672,0.13376101173883878,12.010546176,2026-01-22T05:19:00.134850
26261,0.20204286000400562,1.6952129705316565e-05,1.3516032315693941e-05,0.0029409219278022647,0.04201468103565276,91.9392507027369,139.87836855603382,0.21697750000748783,232.08698531705886,0.1378793384570192,12.013363712,2026-01-22T05:22:52.222428
26262,0.20220308431804526,0.003452144522346323,1.3511547835568461e-05,0.002770841005258262,0.04781193286180496,91.00528114719782,140.72266045899596,0.2720399060053751,232.05708032799885,0.13789710684444495,12.007494144,2026-01-22T05:26:44.280264
26263,0.20236330863208493,0.004969074902708925,1.3507062679116554e-05,0.0031114070443436503,0.03362783708143979,92.6460722621996,146.24258470302448,0.1754129979526624,239.10704025707673,0.1338312747529102,12.010054656,2026-01-22T05:30:43.387950
26264,0.20252353294612457,0.010834431976205039,1.3502576847546015e-05,0.0026985370786860585,0.05029797775205225,91.15941497031599,138.06371467886493,0.20955016498919576,229.49373059195932,0.13943736030373796,12.017033216,2026-01-22T05:34:32.882393
26265,0.20268375726016424,0.00219418691878559,1.3498090342064818e-05,0.0026386978570371866,0.0495292607229203,91.84665055118967,139.97620811092202,0.1912570409476757,232.07353983994108,0.13788732667270082,12.017268736,2026-01-22T05:38:24.956757
26266,0.20284398157420389,0.0015934350674218223,1.349360316388112e-05,0.002830687095411122,0.04479105107020587,91.23572235112078,138.67720513010863,0.18708343897014856,230.1544419899583,0.13903707320754718,11.992068608,2026-01-22T05:42:15.111789
26267,0.20300420588824353,0.0072830594152391015,1.3489115314203257e-05,0.002736812806688249,0.04177810228429735,92.85554417269304,145.68823741248343,0.19956236600410193,238.79502221709117,0.13400614344007744,12.0106752,2026-01-22T05:46:13.907699
26268,0.2031644302022832,0.004164531932222104,1.348462679423975e-05,0.002860576962120831,0.04081109235994518,91.91564450797159,141.63648913160432,0.19824226200580597,233.80359555396717,0.13686701406015664,11.9925504,2026-01-22T05:50:07.711892
26269,0.20332465451632284,0.0024543822438269913,1.3480137605199292e-05,0.002610911848023534,0.047471884987317026,90.43491992773488,137.0265512203332,0.19814627396408468,227.71647817001212,0.14052562316596579,11.99225344,2026-01-22T05:53:55.429009
26270,0.2034848788303625,0.004961540752072224,1.3475647748290768e-05,0.0024265736574307084,0.04836029012221843,92.0676557108527,139.5498104559956,0.20999951905105263,231.88500463101082,0.13799943662126968,12.005959168,2026-01-22T05:57:47.314607
26271,0.20364510314440215,0.009053156733086709,1.3471157224723235e-05,0.012628050171770155,0.049803505069576204,91.383959038998,139.32106864301022,0.25267056794837117,231.02742830303032,0.13851169203176497,12.007105024,2026-01-22T06:01:38.342612
26272,0.20380532745844182,0.011141455029312297,1.346666603570593e-05,0.0026933858171105385,0.046150932903401554,91.11611321987584,139.74476443219464,0.3252798109315336,231.24294894002378,0.1383825978118782,12.01750016,2026-01-22T06:05:29.586186
26273,0.20396555177248146,0.002563883487508356,1.3462174182448275e-05,0.0026723819319158792,0.04048454714938998,90.87869822664652,139.0817637098953,0.16842445102520287,230.18252709705848,0.13902010896989986,12.018610688,2026-01-22T06:09:19.769428
26274,0.20412577608652113,0.0022076442417899855,1.3457681666159856e-05,0.002711852313950658,0.044049300253391266,90.24943106260616,137.17197519319598,0.20223955693654716,227.67929017706774,0.1405485759162082,12.005367296,2026-01-22T06:13:07.449385
26275,0.20428600040056077,0.0035104391315039507,1.3453188488050456e-05,0.002925115986727178,0.043789435643702745,89.59390864428133,135.59690932312515,0.19695873302407563,225.44146528700367,0.14194371900156713,11.992769536,2026-01-22T06:16:52.891433
26276,0.20444622471460044,0.005018207733846314,1.3448694649330029e-05,0.002838666783645749,0.05106867977883667,89.17886364308652,134.78905902500264,0.1957853949861601,224.22421119594947,0.1427142940065255,11.991956992,2026-01-22T06:20:37.116516
26277,0.20460644902864009,0.0002179653458642683,1.3444200151208699e-05,0.002768104779534042,0.04193159902933985,88.96926796308253,134.49888560397085,0.26281979004852474,223.7832940480439,0.14299548201810783,12.009960448,2026-01-22T06:24:20.900541
26278,0.20476667334267976,0.0013603714937313605,1.3439704994896782e-05,0.003465800196863711,0.049946259590797126,90.07923567900434,137.25461997638922,0.2131696119904518,227.606934013078,0.14059325625888586,12.012974592,2026-01-22T06:28:08.508278
26279,0.2049268976567194,0.0014337350773399038,1.343520918160476e-05,0.002718596253544092,0.04715537477750331,90.55993319617119,138.249311111751,0.21268692705780268,229.07961087103467,0.13968942883360794,12.01509632,2026-01-22T06:31:57.588605
26280,0.20508712197075907,1.435472439581531e-06,1.3430712712543298e-05,0.002902866806834936,0.04050358501262963,91.74615868902765,140.0876053115353,0.18767390598077327,232.07129681203514,0.13788865938866288,11.992925184,2026-01-22T06:35:49.660590
26281,0.2052473462847987,0.003337994570507874,1.3426215588923233e-05,0.002922834479250014,0.049483793787658215,90.24014357209671,136.7213609117316,0.17705615691374987,227.1987492350163,0.14084584579688392,12.014586368,2026-01-22T06:39:36.860122
26282,0.20540757059883838,0.01844637364327051,1.3421717811955582e-05,0.0031273142667487264,0.04823323094751686,90.28414042817894,137.50238708092365,0.1849821659270674,228.03125481202733,0.14033164017966973,12.01170944,2026-01-22T06:43:24.892194
26283,0.20556779491287802,0.00206323975097078,1.3417219382851533e-05,0.0029403693042695522,0.043998691136948764,95.21777868072968,142.6600708712358,0.16495521902106702,238.09753893502057,0.13439870123451025,12.013339136,2026-01-22T06:47:23.000668
26284,0.2057280192269177,0.016155467444784577,1.3412720302822457e-05,0.002776963170617819,0.040945133427158,92.47566274227574,141.5977666171966,0.16575310309417546,234.29382428200915,0.1365806380004409,12.006829568,2026-01-22T06:51:17.295448
26285,0.20588824354095733,0.0007567165543607146,1.3408220573079896e-05,0.0026256300043314695,0.04928598122205585,95.03952119487803,142.6366949848598,0.21948974300175905,237.95553028397262,0.13447890856670433,12.006493696,2026-01-22T06:55:15.251750
26286,0.206048467854997,0.005196294177776117,1.3403720194835565e-05,0.0038585980655625463,0.04624208912719041,91.91153137676883,141.7996316489298,0.24508332298137248,234.01640414795838,0.136742550662251,12.006708736,2026-01-22T06:59:09.268981
26287,0.20620869216903664,0.006240318559006752,1.3399219169301358e-05,0.0028144509997218847,0.04796744021587074,93.11150659702253,144.96309244795702,0.19337382493540645,238.32588022598065,0.134269933125423,12.02682624,2026-01-22T07:03:07.595586
26288,0.20636891648307631,0.007701186442449881,1.3394717497689345e-05,0.002980015007779002,0.047942273784428835,92.12388541712426,142.80740481021348,0.1860636849887669,235.17479118600022,0.13606900568986213,12.007081472,2026-01-22T07:07:02.771055
26289,0.20652914079711596,0.003093043927513861,1.3390215181211759e-05,0.002594958175905049,0.046033989754505455,90.78502833214588,142.84998648101464,0.20620172098279,233.89936417795252,0.13681097472182158,11.993055232,2026-01-22T07:10:56.671154
26290,0.20668936511115563,1.3348578323801874e-06,1.338571222108102e-05,0.003404049901291728,0.04737318295519799,91.00721715716645,139.31235913769342,0.16456020099576563,230.54334833694156,0.1388025298965974,11.993129984,2026-01-22T07:14:47.215122
26291,0.20684958942519527,9.485053336533156e-06,1.3381208618509711e-05,0.013161129085347056,0.045424792217090726,92.77662770997267,141.9245104631409,0.1695832540281117,234.93825928599108,0.13620599768318833,12.00996352,2026-01-22T07:18:42.154059
26292,0.20700981373923494,1.6841572731962628e-06,1.3376704374710596e-05,0.0031111390562728047,0.04525829013437033,91.4911885582842,143.44954317261,0.31730433891061693,235.31337028706912,0.13598887288453604,12.004979712,2026-01-22T07:22:37.468023
26293,0.20717003805327458,0.00010612134463272582,1.33721994908966e-05,0.00305647193454206,0.04581816494464874,93.34053095907439,148.20195572287776,0.19804348691832274,241.79717312799767,0.1323423247097289,12.0148608,2026-01-22T07:26:39.265786
26294,0.20733026236731425,0.01762884076207971,1.336769396828084e-05,0.0030096456175670028,0.04459707043133676,92.85699300805572,139.29921482375357,0.2153597930446267,232.42574243992567,0.137678381336228,12.013571072,2026-01-22T07:30:31.692349
26295,0.2074904866813539,0.0007496221650518109,1.3363187808076586e-05,0.002818548819050193,0.040391843067482114,90.54290835477877,140.35113271221053,0.22807501000352204,231.1727994440589,0.13842459007701563,12.014811648,2026-01-22T07:34:22.865908
26296,0.20765071099539356,0.017229869929007435,1.3358681011497286e-05,0.0028289990732446313,0.043814218952320516,90.887541848002,139.4863560833037,0.22892710601445287,230.6574944210006,0.1387338403216718,11.99340032,2026-01-22T07:38:13.524050
26297,0.2078109353094332,0.01197107663706376,1.3354173579756564e-05,0.013486378593370318,0.04109863983467221,92.53648460796103,143.35211456206162,0.20098750293254852,236.15139050094876,0.1355062950597847,12.007492096,2026-01-22T07:42:09.676346
26298,0.20797115962347287,0.008697665336564242,1.3349665514068212e-05,0.003224843181669712,0.043548632180318236,90.83542803488672,137.7204407058889,0.1680300859734416,228.77798018499743,0.13987360135850374,11.992239616,2026-01-22T07:45:58.454927
26299,0.20813138393751252,0.00019508099112997002,1.3345156815646187e-05,0.0034009417286142707,0.05232253484427929,91.95396978699137,141.82677511614747,0.16589441895484924,234.01247901306488,0.1367448442705205,12.017631232,2026-01-22T07:49:52.468225
26300,0.20829160825155218,0.004670425445124415,1.3340647485704624e-05,0.003365051932632923,0.047276492696255445,92.86772114422638,145.3044726747321,0.17116569599602371,238.4006502859993,0.13422782178492776,12.0086656,2026-01-22T07:53:50.869570
26301,0.20845183256559183,0.0018281896184841884,1.3336137525457831e-05,0.003114481340162456,0.045153500977903605,94.02612879395019,144.75158519891556,0.1637606379808858,238.99790821701754,0.13389238524607924,12.017672192,2026-01-22T07:57:49.868010
26302,0.2086120568796315,0.0013075964293731701,1.3331626936120272e-05,0.0026830602437257767,0.03871489688754082,92.34286667290144,141.705383171211,0.17551382794044912,234.27636402507778,0.13659081714523538,12.009888768,2026-01-22T08:01:44.145301
26303,0.20877228119367114,0.003978957530511806,1.3327115718906594e-05,0.002701489836908877,0.04075835400726646,91.2196645118529,138.38995547313243,0.31239339790772647,229.97327539906837,0.13914660277143504,11.993158656,2026-01-22T08:05:34.119288
26304,0.2089325055077108,0.0036136775519945985,1.3322603875031606e-05,0.003108062082901597,0.05101703212130815,91.09883512486704,142.4008987757843,0.26630274299532175,233.8293018080294,0.13685196745047612,12.008379904,2026-01-22T08:09:27.949258
26305,0.20909272982175045,0.010869651546739245,1.3318091405710288e-05,0.0033559210132807493,0.04897956317290664,91.78854163782671,141.65392567019444,0.19859756203368306,233.70038007211406,0.13692746237779163,12.009332736,2026-01-22T08:13:21.650225
26306,0.2092529541357901,0.0017886818233980861,1.3313578312157788e-05,0.002735086251050234,0.047111459891311824,93.16314627800602,142.1004036158556,0.1842831210233271,235.50685397698544,0.13587714947407498,12.011191296,2026-01-22T08:17:17.157900
26307,0.20941317844982976,0.0016813292649811018,1.330906459558942e-05,0.0032419663621112704,0.04590284125879407,91.03106244863011,138.7424397614086,0.19397177500650287,230.02763094601687,0.13911372241845935,11.992912896,2026-01-22T08:21:07.186318
26308,0.2095734027638694,0.004357009100745046,1.3304550257220671e-05,0.0029140610713511705,0.05257941735908389,89.47297011571936,136.9040735932067,0.15762084699235857,226.59766679198947,0.14121945937499494,11.992216064,2026-01-22T08:24:53.784653
26309,0.20973362707790907,0.00700024942383326,1.3300035298267193e-05,0.0030403489945456386,0.041067290934734046,90.7359520791797,139.85610776708927,0.17274541000369936,230.81679975101724,0.138638088884858,12.004934656,2026-01-22T08:28:44.602136
26310,0.20989385139194872,0.013438267897629252,1.3295519719944798e-05,0.0031696470687165856,0.04384181124623865,90.19349015899934,137.2215487076901,0.2630473410245031,227.73498776403721,0.14051420167882206,11.992083456,2026-01-22T08:32:32.337757
26311,0.21005407570598839,0.00038711813927738703,1.3291003523469479e-05,0.0030073162633925676,0.043960621929727495,90.53474387724418,138.21046202490106,0.20794312097132206,229.01194212492555,0.13973070444747404,12.016785408,2026-01-22T08:36:21.350483
26312,0.21021430002002803,0.00014902826685503356,1.3286486710057383e-05,0.0027918260311707854,0.03922506584785879,89.47286326333415,135.7018905809382,0.19151732500176877,225.41533812100533,0.14196017124097413,12.008924672,2026-01-22T08:40:06.766749
26313,0.2103745243340677,0.006785411193084734,1.328196928092483e-05,0.0345464653801173,0.04548096423968673,121.94764935481362,138.35930510994513,0.17723119200672954,260.59194636298344,0.12279734829343726,11.992290304,2026-01-22T08:44:27.365702
26314,0.21053474864810734,0.011452936577911466,1.3277451237288303e-05,0.003046385943889618,0.041952545987442136,91.64162890205625,140.35389911592938,0.19917870697099715,232.24670860602055,0.1377845145451954,12.010596864,2026-01-22T08:48:19.614609
26315,0.210694972962147,7.265474805340233e-06,1.3272932580364452e-05,0.003017311217263341,0.04643992835190147,90.3753830618225,137.02085773902945,0.2223383290693164,227.67429977899883,0.14055165660358715,12.008764416,2026-01-22T08:52:07.289655
26316,0.21085519727618665,0.004206651435702646,1.3268413311370083e-05,0.0030724169919267297,0.044426373788155615,89.30705834599212,134.67920337698888,0.18373284896370023,224.2350547510432,0.14270739263104057,11.993443328,2026-01-22T08:55:51.525274
26317,0.21101542159022632,0.0002502488793472146,1.3263893431522186e-05,0.002942863735370338,0.03356535988859832,90.55127756902948,137.6645989100216,0.18600570096168667,228.44480669195764,0.1400775988886884,12.005346816,2026-01-22T08:59:39.970886
26318,0.21117564590426596,0.0030463165539380554,1.3259372942037898e-05,0.0030579030280932784,0.03963412484154105,89.34817478910554,134.99417326704133,0.19023533503059298,224.58299744396936,0.1424862984473417,12.004579328,2026-01-22T09:03:24.554548
26319,0.21133587021830563,0.0021617076101208,1.3254851844134526e-05,0.0033130960073322058,0.04339889099355787,90.02968332369346,134.22756295336876,0.18755691905971617,224.49785102996975,0.14254033993282234,12.00799488,2026-01-22T09:07:09.064061
26320,0.21149609453234527,0.0022017685445128166,1.3250330139029551e-05,0.0027748377760872245,0.04738988005556166,93.64080470509361,139.11523866013158,0.21800411003641784,233.03471306106076,0.13731859764435705,11.99273984,2026-01-22T09:11:02.100113
26321,0.21165631884638494,0.007405486204346445,1.3245807827940598e-05,0.003079477814026177,0.046124215121380985,91.81547132891137,141.74098286614753,0.16738740901928395,233.78224582702387,0.13687951318457642,12.016574976,2026-01-22T09:14:55.882945
26322,0.2118165431604246,0.007866958466737906,1.3241284912085468e-05,0.002873749239370227,0.045936700073070824,90.80866410792805,140.3811525827041,0.21574836503714323,231.46201470505912,0.13825162647433126,12.012173824,2026-01-22T09:18:47.345548
26323,0.21197676747446426,0.001275193680517095,1.3236761392682125e-05,0.003077444969676435,0.0496900191064924,91.99695108493324,143.18088538199663,0.19558029400650412,235.43306556204334,0.13591973550362274,12.005654016,2026-01-22T09:22:42.779299
26324,0.2121369917885039,0.024972416877797166,1.3232237270948689e-05,0.0028860337333753705,0.04150328889954835,94.46100542834029,144.50805457890965,0.2192374070873484,239.24136333202478,0.1337561346178656,12.019229184,2026-01-22T09:26:42.021405
26325,0.21229721610254357,0.00010508878991632997,1.3227712548103448e-05,0.003038370981812477,0.049487392185255885,90.46408891875762,139.058234384167,0.1811923299683258,229.76445747504476,0.13927306403983564,12.005637632,2026-01-22T09:30:31.786695
26326,0.2124574404165832,0.00014306103576133822,1.3223187225364849e-05,0.0029236447298899293,0.042677173973061144,92.08039739413653,141.77902400586754,0.1823459230363369,234.0950636760099,0.13669660307014567,12.016323072,2026-01-22T09:34:25.892568
26327,0.21261766473062288,0.005124113710830436,1.3218661303951501e-05,0.0027545110788196325,0.04696220508776605,91.15552769810893,142.45099429879338,0.18862123100552708,233.85573458101135,0.13683649903789163,11.992183296,2026-01-22T09:38:19.749110
26328,0.21277788904466252,0.004427310388007255,1.3214134785082173e-05,0.0028798195999115705,0.040564602124504745,92.73267426108941,141.05108144099358,0.2892478600842878,234.1228499460267,0.13668037958438098,12.020343296,2026-01-22T09:42:13.872664
26329,0.2129381133587022,3.7917351569660696e-06,1.32096076699758e-05,0.0030351970344781876,0.03685500530991703,89.1984296538867,138.17507728084456,0.3334977290360257,227.75480483891442,0.14050197545835683,12.010917888,2026-01-22T09:46:01.628052
26330,0.21309833767274183,0.0036448129879618207,1.320507995985147e-05,0.003065694007091224,0.04944680770859122,91.72702541085891,142.70402409008238,0.2609557149698958,234.75549162609968,0.13631204015012827,12.026291712,2026-01-22T09:49:56.394278
26331,0.2132585619867815,0.0018548259684028068,1.320055165592844e-05,0.0033583358163014054,0.04455602809321135,91.40903614403214,141.07746149157174,0.1754504069685936,232.71716036298312,0.13750597484984628,12.00895488,2026-01-22T09:53:49.112056
26332,0.21341878630082114,0.003147030358420011,1.3196022759426116e-05,0.003384718089364469,0.042240075999870896,93.2184734911425,143.82536746084224,0.18052382895257324,237.27678887499496,0.1348635918065236,12.016300544,2026-01-22T09:57:46.389512
26333,0.21357901061486081,0.011037733589214227,1.3191493271564074e-05,0.0028214406920596957,0.04199114616494626,91.75726241769735,140.55831579421647,0.2321743059437722,232.59874521603342,0.13757597862481585,11.993183232,2026-01-22T10:01:38.988820
26334,0.21373923492890046,0.005163047456040459,1.3186963193562044e-05,0.0029675060650333762,0.038268151110969484,91.07977724994998,139.3248833118705,0.17949714104179293,230.63307549699675,0.1387485291562905,11.992587264,2026-01-22T10:05:29.622677
26335,0.21389945924294013,0.003983495120144731,1.3182432526639915e-05,0.0029451691079884768,0.04566104302648455,91.58121439313982,140.64045305317268,0.22791173902805895,232.50898127502296,0.1376290921086994,12.006646784,2026-01-22T10:09:22.132351
26336,0.21405968355697977,0.006120213678607378,1.3177901272017737e-05,0.0032332001719623804,0.05089174292515963,92.65718806290533,140.69150788511615,0.20453654089942575,233.61386929103173,0.13697816870682025,12.010994688,2026-01-22T10:13:15.746844
26337,0.21421990787101944,3.1005605124700963e-05,1.3173369430915713e-05,0.0031476321164518595,0.04118237306829542,90.61021775519475,139.4931407511467,0.16455846093595028,230.31867726403289,0.13893792887372228,11.99410688,2026-01-22T10:17:06.066107
26338,0.21438013218505908,0.004851475686741047,1.3168837004554211e-05,0.003039137925952673,0.03949760692194104,90.3156203343533,137.5095331168268,0.21012645994778723,228.08456087706145,0.14029884301221132,12.00560384,2026-01-22T10:20:54.151291
26339,0.21454035649909875,1.7095650063581047e-05,1.3164303994153751e-05,0.0029888555873185396,0.04682459507603198,87.97667461982928,131.6365736570442,0.16749588097445667,219.83885075093713,0.14556116851363038,11.992546304,2026-01-22T10:24:33.990830
26340,0.2147005808131384,0.005642957817521221,1.3159770400935013e-05,0.003035592148080468,0.04114142537582666,91.11733983189333,139.1174476670567,0.15644203196279705,230.44415000104345,0.13886227964500336,12.027644928,2026-01-22T10:28:24.435774
26341,0.21486080512717806,0.003938647003117524,1.3155236226118831e-05,0.0027514328248798847,0.043835786753334105,89.09122919337824,135.27165001572575,0.21302422799635679,224.63166821107734,0.14245542605297704,12.010267648,2026-01-22T10:32:09.068088
26342,0.2150210294412177,0.0009396756071762269,1.31507014709262e-05,0.002867309143766761,0.04196596599649638,91.76411623612512,140.86795463855378,0.18930107704363763,232.8759882550221,0.13741219195581836,12.015284224,2026-01-22T10:36:01.944722
26343,0.21518125375525737,0.011104441592848957,1.3146166136578272e-05,0.003648031153716147,0.0387700101127848,91.35921743570361,139.848917292431,0.2091150099877268,231.46619219193235,0.1382491313179141,12.010938368,2026-01-22T10:39:53.411682
26344,0.21534147806929702,0.027815641270327873,1.3141630224296349e-05,0.003240589052438736,0.03579987690318376,90.24486730596982,137.47067691222765,0.22074650006834418,227.9840363879921,0.140360704665923,12.00512,2026-01-22T10:43:41.396404
26345,0.21550170238333669,0.009940883894555608,1.3137093735301893e-05,0.003298671217635274,0.04410859220661223,93.68527084286325,138.77500358526595,0.1647920130053535,232.6817891569808,0.1375268778701496,12.010929152,2026-01-22T10:47:34.089550
26346,0.21566192669737633,3.681381599562883e-06,1.3132556670816521e-05,0.003622976131737232,0.043359564151614904,94.17034068959765,144.23691460455302,0.19619808706920594,238.66330888390075,0.1340800986529798,12.005266944,2026-01-22T10:51:32.754594
26347,0.21582215101141597,0.00011021036263691997,1.3128019032062002e-05,0.0034255601931363344,0.04501282924320549,91.58495662000496,143.36386760883033,0.2222310520010069,235.22667962906417,0.13603899034948644,11.993046528,2026-01-22T10:55:27.982032
26348,0.21598237532545564,0.0005322815423927096,1.3123480820260261e-05,0.0028053319547325373,0.04362989601213485,92.63012857292779,141.96939741203096,0.27902749297209084,234.9340334989829,0.1362084476370195,12.015038976,2026-01-22T10:59:22.916680
26349,0.21614259963949528,0.005719292474560156,1.3118942036633381e-05,0.0029127858579158783,0.03677452774718404,93.3510656961007,142.45790566469077,0.18243340798653662,236.04038945306093,0.135570018648709,12.006881792,2026-01-22T11:03:18.957727
26350,0.21630282395353495,0.000728286301141523,1.3114402682403596e-05,0.002850797842256725,0.04996340617071837,92.56454879313242,142.13039679208305,0.2417209279956296,234.99649120296817,0.1361722459607338,11.99742464,2026-01-22T11:07:13.954868
26351,0.2164630482675746,0.008657311311885074,1.3109862758793294e-05,0.0028156322659924626,0.045397033798508346,92.24145361513365,142.72704830218572,0.1976000180002302,235.22404858702794,0.13604051198090264,11.993063936,2026-01-22T11:11:09.179536
26352,0.21662327258161426,0.00202504146642557,1.3105322267025014e-05,0.0032056670170277357,0.039474258315749466,94.80844794795848,143.2806372278137,0.23785281192976981,238.37840432592202,0.1342403481996973,11.992111104,2026-01-22T11:15:07.558746
26353,0.2167834968956539,0.002105373157019308,1.3100781208321451e-05,0.0029861939838156104,0.04607542231678963,91.23625057097524,138.64374072197825,0.26047267101239413,230.19796254998073,0.1390107872612128,11.992951296,2026-01-22T11:18:57.757306
26354,0.21694372120969357,6.871022045551456e-06,1.309623958390545e-05,0.002980508143082261,0.04782268975395709,91.51719190634321,144.10136296472047,0.25593234191183,235.9339141100645,0.13563120046010774,11.992229888,2026-01-22T11:22:53.691816
26355,0.21710394552373322,0.017411822922436926,1.3091697395000012e-05,0.002912650117650628,0.04262032778933644,93.19689470599405,140.85462628595997,0.172315692063421,234.27608631190378,0.13659097906133175,12.00779008,2026-01-22T11:26:47.968768
26356,0.21726416983777289,0.01117668342235012,1.308715464282829e-05,0.0028717872919514775,0.045123302028514445,93.57705579709727,146.96506607125048,0.17731786996591836,240.77899554895703,0.13290195819216927,12.014674432,2026-01-22T11:30:48.748435
26357,0.21742439415181253,0.01166182749368705,1.308261132861358e-05,0.0031253888737410307,0.04289202357176691,92.14177478500642,141.99723415996414,0.20791756198741496,234.40051318495534,0.1365184724435743,12.017215488,2026-01-22T11:34:43.149822
26358,0.2175846184658522,0.0017340157672611767,1.3078067453579342e-05,0.0029023332754150033,0.045129368896596134,91.96654397132806,147.3298013675958,0.16551176609937102,239.51724474399816,0.13360207125880383,12.02461952,2026-01-22T11:38:42.667655
26359,0.21774484277989184,0.00925542789894962,1.3073523018949183e-05,0.0028979978524148464,0.045833123149350286,92.44166284950916,142.9639895914588,0.19781213800888509,235.65842257800978,0.13578975726788237,11.991908352,2026-01-22T11:42:38.326763
26360,0.2179050670939315,0.009464658488192335,1.3068978025946851e-05,0.0035903836833313107,0.03946045704651624,93.65632289100904,145.0174678072799,0.20059808099176735,238.92387733096257,0.13393387198246787,12.019092992,2026-01-22T11:46:37.251227
26361,0.21806529140797115,0.000676351468183789,1.3064432475796256e-05,0.003655392676591873,0.04352743993513286,91.47755644773133,141.15019199391827,0.2477296870201826,232.93050119001418,0.13738003325676892,11.992414208,2026-01-22T11:50:30.182324
26362,0.21822551572201082,0.0005615221749005195,1.3059886369721457e-05,0.0030326377600431442,0.046932911849580705,89.83820135495625,136.5807594981743,0.19979157496709377,226.67634550202638,0.14117044250527647,11.992759296,2026-01-22T11:54:16.859348
26363,0.21838574003605046,0.003917497293635996,1.3055339708946655e-05,0.0037679841043427587,0.04621434980072081,92.52753647440113,142.31353085080627,0.18091933394316584,235.08039548597299,0.1361236437170679,12.006828544,2026-01-22T11:58:11.940408
26364,0.21854596435009013,0.005732188422616247,1.3050792494696208e-05,0.003089992911554873,0.04429913067724556,89.56197397829965,135.5480871819891,0.1850562239997089,225.34977281000465,0.142001474423405,11.992507392,2026-01-22T12:01:57.290781
26365,0.21870618866412977,0.010805353911237603,1.3046244728194622e-05,0.0031843760516494513,0.048736819764599204,91.37597046536393,141.2372881526826,0.20104708895087242,232.87523922801483,0.13741263393257486,12.01022464,2026-01-22T12:05:50.166613
26366,0.21886641297816944,0.001704510987661223,1.3041696410666547e-05,0.0028670098399743438,0.042730213957838714,91.95156006212346,140.86671065085102,0.18380717292893678,233.05742919200566,0.13730521318690347,12.01966336,2026-01-22T12:09:43.224634
26367,0.2190266372922091,0.015336554458034612,1.3037147543336785e-05,0.002956512034870684,0.037826627027243376,91.13169740792364,138.14390513009857,0.17355283198412508,229.49609587609302,0.1394359232031428,12.01164288,2026-01-22T12:13:32.721355
26368,0.21918686160624876,0.0053878477573068295,1.3032598127430285e-05,0.002871454693377018,0.047246128087863326,89.04571667697746,134.79948950919788,0.27149793098215014,224.17473007098306,0.14274579471944704,12.014035456,2026-01-22T12:17:16.896662
26369,0.2193470859202884,0.007621330538736482,1.3028048164172145e-05,0.0030816819053143263,0.0439154600026086,91.25201848591678,139.4761175971944,0.18340480292681605,230.96629823197145,0.1385483520537734,12.007276032,2026-01-22T12:21:07.863642
26370,0.21950731023432807,0.005076859189606431,1.3023497654787612e-05,0.002675822121091187,0.03863214305602014,88.8050778512843,133.87797782407142,0.2567951700184494,222.98722305498086,0.14350598012564117,12.00921088,2026-01-22T12:24:50.851477
26371,0.2196675345483677,0.009546659430566429,1.3018946600502074e-05,0.003291362780146301,0.042928482056595385,95.26059724576771,136.80729841534048,0.16422953002620488,232.28680632892065,0.13776072996021846,12.01028608,2026-01-22T12:28:43.149342
26372,0.21982775886240738,0.00681485591932951,1.3014395002541073e-05,0.002966427127830684,0.04638131114188582,96.60206256294623,142.83866533986293,0.3546752299880609,239.85207738995086,0.13341556324306705,11.991980032,2026-01-22T12:32:43.013082
26373,0.21998798317644702,2.0484760838712646e-06,1.300984286213029e-05,0.0030347149586305022,0.03671568783465773,92.33619170612656,144.5585072931135,0.19926331599708647,237.14068749395665,0.13494099362774048,11.993024512,2026-01-22T12:36:40.155664
26374,0.2201482074904867,0.0059230465037583,1.3005290180495557e-05,0.002766030142083764,0.04193413071334362,90.19539017009083,139.10064732597675,0.15570024808403105,229.5029025869444,0.13943178774341292,12.009478144,2026-01-22T12:40:29.659186
26375,0.22030843180452633,5.7433367359749354e-06,1.3000736958862852e-05,0.0028767649782821536,0.03918117797002196,93.08564047410619,143.02266035217326,0.16765676403883845,236.32779691996984,0.13540514665245448,12.008134144,2026-01-22T12:44:25.987577
26376,0.220468656118566,0.008009656741489124,1.2996183198458294e-05,0.003023326862603426,0.04513773997314274,92.31098074093461,141.1272128552664,0.20245785301085562,233.69819708901923,0.1369287414220432,12.008494592,2026-01-22T12:48:19.686596
26377,0.22062888043260565,3.273323724073407e-06,1.2991628900508156e-05,0.0028061073971912265,0.04145641776267439,90.05301114404574,137.6181557199452,0.22380952897947282,227.94886632601265,0.14038236081522587,11.993029632,2026-01-22T12:52:07.636032
26378,0.22078910474664531,0.0024384664213314977,1.2987074066238846e-05,0.0027493250090628862,0.053738178103230894,92.5141840322176,144.34783972997684,0.22151558194309473,237.148487620987,0.13493655524020337,12.012928,2026-01-22T12:56:04.785197
26379,0.22094932906068496,0.027041954111490796,1.2982518696876919e-05,0.0031506599625572562,0.04326910467352718,90.76760740135796,139.5103093208745,0.1907159690745175,230.52241365704685,0.1388151351200369,12.004347904,2026-01-22T12:59:55.308202
26380,0.22110955337472463,0.010192876484912627,1.2977962793649075e-05,0.00280079897493124,0.046957651153206825,93.53580657602288,143.36576075991616,0.21528066601604223,237.173619230045,0.13492225696889926,12.010359808,2026-01-22T13:03:52.482430
26381,0.22126977768876427,0.002568912492607822,1.297340635778216e-05,0.003160570515319705,0.04183978971559554,90.72278319182806,139.45397366804536,0.19903224997688085,230.42885009897873,0.1388714997547168,11.992013824,2026-01-22T13:07:42.912082
26382,0.22143000200280394,0.0093992861248271,1.2968849390503162e-05,0.003076534834690392,0.03563280717935413,91.36432769079693,138.43534101510886,0.1578310269396752,230.0069687999785,0.13912621937915384,11.992245248,2026-01-22T13:11:32.919788
26383,0.22159022631684358,0.004973283186137323,1.2964291893039209e-05,0.0036085841711610556,0.04435758793260902,91.48557621834334,142.53900264948606,0.23517306905705482,234.31701442901976,0.13656712073588478,11.992093696,2026-01-22T13:15:27.237625
26384,0.22175045063088325,0.014531006401771407,1.295973386661758e-05,0.002929298090748489,0.039433982921764255,91.00906383129768,139.37256878404878,0.2412220350233838,230.6723014320014,0.13872493490265497,11.992013824,2026-01-22T13:19:17.910706
26385,0.2219106749449229,0.002804749735291878,1.2955175312465683e-05,0.0031137621263042092,0.04588392726145685,91.98986291361507,143.05460532801226,0.21141865500248969,235.31330055801664,0.13598891318134557,12.015718912,2026-01-22T13:23:13.224680
26386,0.22207089925896253,0.003034668435898169,1.2950616231811083e-05,0.0030255720485001802,0.04535412194672972,92.09328392602038,142.6811161939986,0.18707334296777844,235.01738660701085,0.13616013888159456,12.001500672,2026-01-22T13:27:08.242898
26387,0.2222311235730022,0.003045494689670747,1.2946056625881475e-05,0.002796401036903262,0.04080424702260643,91.13850521517452,139.8611840408994,0.26689422701019794,231.31634984898847,0.1383386864823465,12.00647936,2026-01-22T13:30:59.559827
26388,0.22239134788704185,0.02055986414950617,1.2941496495904706e-05,0.002975455834530294,0.04047450108919293,90.81756390619557,140.25456561904866,0.17958363599609584,231.30148920300417,0.13834757445904236,11.992799232,2026-01-22T13:34:50.861935
26389,0.22255157220108152,0.009489345113181002,1.2936935843108753e-05,0.00284191919490695,0.04225395806133747,90.5546546910191,135.6919659167761,0.18471655098255724,226.48400429508183,0.1412903312955726,12.01038848,2026-01-22T13:38:37.346661
26390,0.22271179651512116,0.013931206543833952,1.2932374668721742e-05,0.003023476921953261,0.044437351170927286,91.94653739011846,144.42223054089118,0.23358730401378125,236.65705311100464,0.1352167601993688,11.991995392,2026-01-22T13:42:34.004554
26391,0.22287202082916083,0.0019708193485890035,1.2927812973971935e-05,0.0029620060231536627,0.04184902959968895,90.46222375018988,135.35223607288208,0.2242172530386597,226.09044001891743,0.14153628077915412,12.00666368,2026-01-22T13:46:20.095671
26392,0.22303224514320047,0.007518824185906325,1.2923250760087738e-05,0.0031655923230573535,0.03823616821318865,91.072151265922,139.85056956193876,0.2182805120246485,231.1887335369829,0.13841504951572828,11.993148416,2026-01-22T13:50:11.285059
26393,0.22319246945724014,0.009670950170352022,1.2918688028297693e-05,0.0037554686423391104,0.04484999168198556,90.63370038440917,138.7885218336014,0.17970605101436377,229.65805958595593,0.13933758761914083,12.01968384,2026-01-22T13:54:00.943812
26394,0.22335269377127978,0.0007004411678712685,1.291412477983048e-05,0.0034046568907797337,0.0412751758703962,91.88711792323738,141.1861451152945,0.21099627309013158,233.34257652703673,0.13713742462380094,12.011742208,2026-01-22T13:57:54.287122
26395,0.22351291808531945,0.0019780328141472125,1.2909561015914922e-05,0.003265822073444724,0.045057475683279335,90.57296697515994,137.87855958100408,0.16684115899261087,228.6735866429517,0.139937456134645,12.022334464,2026-01-22T14:01:42.961465
26396,0.2236731423993591,0.005513430390973184,1.2904996737779983e-05,0.002740252180956304,0.035731264972127974,90.65603157400619,138.3206185209565,0.20189236500300467,229.22610998700839,0.1396001528875294,12.007314944,2026-01-22T14:05:32.188161
26397,0.22383336671339876,0.001225515909374586,1.2900431946654763e-05,0.00277898705098778,0.04981491691432893,90.41926441993564,137.5575007040752,0.19402948196511716,228.23128241708037,0.1402086500198589,12.006870528,2026-01-22T14:09:20.420040
26398,0.2239935910274384,0.005526878131924318,1.28958666437685e-05,0.0028292298084124923,0.04376477806363255,90.26891218405217,137.03770791296847,0.2107709030387923,227.5710229439428,0.14061544209819063,11.992316928,2026-01-22T14:13:07.991687
26399,0.22415381534147807,0.009368731637172445,1.2891300830350562e-05,0.00358047301415354,0.045968894846737385,91.10822654981166,138.6536496260669,0.16854474693536758,229.9893425910268,0.13913688190719017,12.0157056,2026-01-22T14:16:57.981685
26400,0.22431403965551772,0.003895917527350079,1.288673450763047e-05,0.0028638888616114855,0.03962088888511062,90.30438676918857,137.26086196419783,0.22774013807065785,227.84415242203977,0.14044687853443713,12.010648576,2026-01-22T14:20:45.826647
26401,0.22447426396955739,0.013521872111866173,1.2882167676837872e-05,0.002953138086013496,0.042260487913154066,94.07832205307204,137.488971615443,0.2034160690382123,231.82435443392023,0.13803554021810663,12.016064,2026-01-22T14:24:37.662253
26402,0.22463448828359703,0.011035364459491603,1.287760033920255e-05,0.002822573878802359,0.048308094847016037,93.39367603615392,142.32923746074084,0.24828172894194722,236.02920906897634,0.1355764404169504,11.99331328,2026-01-22T14:28:33.692917
26403,0.2247947125976367,0.0009886189986474392,1.2873032495954431e-05,0.003052384709008038,0.038519793073646724,91.94705008994788,141.88986736058723,0.1729339809389785,234.0603724559769,0.13671686353493562,12.007474688,2026-01-22T14:32:27.753945
26404,0.22495493691167634,0.008531690590979135,1.2868464148323576e-05,0.003817907185293734,0.04166023898869753,91.08882298273966,140.20709908101708,0.26080854004248977,231.61077823804226,0.1381628274963586,11.992726528,2026-01-22T14:36:19.365430
26405,0.225115161225716,0.01118934941309746,1.2863895297540177e-05,0.002684319973923266,0.03993616020306945,91.76894013385754,141.13053094723728,0.26341365999542177,233.21304527390748,0.13721359352953935,11.992935424,2026-01-22T14:40:12.579213
26406,0.22527538553975565,2.587319342151062e-05,1.2859325944834565e-05,0.0030960962176322937,0.04790903290268034,91.17395327694248,144.1975691751577,0.2051505020353943,235.6375565979397,0.13580178160903486,12.010051072,2026-01-22T14:44:08.217527
26407,0.22543560985379532,0.012920229428398322,1.285475609143721e-05,0.003087129909545183,0.04375914973206818,92.24303639214486,143.25957387895323,0.15719442698173225,235.71475519996602,0.1357573053619539,12.007059968,2026-01-22T14:48:03.932857
26408,0.22559583416783496,0.002298192178511016,1.2850185738578713e-05,0.0033890792401507497,0.03852441313210875,91.39654566219542,138.60433386592194,0.3330644950037822,230.38255717605352,0.13889940450459654,11.993121792,2026-01-22T14:51:54.316202
26409,0.22575605848187463,0.018450646503006318,1.2845614887489802e-05,0.0031585065880790353,0.048814570996910334,91.95403692591935,142.66955482400954,0.20170161093119532,234.88690465700347,0.136235777157217,11.992008704,2026-01-22T14:55:49.203676
26410,0.22591628279591427,0.006158639208083017,1.2841043539401354e-05,0.002844730159267783,0.043462730129249394,92.54839056776837,141.6677162462147,0.1812613670481369,234.45147306192666,0.1364887990767612,11.992174592,2026-01-22T14:59:43.656004
26411,0.22607650710995394,0.027891839991954548,1.2836471695544363e-05,0.0032175321830436587,0.04813051223754883,93.7578752997797,143.0518678621156,0.17663640005048364,237.04418460500892,0.1349959293594238,11.992081408,2026-01-22T15:03:40.700882
26412,0.2262367314239936,0.007836782644002227,1.2831899357149974e-05,0.003125034971162677,0.03655606112442911,92.81953891308513,144.24581731273793,0.1717532629845664,237.28307459596545,0.1348600192175026,12.014119424,2026-01-22T15:07:37.984837
26413,0.22639695573803326,0.02644365483047295,1.2827326525449455e-05,0.002950027002952993,0.035498881130479276,92.62639237195253,143.17112732480746,0.20529166306369007,236.04998016101308,0.13556451044042597,12.019623424,2026-01-22T15:11:34.035587
26414,0.2265571800520729,0.000198265702796796,1.2822753201674208e-05,0.002801916212774813,0.042999698081985116,91.60561612294987,139.89541639690287,0.19611740100663155,231.74987260589842,0.13807990330340983,12.013901312,2026-01-22T15:15:25.786034
26415,0.22671740436611257,0.00891087023666337,1.2818179387055769e-05,0.0027967336354777217,0.04309208574704826,91.93809048528783,140.54621827194933,0.1922363059129566,232.72979660297278,0.13749850885914128,12.01595648,2026-01-22T15:19:18.516522
26416,0.2268776286801522,6.390164760006201e-06,1.2813605082825805e-05,0.0030330339213833213,0.04545203107409179,94.32047011097893,144.74625666672364,0.1581649100407958,239.28082273399923,0.13373407711646565,12.008659456,2026-01-22T15:23:17.798061
26417,0.22703785299419188,0.024803739899021515,1.2809030290216115e-05,0.0028165881521999836,0.045951022766530514,91.70403160830028,141.79984164680354,0.21770286792889237,233.77750344295055,0.1368822899069459,12.029641728,2026-01-22T15:27:11.576171
26418,0.22719807730823152,0.00591019370518886,1.2804455010458627e-05,0.002947195549495518,0.045196739956736565,90.9050942552276,140.51516646367963,0.213786639040336,231.6897420739988,0.13811573923622222,12.010075136,2026-01-22T15:31:03.266592
26419,0.2273583016222712,0.02132424104992392,1.2799879244785408e-05,0.003619728027842939,0.045589065994136035,93.46844225167297,136.1635743380757,0.22449607599992305,229.9139433320379,0.13918251123110933,12.01073664,2026-01-22T15:34:53.192305
26420,0.22751852593631083,3.1670287771179417e-06,1.2795302994428652e-05,0.002650924026966095,0.03950528451241553,93.03517468774226,143.59069026692305,0.2230090240482241,236.89839276007842,0.1350790084608483,12.005090816,2026-01-22T15:38:50.092097
26421,0.2276787502503505,0.012912477409992462,1.2790726260620675e-05,0.0031015160493552685,0.04577132815029472,90.68940809287596,139.340713030193,0.20022936898749322,230.2881746389903,0.1389563317793655,12.0061312,2026-01-22T15:42:40.381168
26422,0.22783897456439015,0.03894388495208023,1.2786149044593937e-05,0.002980253892019391,0.03821182285901159,92.74196552694775,144.81170633004513,0.1731624419335276,237.77464475296438,0.13458121253107685,12.006406144,2026-01-22T15:46:38.156518
26423,0.22799919887842982,0.023734167622291302,1.2781571347581017e-05,0.003079775022342801,0.044118889956735075,92.57843794918153,143.78824591787998,0.1830242610303685,236.60632620495744,0.13524574982107782,11.99235584,2026-01-22T15:50:34.763482
26424,0.22815942319246946,0.03498326782589434,1.2776993170814633e-05,0.003084734082221985,0.04449367511551827,91.71268582670018,140.61526266508736,0.2009599229786545,232.58486700302456,0.13758418770892722,12.01056256,2026-01-22T15:54:27.349022
26425,0.2283196475065091,6.594025021122718e-06,1.2772414515527621e-05,0.0029317159205675125,0.04724181012716144,92.07797995209694,140.1296657746425,0.17906265100464225,232.4469527710462,0.1376658184524325,12.005879296,2026-01-22T15:58:19.796726
26426,0.22847987182054877,0.025064047974041603,1.2767835382952963e-05,0.0031089369440451264,0.03762572992127389,91.11247692222241,138.88597541488707,0.18409924197476357,230.23171906499192,0.13899040553559325,12.009593856,2026-01-22T16:02:10.029059
26427,0.2286400961345884,0.01839648436096475,1.2763255774323745e-05,0.00296621595043689,0.04363786929752678,91.22718850406818,140.90596705675125,0.18078424700070173,232.36711354507133,0.13771311917507245,12.006038016,2026-01-22T16:06:02.396773
26428,0.22880032044862808,7.616323408399239e-06,1.27586756908732e-05,0.0035855817841365933,0.04182744328863919,92.26715136494022,141.05665516783483,0.19974097097292542,233.57592898292933,0.13700041840500907,11.99197696,2026-01-22T16:09:55.973454
26429,0.22896054476266772,0.004321003534320411,1.2754095133834682e-05,0.002704452956095338,0.045723709743469954,91.03465669427533,139.36404357780702,0.18466796295251697,230.63904197700322,0.13874493982328753,11.992829952,2026-01-22T16:13:46.613178
26430,0.2291207690767074,0.02546169423027944,1.2749514104441679e-05,0.0028335630195215344,0.04414995014667511,90.03400266193785,136.30141834216192,0.22361655801068991,226.61339065199718,0.14120966068214988,12.012759552,2026-01-22T16:17:33.227244
26431,0.22928099339074703,0.03059967321205992,1.2744932603927798e-05,0.0028510992415249348,0.038511228864081204,91.88583586318418,140.80544808588456,0.24257843801751733,232.98256802291144,0.13734933163262725,12.012777984,2026-01-22T16:21:26.210423
26432,0.2294412177047867,0.009276716877444358,1.2740350633526774e-05,0.0029793839203193784,0.04137783718761057,88.9059384817956,133.7681956400629,0.19870766100939363,222.92568337195553,0.14354559562617747,12.01142272,2026-01-22T16:25:09.136684
26433,0.22960144201882635,0.011322492782637639,1.2735768194472473e-05,0.00272193003911525,0.04844871303066611,89.55733284074813,135.3555357302539,0.20376061205752194,225.17498266603798,0.14211170184682512,11.992148992,2026-01-22T16:28:54.312258
26434,0.22976166633286602,2.5891324124671655e-06,1.2731185287998886e-05,0.002942746737971902,0.04240677529014647,89.47487567772623,134.63116670725867,0.18814899399876595,224.3469459649641,0.14263621848009195,11.993153536,2026-01-22T16:32:38.659897
26435,0.22992189064690566,0.021985991763171953,1.2726601915340127e-05,0.0031953671714290977,0.040826301905326545,92.47299892280716,141.3834585142322,0.21625963400583714,234.1253329400206,0.13667893003358983,11.993148416,2026-01-22T16:36:32.785865
26436,0.23008211496094533,0.043604276852645896,1.2722018077730442e-05,0.002752639935351908,0.041572269750759006,91.08849347603973,138.30488285503816,0.22213403903879225,229.66672752797604,0.13933232882460972,12.020289536,2026-01-22T16:40:22.453259
26437,0.23024233927498497,0.017236381743993334,1.271743377640419e-05,0.002953585935756564,0.04355287889484316,91.20928862912115,138.2876492110081,0.24739626492373645,229.79764103598427,0.1392529525357011,12.010341376,2026-01-22T16:44:12.251677
26438,0.23040256358902464,0.003194551037689841,1.2712849012595866e-05,0.0027962210588157177,0.044724102946929634,89.67019281408284,135.58098664099816,0.2240523819345981,225.52913569798693,0.14188854092383077,12.009644032,2026-01-22T16:47:57.781450
26439,0.23056278790306428,0.005748915284437217,1.2708263787540088e-05,0.0031500471523031592,0.03762098297011107,91.00761936604977,138.59986390487757,0.19635449605993927,229.8513925410807,0.13922038777416032,12.0147328,2026-01-22T16:51:47.633564
26440,0.23072301221710395,0.01290459638225272,1.2703678102471591e-05,0.003444031928665936,0.04154798877425492,90.0114483361831,136.07555736298673,0.20657919207587838,226.34813574003056,0.141375142743624,11.993839616,2026-01-22T16:55:33.982440
26441,0.2308832365311436,0.0009168275799140702,1.2699091958625242e-05,0.002901981119066477,0.04015463322866708,91.16520143905655,138.5678760871524,0.16176160902250558,229.94629529397935,0.13916292914869088,11.992060928,2026-01-22T16:59:23.929577
26442,0.23104346084518326,0.004145044807416731,1.2694505357236033e-05,0.002847977797500789,0.04138245794456452,90.97143983189017,138.0091462180717,0.27363197901286185,229.30618078797124,0.13955140629021645,11.992943616,2026-01-22T17:03:13.236414
26443,0.2312036851592229,0.0213258689744098,1.2689918299539064e-05,0.002769642975181341,0.04377621493767947,89.99929095013067,135.93389491387643,0.20356443407945335,226.1906377050327,0.14147358318928335,11.992839168,2026-01-22T17:06:59.427655
26444,0.23136390947326257,0.011987653999764092,1.268533078676958e-05,0.0027495998656377196,0.043354103108868,90.92441407183651,134.54700154426973,0.18354264495428652,225.70718070701696,0.14177661472604253,12.008416768,2026-01-22T17:10:45.145678
26445,0.23152413378730222,0.0021182192368378594,1.2680742820162928e-05,0.002645648899488151,0.046697868034243584,91.94253418163862,142.06324815319385,0.20301494793966413,234.26745528099127,0.13659601143324715,11.99321856,2026-01-22T17:14:39.414102
26446,0.2316843581013419,0.003916648724718641,1.2676154400954592e-05,0.0029213506495580077,0.0441110769752413,92.44173197331838,142.47202642983757,0.1753818969009444,235.14509497291874,0.1360861896935821,12.02176512,2026-01-22T17:18:34.559915
26447,0.23184458241538153,0.012303552574898902,1.267156553038017e-05,0.0031320909038186073,0.044103219639509916,93.05707568745129,142.30397495464422,0.2513872580602765,235.66645769495517,0.1357851274763104,12.023332864,2026-01-22T17:22:30.226991
26448,0.2320048067294212,3.6720060290207357e-06,1.266697620967539e-05,0.0027767729479819536,0.04474960605148226,90.38686778605916,136.32476401585154,0.23085998301394284,226.9979155169567,0.14097045749131384,12.013013504,2026-01-22T17:26:17.225518
26449,0.23216503104346084,0.007443344409880481,1.266238644007608e-05,0.002664007246494293,0.04199894692283124,92.37050256913062,140.66979183699004,0.20801283605396748,233.30063155002426,0.13716208047700276,12.009764864,2026-01-22T17:30:10.526877
26450,0.2323252553575005,0.0032382190088613427,1.2657796222818219e-05,0.00359199196100235,0.04836907109711319,89.98411400616169,135.84083579701837,0.31366516603156924,226.19735578307882,0.1414693814134932,12.00612096,2026-01-22T17:33:56.725039
26451,0.23248547967154015,0.008294523719744262,1.2653205559137883e-05,0.0025812560925260186,0.04581365897320211,89.2088497519726,134.3173409330193,0.15923763089813292,223.7401981470175,0.1430230252096814,11.992262144,2026-01-22T17:37:40.465868
26452,0.23264570398557982,0.014772162073226625,1.2648614450271281e-05,0.0029038089560344815,0.04443998483475298,90.91339854116086,138.08475427504163,0.20521942991763353,229.25885408301838,0.13958021437380244,12.02841088,2026-01-22T17:41:29.725491
26453,0.23280592829961946,0.003724975289605581,1.2644022897454738e-05,0.0029120470862835646,0.04444561887066811,89.95626248791814,135.9879008101998,0.2034448100021109,226.20341381500475,0.14146559267301978,12.004209664,2026-01-22T17:45:15.929516
26454,0.23296615261365913,0.0032724492817912676,1.2639430901924696e-05,0.0029984789434820414,0.04175350314471871,91.29924279078841,138.73956059396733,0.22853812295943499,230.32253926398698,0.13893559919171788,12.018326016,2026-01-22T17:49:06.252641
26455,0.23312637692769878,0.001428692558596012,1.2634838464917716e-05,0.0031403328757733107,0.040770846884697676,90.09340725687798,136.39030231221113,0.21053748403210193,226.7465034070192,0.14112676279095118,12.018182144,2026-01-22T17:52:52.999745
26456,0.23328660124173844,0.037283062214443774,1.2630245587670483e-05,0.0032042356906458735,0.0435822430299595,92.23660356283654,141.05995077593252,0.18986085709184408,233.54098826705012,0.13702091541810446,12.02802688,2026-01-22T17:56:46.541394
26457,0.2334468255557781,0.004364099974107916,1.2625652271419797e-05,0.003151085809804499,0.03919962700456381,89.43821168574505,134.67660775512923,0.18584306398406625,224.35253517294768,0.14263266503911806,11.992177664,2026-01-22T18:00:30.894813
26458,0.23360704986981776,0.01818660826021201,1.262105851740258e-05,0.0029484430560842156,0.04541393811814487,88.17967829189729,131.95898971590213,0.231662878068164,220.42518406105228,0.14517397427299777,11.99355904,2026-01-22T18:04:11.320732
26459,0.2337672741838574,0.001546503281923961,1.2616464326855867e-05,0.003089978825300932,0.04121503792703152,94.2779172930168,140.65550716919824,0.19466690300032496,235.18078007991426,0.13606554068375154,12.011754496,2026-01-22T18:08:06.512838
26460,0.23392749849789707,0.017651500087088934,1.2611869701016809e-05,0.0032955952920019627,0.0423465627245605,95.3318408979103,139.86871319112834,0.17821773199830204,235.43462267692667,0.13591883655919101,11.992882176,2026-01-22T18:12:01.948493
26461,0.2340877228119367,0.000859090857240119,1.260727464112268e-05,0.00277972302865237,0.04042125807609409,93.99140210612677,141.1304301370401,0.20805788808502257,235.38030189508572,0.1359502037441651,11.992536064,2026-01-22T18:15:57.329422
26462,0.23424794712597638,4.0167845341443353e-05,1.2602679148410868e-05,0.0027209706604480743,0.041943744057789445,95.78522132500075,143.16880006191786,0.1811800739960745,239.1866982160136,0.13378670402105827,11.99204352,2026-01-22T18:19:56.516796
26463,0.23440817144001602,2.4739436314646923e-05,1.2598083224118878e-05,0.0032849094131961465,0.04256865591742098,91.74122935684863,140.01807225542143,0.19754819897934794,232.00985238002613,0.13792517719284106,12.007051776,2026-01-22T18:23:48.527238
26464,0.23456839575405566,0.003001566554830859,1.2593486869484337e-05,0.0025901864282786846,0.04669027077034116,91.89150335930753,141.48444284207653,0.17988240299746394,233.6116649239557,0.13697946123716256,11.993038848,2026-01-22T18:27:42.139493
26465,0.23472862006809533,0.007286847793398721,1.2588890085744972e-05,0.003022601129487157,0.05317229521460831,93.25151134165935,146.06454574910458,0.17695138393901289,239.55729474604595,0.13357973521083177,12.01335808,2026-01-22T18:31:41.697512
26466,0.23488884438213498,1.2508356526552689e-05,1.2584292874138644e-05,0.0030314178438857198,0.045792447053827345,91.07546060008463,139.4991522418568,0.21966485597658902,230.84947469295003,0.13861846574510422,12.00624384,2026-01-22T18:35:32.547658
26467,0.23504906869617465,0.00010469983453020859,1.2579695235903315e-05,0.003244542866013944,0.044565587188117206,93.79599232401233,141.8554627817357,0.3821581680094823,236.0904179820791,0.13554129080507207,11.993235968,2026-01-22T18:39:28.638689
26468,0.2352092930102143,0.010340664723848647,1.2575097172277072e-05,0.0028359770076349378,0.045419546659104526,91.80537596030626,140.09046831983142,0.20115363306831568,232.1525110650109,0.13784042159698573,11.993211904,2026-01-22T18:43:20.791919
26469,0.23536951732425396,0.019579876104725003,1.2570498684498111e-05,0.003064449760131538,0.04874203784856945,92.03690687811468,144.35885939921718,0.15434849297162145,236.61377642699517,0.13524149135869645,12.01789952,2026-01-22T18:47:17.406351
26470,0.2355297416382936,0.07024992244472372,1.2565899773804745e-05,0.003013637149706483,0.04818886984139681,91.02145024121273,142.75912335980684,0.18576768692582846,234.02458145702258,0.13673777259110978,12.012312576,2026-01-22T18:51:11.431781
26471,0.23568996595233327,0.00947826903521154,1.2561300441435396e-05,0.002587068942375481,0.04801689088344574,92.19088702683803,140.86102777707856,0.19642681791447103,233.30657255603,0.1371585877303778,12.01653248,2026-01-22T18:55:04.739090
26472,0.2358501902663729,5.378199789696225e-05,1.2556700688628606e-05,0.0034834430553019047,0.039046496036462486,92.30892088019755,143.2565740980208,0.1998430829262361,235.8143826579908,0.1356999502715262,12.012828672,2026-01-22T18:59:00.554094
26473,0.23601041458041258,0.023227200355648847,1.2552100516623028e-05,0.0030977452406659722,0.036515765939839184,93.69108185917139,143.5648618126288,0.19537793402560055,237.49969616509043,0.13473701447498362,12.008253952,2026-01-22T19:02:58.054571
26474,0.23617063889445222,0.00236438010799489,1.2547499926657424e-05,0.002942719147540629,0.04096849716734141,91.78884002414998,141.88752762775403,0.22152870998252183,233.95034892996773,0.13678115953389364,11.99215616,2026-01-22T19:06:52.005671
26475,0.2363308632084919,0.02920770629531333,1.2542898919970676e-05,0.003078527399338782,0.040183258010074496,92.5180018520914,141.3202077030437,0.17477247200440615,234.06405034207273,0.13671471528085422,12.011994112,2026-01-22T19:10:46.070317
26476,0.23649108752253153,0.007058036355687136,1.2538297497801768e-05,0.0028551940340548754,0.04630480380728841,91.66046800825279,138.57695643114857,0.20304185105487704,230.49937506904826,0.13882900979846083,11.992418816,2026-01-22T19:14:36.570505
26477,0.2366513118365712,0.00017112493725157663,1.2533695661389808e-05,0.0029687790665775537,0.038512251689098775,91.55896967533045,139.6290164309321,0.18455238395836204,231.42102814500686,0.13827611197003678,11.992094208,2026-01-22T19:18:27.992120
26478,0.23681153615061085,0.005516053198508786,1.2529093411974002e-05,0.003051862120628357,0.042814158950932324,90.01092509622686,135.6525469669141,0.2185523030348122,225.93482793704607,0.14163376355997848,11.993367552,2026-01-22T19:22:13.927591
26479,0.23697176046465052,0.015222914534245291,1.2524490750793682e-05,0.002729922765865922,0.04095177631825209,90.76454261387698,137.44638516986743,0.21067264000885189,228.4737812479725,0.1400598345473567,12.009690112,2026-01-22T19:26:02.401938
26480,0.23713198477869016,0.002967686164073058,1.2519887679088279e-05,0.0029191598296165466,0.04410081484820694,91.28150791116059,139.6117328706896,0.18698403297457844,231.1348968000384,0.138447289626214,11.992023552,2026-01-22T19:29:53.537450
26481,0.23729220909272983,0.024803947600499754,1.2515284198097342e-05,0.0026415601605549455,0.04416116513311863,92.12187898217235,140.68883999879472,0.16834047192241997,233.03288188192528,0.1373196766978747,12.008365568,2026-01-22T19:33:46.571102
26482,0.23745243340676947,0.01769832952188466,1.2510680309060524e-05,0.002462374046444893,0.04609342524781823,88.96992715867236,133.63566565385554,0.16205218899995089,222.8258796039736,0.14360988973486072,12.014535168,2026-01-22T19:37:29.397584
26483,0.23761265772080914,0.004362316866968641,1.2506076013217593e-05,0.002632086747325957,0.04431012785062194,91.42731418285985,139.25459399539977,0.16659168002661318,230.9021942128893,0.13858681641845444,12.007398912,2026-01-22T19:41:20.300417
26484,0.23777288203484878,0.010059597795084585,1.2501471311808423e-05,0.002855418948456645,0.04775756993331015,91.3611565057654,139.0644667580491,0.16758355300407857,230.65054469392635,0.1387380205083151,12.007295488,2026-01-22T19:45:10.951569
26485,0.23793310634888845,0.016857237012821713,1.2496866206072998e-05,0.002531382255256176,0.046418770449236035,90.92873403173871,138.10323306929786,0.19686170190107077,229.28477091598324,0.13956443715019237,11.992839168,2026-01-22T19:49:00.237044
26486,0.2380933306629281,0.010817473939467526,1.249226069725142e-05,0.002370345639064908,0.04453824902884662,91.8280634470284,137.96636097703595,0.17920104903168976,230.02887048304547,0.13911297278816398,11.992527872,2026-01-22T19:52:50.266607
26487,0.23825355497696776,0.004824938163316972,1.2487654786583878e-05,0.0024814109783619642,0.050483123399317265,96.08277455775533,141.32420724991243,0.23157190799247473,237.6986196549842,0.1346242567434657,12.010592256,2026-01-22T19:56:47.965804
26488,0.2384137792910074,0.0027684075298566313,1.2483048475310692e-05,0.0030075282556936145,0.04635214316658676,94.61120364570525,141.52981954289135,0.24873209500219673,236.44565668492578,0.13533765199434983,12.00977408,2026-01-22T20:00:44.412208
26489,0.23857400360504707,1.1457385566515654e-05,1.247844176467228e-05,0.0032140198163688183,0.038291579694487154,92.11746982613113,141.917106791283,0.1996805489761755,234.28530135401525,0.1365856065876135,12.018539008,2026-01-22T20:04:38.698323
26490,0.23873422791908672,0.0023483773091008686,1.2473834655909164e-05,0.002869133953936398,0.04946376313455403,91.28362961183302,137.1060182020301,0.19798719603568316,228.64913443895057,0.1399524213311379,11.99232256,2026-01-22T20:08:27.348190
26491,0.2388944522331264,0.0225110973317868,1.2469227150261981e-05,0.003004895872436464,0.05005612492095679,94.84498815692496,145.49732746602967,0.2960795509861782,240.69992091297172,0.13294561908713726,12.019657216,2026-01-22T20:12:28.048717
26492,0.23905467654716603,0.01688745807129699,1.2464619248971468e-05,0.003060225979425013,0.04649236402474344,92.89526490215212,144.97504399414174,0.25454974093008786,238.1820560329361,0.1343510108736949,12.014573568,2026-01-22T20:16:26.231478
26493,0.2392149008612057,0.013759162595599506,1.2460010953278475e-05,0.00262497179210186,0.04718675697222352,93.5692747561261,148.55026166373864,0.21177719498518854,242.39266458305065,0.13201719637450451,12.003702784,2026-01-22T20:20:28.625038
26494,0.23937512517524534,0.03379366303957276,1.2455402264423945e-05,0.003163054818287492,0.03806576388888061,90.79104753828142,139.20442269078922,0.20934233290608972,230.25374183396343,0.13897711170781007,11.992015872,2026-01-22T20:24:18.879574
26495,0.239535349489285,0.012615467855070506,1.2450793183648947e-05,0.012947723269462585,0.03950185817666352,91.46608476783149,140.81528563506436,0.22403833095449954,232.56536117196083,0.13759572723445657,11.992820736,2026-01-22T20:28:11.445783
26496,0.23969557380332465,0.00014388972205559014,1.2446183712194643e-05,0.0032204219605773687,0.03974488424137235,94.3078172695823,145.63913028710522,0.20989882003050297,240.20891106000636,0.13321737257285227,12.021297152,2026-01-22T20:32:11.655365
26497,0.23985579811736432,0.009276526254594408,1.2441573851302304e-05,0.0028568580746650696,0.04320596996694803,93.35793015779927,142.0170751962578,0.18641758803278208,235.61495474202093,0.13581480867815618,12.012155904,2026-01-22T20:36:07.271115
26498,0.24001602243140396,0.005789008243614724,1.2436963602213299e-05,0.0028670206665992737,0.045166248572058976,92.78189185925294,143.6154923979193,0.21688724297564477,236.67103155399673,0.13520877392508077,12.031300096,2026-01-22T20:40:03.942999
26499,0.24017624674544363,0.0051878854157916265,1.2432352966169105e-05,0.003424942959100008,0.04893868591170758,91.74928758409806,143.39912742294837,0.18618916999548674,235.39563819393516,0.13594134643071082,12.020896768,2026-01-22T20:43:59.339519
26500,0.24033647105948328,0.008471326908111365,1.2427741944411316e-05,0.0029199460987001657,0.044133637100458145,92.06329070474021,144.865660468,0.1888785599730909,237.1729115420021,0.13492265955647706,11.992761344,2026-01-22T20:47:56.513042
26501,0.24049669537352295,0.0026316533591401736,1.2423130538181606e-05,0.09833284735213965,0.0723797403043136,96.21300283074379,137.69783296913374,0.3560228170827031,1602.487869806937,0.019968949907780125,12.00767744,2026-01-22T21:14:39.009684
26502,0.2406569196875626,0.02584014474689056,1.2418518748721776e-05,0.002906477777287364,0.05012965539935976,93.9444200649159,143.75963459489867,0.23535102501045913,237.99983412690926,0.1344538752196632,12.005467648,2026-01-22T21:18:37.016685
26503,0.24081714400160226,0.0022570955809326776,1.2413906577273712e-05,0.0029900132212787867,0.05234070389997214,92.37978787627071,141.74946542433463,0.229005063069053,234.42197840102017,0.1365059719155614,12.012537856,2026-01-22T21:22:31.439260
26504,0.2409773683156419,0.008954920100732622,1.2409294025079416e-05,0.003098746994510293,0.0383629280840978,90.51643071882427,138.88636704022065,0.2713263330515474,229.72357383801136,0.13929785030492634,11.992472576,2026-01-22T21:26:21.163423
26505,0.24113759262968154,0.029493350050378453,1.2404681093380983e-05,0.013161820126697421,0.04520657425746322,92.45257214875892,141.94363028532825,0.16199580195825547,234.6241657329956,0.13638833791919067,11.992892416,2026-01-22T21:30:15.788383
26506,0.2412978169437212,0.010482116679648712,1.2400067783420613e-05,0.013250715099275112,0.05480920767877251,92.41442063904833,141.41868475661613,0.19167786894831806,234.10273732698988,0.13669212229373917,11.992260608,2026-01-22T21:34:09.891790
26507,0.24145804125776085,0.021018780651282043,1.2395454096440614e-05,0.0029002500232309103,0.045546541921794415,91.83348258899059,140.00680572900455,0.17725153896026313,232.07460781896953,0.13788669213204788,12.010447872,2026-01-22T21:38:01.967137
26508,0.24161826557180052,0.019691160669310648,1.2390840033683393e-05,0.002952782320789993,0.041299468954093754,91.47842598694842,139.20599473908078,0.17277856799773872,230.9087279709056,0.13858289498711363,11.997502976,2026-01-22T21:41:52.876496
26509,0.24177848988584016,0.0003834082440459241,1.2386225596391445e-05,0.003299197065643966,0.04204080789349973,89.31288250570651,134.21015923004597,0.1701779899885878,223.74505097197834,0.14301992317142986,11.992776704,2026-01-22T21:45:36.622224
26510,0.24193871419987983,0.007364675498212847,1.2381610785807377e-05,0.002986556268297136,0.04308361676521599,91.33133333991282,138.62092015135568,0.16214817797299474,230.16907250299118,0.13902823542717338,12.015169024,2026-01-22T21:49:26.792021
26511,0.24209893851391948,0.008991184549335784,1.2376995603173907e-05,0.0029092748882248998,0.0425359383225441,90.33632861357182,136.82746120507363,0.17810468806419522,227.39478852099273,0.14072442120653883,11.992042496,2026-01-22T21:53:14.187643
26512,0.24225916282795915,0.01285094831718503,1.2372380049733837e-05,0.00391390488948673,0.04871550074312836,90.87854235409759,137.36561840691138,0.19429673196282238,228.4989649639465,0.14004439803501556,11.992767488,2026-01-22T21:57:02.687422
26513,0.2424193871419988,0.016681507333002443,1.2367764126730073e-05,0.002990458975546062,0.046676103956997395,91.09513937798329,138.60939783824142,0.24317408201750368,230.00478747999296,0.13912753882474524,11.99288832,2026-01-22T22:00:52.693008
26514,0.24257961145603846,0.013361665584989524,1.2363147835405627e-05,0.0036226382944732904,0.057084486819803715,89.336186409113,134.81313801906072,0.2608854880090803,224.47942061407957,0.14255204291093457,12.013417984,2026-01-22T22:04:37.173284
26515,0.2427398357700781,0.011113869609594929,1.2358531177003596e-05,0.003169116680510342,0.04092062381096184,90.55198420397937,136.98020478733815,0.17646775301545858,227.7600778939668,0.14049872258516494,11.992392704,2026-01-22T22:08:24.934006
26516,0.24290006008411777,0.00014953963794450686,1.2353914152767188e-05,0.0029996942030265927,0.041127770091407,90.82133656926453,137.47965164948255,0.2064438119996339,228.5589690010529,0.14000763190287485,12.011488256,2026-01-22T22:12:13.493689
26517,0.2430602843981574,0.022541149885924483,1.2349296763939706e-05,0.0028194370679557323,0.04362598177976906,91.21503536554519,138.63985145953484,0.3181658759713173,230.2269667859655,0.13899327453568616,12.026733056,2026-01-22T22:16:03.721450
26518,0.24322050871219708,0.03148705541660135,1.2344679011764556e-05,0.0033018431859090924,0.041893665911629796,92.63329523301218,142.32616500591394,0.175252886954695,235.1875380659476,0.13606163091441972,12.00826112,2026-01-22T22:19:58.909830
26519,0.24338073302623672,0.03529764031973137,1.2340060897485233e-05,0.002805287716910243,0.03924876172095537,91.21965825918596,138.95728082559071,0.2016810680506751,230.42965725704562,0.13887101331016524,12.020123136,2026-01-22T22:23:49.340075
26520,0.2435409573402764,0.03652523579412659,1.2335442422345334e-05,0.002877746010199189,0.048651085468009114,92.2939119747607,140.90209192503244,0.17750837898347527,233.4357811859809,0.13708266932096946,12.0080768,2026-01-22T22:27:42.776384
26521,0.24370118165431603,0.014922761187646572,1.2330823587588551e-05,0.013219573767855763,0.041755022131837904,92.08807922981214,140.10513790207915,0.23563671298325062,232.4915126550477,0.1376394330896674,11.992343552,2026-01-22T22:31:35.268494
26522,0.2438614059683557,0.014277373213836597,1.2326204394458681e-05,0.002851705765351653,0.0493275651242584,90.90123019600287,137.88382852391805,0.28344556607771665,229.12693344603758,0.1396605781726504,11.99200768,2026-01-22T22:35:24.396067
26523,0.24402163028239535,0.004489640325934019,1.2321584844199605e-05,0.0026483769761398435,0.03906589827965945,90.70661607314833,137.31310081877746,0.31802822300232947,228.38724933401681,0.1401129007565564,12.009432064,2026-01-22T22:39:12.784108
26524,0.24418185459643502,0.040199576045653274,1.231696493805531e-05,0.003400621353648603,0.04308410617522895,92.15124219597783,140.77171882684343,0.2496802849927917,233.22792812401894,0.13720483759125107,12.009094144,2026-01-22T22:43:06.012735
26525,0.24434207891047466,0.00710900805398218,1.2312344677269877e-05,0.00306209793779999,0.041919116280041635,90.47945723880548,137.2213884149678,0.20077726698946208,227.95370544109028,0.14037938070837683,11.992960512,2026-01-22T22:46:53.967391
26526,0.24450230322451433,0.0010060435512500021,1.2307724063087478e-05,0.0030673823785036802,0.04625387000851333,90.92808935418725,138.29501248674933,0.2894702699268237,229.56858024001122,0.13939189747370648,12.003858432,2026-01-22T22:50:43.536710
26527,0.24466252753855397,0.009702937970713421,1.2303103096752381e-05,0.002955953124910593,0.03133188677020371,91.57328819122631,139.66491620615125,0.22124166297726333,231.50065408600494,0.13822855113019103,12.021479424,2026-01-22T22:54:35.038028
26528,0.24482275185259364,0.0014186761545023074,1.2298481779508953e-05,0.003124208189547062,0.04611487325746566,89.81410259974655,135.54879196290858,0.20035459497012198,225.62007434095722,0.1418313511928091,11.992736768,2026-01-22T22:58:20.658879
26529,0.24498297616663328,0.03357279824763637,1.2293860112601655e-05,0.0039562302408739924,0.04607788985595107,91.33465518278535,139.18570535921026,0.2087598090292886,230.78683697304223,0.13865608810149713,12.018364928,2026-01-22T23:02:11.446382
26530,0.24514320048067295,0.045423325209041465,1.2289238097275037e-05,0.002792955841869116,0.0519448344130069,90.34497176262084,137.0406578341499,0.22054683591704816,227.67012162599713,0.14055423597729563,11.992704,2026-01-22T23:05:59.117356
26531,0.2453034247947126,0.0054318100834400695,1.2284615734773748e-05,0.0030335017945617437,0.04369893099647015,90.21700080821756,137.04605359269772,0.25859396101441234,227.57588647503871,0.14061243700135984,12.009980928,2026-01-22T23:09:46.693837
26532,0.24546364910875226,0.006554155503717851,1.2279993026342527e-05,0.0030893548391759396,0.03625650703907013,90.24938791582827,136.76054252206814,0.23101157799828798,227.2877257380169,0.14079070876394262,11.992753152,2026-01-22T23:13:33.982190
26533,0.2456238734227919,0.005898174150586577,1.2275369973226209e-05,0.0027209061663597822,0.04094649408943951,89.0181679436937,133.88003724825103,0.25767902098596096,223.20594824990258,0.14336535495986258,11.992839168,2026-01-22T23:17:17.188834
26534,0.24578409773683157,0.0033215220250308874,1.227074657666972e-05,0.0030319849029183388,0.041291143163107336,90.64051243918948,137.9835265337024,0.19031487288884819,228.86487853806466,0.13982049235517707,12.009223168,2026-01-22T23:21:06.054431
26535,0.24594432205087122,0.006286329426712811,1.2266122837918085e-05,0.002885580062866211,0.038120137178339064,90.24008069816045,136.9469197159633,0.3037586029386148,227.53915473807137,0.14063513612343498,11.992779776,2026-01-22T23:24:53.594185
26536,0.2461045463649109,2.730943716500178e-06,1.2261498758216409e-05,0.0029441247461363673,0.04086863517295569,90.52300617378205,137.2221882629674,0.20821826392784715,228.00559711502865,0.14034743183894746,12.024584704,2026-01-22T23:28:41.600545
26537,0.24626477067895053,0.008089758208926767,1.2256874338809896e-05,0.013522810768336058,0.04306196793913841,90.16906211711466,136.49782923900057,0.24181527295149863,226.97279915504623,0.14098605700386435,12.009760768,2026-01-22T23:32:28.584482
26538,0.2464249949929902,0.04213751702554536,1.225224958094384e-05,0.0029981901170685887,0.04556573799345642,92.83846103982069,136.85357102903072,0.24620661896187812,229.9931844320381,0.13913455774362674,11.992894464,2026-01-22T23:36:18.578270
26539,0.24658521930702984,0.008785308693346039,1.2247624485863628e-05,0.0031606394331902266,0.04518065485171974,92.31507117522415,139.79515565594193,0.16475417907349765,232.3306886239443,0.13773470990651573,11.99296,2026-01-22T23:40:10.909667
26540,0.2467454436210695,0.01906489720862048,1.224299905481474e-05,0.0029340251348912716,0.03396209783386439,91.4426625323249,141.8790282891132,0.2113957810215652,233.57999954000115,0.1369980309231053,12.0190848,2026-01-22T23:44:04.490347
26541,0.24690566793510915,0.004106176655518823,1.223837328904274e-05,0.003187901806086302,0.040767070022411644,92.6807051631622,141.96174382185563,0.18947597197256982,234.88376007496845,0.13623760105758898,12.010028032,2026-01-22T23:47:59.374850
26542,0.24706589224914882,0.00629120079216694,1.2233747189793283e-05,0.013001576182432473,0.04174528212752193,91.41591437417082,141.81226936297026,0.27672137995250523,233.57050310901832,0.13700360094298422,12.01166336,2026-01-22T23:51:52.946123
26543,0.24722611656318846,2.7005952096814667e-06,1.222912075831212e-05,0.003237409866414964,0.04131782241165638,93.82696105807554,142.08455092972144,0.17882272403221577,236.1425978159532,0.13551134058811545,11.99309312,2026-01-22T23:55:49.089346
26544,0.2473863408772281,0.01832038339853259,1.2224493995845085e-05,0.0030569927766919136,0.03763390181120485,91.60237089311704,140.97057232889347,0.19451879302505404,232.81626056402456,0.13744744427419403,12.005092864,2026-01-22T23:59:41.906345
26545,0.24754656519126778,0.011950951055567316,1.2219866903638104e-05,0.0031041972106322646,0.04083533596713096,92.03829866694286,138.60442348418292,0.20780139695852995,230.90115950908512,0.13858743744741098,12.007009792,2026-01-23T00:03:32.808249
26546,0.24770678950530742,0.024386133668715004,1.2215239482937188e-05,0.0034856860293075442,0.04156022169627249,91.05334180907812,140.1058756618295,0.20637980999890715,231.41914085904136,0.13827723964929664,12.004759552,2026-01-23T00:07:24.228042
26547,0.2478670138193471,0.0007087341739646646,1.221061173498845e-05,0.0024431600468233228,0.042413662071339786,91.26223935780581,139.1728279282106,0.24075475300196558,230.72790132905357,0.1386915055165481,11.993158656,2026-01-23T00:11:14.956546
26548,0.24802723813338673,0.005329937131695495,1.220598366103807e-05,0.0029872420709580183,0.04434739309363067,92.62823593290523,141.31079234706704,0.1913037559716031,234.18510755593888,0.13664404339783343,12.013362688,2026-01-23T00:15:09.142390
26549,0.2481874624474264,0.019530304520213093,1.220135526233233e-05,0.002955768257379532,0.04081817087717354,94.29625059827231,145.30524649692234,0.20515167794656008,239.85889934690204,0.13341176869872642,12.012131328,2026-01-23T00:19:09.001989
26550,0.24834768676146604,0.006471609598577288,1.2196726540117598e-05,0.003142954083159566,0.047086995327845216,91.07655888085719,138.8427749829134,0.23009310092311352,230.20595742797013,0.13900595952219255,11.99573248,2026-01-23T00:22:59.208785
26551,0.2485079110755057,3.236398068828805e-05,1.219209749564033e-05,0.002917306497693062,0.039239459205418825,91.50064339325763,138.23454156180378,0.17255380400456488,229.9561276519671,0.1391569788843862,12.005959168,2026-01-23T00:26:49.165539
26552,0.24866813538954535,0.001677910883310041,1.2187468130147064e-05,0.002905813744291663,0.04147159692365676,91.1653214271646,138.99697386589833,0.20193375006783754,230.41796069801785,0.1388780627302691,12.009088,2026-01-23T00:30:39.584355
26553,0.24882835970358502,0.02326744965057692,1.218283844488442e-05,0.0036891591735184193,0.04316081863362342,91.015700253658,138.28982135187835,0.18873755598906428,229.5475349550834,0.13940467714567958,12.013092352,2026-01-23T00:34:29.132606
26554,0.24898858401762466,0.056272469091879884,1.2178208441099116e-05,0.0029850719729438424,0.04938984999898821,91.71941931487527,139.83802639704663,0.17523708601947874,231.79439887404442,0.13805337900933748,12.012933632,2026-01-23T00:38:20.927820
26555,0.24914880833166433,0.019655818913193457,1.217357812003795e-05,0.0026974722277373075,0.03865929238963872,91.12511969171464,138.26488901814446,0.193186133983545,229.63227231404744,0.13935323496793375,12.01111552,2026-01-23T00:42:10.560849
26556,0.24930903264570398,0.02673674718366037,1.2168947482947808e-05,0.0035148310707882047,0.039584869402460754,90.31863027787767,136.57126328372397,0.1867956219939515,227.12611814402044,0.14089088591611834,11.993296896,2026-01-23T00:45:57.687558
26557,0.24946925695974365,3.4244804316685418e-06,1.2164316531075657e-05,0.003033595741726458,0.039083641953766346,95.79336119792424,142.15673640195746,0.1645048540085554,238.16855286096688,0.13435862802038478,12.01509632,2026-01-23T00:49:55.856762
26558,0.2496294812737833,0.01117236023548518,1.2159685265668554e-05,0.0033669760450720787,0.04677923396229744,95.15564138803165,145.13889739487786,0.20730563497636467,240.5597604669165,0.13302307891348633,12.01452288,2026-01-23T00:53:56.417390
26559,0.24978970558782296,0.005044296347379351,1.215505368797363e-05,0.003092908998951316,0.04005624202545732,92.61280904302839,140.77939929789864,0.2354091570014134,233.67804267792962,0.13694055133842634,11.99220224,2026-01-23T00:57:50.096215
26560,0.2499499299018626,0.013270722137283864,1.2150421799238113e-05,0.003592063789255917,0.04709117172751576,90.85681939427741,138.58764998277184,0.15867901197634637,229.66155916801654,0.1393354643934527,11.99289344,2026-01-23T01:01:39.758402
26561,0.25011015421590227,0.01713646496276322,1.2145789600709303e-05,0.003595100832171738,0.04197531705722213,91.56829876895063,141.16326752386522,0.19264230492990464,232.9772699989844,0.13735245502764923,11.992955904,2026-01-23T01:05:32.736507
26562,0.25027037852994194,0.004864718092602693,1.2141157093634597e-05,0.0031337238615378737,0.0412697228603065,92.19055632408708,143.2079892338952,0.2886894929688424,235.73793739895336,0.1357439551439041,12.01037824,2026-01-23T01:09:28.475032
26563,0.25043060284398155,9.558538476284184e-07,1.2136524279261464e-05,0.00345569325145334,0.045487089548259974,92.13469043467194,141.15100510790944,0.1675614850828424,233.50874101894442,0.13703983782518814,11.993076736,2026-01-23T01:13:21.984615
26564,0.2505908271580212,0.011207399219218317,1.2131891158837462e-05,0.00296130683273077,0.03878046292811632,91.69999688642565,141.35733516747132,0.3660928040044382,233.47166260296945,0.1370616015803924,12.01051136,2026-01-23T01:17:15.456894
26565,0.2507510514720609,0.021497507793903026,1.2127257733610222e-05,0.0039589430671185255,0.04458051698748022,92.50137979106512,141.14553131663706,0.22365701000671834,233.9273046499584,0.13679463390510918,12.026927616,2026-01-23T01:21:09.384778
26566,0.25091127578610056,0.01663685058962372,1.2122624004827472e-05,0.003264765255153179,0.04343118378892541,92.58760708686896,143.5643438710831,0.25033689208794385,236.45674786297604,0.13533130388202594,11.993018368,2026-01-23T01:25:05.842196
26567,0.2510715001001402,0.010482561535826385,1.2117989973737009e-05,0.0025017367443069816,0.0459330347366631,94.2075791383395,142.4039679557318,0.28400027099996805,236.95044637098908,0.13504933411223954,12.022289408,2026-01-23T01:29:02.793448
26568,0.25123172441417985,0.043655355496387216,1.2113355641586717e-05,0.002537531196139753,0.04200603114441037,93.98851003020536,142.83454048878048,0.1945487989578396,237.06954532302916,0.134981488054052,12.004842496,2026-01-23T01:32:59.863579
26569,0.2513919487282195,0.009979643175155317,1.210872100962456e-05,0.0031520850025117397,0.04943994677159935,92.34852416417561,142.75978502829093,0.16110172600019723,235.33107700303663,0.1359786408472821,12.025165312,2026-01-23T01:36:55.195345
26570,0.2515521730422592,0.0024992725063874843,1.210408607909858e-05,0.0030219588661566377,0.04755320004187524,90.33469615480863,139.93671905086376,0.199671266018413,230.5280475160107,0.13881174262657792,11.992735744,2026-01-23T01:40:45.723968
26571,0.2517123973562988,0.009088687957595099,1.2099450851256906e-05,0.002970932051539421,0.04915548616554588,94.16489975398872,146.02756785287056,0.22377251693978906,240.47568124101963,0.13306958872039795,12.010386944,2026-01-23T01:44:46.200393
26572,0.25187262167033847,0.0006916381658408355,1.209481532734774e-05,0.0031268011080101132,0.040045798290520906,91.15893109177705,143.71854282484856,0.20059589203447104,235.12774632999208,0.1360962306638593,12.009883136,2026-01-23T01:48:41.328872
26573,0.25203284598437814,0.003991099783589469,1.2090179508619369e-05,0.003029855783097446,0.042577777174301445,90.56608701811638,139.17297455808148,0.38465785793960094,230.17737931502052,0.13902321807307066,11.992812544,2026-01-23T01:52:31.506996
26574,0.2521930702984178,0.021085214639469108,1.2085543396320162e-05,0.012844429118558764,0.048581936629489064,91.97364288417157,144.37189555796795,0.16546670603565872,236.58251906908117,0.13525935950769094,12.015969792,2026-01-23T01:56:28.090227
26575,0.2523532946124574,0.017535909985259224,1.2080906991698553e-05,0.0029812947614118457,0.04134184494614601,92.27095289016142,141.90367671113927,0.175817176932469,234.40707450092304,0.13651465113896974,11.99289344,2026-01-23T02:00:22.498031
26576,0.2525135189264971,0.006121404785703,1.207627029600307e-05,0.0030850721523165703,0.04454371228348464,91.57727626990527,140.2972032057587,0.23160949803423136,232.1612734249793,0.13783521914709213,12.01497344,2026-01-23T02:04:14.659988
26577,0.25267374324053676,0.007085785902183339,1.2071633310482307e-05,0.003371566883288324,0.051558269071392715,93.0096033300506,141.83145047316793,0.2524490680079907,235.15709002607036,0.13607924811645,12.019360256,2026-01-23T02:08:09.817890
26578,0.25283396755457643,0.013926648776959816,1.2066996036384951e-05,0.0029665320180356503,0.0453805651050061,92.1844954949338,140.78452619013842,0.21197518601547927,233.23555093293544,0.13720035334236538,12.009493504,2026-01-23T02:12:03.054084
26579,0.25299419186861605,9.943473123730229e-05,1.2062358474959756e-05,0.0027520046569406986,0.04998029116541147,92.93337188416626,140.88184330286458,0.3003398759756237,234.17680404498242,0.13664888856307564,11.992159232,2026-01-23T02:15:57.231499
26580,0.2531544161826557,0.003653589271126023,1.2057720627455556e-05,0.0027419738471508026,0.04422400309704244,93.85226385202259,146.4658289870713,0.16702279495075345,240.54069299204275,0.1330336235501682,12.009972736,2026-01-23T02:19:57.772778
26581,0.2533146404966954,0.030711055899788064,1.2053082495121257e-05,0.0029151149792596698,0.04081527900416404,91.79147342895158,138.85348759184126,0.2640041579725221,230.96026435890235,0.1385519716511641,12.018900992,2026-01-23T02:23:48.733549
26582,0.25347486481073506,0.0006794921051804792,1.204844407920585e-05,0.00335088768042624,0.04060667136218399,90.7792458179174,139.98192696482874,0.3210716421017423,231.1347161110025,0.13844739785706617,12.013269504,2026-01-23T02:27:39.868975
26583,0.25363508912477467,0.011894211547206268,1.2043805380958396e-05,0.003086681943386793,0.04018864396493882,92.26982344174758,143.9290271231439,0.2086295710178092,236.45707604498602,0.1353311160538583,12.014784,2026-01-23T02:31:36.326654
26584,0.25379531343881434,0.014451445177014577,1.2039166401628036e-05,0.0028666971484199166,0.049179752939380705,92.50388931424823,139.44249724491965,0.20197238598484546,232.20916473702528,0.13780679171831872,12.010829824,2026-01-23T02:35:28.536655
26585,0.253955537752854,0.023988714845656567,1.2034527142463991e-05,0.012839599279686809,0.04897863802034408,91.4742001426639,142.52838973409962,0.16943082807119936,234.24114837509114,0.13661135211290157,12.015083008,2026-01-23T02:39:22.778406
26586,0.2541157620668936,0.013238045075687488,1.2029887604715543e-05,0.0031104451045393944,0.05255370901431888,92.74492475518491,145.15022562397644,0.1938536319648847,238.1532680069795,0.13436725125712817,12.004738048,2026-01-23T02:43:20.932264
26587,0.2542759863809333,0.002389866812556818,1.2025247789632062e-05,0.0027662519132718444,0.03927997313439846,91.93625852582045,140.6818838401232,0.19705874100327492,232.8651510819327,0.13741858690028258,12.019426816,2026-01-23T02:47:13.798092
26588,0.25443621069497296,0.014543704544426106,1.202060769846299e-05,0.0034608772257342935,0.04210833727847785,93.052832250949,144.56428160821088,0.23713876598048955,237.90687898895703,0.13450640912945333,12.009126912,2026-01-23T02:51:11.705576
26589,0.25459643500901263,0.00013481924163460945,1.2015967332457838e-05,0.0027643220964819193,0.04567908018361777,93.37986900878605,143.75711179885548,0.18279882706701756,237.3771594739519,0.13480656719843956,12.029102592,2026-01-23T02:55:09.083394
26590,0.25475665932305225,0.03351481186402161,1.2011326692866197e-05,0.002682142541743815,0.04948133684229106,94.92660292610526,141.34585076814983,0.27013859094586223,236.602707957034,0.13524781806728542,11.99278592,2026-01-23T02:59:05.686682
26591,0.2549168836370919,0.007100035609305166,1.2006685780937733e-05,0.0031238270457834005,0.0462137603899464,92.80438986886293,142.18611909181345,0.3545558990444988,235.40151592204347,0.13593795211835955,12.006708736,2026-01-23T03:03:01.089061
26592,0.2550771079511316,0.014006030068928865,1.2002044597922179e-05,0.0032846720423549414,0.046853417763486505,93.54244645719882,140.25825581501704,0.16482732899021357,234.02616123098414,0.13673684955425114,12.0063104,2026-01-23T03:06:55.115978
26593,0.25523733226517126,0.006738005236477385,1.1997403145069337e-05,0.0027468320913612843,0.04241756210103631,90.67648555187043,139.16432571492624,0.24599928804673254,230.14064106706064,0.13904541089148842,11.993066496,2026-01-23T03:10:45.257440
26594,0.25539755657921087,0.01650551463947947,1.1992761423629097e-05,0.00287932634819299,0.0442999352235347,94.37770813028328,148.32022895873524,0.19714067305903882,242.95333633897826,0.13171253575769923,12.011098112,2026-01-23T03:14:48.211562
26595,0.25555778089325054,0.006858032990034957,1.1988119434851411e-05,0.002841673791408539,0.04368245194200426,92.0057913127821,140.29122467827983,0.17453342291992158,232.52689845801797,0.1376184872038686,12.00688896,2026-01-23T03:18:40.739057
26596,0.2557180052072902,0.004621741904814236,1.1983477179986304e-05,0.0028618478681892157,0.03827462694607675,90.61920292815194,140.06884956988506,0.2102394439280033,230.94765708304476,0.13855953510926225,12.010672128,2026-01-23T03:22:31.687472
26597,0.2558782295213299,0.0749966860240523,1.1978834660283874e-05,0.0030623459024354815,0.047448532888665795,93.56343442818616,143.7763540201122,0.15438298601657152,237.552821429912,0.1347068824835715,12.010184704,2026-01-23T03:26:29.240903
26598,0.2560384538353695,2.5805626968633533e-06,1.1974191876994292e-05,0.0029917561914771795,0.04151197138708085,92.78185917506926,143.66727831191383,0.17410827206913382,236.67560592794325,0.13520616066255056,12.0111232,2026-01-23T03:30:25.917095
26599,0.25619867814940916,0.00829904559609318,1.1969548831367794e-05,0.0030140604358166456,0.04041589505504817,91.9821918180678,140.6709296363406,0.20405126793775707,232.9121729460312,0.1373908439187282,12.00550912,2026-01-23T03:34:18.829859
26600,0.25635890246344883,0.0008579519845159922,1.196490552465469e-05,0.0031871141400188208,0.04219082195777446,92.37154675403144,143.0825901760254,0.20419716404285282,235.71341411804315,0.1357580777476444,12.009696256,2026-01-23T03:38:14.544119
26601,0.2565191267774885,0.00453272788317971,1.1960261958105362e-05,0.012715618242509663,0.041395270032808185,92.63457758922596,141.34179342375137,0.21038077189587057,234.24914049799554,0.13660669120053323,11.992966144,2026-01-23T03:42:08.794194
26602,0.2566793510915281,1.4651925308584168e-06,1.1955618132970265e-05,0.0027205535443499684,0.054488943074829876,91.00701440672856,138.91357913834509,0.21682848792988807,230.2008572369814,0.13900903925417377,11.993678848,2026-01-23T03:45:58.995632
26603,0.2568395754055678,4.242866068260298e-05,1.1950974050499915e-05,0.003007608698680997,0.05090390704572201,94.02332724316511,144.37082279357128,0.20368962502107024,238.659175193985,0.1340824209837733,12.024151552,2026-01-23T03:49:57.655724
26604,0.25699979971960746,0.007505743302631096,1.1946329711944901e-05,0.002697442192584276,0.04163336381316185,90.92268626287114,141.0191406920785,0.2147211809642613,232.20842688006815,0.13780722960811184,12.009346048,2026-01-23T03:53:49.864977
26605,0.2571600240336471,0.006205089255074014,1.1941685118555881e-05,0.002706627012230456,0.04376127081923187,92.01745264790952,143.51079549919814,0.22768497001379728,235.80952118802816,0.13570274787371314,12.02034688,2026-01-23T03:57:45.675114
26606,0.25732024834768674,0.002288201054338579,1.1937040271583588e-05,0.0029756322037428617,0.041087623802013695,92.8666011474561,142.14592886785977,0.18696227797772735,235.2524055230897,0.13602411388247948,12.01078272,2026-01-23T04:01:40.928124
26607,0.2574804726617264,0.005907752718291803,1.1932395172278808e-05,0.003212622832506895,0.04686990613117814,90.85912373103201,140.38772991800215,0.15218363900203258,231.45692046906333,0.13825466931448757,11.992761344,2026-01-23T04:05:32.385654
26608,0.2576406969757661,2.8959593985078413e-06,1.1927749821892418e-05,0.002866014838218689,0.040890960837714374,91.09762647445314,141.84075522853527,0.1749501150334254,233.165531461942,0.13724155452720993,12.007702016,2026-01-23T04:09:25.552023
26609,0.25780092128980575,0.005409588629417428,1.1923104221675334e-05,0.0026850212598219514,0.048671568860299885,90.89730097621214,140.01579693576787,0.22557438595686108,231.19653906591702,0.13841037642382872,12.004497408,2026-01-23T04:13:16.749252
26610,0.25796114560384537,0.00927762639777896,1.1918458372878563e-05,0.0028224110137671232,0.043156176107004285,90.37789566302672,139.73128143581562,0.23198268190026283,230.39543860207777,0.13889163862861048,12.01421056,2026-01-23T04:17:07.145462
26611,0.25812136991788504,0.008020311523849522,1.191381227675317e-05,0.0033299517817795277,0.047530919313430786,91.12099320371635,140.78559123619925,0.20284295896999538,232.16776084701996,0.1378313676423207,11.993119744,2026-01-23T04:20:59.314118
26612,0.2582815942319247,9.912554990165745e-07,1.1909165934550284e-05,0.003025599871762097,0.038592388737015426,91.6932502661366,140.7651672088541,0.21891501196660101,232.72559924202505,0.13750098873618677,12.031522816,2026-01-23T04:24:52.040328
26613,0.2584418185459644,0.016697210643272342,1.1904519347521111e-05,0.003758067963644862,0.04156565514858812,91.2623803759925,141.27552828588523,0.25436552695464343,232.84605443500914,0.13742985715453335,11.992974336,2026-01-23T04:28:44.887167
26614,0.258602042860004,0.005263744082997235,1.1899872516916904e-05,0.003271030727773905,0.04247253993526101,91.23704909475055,137.84816310589667,0.16275241901166737,229.30369074107148,0.13955292170213793,11.99214848,2026-01-23T04:32:34.191475
26615,0.25876226717404366,0.019681144285924823,1.1895225443988995e-05,0.0032563923159614205,0.04145735583733767,92.4514760109596,138.64277930615935,0.2436253580963239,231.39062318007927,0.13829428159280277,12.015061504,2026-01-23T04:36:25.582797
26616,0.25892249148808333,0.009264684314777227,1.1890578129988784e-05,0.0033029852202162147,0.04269505990669131,93.83405885915272,137.77453153114766,0.16602902102749795,231.83100483496673,0.1380315804729389,11.99286784,2026-01-23T04:40:17.414551
26617,0.259082715802123,0.006504194186684131,1.1885930576167728e-05,0.013562353095039725,0.0471277559408918,93.53412145085167,140.25811109214555,0.16553778003435582,234.0264846989885,0.13673666055856587,12.00477184,2026-01-23T04:44:11.441742
26618,0.2592429401161626,0.012605018314792105,1.1881282783777352e-05,0.0029642018489539623,0.04279035981744528,91.25855499517638,140.83161937596742,0.19617097289301455,232.34108493104577,0.1377285468452425,12.00384512,2026-01-23T04:48:03.783446
26619,0.2594031644302023,0.019477140335934173,1.1876634754069245e-05,0.0031051167752593756,0.04247137124184519,91.23792126122862,138.82644420373254,0.23023647896479815,230.34790874703322,0.13892029744946469,11.993217024,2026-01-23T04:51:54.132198
26620,0.25956338874424195,0.059061637894958,1.1871986488295059e-05,0.0032044771360233426,0.045277452329173684,92.9311901461333,143.7719974181382,0.24943520699162036,237.00931239605416,0.13501579189650756,12.032107008,2026-01-23T04:55:51.142095
26621,0.2597236130582816,0.02320944633470745,1.186733798770651e-05,0.0032508448930457234,0.040443929960019886,95.14667273522355,145.10134524980094,0.1587135720765218,240.46046282199677,0.1330780105155512,12.005883392,2026-01-23T04:59:51.603442
26622,0.25988383737232124,0.0037388662509849624,1.1862689253555373e-05,0.002654592855833471,0.04327436978928745,90.61346172890626,140.01488726120442,0.19520184898283333,230.8763338100398,0.13860233949456652,11.992932352,2026-01-23T05:03:42.480413
26623,0.2600440616863609,0.006759458323248424,1.18580402870935e-05,0.0029774911236017942,0.0480508430628106,91.59131845482625,142.64454680215567,0.19112447497900575,234.48491608700715,0.13646933258651994,12.013791744,2026-01-23T05:07:36.966043
26624,0.2602042860004006,3.058127447275183e-06,1.1853391089572792e-05,0.002805743250064552,0.04444407660048455,91.17240333626978,141.23275332897902,0.21991668094415218,232.68186588399112,0.13752683252056408,11.993310208,2026-01-23T05:11:29.648701
26625,0.2603645103144402,0.004716152813290186,1.1848741662245211e-05,0.0029571509221568704,0.04538119619246572,91.41839527792763,138.27813259488903,0.2093629220034927,229.96266056003515,0.13915302563498533,12.011457536,2026-01-23T05:15:19.612010
26626,0.26052473462847986,0.0022892420447728767,1.1844092006362792e-05,0.0028478841995820403,0.04668959719128907,89.71197225479409,135.4197091968963,0.17198010499123484,225.36083757097367,0.14199450243843778,11.992966144,2026-01-23T05:19:04.973543
26627,0.26068495894251953,0.008526804325017068,1.183944212317762e-05,0.0036352030001580715,0.04726421390660107,90.71676641283557,139.66882589901797,0.20728362107183784,230.6517616569763,0.1387372884998389,12.004169728,2026-01-23T05:22:55.626093
26628,0.2608451832565592,1.5789886829153943e-06,1.1834792013941853e-05,0.0027744751423597336,0.03949867328628898,91.31145551300142,140.67861562105827,0.20227463892661035,232.2408303549746,0.1377880020110536,12.013280256,2026-01-23T05:26:47.867793
26629,0.2610054075705988,0.010178411655111574,1.1830141679907695e-05,0.0035364952636882663,0.04667945217806846,91.06880944385193,139.87412392301485,0.19668230204842985,231.19937140098773,0.13840868081124588,12.01809152,2026-01-23T05:30:39.067848
26630,0.2611656318846385,0.0010885488773562102,1.182549112232743e-05,0.0032382216304540634,0.040758098009973764,92.63745826273225,141.7958662249148,0.20100467407610267,234.68488335201982,0.13635305155978464,12.017421312,2026-01-23T05:34:33.753324
26631,0.26132585619867815,2.3318452913478893e-05,1.182084034245338e-05,0.002799013862386346,0.04636275127995759,92.45298902876675,142.81451207317878,0.3292172010987997,235.65517759800423,0.13579162709757076,12.034829312,2026-01-23T05:38:29.409084
26632,0.2614860805127178,0.007430328996172797,1.1816189341537949e-05,0.002973692142404616,0.047526503331027925,94.26762960851192,146.051773379324,0.17252193205058575,240.55102879100014,0.133027907470738,12.00763648,2026-01-23T05:42:29.960849
26633,0.26164630482675744,2.9692583947138473e-06,1.1811538120833584e-05,0.0036678191972896457,0.04295007581822574,91.11557758715935,139.42149368475657,0.21679349499754608,230.80766372801736,0.13864357657425383,11.992116224,2026-01-23T05:46:20.769096
26634,0.2618065291407971,0.010391062530580975,1.1806886681592798e-05,0.012750895344652236,0.03964430873747915,90.9859963003546,138.6721974099055,0.180575808044523,229.89860859094188,0.1391917950096755,12.012944896,2026-01-23T05:50:10.668331
26635,0.2619667534548368,0.037358391865222274,1.1802235025068163e-05,0.0029693717369809747,0.04528174386359751,90.40877772285603,138.6059370021103,0.20888370997272432,229.27921736997087,0.1395678176463939,11.99212032,2026-01-23T05:53:59.948230
26636,0.26212697776887645,0.010341954069431836,1.1797583152512301e-05,0.0026581682031974196,0.047670523752458394,90.90611715626437,139.27080067363568,0.31235875899437815,230.5486732070567,0.1387993240423495,12.011592704,2026-01-23T05:57:50.497620
26637,0.26228720208291606,0.00663729423271775,1.1792931065177906e-05,0.0030183508060872555,0.04301114671397954,91.39105508604553,138.53465888323262,0.2763689289567992,230.25446032499894,0.13897667804060224,12.024965632,2026-01-23T06:01:40.752735
26638,0.26244742639695573,0.004814329936987605,1.1788278764317724e-05,0.013477973872795701,0.039128523087129,90.99858911999036,138.03438540094066,0.16927466599736363,229.26244835508987,0.1395780260988806,12.001711616,2026-01-23T06:05:30.015797
26639,0.2626076507109954,0.047600617708631,1.1783626251184552e-05,0.003253214294090867,0.04125403810758144,93.98855011397973,144.06806845008396,0.20458121306728572,238.3149510389194,0.13427609078028033,12.008370688,2026-01-23T06:09:28.331347
26640,0.26276787502503507,0.010028921227474896,1.1778973527031255e-05,0.0032021942315623164,0.04720418120268732,90.58143611392006,137.24463100195862,0.19508712005335838,228.0789487879956,0.14030229519228757,11.992498176,2026-01-23T06:13:16.411013
26641,0.2629280993390747,5.615645328482799e-05,1.1774320593110754e-05,0.002854009857401252,0.04097313608508557,93.06007472297642,141.13426541991066,0.19710035296157002,234.44186343601905,0.13649439366759275,12.007132672,2026-01-23T06:17:10.853772
26642,0.26308832365311435,0.0006095908102246028,1.1769667450676012e-05,0.0026770218973979354,0.044198404997587204,91.04570320388302,141.20847265585326,0.1831893699709326,232.49158334510867,0.13763939123980867,11.994039296,2026-01-23T06:21:03.346155
26643,0.263248547967154,1.7717552864837671e-06,1.1765014100980064e-05,0.0031395979458466172,0.04582383076194674,91.27962569287047,139.42224073281977,0.19062564393971115,230.95014123397414,0.1385580447321788,12.008999936,2026-01-23T06:24:54.296870
26644,0.2634087722811937,0.0008340857589645978,1.1760360545275993e-05,0.0027489400235936046,0.050673050340265036,91.5094751539873,141.3878713028971,0.2395822120597586,233.19791536405683,0.13722249596461106,12.012720128,2026-01-23T06:28:47.495392
26645,0.2635689965952333,0.013304804318019059,1.175570678481694e-05,0.0027187650557607412,0.054062536102719605,90.33907271630596,139.35213477665093,0.16654120408929884,229.92357701191213,0.13917667955532073,12.012348416,2026-01-23T06:32:37.419588
26646,0.263729220909273,0.03493091277921856,1.1751052820856104e-05,0.004068786161951721,0.05042389512527734,92.22244076197967,143.0727882948704,0.20444027392659336,235.56330414593685,0.13584458800159838,11.992053248,2026-01-23T06:36:32.983826
26647,0.26388944522331265,0.020344897350556224,1.1746398654646731e-05,0.0029442831873893738,0.03995529015082866,93.39781647792552,140.6216347902082,0.20511598698794842,234.2783478529891,0.13658966051818058,12.015970816,2026-01-23T06:40:27.262914
26648,0.2640496695373523,0.00250835044550346,1.1741744287442128e-05,0.0028553178999572992,0.04190565773751587,91.59472330228891,142.01471803779714,0.20851225696969777,233.8700837480137,0.13682810339469842,11.992679424,2026-01-23T06:44:21.133682
26649,0.26420989385139193,0.022417403030120298,1.1737089720495657e-05,0.012999668018892407,0.04650429915636778,92.01020508492365,142.96562839404214,0.17835483408998698,235.22182069602422,0.13604180048139927,12.01785856,2026-01-23T06:48:16.356098
26650,0.2643701181654316,0.024825630838739343,1.1732434955060727e-05,0.0029263071483001113,0.0521794370142743,92.57654122181702,138.8214433733374,0.17456406506244093,231.63407608005218,0.13814893102749215,12.014352896,2026-01-23T06:52:07.990920
26651,0.26453034247947127,0.022101638822100256,1.1727779992390807e-05,0.0033550276421010494,0.05070551915559918,89.89461465796921,140.39281733112875,0.19838851399254054,230.55059959797654,0.13879816428931488,11.993058304,2026-01-23T06:55:58.542236
26652,0.26469056679351094,0.007158463842058538,1.1723124833739414e-05,0.0031110093696042895,0.043630804284475744,93.8831975926878,140.99478538590483,0.2978012199746445,235.22925245203078,0.13603750242128415,12.004554752,2026-01-23T06:59:53.772088
26653,0.26485079110755055,0.012564453506215933,1.1718469480360124e-05,0.002554573933593929,0.04006694525014609,94.0214832831407,146.15204719477333,0.18494037399068475,240.40717389399651,0.1331075087389441,12.024282624,2026-01-23T07:03:54.180022
26654,0.2650110154215902,0.00954866468075366,1.1713813933506556e-05,0.0029314688872545958,0.04011484398506582,91.57480300427414,140.98786206287332,0.21323592599947006,232.82754048903007,0.137440785281618,11.992072192,2026-01-23T07:07:47.008251
26655,0.2651712397356299,0.014108178958641915,1.1709158194432393e-05,0.0028669596649706364,0.04848932789172977,93.42750173609238,142.95586466032546,0.21593830501660705,236.65884549496695,0.13521573610769833,12.004530176,2026-01-23T07:11:43.667681
26656,0.26533146404966956,0.012159425240934496,1.1704502264391358e-05,0.0029320174362510443,0.033024363801814616,93.21749197214376,141.9044597930042,0.1608566929353401,235.32613238005433,0.13598149800175888,11.992484864,2026-01-23T07:15:38.994430
26657,0.2654916883637092,0.00857323000182042,1.1699846144637234e-05,0.0029412159929051995,0.03738982125651091,91.29588247579522,140.74753941397648,0.22033699590247124,232.3122059640009,0.13774566802124344,11.992682496,2026-01-23T07:19:31.307325
26658,0.26565191267774885,0.02813313717134669,1.1695189836423856e-05,0.0028581926599144936,0.0436353370314464,90.85143383301329,140.61561220837757,0.21905487403273582,231.74081899796147,0.1380852977838207,12.012685824,2026-01-23T07:23:23.048740
26659,0.2658121369917885,0.004986170584686533,1.16905333410051e-05,0.002883200184442103,0.04414173564873636,91.51900611608289,142.34892100503203,0.21427475602831692,234.13763264997397,0.13667175002080367,11.993117696,2026-01-23T07:27:17.187045
26660,0.2659723613058282,0.007139167342845809,1.1685876659634897e-05,0.0037530430126935244,0.040525749209336936,91.50767005607486,141.6093181236647,0.2419836139306426,233.41260413907003,0.13709628114570033,11.99252992,2026-01-23T07:31:10.600290
26661,0.2661325856198678,0.044623750084090474,1.1681219793567236e-05,0.0031952159479260445,0.04199428181163967,94.36078358232044,140.71687803568784,0.2109316550195217,235.3443782510003,0.13597095557503078,12.026705408,2026-01-23T07:35:05.945404
26662,0.26629280993390747,0.01816227591318409,1.1676562744056145e-05,0.0027604930801317096,0.04582846304401755,90.86593301093671,139.6624056098517,0.20823184598702937,230.79163457697723,0.13865320577434906,11.992716288,2026-01-23T07:38:56.737922
26663,0.26645303424794714,0.024026022228071042,1.1671905512355708e-05,0.0028596617048606277,0.04887187073472887,92.18799593602307,142.2694243908627,0.1856872959760949,234.70130574994255,0.13634351073484743,12.013740544,2026-01-23T07:42:51.439838
26664,0.26661325856198675,0.008736125976295028,1.166724809972005e-05,0.0026725578354671597,0.04730675322934985,94.58088504057378,139.57060372410342,0.22559871803969145,234.4332562519703,0.13649940504006908,11.993005056,2026-01-23T07:46:45.873773
26665,0.2667734828760264,0.012157289662577675,1.1662590507403356e-05,0.013418340124189854,0.0402052141726017,91.6954535987461,138.780179991154,0.2258664930704981,230.7624939129455,0.1386707148869344,12.00475136,2026-01-23T07:50:36.636854
26666,0.2669337071900661,0.024117348367014735,1.1657932736659851e-05,0.003100113128311932,0.056253358139656484,92.11534658866003,141.85899392911233,0.2120702740503475,234.25422964594327,0.13660372343485735,12.022362112,2026-01-23T07:54:30.891669
26667,0.26709393150410576,0.02470787497382254,1.165327478874381e-05,0.003245475818403065,0.043196236714720726,92.72656799701508,143.19069455610588,0.19985775300301611,236.16994920396246,0.13549564670636388,12.00717056,2026-01-23T07:58:27.062244
26668,0.2672541558181454,0.009909434962827035,1.1648616664909564e-05,0.0029451576992869377,0.047393362037837505,92.32784929871559,141.02282687311526,0.22191810596268624,233.63167145091575,0.13696773130659623,12.010413056,2026-01-23T08:02:20.694722
26669,0.26741438013218505,0.021406679166609877,1.1643958366411468e-05,0.002872247830964625,0.048791719251312315,90.7875140698161,139.98581487999763,0.31335310405120254,231.14587691193447,0.1384407129710207,11.992070144,2026-01-23T08:06:11.841320
26670,0.2675746044462247,0.006707567006934312,1.1639299894503953e-05,0.0032371641136705875,0.04294691432733089,92.53010481246747,140.4229448742699,0.23039005894679576,233.23816595505923,0.1371988150779998,12.012900352,2026-01-23T08:10:05.080066
26671,0.2677348287602644,9.731372012922179e-05,1.163464125044148e-05,0.003857005969621241,0.045628537656739354,91.99214654997922,142.36151032720227,0.24611541791819036,234.65672337298747,0.13636941460712343,11.99277568,2026-01-23T08:13:59.737406
26672,0.267895053074304,0.0176104429509234,1.162998243547856e-05,0.003163162851706147,0.04504054086282849,92.16319613344967,141.62258668756112,0.18595872807782143,234.0264507230604,0.13673668040997555,12.00974848,2026-01-23T08:17:53.764456
26673,0.26805527738834367,0.03199027283388922,1.162532345086975e-05,0.002702138852328062,0.04397252504713833,92.51494063204154,142.29210689885076,0.19418068300001323,235.05599560192786,0.13613777397192053,12.014902784,2026-01-23T08:21:48.821120
26674,0.26821550170238334,0.016900685432268858,1.1620664297869653e-05,0.0028479520697146654,0.0408480572514236,92.48993795865681,141.48870714730583,0.15017112309578806,234.18203543208074,0.13664583596669985,11.992607744,2026-01-23T08:25:43.003751
26675,0.268375726016423,0.023416002463349628,1.1616004977732916e-05,0.0028993079904466867,0.04230538569390774,91.87544519011863,142.2085991159547,0.1797701430041343,234.31757043104153,0.13656679668167454,12.017354752,2026-01-23T08:29:37.322130
26676,0.2685359503304626,0.016323564727978912,1.1611345491714228e-05,0.002970252768136561,0.043335226248018444,93.53688172600232,143.91061787167564,0.16661123605445027,237.67190393595956,0.1346393893012376,12.020321792,2026-01-23T08:33:34.994619
26677,0.2686961746445023,0.0037888830578545196,1.1606685841068335e-05,0.002771067782305181,0.045413920655846596,91.86702987318859,139.59231514891144,0.2545150889782235,231.77071950910613,0.13806748353621406,11.9926016,2026-01-23T08:37:26.765933
26678,0.26885639895854196,0.02317934839749558,1.1602026027050014e-05,0.0030586380744352937,0.04058618494309485,90.96554734802339,137.00707451219205,0.1822255359729752,228.20597590098623,0.14022419822119,11.99196672,2026-01-23T08:41:14.972586
26679,0.26901662327258163,0.02682423514108656,1.1597366050914092e-05,0.0038141628028824925,0.04642608400899917,92.87167833617423,143.23210472788196,0.16075545095372945,236.32690143899526,0.1354056597245252,12.013002752,2026-01-23T08:45:11.300254
26680,0.26917684758662125,0.026565493388638117,1.159270591391544e-05,0.003322207019664347,0.043798742815852165,92.55573310132604,142.20157070585992,0.34667469502892345,235.15999909106176,0.13607756473756635,12.020123648,2026-01-23T08:49:06.460915
26681,0.2693370719006609,0.0031026805183591577,1.1588045617308967e-05,0.013374188099987805,0.040940008009783924,91.31699527299497,141.21752642083447,0.20897075394168496,232.80618726101238,0.13745339149480149,12.012301312,2026-01-23T08:52:59.267915
26682,0.2694972962147006,0.02257671620074575,1.158338516234963e-05,0.0032836797181516886,0.03932827606331557,91.3056447430281,142.5129353698576,0.20173035294283181,234.07102576899342,0.1367106411178847,12.022849536,2026-01-23T08:56:53.339548
26683,0.26965752052874026,1.194418339611758e-05,1.1578724550292427e-05,0.003829500754363835,0.04669028613716364,91.85952460893895,139.84499142703135,0.2150040059350431,231.97644449805375,0.13794504036494307,12.009659392,2026-01-23T09:00:45.316583
26684,0.26981774484277987,0.024394113801079698,1.15740637823924e-05,0.0030019611585885286,0.04108141688629985,92.19138897501398,140.44394046999514,0.23744039598386735,232.92370358901098,0.13738404252949427,12.006327296,2026-01-23T09:04:38.240941
26685,0.26997796915681954,0.00974641761424877,1.1569402859904636e-05,0.0029337170999497175,0.04752221284434199,92.22017865302041,144.1326164341299,0.22026410605758429,236.63315567106474,0.1352304156585819,12.012224512,2026-01-23T09:08:34.874806
26686,0.2701381934708592,0.047120131848396696,1.1564741784084254e-05,0.002706444007344544,0.047715780208818614,91.77303151681554,142.81828501576092,0.203243755036965,234.85315055400133,0.1362553575479586,12.015319552,2026-01-23T09:12:29.728870
26687,0.2702984177848989,0.021264071278464414,1.156008055618642e-05,0.003122362890280783,0.04124063113704324,90.5449531218037,137.95144898886792,0.2604564519133419,228.8098748710472,0.13985410384073055,11.992923136,2026-01-23T09:16:18.539386
26688,0.2704586420989385,0.0010065349881118735,1.1555419177466345e-05,0.0030226801754906774,0.04328472714405507,90.22313297190703,138.11272558011115,0.22181306697893888,228.61037940904498,0.13997614667680272,11.99213056,2026-01-23T09:20:07.150358
26689,0.27061886641297817,0.014612411877219955,1.1550757649179272e-05,0.002723384532146156,0.044783473829738796,92.98983870388474,143.879492594162,0.2372044549556449,237.16084500798024,0.1349295243020543,11.992884224,2026-01-23T09:24:04.311956
26690,0.27077909072701783,0.008739233285038672,1.154609597258049e-05,0.002746473182924092,0.04696492222137749,89.49892849696334,135.18620155914687,0.16453550301957875,224.90665900101885,0.14228124743898773,12.005889536,2026-01-23T09:27:49.219201
26691,0.2709393150410575,0.028462609034791697,1.1541434148925327e-05,0.002565448055975139,0.04224297113250941,91.18611035996582,140.29967445286456,0.17854985408484936,231.71821286797058,0.13809876920737818,12.009760768,2026-01-23T09:31:40.938008
26692,0.2710995393550971,0.007954423912163833,1.1536772179469142e-05,0.0029091639444231987,0.040884670219384134,91.6866809950443,139.3358621968655,0.1735350899398327,231.24605757696554,0.13838073753689595,12.023241728,2026-01-23T09:35:32.184670
26693,0.2712597636691368,1.192983341491427e-05,1.1532110065467354e-05,0.0026040927041321993,0.04591346997767687,91.58508898585569,139.14988925284706,0.1817995379678905,230.97564196994063,0.1385427473091059,12.010128384,2026-01-23T09:39:23.160882
26694,0.27141998798317646,0.022251344897440184,1.1527447808175405e-05,0.0027394379721954465,0.0491852619452402,90.06617788330186,136.25865047588013,0.19241029303520918,226.5760433790274,0.1412329367340432,12.017076224,2026-01-23T09:43:09.737744
26695,0.27158021229721613,0.0009377675834043586,1.1522785408848773e-05,0.0029403279768303037,0.05339750892017037,89.20096862223,134.024098059861,0.17945071100257337,223.46705466299318,0.14319784206338,11.992173568,2026-01-23T09:46:53.205391
26696,0.27174043661125574,0.002502222750238481,1.1518122868742989e-05,0.003120860899798572,0.0476076602935791,90.12240787083283,136.1778331110254,0.19983796402812004,226.55832714599092,0.14124398075811914,12.00939776,2026-01-23T09:50:39.764341
26697,0.2719006609252954,0.013677226525134145,1.1513460189113605e-05,0.002620907034724951,0.04217050410807133,90.93079743522685,138.0380735640647,0.19723621394950897,229.22061291895807,0.13960350071707442,12.025179648,2026-01-23T09:54:28.985561
26698,0.2720608852393351,0.0023106485006625377,1.1508797371216224e-05,0.0028956428868696094,0.05956215912010521,89.47172987030353,134.6250716028735,0.24084995791781694,224.40676850802265,0.1425981943982941,12.015361536,2026-01-23T09:58:13.393124
26699,0.27222110955337475,2.916404514330395e-06,1.1504134416306475e-05,0.0025711763883009553,0.04865435801912099,89.99434177798685,135.67155562224798,0.20439262909349054,225.9284037859179,0.141637790838916,12.007814656,2026-01-23T10:01:59.322224
26700,0.27238133386741437,0.010259726119136836,1.1499471325640036e-05,0.002895259764045477,0.048574165208265185,90.25771929265466,136.6021253602812,0.17058698902837932,227.0882824199507,0.1409143600849599,12.013586944,2026-01-23T10:05:46.411237
26701,0.27254155818145404,0.011644512637928095,1.1494808100472611e-05,0.002861138782463968,0.040903221000917256,91.26043882989325,139.15871965384576,0.2849812409840524,230.75515713193454,0.1386751238747135,12.0089856,2026-01-23T10:09:37.167019
26702,0.2727017824954937,0.001282763227004935,1.1490144742059948e-05,0.002747122896835208,0.04561681114137173,93.39014327782206,140.4079165380681,0.28152679500635713,234.13429215503857,0.13667369997561188,12.017037824,2026-01-23T10:13:31.301982
26703,0.2728620068095333,0.023220771341894597,1.1485481251657824e-05,0.0030483835143968463,0.039460639003664255,93.16657129814848,143.83772669453174,0.22608448995742947,237.2811231049709,0.13486112835804265,12.011379712,2026-01-23T10:17:28.583705
26704,0.273022231123573,0.01035605424905306,1.1480817630522056e-05,0.0030123660108074546,0.04205853713210672,91.74742496293038,137.98300231609028,0.22523807000834495,230.009005898959,0.13912498719314204,12.00276224,2026-01-23T10:21:18.593387
26705,0.27318245543761266,0.00010841866312816251,1.1476153879908497e-05,0.002943054772913456,0.0528431999264285,92.344065324869,141.41077829315327,0.32832922996021807,234.1504954160191,0.13666424212831607,12.013656576,2026-01-23T10:25:12.744884
26706,0.27334267975165233,0.0517126121692133,1.1471490001073028e-05,0.003527378896251321,0.0578005580464378,91.16059952322394,139.0457649459131,0.18497607798781246,230.4593675370561,0.13885311038552012,11.993489408,2026-01-23T10:29:03.205228
26707,0.27350290406569194,0.007835520600066204,1.1466825995271575e-05,0.0027973910328000784,0.044744070852175355,91.89474684500601,141.44854624941945,0.26012052700389177,233.65950300905388,0.1369514168604564,12.018484736,2026-01-23T10:32:56.865317
26708,0.2736631283797316,0.03735515257217514,1.146216186376009e-05,0.0027112950338050723,0.04769775562454015,92.22800667118281,140.98315459222067,0.19947395497001708,233.46921384392772,0.1370630391610936,12.005190656,2026-01-23T10:36:50.335237
26709,0.2738233526937713,0.009163531944865078,1.1457497607794565e-05,0.0028579500503838062,0.040665133856236935,91.25047800748143,138.81497800175566,0.2138453209772706,230.3308529140195,0.13893058439698186,12.008707584,2026-01-23T10:40:40.666722
26710,0.27398357700781095,0.002304868879708266,1.1452833228631018e-05,0.003060980816371739,0.042523613083176315,89.66344525082968,135.13068456202745,0.2734316150890663,225.12125418696087,0.14214561888245492,11.99210752,2026-01-23T10:44:25.788557
26711,0.27414380132185057,0.009449878806973011,1.1448168727525505e-05,0.00286226870957762,0.04277340101543814,92.91214138513897,142.86885270499624,0.18407021602615714,236.01779492304195,0.13558299708051338,12.007704064,2026-01-23T10:48:21.807014
26712,0.27430402563589024,0.021937951135027944,1.1443504105734117e-05,0.0029491978930309415,0.046985459979623556,92.40177658840548,141.2779207676649,0.20952009200118482,233.94565375708044,0.1367839046637194,12.011460608,2026-01-23T10:52:15.753286
26713,0.2744642499499299,0.007895413646664906,1.1438839364512971e-05,0.012640636297874153,0.040761958924122155,92.01616627618205,140.13686740084086,0.18420272099319845,232.39815741195343,0.13769472338490268,12.01492736,2026-01-23T10:56:08.152061
26714,0.2746244742639696,1.7920106158086924e-05,1.143417450511822e-05,0.002712510759010911,0.053724428988061845,90.55695396394003,137.11098914896138,0.25155723898205906,227.9822425530292,0.14036180906746157,11.992055808,2026-01-23T10:59:56.134910
26715,0.2747846985780092,0.005402863234541755,1.1429509528806051e-05,0.002582476823590696,0.04333980509545654,90.69222395308316,137.21099856041837,0.28127997799310833,228.2423715790501,0.14020183797869903,12.014646784,2026-01-23T11:03:44.378171
26716,0.27494492289204886,0.003204430929647728,1.1424844436832678e-05,0.0039710282580927014,0.04435106983873993,90.39451589190867,137.08777224319056,0.2030433340696618,227.74088896100875,0.14051056069021792,12.007931392,2026-01-23T11:07:32.119864
26717,0.27510514720608853,0.013076750826244599,1.142017923045435e-05,0.003359711728990078,0.044453742913901806,94.95466189831495,142.99961967777926,0.15879774698987603,238.16824998299126,0.1343587988839204,12.007727616,2026-01-23T11:11:30.288825
26718,0.2752653715201282,0.0008666697933188416,1.1415513910927344e-05,0.002974411007016897,0.04523068282287568,92.61466730595566,144.2358243232593,0.3186942789470777,237.22411066491622,0.1348935397431024,12.007340544,2026-01-23T11:15:27.513656
26719,0.2754255958341678,0.006183627206946873,1.1410848479507968e-05,0.003079390968196094,0.045937448856420815,91.16983202111442,141.3321571771521,0.16598223708570004,232.7235577480169,0.13750219492024193,12.006711808,2026-01-23T11:19:20.237802
26720,0.2755858201482075,0.004242583015467538,1.1406182937452559e-05,0.003139859763905406,0.04067895410116762,92.02103866892867,139.9139564409852,0.2174903230043128,232.20377185707912,0.1378099922498069,11.99297536,2026-01-23T11:23:12.442277
26721,0.27574604446224715,0.00010782400978315287,1.1401517286017489e-05,0.0029626601608470082,0.046245307894423604,92.62385916488711,140.61933814012446,0.23446207598317415,233.53413155896123,0.13702493843783534,11.992701952,2026-01-23T11:27:05.977078
26722,0.2759062687762868,0.04248309080824697,1.1396851526459158e-05,0.0032116867369040847,0.039513863157480955,92.83226251380984,142.4475475579966,0.21373543899971992,235.54407862003427,0.13585567587806147,11.996625408,2026-01-23T11:31:01.521744
26723,0.27606649309032644,0.00030738783434713923,1.139218566003399e-05,0.0032091779867187142,0.04365582694299519,92.97809401818085,143.89971560193226,0.2809808530146256,237.21314369200263,0.13489977621791807,12.009403392,2026-01-23T11:34:58.735514
26724,0.2762267174043661,0.011425118313132643,1.1387519687998436e-05,0.003395690000616014,0.044387247995473444,91.41756303503644,142.2042358169565,0.21380344894714653,233.89110739494208,0.13681580439894914,12.023240704,2026-01-23T11:38:52.627405
26725,0.2763869417184058,0.008484302362870899,1.1382853611608986e-05,0.0033748261630535126,0.04972268280107528,94.27365101908799,145.24048585316632,0.19481484999414533,239.7685804560315,0.13346202383622205,12.00818944,2026-01-23T11:42:52.396716
26726,0.27654716603244545,0.04786989866023106,1.1378187432122152e-05,0.002679915865883231,0.048091861070133746,95.41208434768487,148.16157585731708,0.2175681299995631,243.84844056307338,0.13122905328452547,12.011834368,2026-01-23T11:46:56.245888
26727,0.27670739034648506,0.007479702478148553,1.1373521150794473e-05,0.0031407023780047894,0.044820432900451124,92.6703975709388,141.4007583829807,0.2084893110441044,234.3370969289681,0.1365554170439339,11.99227904,2026-01-23T11:50:50.583705
26728,0.27686761466052473,0.02470974691403871,1.1368854768882513e-05,0.002747950842604041,0.056733458186499774,92.32991467276588,140.0697167761391,0.22130561899393797,232.68815429508686,0.13752311584980273,12.01174016,2026-01-23T11:54:43.272587
26729,0.2770278389745644,0.01925426303099087,1.1364188287642878e-05,0.012722906889393926,0.04483559657819569,92.68680901720654,141.32366085913964,0.1932551320642233,234.27025528391823,0.1365943788348989,12.000382976,2026-01-23T11:58:37.543376
26730,0.27718806328860407,1.0195912331312229e-05,1.1359521708332172e-05,0.01339823822490871,0.04187862225808203,91.40392243873794,141.73751179291867,0.17421422700863332,233.37831209995784,0.13711642573836996,11.992392704,2026-01-23T12:02:30.922365
26731,0.2773482876026437,0.01709843332242933,1.1354855032207058e-05,0.0029259328730404377,0.047416701330803335,92.69187403074466,139.84032915707212,0.18617677397560328,232.78163053805474,0.13746789180071792,12.020296704,2026-01-23T12:06:23.705045
26732,0.27750851191668335,0.0021532299029498603,1.13501882605242e-05,0.0028099154587835073,0.04227086284663528,92.09716455882881,143.18260964634828,0.16290654602926224,235.49958485993557,0.13588134356598608,12.007561728,2026-01-23T12:10:19.205506
26733,0.277668736230723,0.01206427431981627,1.1345521394540302e-05,0.0034764130832627416,0.041361337993294,91.4705834412016,143.99075336614624,0.20636275794822723,235.71914553805254,0.135754776842402,12.016190976,2026-01-23T12:14:14.925359
26734,0.2778289605447627,0.00703167880637956,1.1340854435512093e-05,0.0030604448402300477,0.04071942996233702,92.54386847803835,142.51196190412156,0.15516655903775245,235.2625896150712,0.13601822564461835,11.992973312,2026-01-23T12:18:10.188579
26735,0.2779891848588023,0.004942108201772655,1.1336187384696313e-05,0.0028072280110791326,0.04289992980193347,93.69568096008152,143.50002295465674,0.16725417191628367,237.41670511802658,0.13478411295486512,12.012345856,2026-01-23T12:22:07.605875
26736,0.278149409172842,0.031116213053978825,1.1331520243349743e-05,0.003041525837033987,0.04449379979632795,89.26172792934813,136.99140688462649,0.16267613600939512,226.4722189900931,0.14129768385145652,11.992118784,2026-01-23T12:25:54.078710
26737,0.27830963348688165,0.008903107248444897,1.132685301272918e-05,0.002972229733131826,0.039626034907996655,91.99216302810237,140.52985979511868,0.19189990404993296,232.7637182699982,0.1374784706046028,12.007894528,2026-01-23T12:29:46.843022
26738,0.2784698578009213,8.255095183429262e-06,1.1322185694091449e-05,0.0028521661879494786,0.03970308508723974,90.94075202534441,139.219326165854,0.18490517104510218,230.39540997799486,0.13889165588436128,11.992944128,2026-01-23T12:33:37.239064
26739,0.27863008211496093,0.003653608207836001,1.1317518288693396e-05,0.0031508071115240455,0.0455269591184333,91.84546756208874,140.87693749880418,0.2208035970106721,232.99820172099862,0.13734011577616415,11.992728576,2026-01-23T12:37:30.237863
26740,0.2787903064290006,0.005400687478942068,1.1312850797791891e-05,0.002810474135912955,0.051049898960627615,91.98357259109616,143.64949020685162,0.18889565602876246,235.885620152927,0.13565896886488493,12.036976128,2026-01-23T12:41:26.124090
26741,0.27895053074304027,0.045015808980013894,1.1308183222643831e-05,0.003275146009400487,0.046780232107266784,93.19219399301801,140.2326378460275,0.17639800906181335,233.65940235904418,0.1369514758529955,11.99309312,2026-01-23T12:45:19.784124
26742,0.2791107550570799,0.011350234851008167,1.1303515564506123e-05,0.003020169213414192,0.04225356597453356,92.41819092619698,142.76394686591811,0.19802008289843798,235.43260859604925,0.13591999931880713,12.023075328,2026-01-23T12:49:15.217524
26743,0.27927097937111955,0.014060506086706503,1.1298847824635712e-05,0.0029724390478804708,0.043581255129538476,93.17918353027198,138.8206361468183,0.18846794904675335,232.24489260395057,0.1377855919293343,12.010861568,2026-01-23T12:53:07.463242
26744,0.2794312036851592,0.008324287980459033,1.1294180004289557e-05,0.0030517688719555736,0.04478524508886039,93.13698940200265,145.70128578087315,0.2629961509956047,239.15673162194435,0.1338034676380557,12.024857088,2026-01-23T12:57:06.620563
26745,0.2795914279991989,0.00868435576425064,1.1289512104724643e-05,0.0025737780379131436,0.0474012311315164,92.33883608109318,141.67415085202083,0.22418745001778007,234.29355229297653,0.13658079655553232,12.010558464,2026-01-23T13:01:00.914687
26746,0.2797516523132385,0.019166218235205257,1.128484412719797e-05,0.0031301340786740184,0.0492134700762108,92.35903738928027,144.23405782761984,0.21590401499997824,236.87042636889964,0.13509495672610272,12.021080064,2026-01-23T13:04:57.785725
26747,0.2799118766272782,0.003320341828103146,1.1280176072966557e-05,0.003021826152689755,0.0440699637401849,91.45403890497983,138.1034614542732,0.20610167493578047,229.81814458896406,0.1392405288852752,12.008895488,2026-01-23T13:08:47.604492
26748,0.28007210094131785,0.05368098965250301,1.1275507943287457e-05,0.0030499370768666267,0.04612823319621384,92.46724143496249,143.67676314490382,0.18685306899715215,236.3866169709945,0.13537145380749924,12.009079296,2026-01-23T13:12:43.991802
26749,0.2802323252553575,0.009990725230872854,1.1270839739417734e-05,0.0033030217746272683,0.04102516418788582,91.04339878784958,140.9433417840628,0.19821805402170867,232.23882238008082,0.13778919334868556,12.009757696,2026-01-23T13:16:36.231218
26750,0.28039254956939713,0.0033285610304609747,1.1266171462614469e-05,0.013797040795907378,0.046548055950552225,90.25541174015962,140.34654830256477,0.21188869897741824,230.88280042493716,0.13859845749057256,12.005950976,2026-01-23T13:20:27.114594
26751,0.2805527738834368,0.002920388871631374,1.1261503114134771e-05,0.0036437284434214234,0.04237115185242146,93.03960848704446,144.37917372386437,0.2051858879858628,237.67663862498011,0.1346367071880861,12.006665728,2026-01-23T13:24:24.792105
26752,0.28071299819747647,1.9218423260802808e-05,1.125683469523576e-05,0.0035877759801223874,0.04815296293236315,92.82838825392537,143.28880878794007,0.20613849896471947,236.38152051402722,0.13537437245692424,12.012743168,2026-01-23T13:28:21.174229
26753,0.28087322251151614,0.02026905943582502,1.1252166207174583e-05,0.0037930404068902135,0.049338270095176995,90.1024402519688,136.5338291010121,0.22498957195784897,226.921837199945,0.14101771955866993,12.0054656,2026-01-23T13:32:08.096735
26754,0.28103344682555575,0.006412727752970859,1.1247497651208402e-05,0.003426311886869371,0.04783491918351501,90.9837601428153,138.2752854260616,0.21271381108090281,229.53206956305075,0.13941406994202105,11.992424448,2026-01-23T13:35:57.629423
26755,0.2811936711395954,0.042699603248937734,1.1242829028594395e-05,0.002901035128161311,0.044293598155491054,89.3643289586762,135.38210111414082,0.18934233009349555,224.990158400964,0.14222844335693793,12.00997888,2026-01-23T13:39:42.620222
26756,0.2813538954536351,0.0015488651351063254,1.1238160340589764e-05,0.0033824899001047015,0.04458217031788081,92.76373962091748,140.64591802901123,0.19647262000944465,233.662526738015,0.1369496446294906,11.992087552,2026-01-23T13:43:36.283431
26757,0.28151411976767476,0.005925125692096245,1.1233491588451717e-05,0.0029291310347616673,0.04389316600281745,89.59840247372631,135.47952813701704,0.21019496803637594,225.34343355498277,0.14200546914180281,11.993101312,2026-01-23T13:47:21.627452
26758,0.2816743440817144,3.3037710657879416e-05,1.122882277343749e-05,0.0029664303874596953,0.042954751988872886,90.74217562214471,137.760603865725,0.19212123798206449,228.74712769000325,0.13989246694877064,12.01341696,2026-01-23T13:51:10.375278
26759,0.28183456839575405,0.038303414587090856,1.1224153896804334e-05,0.002883276902139187,0.04557726008351892,95.40870082913898,144.1645887088962,0.21593106898944825,239.84491097996943,0.13341954961334357,12.02259968,2026-01-23T13:55:10.221060
26760,0.2819947927097937,0.0025215258537629737,1.1219484959809515e-05,0.002824936993420124,0.04640470806043595,94.20535731466953,139.5364833602216,0.19786903890781105,233.99725431902334,0.1367537413766931,11.992817664,2026-01-23T13:59:04.218919
26761,0.2821550170238334,0.0047858761866130806,1.121481596371032e-05,0.013031361741013825,0.04195336508564651,94.1371261049062,145.39772922196425,0.17563271592371166,239.77260587201454,0.13345978321260316,12.017512448,2026-01-23T14:03:03.992200
26762,0.282315241337873,0.024097185402961685,1.1210146909764043e-05,0.0034444890916347504,0.045059617958031595,92.40844876493793,140.83968120999634,0.16913205001037568,233.47358693997376,0.13706047189066928,11.993023488,2026-01-23T14:06:57.466407
26763,0.28247546565191267,0.018684438462840625,1.1205477799227993e-05,0.002815555897541344,0.05188916495535523,93.25445366417989,145.1446983149508,0.18709386698901653,238.65198445296846,0.13408646097517068,12.011408384,2026-01-23T14:10:56.119013
26764,0.28263568996595234,0.029070144250688656,1.120080863335951e-05,0.0027142983162775636,0.04911984002683312,93.03307948692236,146.36829545197543,0.16923390293959528,239.63011577900033,0.1335391417559223,12.010784768,2026-01-23T14:14:55.749941
26765,0.282795914279992,0.016731649399556403,1.119613941341593e-05,0.002758182934485376,0.04725761013105512,92.87795069883578,142.20437831513118,0.1636091599939391,235.30387590802275,0.13599435995907005,12.009294848,2026-01-23T14:18:51.054395
26766,0.2829561385940316,0.011131159233431553,1.1191470140654612e-05,0.013178147841244936,0.036799277062527835,92.92792463186197,139.80507078720257,0.198819519020617,232.98895561799873,0.1373455660811072,11.991991296,2026-01-23T14:22:44.044062
26767,0.2831163629080713,4.319351074233424e-05,1.1186800816332942e-05,0.0028949546394869685,0.04155392094980925,90.8121232840931,139.2814581609564,0.20689676410984248,230.3518237780081,0.13891793637735056,11.992138752,2026-01-23T14:26:34.396753
26768,0.28327658722211096,0.0040415926761845355,1.1182131441708289e-05,0.00296868325676769,0.04401515214703977,93.54590010095853,143.61206418299116,0.1765580939827487,237.39022767997812,0.13479914616847108,12.005824,2026-01-23T14:30:31.787566
26769,0.28343681153615063,0.002716715649816237,1.1177462018038063e-05,0.003162877866998315,0.046943100518547,92.55418439744972,143.63662595662754,0.22678870696108788,236.47500112699345,0.13532085779678307,12.0135808,2026-01-23T14:34:28.263335
26770,0.28359703585019025,0.012754594471559244,1.1172792546579679e-05,0.0029451451264321804,0.041037486982531846,92.40299121791031,139.9856862568995,0.2035288290353492,232.6439253790304,0.13754926094831252,12.029459456,2026-01-23T14:38:20.908107
26771,0.2837572601642299,0.02268591602286385,1.1168123028590556e-05,0.0032635850366204977,0.04726928204763681,94.21515140286647,143.9213206882123,0.20344778697472066,238.39873631799128,0.13422889942384753,12.012759552,2026-01-23T14:42:19.307590
26772,0.2839174844782696,0.012265457294808435,1.1163453465328138e-05,0.003167490242049098,0.052936663618311286,91.00829430914018,140.30587692803238,0.20159652107395232,231.58038938906975,0.13818095774179726,12.00930816,2026-01-23T14:46:10.888576
26773,0.28407770879230926,0.014988489169892816,1.1158783858049877e-05,0.002765306970104575,0.050065531162545085,94.05642427492421,145.4579174700193,0.16404448100365698,239.73805663001258,0.133479016430777,11.992217088,2026-01-23T14:50:10.627301
26774,0.2842379331063489,0.00854213294075823,1.1154114208013234e-05,0.004527266835793853,0.04820677312090993,95.52082876907662,145.21459202689584,0.1820837389677763,240.97896945592947,0.13279167087587782,11.992489984,2026-01-23T14:54:11.607114
26775,0.28439815742038854,0.026407333446119452,1.1149444516475686e-05,0.0031646837014704943,0.04683740285690874,92.84683173231315,140.15482892701402,0.17198156798258424,233.23242651007604,0.13720219130257835,11.992018944,2026-01-23T14:58:04.840151
26776,0.2845583817344282,0.028979542895454458,1.1144774784694715e-05,0.003056284855119884,0.04647982714232057,94.55605046183337,145.6879028400872,0.20128593896515667,240.50341331004165,0.13305424467613539,11.992106496,2026-01-23T15:02:05.344254
26777,0.2847186060484679,0.003754215098794589,1.1140105013927823e-05,0.003207916859537363,0.04002648696769029,91.88324085914064,141.7610492351232,0.258934965939261,233.95369038998615,0.1367792059473736,11.992134656,2026-01-23T15:05:59.298793
26778,0.2848788303625075,7.035843498925942e-06,1.1135435205432514e-05,0.003094440675340593,0.044971323339268565,92.40190347086173,143.89094406564254,0.21912437700666487,236.56721200991888,0.13526811145180292,12.009911296,2026-01-23T15:09:55.866764
26779,0.28503905467654717,0.01693178834479525,1.1130765360466309e-05,0.0032659509452059865,0.046121452120132744,92.88552022818476,143.3055525997188,0.20198632508981973,236.4497241800418,0.1353353238662862,11.993228288,2026-01-23T15:13:52.317307
26780,0.28519927899058684,0.0041327346007520305,1.1126095480286727e-05,0.0028866640059277415,0.049741642898879945,91.32506833097432,140.11988486524206,0.16934631299227476,231.67397723603062,0.1381251376687777,11.992931328,2026-01-23T15:17:43.991971
26781,0.28535950330462645,0.014785933157194009,1.112142556615131e-05,0.0036197598092257977,0.05070617073215544,95.29103264596779,144.92978223622777,0.17016460211016238,240.45222932600882,0.13308256733446172,12.022396928,2026-01-23T15:21:44.444968
26782,0.2855197276186661,0.012185514202115222,1.1116755619317601e-05,0.013306849752552807,0.04893411521334201,90.19385891070124,139.35437744215596,0.2043768729781732,229.82655948400497,0.13923543071716685,12.006697472,2026-01-23T15:25:34.272226
26783,0.2856799519327058,0.011615101475797474,1.1112085641043161e-05,0.002772312145680189,0.03980699635576457,91.82819387398195,141.29579772986472,0.22276735701598227,233.39915075502358,0.13710418352630294,11.992190976,2026-01-23T15:29:27.672111
26784,0.28584017624674546,0.007557276381636058,1.110741563258555e-05,0.0030013570794835687,0.04090952512342483,92.12530806101859,143.45531404193025,0.1779714620206505,235.81021914607845,0.13570234621671257,12.004544512,2026-01-23T15:33:23.483280
26785,0.2860004005607851,0.029275959994241596,1.1102745595202335e-05,0.0035296438727527857,0.0445059749763459,94.91775157803204,145.0248574197758,0.19861848303116858,240.1973175139865,0.1332238025436594,12.00966144,2026-01-23T15:37:23.681218
26786,0.28616062487482474,0.018327669706160954,1.1098075530151098e-05,0.003490766161121428,0.04480845492798835,92.03122032410465,143.03674826701172,0.16717812698334455,235.2955964609282,0.13599914525095555,11.992275968,2026-01-23T15:41:18.977584
26787,0.2863208491888644,0.006018291692544864,1.1093405438689424e-05,0.0039032953791320324,0.04871795675717294,90.98226864810567,139.69034064386506,0.19602663395926356,230.92927773599513,0.1385705628741597,12.019976704,2026-01-23T15:45:09.907665
26788,0.2864810735029041,5.338245215646964e-06,1.108873532207491e-05,0.0031206259736791253,0.04140938515774906,91.77277823886834,140.20183584280312,0.20182058901991695,232.22756615909748,0.137795872080393,12.01576704,2026-01-23T15:49:02.135854
26789,0.2866412978169437,0.018216960432731355,1.1084065181565153e-05,0.0029078369261696935,0.045595153933390975,94.03111386287492,144.98066858004313,0.26456943596713245,239.3312274320051,0.13370591185845698,12.015612416,2026-01-23T15:53:01.467824
26790,0.28680152213098337,0.003456889356456827,1.107939501841776e-05,0.002956575248390436,0.04708424233831465,92.76181357202586,146.07249870488886,0.24159790901467204,239.13432564004324,0.13381600451692566,12.006921728,2026-01-23T15:57:00.603057
26791,0.28696174644502304,0.0064048451701870235,1.1074724833890343e-05,0.0031254517380148172,0.04916935961227864,93.43833214393817,143.24708985746838,0.1907723150216043,236.93694027594756,0.1350570323172543,12.008653312,2026-01-23T16:00:57.540628
26792,0.2871219707590627,0.01589741561553737,1.1070054629240524e-05,0.0029142502462491393,0.04501815896946937,92.59100049221888,143.46084968664218,0.18836268899030983,236.29606269299984,0.13542333137211424,12.006084096,2026-01-23T16:04:53.837327
26793,0.2872821950731023,0.043458823097209276,1.1065384405725926e-05,0.003035428118892014,0.0451510309940204,91.96157988510095,141.75920656812377,0.17933135107159615,233.95601923402864,0.13677784442036547,11.992421376,2026-01-23T16:08:47.794174
26794,0.287442419387142,0.01164576272469553,1.1060714164604176e-05,0.002882738132029772,0.04608954186551273,90.62380979699083,137.50230235303752,0.2353924079798162,228.4182314389618,0.14009389617637014,11.992501248,2026-01-23T16:12:36.213017
26795,0.28760264370118166,4.518306369050151e-06,1.1056043907132911e-05,0.002926207846030593,0.04498341225553304,91.45105521054938,139.81018252426293,0.1683391840197146,231.4868455559481,0.1382367966661238,12.01388032,2026-01-23T16:16:27.700559
26796,0.28776286801522133,0.024823862562582732,1.1051373634569766e-05,0.0028733829967677593,0.04804498376324773,90.8116594090825,137.43784617818892,0.1842619210947305,228.49187967192847,0.14004874066398335,11.992228352,2026-01-23T16:20:16.193167
26797,0.28792309232926094,0.005199161112428463,1.1046703348172383e-05,0.0034370122011750937,0.044734838302247226,92.16848652309272,140.72497493284754,0.21974413411226124,233.16895415307954,0.13723953995604163,11.993040896,2026-01-23T16:24:09.362831
26798,0.2880833166433006,0.00516163903368394,1.1042033049198412e-05,0.0051619119476526976,0.045440841000527143,92.6993572700303,142.5133808950195,0.16931908507831395,235.43911669007502,0.1359162421685596,12.015360512,2026-01-23T16:28:04.802777
26799,0.2882435409573403,0.02975149213329864,1.1037362738905498e-05,0.0026807296089828014,0.05218528595287353,90.49180131894536,136.64969321514945,0.17549310997128487,227.37876994907856,0.140734335079596,11.99215616,2026-01-23T16:31:52.182169
26800,0.28840376527137995,0.01999434466915151,1.10326924185513e-05,0.002641101134940982,0.050550424959510565,92.28571903507691,140.81626255321316,0.15830204100348055,233.32079470495228,0.13715022718170433,12.004636672,2026-01-23T16:35:45.503587
26801,0.28856398958541957,0.002595460985331144,1.1028022089393466e-05,0.003632935113273561,0.0498304694192484,90.28585294401273,136.5629724432947,0.18014891899656504,227.08994002395775,0.14091333150479513,12.006497792,2026-01-23T16:39:32.594204
26802,0.28872421389945924,0.00882704811955648,1.1023351752689655e-05,0.003013734007254243,0.046299181412905455,90.48240805685055,136.92737727693748,0.19293016800656915,227.65914629795589,0.14056101202329477,11.993824256,2026-01-23T16:43:20.254036
26803,0.2888844382134989,0.013642645546209309,1.1018681409697526e-05,0.00260305090341717,0.051356120966374874,91.63815208291635,139.1729492128361,0.15927602094598114,231.03244351095054,0.13850868524655177,12.01241344,2026-01-23T16:47:11.287081
26804,0.2890446625275386,0.010011983394998758,1.1014011061674739e-05,0.003015248919837177,0.050942406174726784,91.00944464094937,138.64767380896956,0.15701037796679884,229.8774476199178,0.13920460806972762,12.00753408,2026-01-23T16:51:01.165131
26805,0.2892048868415782,0.014044691346194682,1.1009340709878963e-05,0.0023759850300848484,0.04994389007333666,96.90821536304429,143.55511105479673,0.1532187139382586,240.6780462008901,0.1329577022296837,12.030741504,2026-01-23T16:55:01.843770
26806,0.28936511115561786,0.013515425023635785,1.1004670355567861e-05,0.0028889522654935718,0.04425747727509588,94.23571966285817,143.74462551798206,0.18653534702025354,238.22179457196034,0.13432859935212044,12.006297088,2026-01-23T16:59:00.066172
26807,0.28952533546965753,0.0008091291519480848,1.0999999999999092e-05,0.003038350958377123,0.05211402603890747,91.25377958500758,137.16305424482562,0.17191840999294072,228.65271086001303,0.13995023229613582,11.992923136,2026-01-23T17:02:48.719483
26808,0.2896855597836972,0.0006277326616457302,1.0995329644430322e-05,0.0027138155419379473,0.04924512968864292,93.81001268397085,144.09124204609543,0.16387718403711915,238.123338727979,0.13438413962671383,12.010098688,2026-01-23T17:06:46.843416
26809,0.2898457840977368,0.011004439747409833,1.0990659290119217e-05,0.002643715008161962,0.05016652587801218,93.02221694216132,142.97357235872187,0.17830757098272443,236.2341663769912,0.1354588139843126,12.017155072,2026-01-23T17:10:43.078176
26810,0.2900060084117765,0.007549175048147561,1.0985988938323441e-05,0.0029972224729135633,0.05386348091997206,91.99796911526937,142.98665284563322,0.16795497806742787,235.2186912179459,0.13604361045589636,12.011245056,2026-01-23T17:14:38.297460
26811,0.29016623272581615,0.025548700924728607,1.0981318590300661e-05,0.0032086119754239917,0.048827121034264565,92.23382211406715,143.00387147197034,0.17740084591787308,235.47530877799727,0.1358953521117118,11.992602624,2026-01-23T17:18:33.773366
26812,0.2903264570398558,0.0036113777839643646,1.0976648247308532e-05,0.003092226921580732,0.0442489447304979,91.91292437713128,139.39548361103516,0.17787822103127837,231.5406022600364,0.13820470227533463,12.0105216,2026-01-23T17:22:25.314669
26813,0.29048668135389544,0.014209450530582757,1.0971977910604718e-05,0.0026892380556091666,0.04490114888176322,92.43852777010761,143.87938753969502,0.16479571303352714,236.5364946470363,0.13528567778833,12.01370368,2026-01-23T17:26:21.851945
26814,0.2906469056679351,0.04626678620792468,1.0967307581446883e-05,0.0129475228022784,0.05497900408226997,93.0320250558434,140.73879449709784,0.17482207296416163,234.02081277000252,0.13673997462546142,11.993138176,2026-01-23T17:30:15.873366
26815,0.2908071299819748,1.6569592281356904e-05,1.0962637261092682e-05,0.003227379987947643,0.04878239321988076,92.51306628389284,141.70505179197062,0.26893068000208586,234.54763234301936,0.13643284172317244,12.007034368,2026-01-23T17:34:10.421825
26816,0.29096735429601445,0.01018404680619689,1.0957966950799768e-05,0.003647028235718608,0.04783096781466156,91.40759146644268,139.59601314691827,0.2197312950156629,231.2840137600433,0.1383580277761866,12.009614336,2026-01-23T17:38:01.706446
26817,0.29112757861005406,1.3882581015423057e-05,1.09532966518258e-05,0.0027567329816520214,0.04438191722147167,94.18222503596917,144.35835074912757,0.22976992197800428,238.82420092599932,0.1339897710362918,11.992799232,2026-01-23T17:42:00.531298
26818,0.29128780292409373,0.022630575832963906,1.0948626365428418e-05,0.003185344277881086,0.04592227388639003,95.32953638408799,140.66230572306085,0.2127818230073899,236.2615346859675,0.13544312256556507,12.009931776,2026-01-23T17:45:56.793720
26819,0.2914480272381334,4.71746458341471e-06,1.0943956092865272e-05,0.0027966032503172755,0.05149749806150794,91.65197800972965,142.34281062614173,0.22483908396679908,234.28012267895974,0.13658862576169317,11.992886272,2026-01-23T17:49:51.074549
26820,0.291608251552173,0.010012960938776239,1.0939285835394004e-05,0.003025079146027565,0.04567208688240498,92.32111865095794,141.24635888286866,0.16347268398385495,233.78597925894428,0.1368773272949632,11.993183232,2026-01-23T17:53:44.861112
26821,0.2917684758662127,0.008215830211963038,1.0934615594272254e-05,0.0035013428423553705,0.04111955291591585,92.63125558709726,147.3313810810214,0.19542022608220577,240.21013477502856,0.13321669391664073,12.013093376,2026-01-23T17:57:45.071850
26822,0.29192870018025235,4.427661973949171e-06,1.0929945370757656e-05,0.0031205342384055257,0.04052735795266926,92.0810937343631,140.20540350978263,0.17589059693273157,232.51290830702055,0.13762676761905088,12.009346048,2026-01-23T18:01:37.585376
26823,0.292088924494292,0.024584879453009023,1.0925275166107837e-05,0.0031987199326977134,0.04257237899582833,92.91793835000135,144.67744640097953,0.1642686229897663,237.814642493031,0.13455857748934758,12.025932288,2026-01-23T18:05:35.400612
26824,0.29224914880833164,0.02138974409975347,1.0920604981580424e-05,0.002897511818446219,0.04505003395024687,92.51537432300393,143.14580953668337,0.23291991895530373,235.95154693198856,0.13562106464690304,12.007830016,2026-01-23T18:09:31.352857
26825,0.2924093731223713,0.010016753976803017,1.091593481843303e-05,0.013603087165392935,0.04132874496281147,94.9082985779969,146.875976260053,0.21866902499459684,242.06589131208602,0.13219541103683896,11.992873984,2026-01-23T18:13:33.419667
26826,0.292569597436411,1.0388299380714727e-05,1.0911264677923273e-05,0.0029937720391899347,0.038875286118127406,91.79333365894854,140.20112369209528,0.21148493397049606,232.25467187096365,0.1377797903577957,12.009319424,2026-01-23T18:17:25.674966
26827,0.29272982175045065,0.01087952671245418,1.0906594561308756e-05,0.0029399823397397995,0.0413011769996956,92.27885923569556,143.1039339924464,0.2406662959838286,235.6755429430632,0.13577989298503865,12.016590848,2026-01-23T18:21:21.351196
26828,0.29289004606449026,0.0006714845275439529,1.0901924469847086e-05,0.0027966868365183473,0.045379688031971455,92.44427497452125,142.98013840347994,0.232705197064206,235.7113020530669,0.13575929419284136,12.01472768,2026-01-23T18:25:17.063191
26829,0.29305027037852993,0.005093202295766375,1.0897254404795845e-05,0.0027228022227063775,0.054839433170855045,92.77910027687903,145.5682360919891,0.2643574990797788,238.67693952203263,0.134072441451957,12.02545408,2026-01-23T18:29:15.740999
26830,0.2932104946925696,0.011582044880256603,1.089258436741263e-05,0.0030358630465343595,0.04334895825013518,93.50182319467422,142.63257462112233,0.20642645098268986,236.3934967230307,0.13536751409660244,12.013822464,2026-01-23T18:33:12.135166
26831,0.29337071900660927,0.012461655415195061,1.0887914358955019e-05,0.003001642064191401,0.04499830293934792,91.1820873490069,140.49069195019547,0.2290326339425519,231.95622273196932,0.13795706630805385,12.009627648,2026-01-23T18:37:04.091897
26832,0.2935309433206489,0.00798610740272121,1.0883244380680576e-05,0.00297905202023685,0.04764382936991751,91.79009754874278,142.68354378594086,0.15932671900372952,234.69086788897403,0.13634957460355188,12.020381696,2026-01-23T18:40:58.783522
26833,0.29369116763468855,0.017339537858263476,1.087857443384687e-05,0.0032665421022102237,0.03823742503300309,92.8073280279059,140.62052621913608,0.214621581020765,233.69069763203152,0.1369331356543215,12.021646336,2026-01-23T18:44:52.474991
26834,0.2938513919487282,0.00043363870465640275,1.0873904519711453e-05,0.002921996871009469,0.05714190029539168,92.22814137977548,141.28465461707674,0.234219613019377,233.81701270490885,0.13685916020313682,12.00469504,2026-01-23T18:48:46.292795
26835,0.2940116162627679,0.01060679200285719,1.0869234639531871e-05,0.0030600768513977528,0.041971712722443044,91.94424690504093,141.58592739887536,0.21166774502489716,233.7959952580277,0.13687146336567216,11.993346048,2026-01-23T18:52:40.089582
26836,0.2941718405768075,0.017385457022049522,1.0864564794565659e-05,0.0026856749318540096,0.04565859807189554,92.72173222596757,143.08743236318696,0.2531925169751048,236.11739027197473,0.1355258075787658,12.010047488,2026-01-23T18:56:36.207706
26837,0.2943320648908472,0.057351994636951176,1.085989498607035e-05,0.002877994207665324,0.04253865801729262,95.23667612602003,145.45416490291245,0.2776475710561499,241.02155028807465,0.13276821081663795,12.015198208,2026-01-23T19:00:37.229878
26838,0.29449228920488685,0.0009642316868285761,1.0855225215303458e-05,0.002987454296089709,0.048447672044858336,90.18061536701862,138.54322655510623,0.15626196807716042,228.93945323606022,0.13977494725212214,11.992038912,2026-01-23T19:04:26.170160
26839,0.2946525135189265,0.005482524795047183,1.0850555483522491e-05,0.0028841240564361215,0.04088799166493118,94.21598992531653,145.14933966752142,0.19676772691309452,239.61451950506307,0.13354783368761525,12.030166016,2026-01-23T19:08:25.785583
26840,0.29481273783296613,0.012550988167808086,1.0845885791984943e-05,0.002974282135255635,0.04257404000964016,94.56251507787965,142.53545925405342,0.16927411500364542,237.3240589009365,0.13483672977865846,12.005374464,2026-01-23T19:12:23.110316
26841,0.2949729621470058,0.00696612001303798,1.08412161419483e-05,0.003015278954990208,0.04114005120936781,90.83311105472967,142.76052196137607,0.1769170130137354,233.8224908990087,0.1368559537492108,12.011983872,2026-01-23T19:16:16.933562
26842,0.29513318646104547,0.013406013049614529,1.0836546534670039e-05,0.002843740163370967,0.04438423190731555,92.4705872113118,140.2794814739609,0.18621548102237284,232.991044364986,0.13734433478855626,12.011615232,2026-01-23T19:20:09.925312
26843,0.29529341077508514,0.0034198045815720945,1.0831876971407621e-05,0.0032147858291864395,0.04725259682163596,94.07598601910286,143.95706817682367,0.19656142499297857,238.29282344307285,0.1342885595026938,12.00576256,2026-01-23T19:24:08.218865
26844,0.29545363508912476,0.012466806350714954,1.0827207453418501e-05,0.002922716084867716,0.0422838251106441,91.71035240206402,141.92065240780357,0.19636744307354093,233.88133853196632,0.13682151898419342,12.016586752,2026-01-23T19:28:02.100906
26845,0.2956138594031644,0.022416516361610128,1.0822537981960113e-05,0.0030441409908235073,0.04308733728248626,92.76241435378324,142.13735748198815,0.21719292597845197,235.17302323202603,0.13607002861220274,12.015476224,2026-01-23T19:31:57.274669
26846,0.2957740837172041,0.01807287390233725,1.0817868558289888e-05,0.0029482529498636723,0.04861073358915746,92.49064649106003,140.97119452105835,0.17489961301907897,233.6961758590769,0.13692992571387472,11.993832448,2026-01-23T19:35:50.971489
26847,0.29593430803124376,0.008911863931868602,1.0813199183665234e-05,0.00291918299626559,0.04124333697836846,91.46133669896517,138.260531424894,0.2003633229760453,229.9770939340815,0.13914429238405884,12.009444352,2026-01-23T19:39:40.949341
26848,0.2960945323452834,0.03143108578499554,1.0808529859343557e-05,0.002891054260544479,0.05056793289259076,90.81802471610717,139.14705550402869,0.2590395280858502,230.28559010196477,0.1389578913115284,11.995470336,2026-01-23T19:43:31.235606
26849,0.29625475665932305,3.0934088917078384e-05,1.080386058658224e-05,0.0028367468621581793,0.04730652889702469,91.2296750950627,139.93849903088994,0.17761897796299309,231.40325123397633,0.13828673464766567,12.011598336,2026-01-23T19:47:22.639550
26850,0.2964149809733627,0.026129153883527323,1.0799191366638664e-05,0.0028144760290160775,0.04190206911880523,91.84871457598638,140.75324475602247,0.21281939605250955,232.8675443500979,0.13741717459729183,12.006055424,2026-01-23T19:51:15.507726
26851,0.2965752052874024,3.347046950707977e-05,1.0794522200770176e-05,0.0026974526699632406,0.04442121519241482,89.95848278386984,137.3331922661746,0.20755690603982657,227.55422349006403,0.14062582319592612,11.995388416,2026-01-23T19:55:03.062676
26852,0.296735429601442,0.02594869258204824,1.078985309023413e-05,0.0029544768622145057,0.03999340126756579,91.71514728397597,140.3665921271313,0.2024987379554659,232.33670697000343,0.1377311420882429,12.015602176,2026-01-23T19:58:55.400000
26853,0.29689565391548167,0.00011680860486684708,1.078518403628785e-05,0.0027287950506433845,0.049503590911626816,92.10021674213931,139.90997255698312,0.20860442996490747,232.27741886500735,0.13776629754353106,12.009593856,2026-01-23T20:02:47.678012
26854,0.29705587822952134,0.011847599958704436,1.0780515040188651e-05,0.002761827316135168,0.04421444027684629,89.83428230963182,135.34058832924347,0.21029857906978577,225.44130157097243,0.14194382208144724,11.993376768,2026-01-23T20:06:33.120007
26855,0.297216102543561,0.0083956100375282,1.0775846103193836e-05,0.003030558116734028,0.05434570391662419,94.90269295219332,139.8036290409509,0.15564706700388342,234.9262662519468,0.13621295102728778,11.992046592,2026-01-23T20:10:28.046773
26856,0.2973763268576006,1.3204419168744153e-05,1.0771177226560683e-05,0.002896915888413787,0.045128320809453726,91.77380076609552,142.05476264317986,0.23483902809675783,234.11912379402202,0.13668255493794518,12.008786432,2026-01-23T20:14:22.166552
26857,0.2975365511716403,0.04707773069558652,1.0766508411546456e-05,0.013298347010277212,0.046755118295550346,93.99926345900167,137.99404474790208,0.18215999903623015,232.24390919599682,0.13778617536528956,11.992101888,2026-01-23T20:18:14.411349
26858,0.29769677548567997,0.0191891773635815,1.0761839659408406e-05,0.002683508093468845,0.04548302700277418,91.12903361581266,139.11924779822584,0.21920501196291298,230.52255176496692,0.13881505195476984,12.010448896,2026-01-23T20:22:04.934694
26859,0.29785699979971964,0.017655936994860788,1.0757170971403771e-05,0.0031318000983446836,0.04442190518602729,92.02890697284602,142.74044230289292,0.18998545000795275,235.01638252299745,0.13616072061218393,12.01009152,2026-01-23T20:25:59.951673
26860,0.29801722411375925,0.005459428336237693,1.0752502348789765e-05,0.0036250296980142593,0.04767811787314713,94.67972288304009,144.03901045606472,0.20877114601898938,238.98610830004327,0.13389899617020629,12.020621312,2026-01-23T20:29:58.938529
26861,0.2981774484277989,0.00805114469350876,1.0747833792823587e-05,0.0026127933524549007,0.05119197175372392,92.2237688213354,140.93328633671626,0.16921537299640477,233.38679416803643,0.13711144246216556,12.009001984,2026-01-23T20:33:52.325995
26862,0.2983376727418386,0.04455944255336419,1.074316530476241e-05,0.002897241967730224,0.04279015806969255,92.64085602317937,142.73398981592618,0.16588371200487018,235.59376211103518,0.13582702578058253,11.992001536,2026-01-23T20:37:47.920298
26863,0.2984978970558782,0.039629358057358566,1.0738496885863402e-05,0.0029985610162839293,0.04999554017558694,93.57198908680584,141.99454716895707,0.18566501908935606,235.8131831070641,0.13570064055948616,12.020389888,2026-01-23T20:41:43.734066
26864,0.2986581213699179,0.0016250924169405323,1.0733828537383704e-05,0.00289711682125926,0.04761794884689152,93.71571080118883,142.5509252451593,0.1957683740183711,236.52071206993423,0.13529470514420855,12.01084928,2026-01-23T20:45:40.255620
26865,0.29881834568395754,0.011784807477515535,1.072916026058044e-05,0.0027827786980196834,0.041951152379624546,90.76592865667772,140.19711197307333,0.25634204398375005,231.27244289696682,0.13836495000944052,12.007428608,2026-01-23T20:49:31.528745
26866,0.2989785699979972,0.013987146940776185,1.072449205671072e-05,0.012884184950962663,0.04584547341801226,90.9784325149376,136.91794688883238,0.2177970299962908,228.17974504700396,0.14024031797129122,12.008001024,2026-01-23T20:53:19.709114
26867,0.2991387943120368,0.007042786079830776,1.0719823927031616e-05,0.003347722697071731,0.04350160027388483,92.93728395691141,142.8666676558787,0.23072113108355552,236.08925362094305,0.13554195927688484,12.008613376,2026-01-23T20:57:15.799057
26868,0.2992990186260765,0.01376981905902852,1.0715155872800203e-05,0.0028743179282173514,0.038264006143435836,93.39414630178362,144.19393872912042,0.186149416025728,237.82350689696614,0.13455356208275734,12.009386496,2026-01-23T21:01:13.623251
26869,0.29945924294011617,0.00030525919445523186,1.0710487895273526e-05,0.0036506387405097485,0.04286440624855459,91.9171541511314,141.12314592394978,0.2173000699840486,233.31072132801637,0.13715614875242077,11.992175616,2026-01-23T21:05:06.934743
26870,0.29961946725415584,0.0029229502916265915,1.0705819995708609e-05,0.0028597720665857196,0.050135566969402134,91.7537558201002,139.54813466896303,0.1924419819843024,231.5546542200027,0.13819631528371887,12.015292928,2026-01-23T21:08:58.490137
26871,0.29977969156819545,0.00813742228748282,1.0701152175362455e-05,0.002614170080050826,0.03920664987526834,93.09594850707799,141.9424992899876,0.16143245494458824,235.25134461803827,0.1360247273058364,11.992206848,2026-01-23T21:12:53.742097
26872,0.2999399158822351,0.02305157995682805,1.0696484435492047e-05,0.0030466539319604635,0.045006930944509804,92.53778646606952,141.78365126089193,0.22136428102385253,234.59718773292843,0.13640402218474007,12.001936896,2026-01-23T21:16:48.339976
26873,0.3001001401962748,0.007470930947331311,1.0691816777354342e-05,0.002919614198617637,0.05058631696738303,92.92910192185082,141.12376361596398,0.19448897801339626,234.30925571301486,0.13657164290254942,12.004990976,2026-01-23T21:20:42.649856
26874,0.30026036451031446,0.010638491387204851,1.0687149202206275e-05,0.0030429569305852056,0.04260185780003667,92.82998560811393,143.5058143120259,0.19849130301736295,236.58940728008747,0.13525542148265604,12.004573184,2026-01-23T21:24:39.239867
26875,0.3004205888243541,0.0020759775158545324,1.068248171130477e-05,0.003096494125202298,0.04012544348370284,91.76051562279463,140.87764210591558,0.27414679096546024,232.9628790289862,0.13736093979169287,11.992173568,2026-01-23T21:28:32.203561
26876,0.30058081313839374,0.009224253476073585,1.0677814305906718e-05,0.0029057072242721915,0.04055974830407649,92.64382592611946,145.67235357605387,0.23736958706285805,238.60485236893874,0.13411294733654677,12.007677952,2026-01-23T21:32:30.809220
26877,0.3007410374524334,0.007149506839385644,1.067314698726899e-05,0.003258619108237326,0.04598072776570916,91.42154488910455,141.1168237803504,0.21889395301695913,232.81507061200682,0.1374481467882676,11.992851456,2026-01-23T21:36:23.625083
26878,0.3009012617664731,0.01369073662884368,1.0668479756648427e-05,0.013188064214773476,0.0452381307259202,92.16663850832265,140.82117715652566,0.24016179295722395,233.29270875104703,0.1371667386062548,12.008891392,2026-01-23T21:40:16.918695
26879,0.3010614860805127,0.0033927262358268706,1.0663812615301857e-05,0.0029844770906493068,0.04057713795918971,92.53248481196351,141.025289949961,0.2405458230059594,233.84932937694248,0.13684024703110906,11.991995392,2026-01-23T21:44:10.768771
26880,0.30122171039455237,0.024640416327483372,1.065914556448608e-05,0.0030612109694629908,0.044595854240469635,92.32244312670082,141.8316487602424,0.24803428794257343,234.4576054159552,0.13648522914506553,12.024395264,2026-01-23T21:48:05.227311
26881,0.30138193470859204,0.020866095209798985,1.0654478605457864e-05,0.0036855207290500402,0.041865197475999594,91.98106994992122,139.86177323269658,0.27526781894266605,232.1720305350609,0.1378288328971116,11.99287808,2026-01-23T21:51:57.400063
26882,0.3015421590226317,2.8157173399989688e-05,1.0649811739473967e-05,0.004014577134512365,0.04603712493553758,90.05374083993956,136.9887806820916,0.17805387498810887,227.28046755190007,0.1407952049055545,11.99258112,2026-01-23T21:55:44.681333
26883,0.3017023833366713,0.02239452837596012,1.0645144967791112e-05,0.0036211360711604357,0.04431162483524531,90.87641933420673,138.18571268301457,0.18403754604514688,229.30073578900192,0.13955472009233227,12.005930496,2026-01-23T21:59:33.982818
26884,0.301862607650711,0.00027981236747542937,1.0640478291665994e-05,0.002564827329479158,0.04466630192473531,90.88513313792646,137.92099082225468,0.1535138919716701,229.01311916590203,0.1397299862844037,12.007017984,2026-01-23T22:03:22.996556
26885,0.30202283196475066,0.014456033006458924,1.0635811712355292e-05,0.002887275186367333,0.053280849824659526,90.58955038303975,137.391839744756,0.1815027369884774,228.22691089101136,0.1402113356180045,11.992331264,2026-01-23T22:07:11.224041
26886,0.30218305627879033,0.027010582869870348,1.063114523111565e-05,0.0027282850351184607,0.04142753279302269,92.17036264413036,140.4441931360634,0.18325620098039508,232.84936795406975,0.13742790148484363,11.993051136,2026-01-23T22:11:04.074028
26887,0.30234328059282994,0.005049749817967353,1.0626478849203693e-05,0.002827785676345229,0.045769073884002864,92.62442736816593,142.02372282696888,0.17552383500151336,234.87985906505492,0.13623986376429545,12.00642816,2026-01-23T22:14:58.954524
26888,0.3025035049068696,0.02055794812724976,1.0621812567876014e-05,0.002901500090956688,0.043335049180313945,92.83650140685495,140.79083396086935,0.18511787301395088,233.86589377000928,0.13683055482844264,12.011675648,2026-01-23T22:18:52.821116
26889,0.3026637292209093,7.012239366055439e-06,1.0617146388389177e-05,0.0034371541114524007,0.042985567008145154,92.65788235224318,138.66383662691806,0.22810548404231668,231.60403907194268,0.138166847729542,11.993193472,2026-01-23T22:22:44.436079
26890,0.30282395353494895,0.010722479702306664,1.0612480311999727e-05,0.003433561883866787,0.04319015797227621,93.09503702120855,141.01578326511662,0.17381323198787868,234.3390393819427,0.1365542851263638,12.009919488,2026-01-23T22:26:38.776968
26891,0.30298417784898857,0.005236075594700296,1.0607814339964173e-05,0.003265861188992858,0.04288148321211338,91.59314234973863,142.8702991543105,0.3383149689761922,234.85492407903075,0.13625432860514228,12.016888832,2026-01-23T22:30:33.632503
26892,0.30314440216302824,0.0074546063235017,1.0603148473539002e-05,0.0033619366586208344,0.04478701076004654,90.94224504509475,141.28988413105253,0.19927327102050185,232.48770990001503,0.13764168443038172,11.9929856,2026-01-23T22:34:26.120887
26893,0.3033046264770679,0.011106732495018257,1.0598482713980667e-05,0.0029505728743970394,0.04998690902721137,90.60724222403951,139.14181799720973,0.15301209897734225,229.96315946197137,0.1391527237443952,11.991909376,2026-01-23T22:38:16.084615
26894,0.3034648507911076,0.00014947849320989803,1.05938170625456e-05,0.002998335985466838,0.04535511531867087,92.1319670289522,141.30957959778607,0.20585956098511815,233.70509953796864,0.13692469724992526,12.018947584,2026-01-23T22:42:09.790460
26895,0.3036250751051472,0.02841880316070977,1.0589151520490195e-05,0.0030290561262518167,0.05088417511433363,93.67360316973645,145.44856016337872,0.2180136430542916,239.4015242109308,0.13366665106027306,12.009888768,2026-01-23T22:46:09.192638
26896,0.30378529941918686,0.02489604853202998,1.0584486089070819e-05,0.0029558998066931963,0.04727401176933199,90.91807832429186,142.73028584383428,0.15875737194437534,233.8666802640073,0.13683009466708065,11.992213504,2026-01-23T22:50:03.059990
26897,0.30394552373322653,0.008509835628311535,1.0579820769543813e-05,0.0029300288297235966,0.0359593799803406,93.2924335822463,144.06882274174131,0.18943745701108128,237.59631574898958,0.13468222307708946,11.992193024,2026-01-23T22:54:00.656935
26898,0.3041057480472662,0.004073904645855109,1.0575155563165485e-05,0.0028269950998947024,0.04113570705521852,93.50499381206464,143.1321143391542,0.19575308705680072,236.88465246302076,0.13508684360627968,11.992697856,2026-01-23T22:57:57.542221
26899,0.3042659723613058,0.01757887718223472,1.0570490471192115e-05,0.0031423550099134445,0.051777337095700204,92.77116656093858,144.3297980328789,0.19447627908084542,237.35917302698363,0.13481678248163662,11.992384,2026-01-23T23:01:54.902010
26900,0.3044261966753455,0.017040404356611027,1.0565825494879946e-05,0.0034272429766133428,0.048147517372854054,93.5354011907475,149.0587122461293,0.23028218594845384,242.88237609399948,0.13175101674571676,11.992971264,2026-01-23T23:05:57.785077
26901,0.30458642098938515,0.029495139047854835,1.0561160635485195e-05,0.003181705134920776,0.050570659106597304,91.75970006024,140.1307185596088,0.21860715094953775,232.17062180803623,0.13782966919241962,11.99204864,2026-01-23T23:09:49.956414
26902,0.30474664530342477,1.7063667623773426e-05,1.055649589426405e-05,0.002930218121036887,0.04636698483955115,92.7226285059005,142.77429647906683,0.18139500601682812,235.73824502306525,0.1357437780062757,11.992054784,2026-01-23T23:13:45.695528
26903,0.30490686961746444,0.01871377995047041,1.0551831272472658e-05,0.0030090800719335675,0.04418829909991473,92.71429746295325,144.23967324732803,0.186588307027705,237.19428648601752,0.13491050089811663,11.993836544,2026-01-23T23:17:42.890548
26904,0.3050670939315041,0.0015208861509492522,1.0547166771367145e-05,0.0032747628865763545,0.04480445210356265,91.23463759804145,143.14047870889772,0.224792568013072,234.65557912609074,0.136370079582915,12.0077184,2026-01-23T23:21:37.546760
26905,0.3052273182455438,0.0018161156946945312,1.0542502392203602e-05,0.013007360859774053,0.04214553686324507,93.49038309813477,149.37865992600564,0.20484294195193797,243.13547418394592,0.13161386715535459,11.992043008,2026-01-23T23:25:40.682835
26906,0.3053875425595834,0.010461275195424058,1.0537838136238073e-05,0.003157995524816215,0.03800472186412662,92.677741624997,142.60244887403678,0.20047314302064478,235.52824512100779,0.13586480884090696,12.020692992,2026-01-23T23:29:36.211693
26907,0.30554776687362306,0.03217967893715823,1.0533174004726591e-05,0.00318489212077111,0.04575984226539731,93.1799851875985,143.59990934538655,0.2206976569723338,237.05723909905646,0.13498849527488388,11.992691712,2026-01-23T23:33:33.269524
26908,0.30570799118766273,1.181415907325345e-05,1.0528509998925139e-05,0.002933225128799677,0.04548905708361417,92.75313842785545,141.15124916494824,0.2732300750212744,234.23223086900543,0.13661655307333015,12.003649536,2026-01-23T23:37:27.502550
26909,0.3058682155017024,0.00010111880059504585,1.0523846120089673e-05,0.0028714837972074747,0.04438209405634552,92.38881858298555,143.6912212910829,0.16488259797915816,236.30017009796575,0.13542097742347534,11.992212992,2026-01-23T23:41:23.803336
26910,0.306028439815742,0.0035780487408487716,1.0519182369476114e-05,0.003301262855529785,0.04093536187428981,92.64634165307507,145.26470241125207,0.15696594398468733,238.12150327698328,0.13438517546555867,12.011256832,2026-01-23T23:45:21.925462
26911,0.3061886641297817,0.008748558215390112,1.0514518748340346e-05,0.003079791087657213,0.0403987520840019,92.1576962589752,140.7993963806657,0.2993110640672967,233.30647673201747,0.13715864406437425,11.993058304,2026-01-23T23:49:15.232560
26912,0.30634888844382135,0.005504596761420899,1.0509855257938218e-05,0.003451228723861277,0.052577964845113456,92.20464935607743,141.96927368303295,0.2089966459898278,234.44663050898816,0.13649161828654727,12.00959488,2026-01-23T23:53:09.680017
26913,0.306509112757861,0.02130519856447144,1.0505191899525552e-05,0.0029192931251600385,0.04005458811298013,93.34267691511195,142.47905138891656,0.1778380919713527,236.04970860795584,0.13556466639468442,11.992945664,2026-01-23T23:57:05.730342
26914,0.30666933707190064,0.00876744795030504,1.0500528674358127e-05,0.0025922670029103756,0.045084111276082695,91.19093039771542,142.30738088220824,0.218584428075701,233.77101435000077,0.13688608953071385,11.99300864,2026-01-24T00:00:59.501950
26915,0.3068295613859403,0.013476748785564041,1.0495865583691688e-05,0.003174272715114057,0.03488553955685347,92.76017995818984,141.75051757111214,0.21009418100584298,234.766811812995,0.13630546733960763,11.992372736,2026-01-24T00:04:54.269461
26916,0.30698978569998,0.012588684189564603,1.0491202628781943e-05,0.0029544997960329056,0.04868196090683341,91.65856080304366,144.0782054149313,0.1963067880133167,235.99340395105537,0.1355970101886269,12.014567936,2026-01-24T00:08:50.263629
26917,0.30715001001401965,0.005235548736560958,1.0486539810884561e-05,0.0031035227002575994,0.04654311004560441,91.68364683177788,140.62992641725577,0.2056960230693221,232.57862061192282,0.13758788282348067,12.005991936,2026-01-24T00:12:42.842976
26918,0.30731023432805926,0.006766268414010845,1.0481877131255178e-05,0.002845760202035308,0.037565907929092646,91.92241759295575,141.35020182584412,0.16190558299422264,233.48202470503747,0.13705551868682928,11.9930624,2026-01-24T00:16:36.325788
26919,0.30747045864209893,0.04101569124008542,1.047721459114939e-05,0.002803069888614118,0.048247822327539325,95.42806414805818,146.85470299783628,0.17181109602097422,242.51380120497197,0.13195125325240228,12.00936448,2026-01-24T00:20:38.840202
26920,0.3076306829561386,0.017786104093303834,1.0472552191822761e-05,0.003384911105968058,0.04600782075431198,91.3234817602206,139.17228101589717,0.1832368060713634,230.73649379005656,0.13868634074467773,11.992149504,2026-01-24T00:24:29.577316
26921,0.30779090727017827,0.00018698459581045768,1.0467889934530812e-05,0.01338978810235858,0.04563222825527191,92.01460157288238,140.78847219294403,0.26014058000873774,233.13031905400567,0.1372622837297583,11.992150016,2026-01-24T00:28:22.708448
26922,0.3079511315842179,0.014131536047012005,1.0463227820529024e-05,0.003356396919116378,0.05061517306603491,93.21806497545913,145.13023494463414,0.22231316193938255,238.63232683297247,0.1340975065058892,12.010847232,2026-01-24T00:32:21.341394
26923,0.30811135589825756,0.012120850590576993,1.0458565851072847e-05,0.0033084320602938533,0.04293238488025963,92.71601366088726,143.76772430201527,0.22056557796895504,236.7578929499723,0.1351591687241519,12.012809728,2026-01-24T00:36:18.100267
26924,0.3082715802122972,0.003971360813474156,1.0453904027417683e-05,0.003149939817376435,0.044582452974282205,91.38795455102809,141.74097423395142,0.24542798602487892,233.4318593610078,0.13708497240949127,11.9936768,2026-01-24T00:40:11.532927
26925,0.3084318045263369,2.2740860178060984e-05,1.0449242350818902e-05,0.013410810846835375,0.042091661132872105,92.91569060506299,142.70244110689964,0.1949405010091141,235.87665847397875,0.13566412296590233,12.01683456,2026-01-24T00:44:07.410556
26926,0.3085920288403765,0.01411374538729504,1.0444580822531825e-05,0.003052861778996885,0.04609997384250164,91.97152673418168,144.2329922199715,0.18382279097568244,236.44575134699699,0.13533759781134008,12.02889216,2026-01-24T00:48:03.856940
26927,0.3087522531544162,0.03688959232709976,1.0439919443811749e-05,0.0030503820162266493,0.04648638190701604,93.40652303700335,141.33246094814967,0.21854792605154216,235.014576169895,0.13616176716148362,12.003392512,2026-01-24T00:51:58.872117
26928,0.30891247746845585,0.01643252124981931,1.0435258215913916e-05,0.0031012470135465264,0.04524803161621094,93.63212308427319,143.88217838015407,0.1850901379948482,237.7598593570292,0.13458958163306947,12.005959168,2026-01-24T00:55:56.633013
26929,0.3090727017824955,0.004078464789830427,1.0430597140093534e-05,0.0026164448354393244,0.04335017874836922,92.73517832101788,143.38334259216208,0.1928322110325098,236.36835874407552,0.13538191054855842,12.010169344,2026-01-24T00:59:53.002193
26930,0.30923292609653513,0.012505973201420773,1.0425936217605769e-05,0.0032688818173483014,0.04537544783670455,90.83803355705459,142.0183429850731,0.21166453300975263,233.12344642798416,0.13726633030833021,12.012652544,2026-01-24T01:03:46.126397
26931,0.3093931504105748,3.722174063369721e-05,1.0421275449705743e-05,0.0032190867932513356,0.05058566702064127,93.8353872030275,141.4162904220866,0.1792158760363236,235.49561793997418,0.13588363248507038,11.993126912,2026-01-24T01:07:41.622741
26932,0.30955337472461447,0.0026397142018286246,1.0416614837648543e-05,0.0036752320593222976,0.043151565943844616,92.60721006325912,142.34445960866287,0.16964096704032272,235.17460228409618,0.13606911498607865,12.0115968,2026-01-24T01:11:36.808854
26933,0.30971359903865414,0.028582105268888824,1.0411954382689206e-05,0.002966688945889473,0.04333018767647445,90.39759558311198,140.70316382602323,0.14839308697264642,231.30283452605363,0.1383467697902144,12.0171264,2026-01-24T01:15:28.122659
26934,0.30987382335269376,0.002121520044235936,1.040729408608273e-05,0.0030391659820452332,0.04738576174713671,90.97849649691489,140.9339564681286,0.1643614339409396,232.13637363899034,0.13785000385060373,12.012547584,2026-01-24T01:19:20.259663
26935,0.3100340476667334,0.01696861107258485,1.0402633949084078e-05,0.002766236080788076,0.04313108394853771,91.66277965588961,139.6273410100257,0.18686515500303358,231.53241918899585,0.13820958685651258,11.992851456,2026-01-24T01:23:11.792669
26936,0.3101942719807731,0.006791180440510303,1.0397973972948156e-05,0.00304033188149333,0.040998034994117916,90.64352733502164,140.7677935648244,0.19079918903298676,231.65292911301367,0.1381376878009971,12.01021952,2026-01-24T01:27:03.446519
26937,0.31035449629481277,0.034671390455478956,1.0393314158929835e-05,0.0029645271133631468,0.04445912106893957,92.36896786792204,140.2204003528459,0.21871013601776212,232.86298458301462,0.13741986540841636,12.009097728,2026-01-24T01:30:56.310090
26938,0.3105147206088524,0.003441867484273331,1.0388654508283941e-05,0.0029832469299435616,0.046334669226780534,91.65672594367061,140.48662777419668,0.20906820194795728,232.41008619393688,0.13768765600515842,11.99283712,2026-01-24T01:34:48.720929
26939,0.31067494492289205,0.006740485136541352,1.0383995022265258e-05,0.0030569429509341717,0.049429434235207736,90.76002661080565,139.3027204250684,0.2481969950022176,230.369770994992,0.13890711381874685,12.011779072,2026-01-24T01:38:39.091389
26940,0.3108351692369317,5.823474879296242e-05,1.037933570212852e-05,0.0032242900924757123,0.04028229881078005,91.94908362394199,139.9636622221442,0.2346852500922978,232.1981489160098,0.13781332947479683,12.005772288,2026-01-24T01:42:31.290223
26941,0.31099539355097133,0.0094829931491347,1.0374676549128422e-05,0.0030009872280061245,0.04817139694932848,92.1421005090233,141.1049505880801,0.21243181102909148,233.51844075799454,0.13703414555239776,12.003294208,2026-01-24T01:46:24.809291
26942,0.311155617865011,0.0010281379846297511,1.0370017564519613e-05,0.002714780974201858,0.044386314926669,91.62624385813251,140.40980442496948,0.2303711170097813,232.31954256095923,0.13774131804518078,12.01308928,2026-01-24T01:50:17.129441
26943,0.3113158421790507,0.014910657843267394,1.0365358749556693e-05,0.0028250458417460322,0.044613411067985,91.66894164390396,139.65565453481395,0.21740196901373565,231.5966783099575,0.1381712390415755,12.007921152,2026-01-24T01:54:08.726736
26944,0.31147606649309034,0.006375666496609256,1.036070010549422e-05,0.0028680089162662625,0.04511958989314735,91.3815832020482,139.95903557993006,0.20520345692057163,231.6012286049081,0.13816852437596203,12.006230528,2026-01-24T01:58:00.328670
26945,0.31163629080712996,0.005469874362974636,1.0356041633586705e-05,0.013757478911429644,0.040744012920185924,91.74719487386756,140.15949094307143,0.1908671410055831,232.16022324096411,0.13783584264900758,11.992431616,2026-01-24T02:01:52.489758
26946,0.3117965151211696,0.0065774972937227005,1.0351383335088613e-05,0.003172410069964826,0.04248693468980491,90.194057697081,136.4306408680277,0.21349320095032454,226.89242005103733,0.14103600284576231,11.99199744,2026-01-24T02:05:39.382763
26947,0.3119567394352093,0.012118896752958186,1.0346725211254363e-05,0.0027153040282428265,0.041783438762649894,90.19538189307787,136.59144615044352,0.21559355908539146,227.05431211809628,0.14093544272066522,11.992839168,2026-01-24T02:09:26.437658
26948,0.31211696374924897,0.044620568720351805,1.0342067263338322e-05,0.0027358661172911525,0.040253488230519,94.0629438488977,145.05304088175762,0.20463315106462687,239.37086183810607,0.13368377318055777,12.008658432,2026-01-24T02:13:25.809274
26949,0.3122771880632886,0.0019056855777472848,1.0337409492594821e-05,0.002673386945389211,0.04847643699031323,88.35939811961725,132.87629027920775,0.24170882801990956,221.53600343107246,0.1444460471634188,12.013425152,2026-01-24T02:17:07.345938
26950,0.31243741237732825,0.024922671659949103,1.0332751900278126e-05,0.0026243182364851236,0.048037548083812,90.44205911189783,137.12525465223007,0.21228300500661135,227.8374024060322,0.1404510394784626,12.008197632,2026-01-24T02:20:55.184204
26951,0.3125976366913679,0.014228713626577516,1.0328094487642469e-05,0.0030733271269127727,0.03955108032096177,93.87428167578764,141.00791405607015,0.1998328430345282,235.13250979897566,0.136093473536935,12.031230464,2026-01-24T02:24:50.317377
26952,0.3127578610054076,0.004677910231530191,1.0323437255942031e-05,0.00408368103671819,0.0497486237436533,92.59406603011303,141.46347204805352,0.2354392750421539,234.3532779100351,0.13654598854078903,12.004975616,2026-01-24T02:28:44.671785
26953,0.3129180853194472,0.00419529981411948,1.031878020643094e-05,0.013392551918514073,0.04874823056161404,91.73992740327958,141.6368647039635,0.3011619469616562,233.74739467399195,0.13689992157829386,11.992183808,2026-01-24T02:32:38.419919
26954,0.3130783096334869,0.00800116422093744,1.031412334036328e-05,0.0033116929698735476,0.04052907612640411,92.65770090580918,140.26314966822974,0.19539338001050055,233.1679122429341,0.13724015321053132,11.992081408,2026-01-24T02:36:31.588432
26955,0.31323853394752654,9.523072846739922e-05,1.0309466658993077e-05,0.0027622671332210302,0.04261532472446561,94.29153378016781,141.48233559716027,0.16531661397311836,235.9942187590059,0.13559654201816684,12.006729216,2026-01-24T02:40:27.593965
26956,0.3133987582615662,0.014162689204338719,1.0304810163574321e-05,0.0033244933001697063,0.039884640951640904,92.40275130618829,144.0868024431402,0.22159654996357858,236.76154085306916,0.13515708625945608,12.004993024,2026-01-24T02:44:24.356422
26957,0.3135589825756058,0.023486241556597065,1.030015385536094e-05,0.003467228845693171,0.04488191078417003,92.57849982602056,145.80656923213974,0.1701649510068819,238.6133175229188,0.1341081894849662,12.011529216,2026-01-24T02:48:22.970343
26958,0.3137192068896455,0.0044060845335884835,1.0295497735606819e-05,0.002732955268584192,0.041629832005128264,93.77297335630283,142.8421266406076,0.1641726850066334,236.83269692608155,0.13511647849024663,11.992745984,2026-01-24T02:52:19.803844
26959,0.31387943120368517,0.007843321485591304,1.0290841805565784e-05,0.0026872112648561597,0.042847143951803446,93.76385286694858,144.55629171791952,0.1603589840233326,238.5324503679294,0.13415365477795965,12.00856832,2026-01-24T02:56:18.336872
26960,0.31403965551772484,0.01703259908600252,1.0286186066491624e-05,0.0026491626631468534,0.045736043131910264,90.86714968667366,139.13323480729014,0.19241842802148312,230.2480203169398,0.13898056520074104,12.010673152,2026-01-24T03:00:08.585576
26961,0.31419987983176445,3.707398873897816e-05,1.0281530519638059e-05,0.00260278198402375,0.04412882647011429,92.87286644172855,140.17437531636097,0.16087341494858265,233.2616889999481,0.137184979398855,12.0105728,2026-01-24T03:04:01.858022
26962,0.3143601041458041,0.01901940920646883,1.0276875166258769e-05,0.00306132307741791,0.04391135205514729,94.24548795737792,142.83360657596495,0.23476089700125158,237.36882630106993,0.13481129977620723,12.018420224,2026-01-24T03:07:59.227870
26963,0.3145203284598438,0.0011178374048039785,1.0272220007607377e-05,0.0032371338456869125,0.03935051488224417,93.42007093923166,143.4263466936536,0.21222545090131462,237.10774317604955,0.134959742652691,11.992162304,2026-01-24T03:11:56.336331
26964,0.31468055277388346,0.01921200717862881,1.0267565044937453e-05,0.003936350927688181,0.04852999234572053,94.7553793785628,145.9086035314249,0.21267516107764095,240.93773696001153,0.13281439596700056,12.034910208,2026-01-24T03:15:57.274645
26965,0.3148407770879231,4.146197954391084e-05,1.0262910279502526e-05,0.003089627716690302,0.046028702054172754,92.32851806504186,141.5548807469895,0.20887035795021802,234.14967398298904,0.13666472156747397,12.00301312,2026-01-24T03:19:51.424886
26966,0.31500100140196274,0.025442007673790457,1.0258255712556052e-05,0.002998506068252027,0.042959952261298895,92.131361470907,142.41937872488052,0.18631471297703683,234.79239989991765,0.13629061253107122,12.008540672,2026-01-24T03:23:46.218037
26967,0.3151612257160024,0.007133756862202745,1.0253601345351452e-05,0.003166015143506229,0.04524541390128434,92.14330202317797,144.1344104198506,0.1772935870103538,236.51183592400048,0.13529978267253703,11.992271872,2026-01-24T03:27:42.730666
26968,0.3153214500300421,0.004092866942221107,1.024894717914208e-05,0.002994288457557559,0.051780618843622506,91.21271332819015,141.634243967128,0.14922200003638864,233.06147141801193,0.1373028317606636,12.01043968,2026-01-24T03:31:35.792747
26969,0.3154816743440817,7.222597115408291e-05,1.0244293215181243e-05,0.013896561344154179,0.04043633199762553,92.95931043091696,142.12023295112886,0.21617315209005028,235.35686925798655,0.13596373923942362,12.012133376,2026-01-24T03:35:31.150209
26970,0.31564189865812137,0.007077073185701721,1.023963945472219e-05,0.0028502930654212832,0.040043429005891085,92.89076253317762,143.12706196773797,0.21256750205066055,236.28025207691826,0.13543239318020864,11.9932672,2026-01-24T03:39:27.431109
26971,0.31580212297216104,3.268988513838167e-05,1.0234985899018122e-05,0.004072203650139272,0.049044201034121215,92.34293886180967,142.27200438943692,0.20457673398777843,234.88364375103265,0.13623766852799138,12.006695424,2026-01-24T03:43:22.315529
26972,0.3159623472862007,0.018449532925052026,1.0230332549322174e-05,0.003475734032690525,0.05293293297290802,93.73795441386756,146.0902826602105,0.1658763790037483,240.06076641904656,0.13329958275706438,12.019250688,2026-01-24T03:47:22.377127
26973,0.3161225716002403,0.014984723482514894,1.022567940688743e-05,0.013521929970011115,0.04615803074557334,91.34144870028831,138.14714521483984,0.19971642293967307,229.75675495504402,0.13927773312371758,11.993060352,2026-01-24T03:51:12.134773
26974,0.31628279591428,0.015427180958043962,1.0221026472966925e-05,0.002898224047385156,0.04401015292387456,93.11112762684934,146.00609920104034,0.16403920901939273,239.33726967603434,0.13370253635514032,12.009897984,2026-01-24T03:55:11.472842
26975,0.31644302022831966,0.006827548375476056,1.0216373748813631e-05,0.0031985427485778928,0.04295103903859854,91.41868602402974,139.89021990506444,0.16066264605615288,231.5220191179542,0.13821579529201009,12.00588544,2026-01-24T03:59:02.995549
26976,0.31660324454235933,0.00469394891053998,1.0211721235680463e-05,0.0038107719738036394,0.05008095898665488,93.55033555778209,146.18539478909224,0.18126125202979892,239.97745046706405,0.13334586202878204,12.016832512,2026-01-24T04:03:02.973716
26977,0.31676346885639894,0.004448490449124876,1.020706893482028e-05,0.0032237271079793572,0.0450061927549541,91.20498463907279,142.15899166592862,0.16938923206180334,233.59150578000117,0.13699128268019267,12.010334208,2026-01-24T04:06:56.565944
26978,0.3169236931704386,0.0015811925707289731,1.0202416847485886e-05,0.003199024242348969,0.04533208312932402,91.60126948182005,140.55938526487444,0.1905952050583437,232.40630565106403,0.1376898957640373,12.011021312,2026-01-24T04:10:48.973065
26979,0.3170839174844783,0.00021237278873265097,1.0197764974930024e-05,0.0031951041892170906,0.0428070459747687,92.43571526801679,143.29603237181436,0.2790290169650689,236.06533262401354,0.1355556940288522,12.0074624,2026-01-24T04:14:45.039000
26980,0.3172441417985179,0.006911016288988492,1.0193113318405385e-05,0.003055038978345692,0.048730835784226656,91.35770947148558,142.12197496264707,0.19941959506832063,233.7394504880067,0.13690457444470605,12.04108288,2026-01-24T04:18:38.779095
26981,0.31740436611255757,0.03198542512738811,1.0188461879164599e-05,0.0028617391362786293,0.04288706392981112,91.47577476175502,141.2052852845518,0.18037895602174103,232.91371664195322,0.1373899333253611,11.993029632,2026-01-24T04:22:31.693426
26982,0.31756459042659724,3.0494599219110796e-06,1.0183810658460235e-05,0.0028961091302335262,0.03966395789757371,90.9657021969324,138.2282911929069,0.16241811402142048,229.40801339398604,0.13948946040103272,12.008664576,2026-01-24T04:26:21.102035
26983,0.3177248147406369,0.00011897118278270113,1.0179159657544803e-05,0.0032512489706277847,0.05270099523477256,92.11655565607361,141.46272113069426,0.18366849201265723,233.82998467993457,0.13685156779102328,12.019546624,2026-01-24T04:30:14.932805
26984,0.3178850390546765,0.004262417879258962,1.0174508877670757e-05,0.003042450058273971,0.04144404293037951,90.47494998178445,138.16066917334683,0.22602655505761504,228.91659490892198,0.13978890439433497,12.011497984,2026-01-24T04:34:03.850276
26985,0.3180452633687162,0.005609117290569898,1.0169858320090489e-05,0.0031390651129186153,0.04382741777226329,91.01056766416878,140.00006868084893,0.20597459306009114,231.2712643040577,0.1383656551378941,11.993158656,2026-01-24T04:37:55.122203
26986,0.31820548768275586,0.013922679840876029,1.0165207986056334e-05,0.0031896736472845078,0.05067589262034744,92.55113642499782,142.50910013297107,0.15495450200978667,235.27559586195275,0.136010706434576,12.005947904,2026-01-24T04:41:50.398418
26987,0.31836571199679553,0.01814311038609162,1.016055787682057e-05,0.002963146078400314,0.05938789318315685,93.9601429621689,147.1738826757064,0.1565104320179671,241.35916055506095,0.1325824962533373,12.009987072,2026-01-24T04:45:51.758410
26988,0.31852593631083514,0.005785455978955412,1.0155907993635399e-05,0.002982892212457955,0.04636348644271493,91.56405598297715,139.2196942406008,0.17090346897020936,231.01221024710685,0.13852081656536924,12.01990912,2026-01-24T04:49:42.771297
26989,0.3186861606248748,0.013335153629993712,1.0151258337752979e-05,0.00429651013109833,0.05159248388372362,91.76149605482351,140.07027631427627,0.15238779701758176,232.04768768895883,0.13790268853225296,12.006134272,2026-01-24T04:53:34.819566
26990,0.3188463849389145,0.013189210973969523,1.0146608910425398e-05,0.0028714347863569856,0.05368289491161704,91.77303499926347,140.483732100809,0.17653749010059983,232.49972136190627,0.13763457354939873,12.005623296,2026-01-24T04:57:27.319867
26991,0.31900660925295415,0.00462056204271466,1.0141959712904687e-05,0.0029027826385572553,0.04975909471977502,91.88147665129509,142.05539474415127,0.1515536030055955,234.14827613905072,0.13666553744344698,12.006931968,2026-01-24T05:01:21.468816
26992,0.31916683356699377,0.004826170044969658,1.0137310746442814e-05,0.0030613249400630593,0.03689867374487221,93.44305646745488,144.38080685667228,0.211754405987449,238.08209787297528,0.1344074178020435,12.012656128,2026-01-24T05:05:19.551613
26993,0.31932705788103344,0.0025700546664904067,1.0132662012291683e-05,0.002908495138399303,0.039984639966860414,90.40484496799763,138.2173904001247,0.201417422038503,228.8739817030728,0.1398149311769079,12.008467968,2026-01-24T05:09:08.426203
26994,0.3194872821950731,0.0025857340682922114,1.0128013511703135e-05,0.0032164648873731494,0.038514293846674263,91.8774111251114,142.18958498176653,0.15551227296236902,234.2717104969779,0.13659353035889837,12.00873472,2026-01-24T05:13:02.698647
26995,0.3196475065091128,0.013353684579085368,1.0123365245928945e-05,0.0029422733932733536,0.050122333341278136,92.03546994400676,140.3132409300888,0.19348668097518384,232.60189515701495,0.13757411554363652,12.014267904,2026-01-24T05:16:55.301229
26996,0.3198077308231524,0.0458198353274053,1.0118717216220838e-05,0.0037615407491102815,0.048368597286753356,90.53799104783684,137.72749680909328,0.2241180669516325,228.54982439801097,0.1400132338070547,12.008167936,2026-01-24T05:20:43.851653
26997,0.31996795513719206,3.4551002422666954e-05,1.0114069423830462e-05,0.003068598103709519,0.0471227407688275,90.4121838575229,137.3567679587286,0.22944822697900236,228.0574441240169,0.1403155249893904,12.00831232,2026-01-24T05:24:31.909783
26998,0.32012817945123173,0.00618007520663344,1.0109421870009406e-05,0.0030422628624364734,0.04777972609736025,89.20018513710238,134.9460306899855,0.21822000900283456,224.4218497480033,0.14258861174137838,11.991983104,2026-01-24T05:28:16.332475
26999,0.3202884037652714,0.0033098316454260868,1.0104774556009195e-05,0.003692857106216252,0.04764100722968578,89.6354906000197,135.67647071916144,0.1883783999364823,225.56030279397964,0.14186893528524783,11.992855552,2026-01-24T05:32:01.893483
27000,0.320448628079311,0.021651110064784262,1.010012748308129e-05,0.002940651960670948,0.0392008270137012,91.30947358324192,139.66041652671993,0.1998804199974984,231.22000376193319,0.13839633024549022,11.99455744,2026-01-24T05:35:53.114164
27001,0.3206088523933507,0.0008883487097621767,1.0095480652477083e-05,0.13560012984089553,0.07502279139589518,94.94611341599375,141.7263640818419,0.28260532999411225,1619.8840298301075,0.01975450057579501,12.01294592,2026-01-24T06:02:53.006778
27002,0.32076907670739035,0.02108957398272615,1.0090834065447903e-05,0.003666269942186773,0.05375157808884978,91.9309596667299,139.44717167399358,0.19858486205339432,231.64292901696172,0.13814365124720404,11.991962624,2026-01-24T06:06:44.659091
27003,0.32092930102143,0.010110539404954544,1.0086187723245018e-05,0.013381673023104668,0.05075317097362131,92.27274629287422,142.53938242490403,0.18974379601422697,235.07458464393858,0.13612700857674417,12.010433536,2026-01-24T06:10:39.734294
27004,0.32108952533546964,8.582495861553241e-05,1.0081541627119627e-05,0.003821475198492408,0.0533745710272342,92.71914353442844,139.75320211052895,0.18144174804911017,232.72085029201116,0.13750379460992582,11.99313408,2026-01-24T06:14:32.465869
27005,0.3212497496495093,0.021485089709639027,1.0076895778322856e-05,0.013808106072247028,0.044269187725149095,92.20877924456727,141.79344662476797,0.22559271892532706,234.29574243095703,0.136579519832418,12.018233856,2026-01-24T06:18:26.762729
27006,0.321409973963549,0.003726052374482869,1.0072250178105775e-05,0.0033194213174283504,0.051341656828299165,91.83706539182458,140.36949999793433,0.2105236139614135,232.47927508910652,0.13764667834470312,12.00955136,2026-01-24T06:22:19.242707
27007,0.32157019827758865,0.013131576587274374,1.0067604827719382e-05,0.003236138029024005,0.050265380064956844,91.7559970440343,139.5215548321139,0.19160706899128854,231.53446447302122,0.13820836596760175,11.992170496,2026-01-24T06:26:10.777842
27008,0.32173042259162826,0.011058276106434839,1.0062959728414605e-05,0.0034056849544867873,0.04756167100276798,93.1817102979403,145.8652920658933,0.24893110303673893,239.35731927794404,0.1336913368537575,12.01025024,2026-01-24T06:30:10.135914
27009,0.32189064690566793,0.00584854970237636,1.0058314881442312e-05,0.003091891179792583,0.05126698291860521,92.34772141790017,141.34003315027803,0.18189850507769734,233.93229223496746,0.13679171735665463,12.00639232,2026-01-24T06:34:04.068887
27010,0.3220508712197076,1.8277435241742523e-05,1.0053670288053293e-05,0.0027069910429418087,0.044555320288054645,92.36625757266302,143.93810361914802,0.17403748095966876,236.5360580170527,0.1352859275167806,12.015436288,2026-01-24T06:38:00.605705
27011,0.32221109553374727,0.02359919394439558,1.0049025949498275e-05,0.003620323142968118,0.04643879027571529,93.27111555403098,143.64645288290922,0.18607236596290022,237.16128697805107,0.1349292728494999,12.023248896,2026-01-24T06:41:57.767806
27012,0.3223713198477869,0.015899634097374715,1.0044381867027925e-05,0.003744497080333531,0.04731358494609594,92.51562486728653,141.2873856627848,0.1613875429611653,234.02249188697897,0.13673899351287302,12.0241536,2026-01-24T06:45:51.791071
27013,0.32253154416182656,0.009678267865176338,1.0039738041892825e-05,0.0033798720687627792,0.03799248917493969,91.1860025220085,141.46710065577645,0.22063985001295805,232.92182171309832,0.13738515251446054,11.992896512,2026-01-24T06:49:44.713534
27014,0.3226917684758662,0.013263468049141913,1.0035094475343498e-05,0.003512540948577225,0.04655958979856223,94.11567119811662,144.1998626011191,0.30125859600957483,238.67411339702085,0.13407402899521748,11.993150464,2026-01-24T06:53:43.388238
27015,0.3228519927899059,0.007027086437819463,1.0030451168630396e-05,0.002705330145545304,0.04335126664955169,91.37063826282974,138.78193055884913,0.2981619299389422,230.5050058090128,0.13882561850528277,11.992471552,2026-01-24T06:57:33.893853
27016,0.3230122171039455,1.777723470475223e-05,1.0025808123003899e-05,0.0026992529164999723,0.04345455882139504,92.76196958892979,143.12921193731017,0.2318491789046675,236.1762050599791,0.13549205768579992,11.992155136,2026-01-24T07:01:30.070900
27017,0.3231724414179852,0.022811308072856917,1.0021165339714316e-05,0.022648349055089056,0.05022847175132483,93.34532594389748,139.57681480119936,0.25863664399366826,233.2632037580479,0.13718408855085426,12.00527104,2026-01-24T07:05:23.334682
27018,0.32333266573202485,7.251520598750005e-05,1.0016522820011883e-05,0.002905226079747081,0.04084357130341232,94.96908382314723,143.10810106561985,0.2356010270304978,238.3639275530586,0.13424850114066425,12.024831488,2026-01-24T07:09:21.699305
27019,0.32349289004606446,0.005876571961932697,1.0011880565146776e-05,0.003446510061621666,0.041602388955652714,92.74405636417214,142.2707474869676,0.1867308459477499,235.25589321297593,0.13602209731269332,12.009742848,2026-01-24T07:13:16.955793
27020,0.32365311436010413,0.001212179342486408,1.000723857636909e-05,0.002939608762972057,0.040163079276680946,93.3120710569201,144.0645270840032,0.17068360093981028,237.59670138300862,0.13468200447958084,12.005774848,2026-01-24T07:17:14.553183
27021,0.3238133386741438,0.015042507315383702,1.000259685492885e-05,0.013710405910387635,0.052139032748527825,92.72585899941623,144.86564162687864,0.17948690301273018,237.84558851097245,0.1345410701133259,12.009094656,2026-01-24T07:21:12.399279
27022,0.32397356298818347,0.014749602904126746,9.997955402076012e-06,0.0031004290794953704,0.0459592699771747,91.42568568524439,141.35923678497784,0.18180420191492885,233.02389030600898,0.13732497538332797,12.017998336,2026-01-24T07:25:05.424005
27023,0.3241337873022231,8.07612069397834e-06,9.993314219060453e-06,0.0034988028928637505,0.04223053704481572,90.30645247700159,138.73923167213798,0.1899004279403016,229.28917218907736,0.13956175816977537,12.004146688,2026-01-24T07:28:54.713875
27024,0.32429401161626276,0.0025426176496523567,9.988673307131986e-06,0.0034069971879944205,0.052043629228137434,91.87628444377333,140.69557518104557,0.2376364900264889,232.87234712101053,0.1374143404986227,12.010816512,2026-01-24T07:32:47.586994
27025,0.3244542359303024,0.07238954319461399,9.984032667540346e-06,0.012967513874173164,0.03949413821101189,91.57348548411392,140.93852946395054,0.28634371794760227,232.85725236602593,0.13742324825554297,11.992941568,2026-01-24T07:36:40.445064
27026,0.3246144602443421,0.010117746595013521,9.979392301535197e-06,0.003180593019351363,0.04666184086818248,92.9697919911705,144.20122988906223,0.2940258349990472,237.52602211211342,0.1347220810395917,12.011250688,2026-01-24T07:40:37.971908
27027,0.3247746845583817,0.001740873195404724,9.974752210366125e-06,0.003291216678917408,0.04638014791999012,92.08237584494054,141.17379332322162,0.20865635899826884,233.52405444497708,0.1370308513872597,12.012919296,2026-01-24T07:44:31.496578
27028,0.3249349088724214,0.0051101046093817715,9.970112395282647e-06,0.0033394540660083294,0.043995046871714294,91.81169009872247,141.94443232822232,0.23833066900260746,234.04964113992173,0.13672313208491296,11.992163328,2026-01-24T07:48:25.557390
27029,0.32509513318646105,0.01264967917547466,9.965472857534199e-06,0.01361113809980452,0.049816141836345196,92.02465045219287,145.83220844937023,0.17539781506638974,238.1042083380744,0.1343949366680849,11.99803648,2026-01-24T07:52:23.662292
27030,0.3252553575005007,0.019556797557559236,9.96083359837015e-06,0.002890912117436528,0.04436945263296366,93.32731131324545,143.2721245411085,0.2548275990411639,236.90984175994527,0.1350724805786025,12.009942016,2026-01-24T07:56:20.572747
27031,0.32541558181454033,0.0004889034970112505,9.956194619039794e-06,0.002842860296368599,0.044730368186719716,92.17425592266954,140.8151120719267,0.169518286944367,233.21293144591618,0.13721366050158776,12.008369664,2026-01-24T08:00:13.786421
27032,0.32557580612858,0.007490867427801362,9.95155592079234e-06,0.0039493169169873,0.05044248723424971,92.92671433393843,141.88301209977362,0.17713949491735548,235.0486600350123,0.1361420226570675,11.99246848,2026-01-24T08:04:08.835795
27033,0.3257360304426197,0.000497423406347508,9.94691750487693e-06,0.0030568798538297415,0.042812534025870264,92.30114554613829,142.76347803219687,0.1805855359416455,235.29969575896394,0.13599677592775183,11.99268864,2026-01-24T08:08:04.136332
27034,0.32589625475665934,0.002465825045039338,9.942279372542631e-06,0.0029897941276431084,0.041535614291206,91.72074498981237,141.37953008408658,0.2002355430740863,233.35153360990807,0.13713216067177922,12.021177856,2026-01-24T08:11:57.488640
27035,0.32605647907069896,0.005394091665856138,9.937641525038427e-06,0.0032389950938522816,0.047155808890238404,92.14371374424081,143.56960297597107,0.16627087304368615,235.9401066879509,0.13562764062967253,12.010342912,2026-01-24T08:15:53.429508
27036,0.3262167033847386,0.004617052471370897,9.933003963613232e-06,0.002987873158417642,0.037140106433071196,92.72854029980954,141.7305923787644,0.202477514045313,234.7081667620223,0.13633952512801042,12.011949056,2026-01-24T08:19:48.138270
27037,0.3263769276987783,0.009305437232924874,9.928366689515876e-06,0.012923741014674306,0.04836526280269027,91.99506743508391,141.94027850194834,0.24087648699060082,234.24545038107317,0.136608843193932,12.013728256,2026-01-24T08:23:42.384520
27038,0.32653715201281797,6.200874089223873e-05,9.923729703995117e-06,0.0029016450280323625,0.05054616695269942,91.01894785882905,139.51758777420036,0.22493614500854164,230.82124892994761,0.13863541657601783,12.006043648,2026-01-24T08:27:33.206614
27039,0.3266973763268576,0.000329968335448072,9.91909300829963e-06,0.0030758550856262445,0.043969699647277594,91.53086463513318,140.23287959292065,0.2180023139808327,232.03615069494117,0.13790954514699963,12.002840064,2026-01-24T08:31:25.243374
27040,0.32685760064089725,0.02171777736121605,9.914456603678021e-06,0.0032115381909534335,0.046257401001639664,91.98722050176002,140.27222965518013,0.17949628492351621,232.49668431503233,0.1376363714359044,12.009747456,2026-01-24T08:35:17.740552
27041,0.3270178249549369,0.014539065312774824,9.909820491378808e-06,0.0028545549139380455,0.05200172704644501,91.74970022391062,140.7323238280369,0.205506113008596,232.7486773049459,0.13748735490373507,12.004806656,2026-01-24T08:39:10.489810
27042,0.3271780492689766,0.011532097169252964,9.90518467265044e-06,0.0029867469565942883,0.04280780127737671,91.49246922996826,139.76300163485575,0.18227300501894206,231.49030430498533,0.13823473123885324,12.014463488,2026-01-24T08:43:01.980695
27043,0.3273382735830162,0.0012021473600283272,9.900549148741274e-06,0.002676954958587885,0.044739419827237725,90.97996550786775,138.77279644133523,0.2291382469702512,230.03654058696702,0.13910833434700415,12.005315072,2026-01-24T08:46:52.017946
27044,0.3274984978970559,0.0018268630377269446,9.8959139208996e-06,0.003113806014880538,0.04834209801629186,90.3024940356845,136.79425404127687,0.21454829000867903,227.36991910100915,0.1407398134569595,12.01224704,2026-01-24T08:50:39.388585
27045,0.32765872221109554,0.011467818408831931,9.89127899037362e-06,0.003147134091705084,0.04663369816262275,90.52822302584536,137.34515616879798,0.16544218210037798,228.09625206398778,0.14029165192518397,12.008896,2026-01-24T08:54:27.485581
27046,0.3278189465251352,0.02005656845337711,9.886644358411463e-06,0.0032784449867904186,0.041041980031877756,90.46551222924609,137.74910181667656,0.24524040706455708,228.51146748906467,0.14003673579984055,11.993003008,2026-01-24T08:58:15.997633
27047,0.3279791708391748,0.016535366958647657,9.882010026261168e-06,0.0029087949078530073,0.04734494804870337,89.36303629493341,135.54216416215058,0.16602579702157527,225.12838121701498,0.14214111888964034,11.995351552,2026-01-24T09:02:01.126797
27048,0.3281393951532145,0.011094128497436628,9.877375995170708e-06,0.0029262210009619594,0.04402883967850357,89.55418019439094,135.57314724184107,0.1499711669748649,225.33147252898198,0.14201300706400072,11.991895552,2026-01-24T09:05:46.458872
27049,0.32829961946725417,0.01710031337041773,9.872742266387955e-06,0.002922013052739203,0.04425665189046413,90.00394923216663,136.36841248103883,0.18852851900737733,226.61535956698935,0.14120843380230164,11.992771584,2026-01-24T09:09:33.075002
27050,0.32845984378129384,0.010834874326464572,9.868108841160718e-06,0.0027943651657551527,0.04764761065598577,91.18668759788852,138.80083937523887,0.1489130260888487,230.19607122906018,0.13901192939195692,12.02161152,2026-01-24T09:13:23.271677
27051,0.32862006809533345,0.002960978888161492,9.863475720736716e-06,0.0032057579373940825,0.047783269779756665,91.42340043222066,139.91655480489135,0.21292218600865453,231.61179920402355,0.13816221846198626,12.015360512,2026-01-24T09:17:14.884091
27052,0.3287802924093731,0.007746085937178293,9.858842906363583e-06,0.002720157732255757,0.03557216585613787,92.68730121303815,142.26442076312378,0.2043378499802202,235.20069086400326,0.13605402213084017,12.009088,2026-01-24T09:21:10.085588
27053,0.3289405167234128,0.017070657015583635,9.85421039928888e-06,0.013112585060298443,0.0453222612850368,91.60148863669019,139.96170123724733,0.2221299719531089,231.85042797192,0.13802001695625768,12.007030272,2026-01-24T09:25:01.936782
27054,0.32910074103745246,0.021489185772157526,9.849578200760074e-06,0.0030993077671155334,0.03927100810687989,90.51186157402117,137.77483990392648,0.19133373303338885,228.53094384493306,0.14002480128779943,12.010950144,2026-01-24T09:28:50.468575
27055,0.3292609653514921,0.022264534621511345,9.844946312024556e-06,0.0028015150455757976,0.04641835135407746,90.15237962186802,136.8893089047633,0.20511719095520675,227.30331438605208,0.14078105322147297,12.007579136,2026-01-24T09:32:37.772487
27056,0.32942118966553174,0.0010208954308525975,9.84031473432963e-06,0.0031763307051733136,0.04089805961120874,90.21945189102553,136.62512503715698,0.21779486793093383,227.11373340699356,0.14089856883579643,12.012370944,2026-01-24T09:36:24.887102
27057,0.3295814139795714,0.03984021770477053,9.835683468922523e-06,0.00349412823561579,0.048503194004297256,89.20500677695964,134.44799497991335,0.23172786110080779,223.9443205089774,0.14289266156547692,12.007148032,2026-01-24T09:40:08.832022
27058,0.32974163829361103,0.0215197874260733,9.831052517050372e-06,0.0034080479526892304,0.03714380273595452,89.48364654614124,135.3209175199736,0.17131808993872255,225.02385767595842,0.14220714341357096,12.010454016,2026-01-24T09:43:53.856485
27059,0.3299018626076507,0.02453948497944136,9.82642187996023e-06,0.002808413002640009,0.04383723111823201,91.16489706421271,139.33225760958157,0.18257798196282238,230.73481773596723,0.13868734816007702,11.992483328,2026-01-24T09:47:44.591939
27060,0.33006208692169037,0.012572961007291106,9.821791558899068e-06,0.0032303021289408207,0.05226411484181881,92.57344295515213,137.75430397479795,0.20836190902628005,230.59915814199485,0.13876893678985386,11.993232384,2026-01-24T09:51:35.191714
27061,0.33022231123573004,0.014405169558299846,9.817161555113763e-06,0.0032767016673460603,0.04597363015636802,92.0177413939964,143.94393803190906,0.3543428289704025,236.37159080896527,0.13538005938227277,11.992148992,2026-01-24T09:55:31.564208
27062,0.33038253554976965,0.009996906421839924,9.81253186985112e-06,0.0029523668345063925,0.041989849880337715,91.58498180611059,140.15641690976918,0.19741736503783613,231.99129591707606,0.1379362095181287,12.006368768,2026-01-24T09:59:23.556279
27063,0.3305427598638093,0.003084062321099701,9.807902504357847e-06,0.0031007189536467195,0.04548995790537447,91.00952044490259,143.46098941017408,0.37324514403007925,234.8988898319658,0.1362288260403917,11.992589312,2026-01-24T10:03:18.455835
27064,0.330702984177849,0.03418563989951906,9.803273459880578e-06,0.003142925910651684,0.045356166199781,92.86734196916223,141.9877919940045,0.28743630298413336,235.19812063488644,0.13605550891997012,12.003071488,2026-01-24T10:07:13.654754
27065,0.33086320849188866,0.00379916000803604,9.798644737665847e-06,0.012838716036640108,0.04903399129398167,92.71635207079817,141.0301062319195,0.247148463036865,234.06323371699546,0.13671519226591144,12.011240448,2026-01-24T10:11:07.718585
27066,0.3310234328059283,0.0016109892929918601,9.79401633896011e-06,0.003041918738745153,0.03864802070893347,91.12453052320052,139.47527432290372,0.1678110370412469,230.81659032101743,0.13863821467726697,12.0074624,2026-01-24T10:14:58.536005
27067,0.33118365711996794,0.0012200075701205293,9.78938826500973e-06,0.0026215158868581057,0.04239428404252976,90.50208148383535,139.4362649859395,0.1775474309688434,230.16731442091987,0.13902929736356834,11.9923072,2026-01-24T10:18:48.703958
27068,0.3313438814340076,0.0018566980645164932,9.784760517060989e-06,0.0027805109275504947,0.04291258519515395,89.4398722400656,135.70016853010748,0.21329017402604222,225.40896255301777,0.1419641865059974,11.9928832,2026-01-24T10:22:34.113542
27069,0.3315041057480473,0.0035816125567738055,9.780133096360076e-06,0.0028607172425836325,0.04106545285321772,93.14259223430417,142.85639314784203,0.21360834199003875,236.2644533580169,0.13544144938091754,12.011537408,2026-01-24T10:26:30.378644
27070,0.3316643300620869,0.037573536623195736,9.775506004153095e-06,0.0024380290415138006,0.040101441321894526,93.51066702371463,144.29835227306467,0.27365807199385017,238.13151485298295,0.13437952561531422,12.013059072,2026-01-24T10:30:28.510779
27071,0.33182455437612657,4.663636187807185e-05,9.770879241686056e-06,0.002848571864888072,0.047979139955714345,88.91927093290724,134.6283769812435,0.2137648310745135,223.82121330103837,0.14297125606660066,11.992179712,2026-01-24T10:34:12.332668
27072,0.33198477869016624,4.4474255270543495e-05,9.766252810204894e-06,0.002939630765467882,0.04274882795289159,89.59641917026602,135.502757727867,0.18535063997842371,225.3364373090444,0.14200987812775542,12.007484928,2026-01-24T10:37:57.669737
27073,0.3321450030042059,0.014595347374359413,9.761626710955437e-06,0.003131709061563015,0.04217832977883518,90.43714760511648,138.311334257829,0.22518181800842285,229.02936172508635,0.13972007675771703,11.99309312,2026-01-24T10:41:46.699703
27074,0.3323052273182455,0.0022543786218136574,9.757000945183434e-06,0.0031657927902415395,0.0480244659120217,88.93601247109473,135.75966596300714,0.1786082029575482,224.9330269000493,0.14226456844071833,11.992991744,2026-01-24T10:45:31.633479
27075,0.3324654516322852,0.007941412040133322,9.752375514134545e-06,0.003546062856912613,0.04752006393391639,90.79834848630708,137.73081203061156,0.18680625699926168,228.77708790800534,0.13987414689388683,12.010034176,2026-01-24T10:49:20.411357
27076,0.33262567594632486,0.007631878441859641,9.747750419054336e-06,0.003274354385212064,0.04616895422805101,89.78614393086173,136.64218632807024,0.2078757539857179,226.69471621804405,0.14115900244106758,12.013545984,2026-01-24T10:53:07.106743
27077,0.33278590026036453,0.00048520169454491224,9.743125661188284e-06,0.003661061986349523,0.05348809191491455,91.55944980168715,139.48602936125826,0.1728611559374258,231.28456102800556,0.13835770039196527,12.027579392,2026-01-24T10:56:58.391975
27078,0.33294612457440415,0.005338181338784942,9.738501241781768e-06,0.0030391389736905694,0.05513489479199052,91.86309270234779,140.41994029388297,0.19918662507552654,232.5466359279817,0.13760680679083317,12.008636928,2026-01-24T11:00:50.939387
27079,0.3331063488884438,0.01394058220059069,9.733877162080092e-06,0.0031263710698112845,0.043964039999991655,90.3359392840648,137.18990179302637,0.2381237830268219,227.81859073403757,0.14046263694677044,12.01014272,2026-01-24T11:04:38.758575
27080,0.3332665732024835,0.004677000148911148,9.729253423328456e-06,0.004390069283545017,0.04606897372286767,91.38353631203063,139.35089796909597,0.17193412291817367,230.96331655490212,0.1385501406773976,12.026975744,2026-01-24T11:08:29.722682
27081,0.33342679751652315,0.005103629085068562,9.724630026771971e-06,0.013030320755206048,0.053988736821338534,90.89395704702474,138.17755373800173,0.1934666190063581,229.3383266699966,0.13953184565633456,12.028939264,2026-01-24T11:12:19.061594
27082,0.33358702183056277,0.025268099355794327,9.720006973655653e-06,0.0027389260940253735,0.05013572168536484,90.06974097713828,136.29922868777066,0.17896479310002178,226.6081029829802,0.14121295566559425,12.003926016,2026-01-24T11:16:05.670500
27083,0.33374724614460244,0.013190448785374898,9.715384265224432e-06,0.0031045738141983747,0.05442647996824235,91.0812058331212,138.8395226058783,0.16600802005268633,230.15340127202217,0.13903770191159878,11.992953856,2026-01-24T11:19:55.824598
27084,0.3339074704586421,0.004100958128094412,9.710761902723143e-06,0.0037500009639188647,0.04799061606172472,97.57774805603549,142.51194255112205,0.33139585400931537,240.47947881103028,0.13306748733078272,12.004714496,2026-01-24T11:23:56.304877
27085,0.3340676947726818,0.017266835619357046,9.706139887396522e-06,0.013209130149334669,0.04539369698613882,93.98592672683299,143.03689344588201,0.21416891901753843,237.3032351359725,0.13484856193243344,12.008163328,2026-01-24T11:27:53.608879
27086,0.3342279190867214,0.016115409978676887,9.701518220489227e-06,0.0030315450858324766,0.04692756792064756,92.26550808385946,138.96352126891725,0.20792084198910743,231.49754556000698,0.138230407249416,11.99300096,2026-01-24T11:31:45.107040
27087,0.33438814340076106,0.008579243752584453,9.696896903245799e-06,0.0029581199632957578,0.049201530520804226,92.91195327125024,141.37673111690674,0.23549625999294221,234.58362714294344,0.13641190730033692,12.01889024,2026-01-24T11:35:39.691360
27088,0.33454836771480073,0.008548905498080295,9.692275936910702e-06,0.002730986103415489,0.04783535981550813,91.78869523003232,140.5552986030234,0.21336371696088463,232.6179962529568,0.13756459309021862,12.013687296,2026-01-24T11:39:32.310035
27089,0.3347085920288404,4.723703091791265e-06,9.687655322728303e-06,0.0034555671736598015,0.04627474304288626,91.03025648882613,135.9922593521187,0.1745143609587103,227.25375298701692,0.140811755930949,12.01027584,2026-01-24T11:43:19.564665
27090,0.33486881634288,0.0076054188383500865,9.68303506194287e-06,0.0028153390157967806,0.04602379316929728,91.77211471600458,142.0704901558347,0.192530878004618,234.09365434607025,0.136697426033997,12.007489024,2026-01-24T11:47:13.659218
27091,0.3350290406569197,0.015564543104836126,9.678415155798578e-06,0.003162589739076793,0.04121568042319268,92.34000830387231,137.8350921390811,0.42051607405301183,230.65718479501083,0.13873402655303788,12.009643008,2026-01-24T11:51:04.317200
27092,0.33518926497095936,0.014875778310181609,9.673795605539505e-06,0.0029739979654550552,0.04866008402314037,91.24506855197251,140.2739633411402,0.27744622505269945,231.85540765407495,0.13801705262679728,12.022581248,2026-01-24T11:54:56.173335
27093,0.335349489284999,2.9978102404015772e-05,9.669176412409635e-06,0.0038986910367384553,0.04757961898576468,91.6081966519123,143.5855975279119,0.2860047050053254,235.54050368105527,0.13585773784083907,12.010300416,2026-01-24T11:58:51.714504
27094,0.33550971359903864,0.018121693241309522,9.664557577652853e-06,0.003336080932058394,0.045904736034572124,91.13688647584058,141.07311164191924,0.207763682003133,232.4763599470025,0.13764840436806144,11.992836096,2026-01-24T12:02:44.191467
27095,0.3356699379130783,0.01794236788671366,9.659939102512954e-06,0.0030792130855843425,0.046170104993507266,92.79088897514157,142.03598455281463,0.2454576710006222,235.12944739009254,0.13609524606635195,12.004155392,2026-01-24T12:06:39.321691
27096,0.335830162227118,0.02251328738477021,9.655320988233631e-06,0.003017038805410266,0.050676453043706715,92.19689843582455,139.33806949912105,0.20793535199481994,231.80530669598375,0.13804688277464025,12.008205824,2026-01-24T12:10:31.127749
27097,0.3359903865411576,0.01620116429561591,9.650703236058481e-06,0.012980749364942312,0.0539851380744949,92.18107298889663,139.12200891098473,0.17400660004932433,231.55100202199537,0.13819849502080872,12.010368,2026-01-24T12:14:22.679382
27098,0.33615061085519726,0.01189010377470101,9.646085847231002e-06,0.00323966343421489,0.04830563592258841,92.59607151802629,142.91707424318884,0.19870145991444588,235.76987488905434,0.13572556720852552,11.991975936,2026-01-24T12:18:18.450189
27099,0.33631083516923693,2.5754358835783364e-05,9.641468822994594e-06,0.0029094377532601357,0.05213438731152564,91.8570575240301,141.64396731811576,0.17389085795730352,233.73910487804096,0.1369047768737575,12.017115136,2026-01-24T12:22:12.189926
27100,0.3364710594832766,2.9284074711810604e-06,9.636852164592564e-06,0.003037390182726085,0.045912181958556175,91.9996097041294,143.53107689181343,0.19634164904709905,235.78891304391436,0.13571460840501937,12.010148864,2026-01-24T12:26:07.979617
27101,0.3366312837973162,0.01703947068532674,9.63223587326811e-06,0.013014573021791875,0.05253109324257821,92.0712545790011,143.88918520184234,0.18845880904700607,236.22198144102003,0.1354658012975383,12.009116672,2026-01-24T12:30:04.202271
27102,0.3367915081113559,0.03178992840796724,9.627619950264347e-06,0.003043488133698702,0.050161722116172314,93.23303714208305,143.97670707397629,0.18425155605655164,237.45349019404966,0.13476323289183595,12.02565888,2026-01-24T12:34:01.656523
27103,0.33695173242539556,0.020829450487792833,9.62300439682428e-06,0.0030653480207547545,0.05011099192779511,92.97145818697754,144.846482969122,0.17716898501385003,238.0545952139655,0.13442294601050706,12.013285888,2026-01-24T12:37:59.711755
27104,0.3371119567394352,0.0030531286600403718,9.618389214190811e-06,0.0032719458686187863,0.044631649856455624,91.56110722501762,140.5399144720286,0.20502214098814875,232.3614771020366,0.13771645971224344,11.992722432,2026-01-24T12:41:52.074052
27105,0.33727218105347484,0.03983825466882607,9.613774403606749e-06,0.002482484793290496,0.04810263495892286,94.52865405206103,142.98343502392527,0.1652883100323379,237.73680568800773,0.1346026329721742,12.007601664,2026-01-24T12:45:49.811704
27106,0.3374324053675145,0.012647658859464173,9.6091599663148e-06,0.002750427112914622,0.04679948231205344,93.69812894403003,145.41803496994544,0.20809976698365062,239.38393252296373,0.1336764738666422,12.010130432,2026-01-24T12:49:49.196404
27107,0.3375926296815542,0.02168476900106242,9.604545903557576e-06,0.0029596922686323524,0.04878130508586764,90.70058794389479,140.3748807500815,0.21182557998690754,231.3464602919994,0.1383206812830006,11.99342592,2026-01-24T12:53:40.543664
27108,0.33775285399559385,0.0013958362192800777,9.599932216577575e-06,0.002970909117721021,0.04598005476873368,92.89322024106514,141.56665793585125,0.19013146799989045,234.70626594894566,0.13634062929943583,11.993142272,2026-01-24T12:57:35.250800
27109,0.33791307830963346,0.015358096767702278,9.595318906617211e-06,0.0037895176792517304,0.0472984635271132,92.70392513344996,143.28572669101413,0.20981341996230185,236.256963830092,0.13544574297929823,12.006800896,2026-01-24T13:01:31.508517
27110,0.33807330262367313,0.015865802955877584,9.590705974918778e-06,0.003021705080755055,0.04900817200541496,91.91786421486177,144.05607278901152,0.21075258497148752,236.24457279697526,0.13545284711154096,12.004759552,2026-01-24T13:05:27.754057
27111,0.3382335269377128,0.013311039719965834,9.58609342272448e-06,0.003980834037065506,0.04499926301650703,90.63430932990741,137.06297977920622,0.17893624200951308,227.93271555798128,0.14039230797414806,12.015169024,2026-01-24T13:09:15.687405
27112,0.3383937512517525,0.028402337906616282,9.581481251276418e-06,0.0030305488035082817,0.053879749961197376,92.57816618308425,146.07342525420245,0.1640294500393793,238.878713477985,0.13395919432959066,12.007245312,2026-01-24T13:13:14.566732
27113,0.3385539755657921,0.008641800897188023,9.576869461816588e-06,0.012403427041135728,0.055738803232088685,92.97058248380199,143.91900491516571,0.1695843180641532,237.13362272805534,0.1349450138359231,12.003482624,2026-01-24T13:17:11.700944
27114,0.33871419987983176,0.015325558092358804,9.572258055586884e-06,0.0025117879267781973,0.05029260891024023,93.1105418172665,143.7931029299507,0.18122735002543777,237.1445329929702,0.13493880544549003,11.99222016,2026-01-24T13:21:08.846115
27115,0.3388744241938714,0.00589534960136362,9.567647033829091e-06,0.002659470890648663,0.048297690926119685,93.1915321330307,141.61472330405377,0.1865417918888852,235.05245839990675,0.13613982264995828,12.015470592,2026-01-24T13:25:03.899203
27116,0.3390346485079111,0.00019865620491810176,9.5630363977849e-06,0.003318015718832612,0.05568100209347904,89.91166272526607,139.11347371595912,0.15403339394833893,229.24580850300845,0.13958815739734695,11.99204864,2026-01-24T13:28:53.145621
27117,0.3391948728219507,0.013074212391604334,9.558426148695896e-06,0.013290669186972082,0.050529626896604896,92.5237272590166,141.71432515303604,0.19139946007635444,234.50035436300095,0.13646034815992117,12.008038912,2026-01-24T13:32:47.646572
27118,0.3393550971359904,4.006687525226482e-05,9.553816287803554e-06,0.003258701995946467,0.052884848904795945,91.52131515007932,142.04740414279513,0.18295016488991678,233.81669290689752,0.13685934738946096,11.992492032,2026-01-24T13:36:41.463956
27119,0.33951532145003005,0.004433432620213118,9.54920681634925e-06,0.0032413119915872812,0.04624222463462502,90.38871930527966,139.72126266278792,0.1627717800438404,230.32973187800962,0.13893126058492647,11.992848384,2026-01-24T13:40:31.794310
27120,0.3396755457640697,0.004266431286178651,9.544597735574255e-06,0.0029264410259202123,0.04705551895312965,92.14015600993298,140.3713604841614,0.19375585101079196,232.76182764198165,0.13747958728533535,12.01025536,2026-01-24T13:44:24.556730
27121,0.33983577007810933,0.028384670778608623,9.539989046719729e-06,0.0036704489029943943,0.04642931604757905,91.98623903410044,140.47502239921596,0.23682274401653558,232.75588945893105,0.1374830947323732,12.006490624,2026-01-24T13:48:17.313167
27122,0.339995994392149,0.012037315940204962,9.535380751026734e-06,0.002629988011904061,0.04822792485356331,92.43093294010032,141.02247247309424,0.1576910630101338,233.6696412760066,0.13694547492458445,11.993003008,2026-01-24T13:52:10.983403
27123,0.3401562187061887,0.024220095107252426,9.53077284973622e-06,0.0027564660413190722,0.048161468002945185,91.71070576587226,141.57600570330396,0.1787844829959795,233.522414547042,0.13703181367865547,12.013044224,2026-01-24T13:56:04.506646
27124,0.34031644302022834,0.0036931788129344056,9.526165344089037e-06,0.003050913685001433,0.048448723973706365,92.15476087119896,143.66748563211877,0.15880432596895844,236.03949823894072,0.13557053052030588,11.992229888,2026-01-24T14:00:00.546906
27125,0.34047666733426796,0.0030110597983998844,9.521558235325925e-06,0.002722850418649614,0.04966817155946046,93.30452842777595,144.16838246851694,0.16926894895732403,237.70164895395283,0.13462254107542598,12.015317504,2026-01-24T14:03:58.249300
27126,0.3406368916483076,0.016838232989240254,9.516951524687512e-06,0.0027232790598645806,0.04938713519368321,91.61776776087936,139.47212040203158,0.15301374602131546,231.30286913295276,0.13834674909115122,11.992059392,2026-01-24T14:07:49.553012
27127,0.3407971159623473,0.005445594845705948,9.512345213414329e-06,0.0026796289021149278,0.051850696792826056,92.37785334908403,141.54308053397108,0.18175551597960293,234.16606022289488,0.1366551581793718,12.010013696,2026-01-24T14:11:43.719672
27128,0.34095734027638697,0.018298595992575883,9.507739302746791e-06,0.002787982113659382,0.043966010911390185,93.346827012836,144.05213881703094,0.17890704108867794,237.6326355310157,0.13466163824044014,12.018976256,2026-01-24T14:15:41.353084
27129,0.3411175645904266,0.0128678511207867,9.50313379392521e-06,0.013206197996623814,0.050419640727341175,92.70909554499667,141.51047496614046,0.15143978607375175,234.44246400299016,0.13649404401240153,12.02917888,2026-01-24T14:19:35.796259
27130,0.34127778890446625,0.021672230123209957,9.498528688189788e-06,0.003455605241470039,0.04840041231364012,91.5035293546971,138.74622332910076,0.17599299689754844,230.48641116498038,0.13883681835409659,12.00749312,2026-01-24T14:23:26.283280
27131,0.3414380132185059,0.036302360156344804,9.493923986780624e-06,0.003246863721869886,0.046674884273670614,90.9909042075742,141.03365505300462,0.1792530280072242,232.260141942068,0.1377765454392156,12.007541248,2026-01-24T14:27:18.544006
27132,0.3415982375325456,0.011537917390530339,9.489319690937693e-06,0.0030057126423344016,0.05588549026288092,92.70812917593867,143.15489440900274,0.17783804307691753,236.1077520569088,0.13553133991249502,12.006497792,2026-01-24T14:31:14.652340
27133,0.3417584618465852,0.03263152598580987,9.484715801900875e-06,0.0031894752755761147,0.055286476970650256,93.55019758583512,144.12179928121623,0.17736562399659306,237.91695261804853,0.1345007140007074,12.007107072,2026-01-24T14:35:12.569879
27134,0.3419186861606249,0.0042638169700977,9.480112320909939e-06,0.0028812959790229797,0.047629995038732886,90.9412117289612,138.97018398018554,0.17158700106665492,230.14205672999378,0.13904455558743395,11.992769536,2026-01-24T14:39:02.712608
27135,0.34207891047466454,0.008682606779979452,9.475509249204536e-06,0.003546911757439375,0.046360528795048594,90.27710827707779,137.8177999309264,0.15859307802747935,228.31076814199332,0.14015983678920585,11.992311296,2026-01-24T14:42:51.024005
27136,0.3422391347887042,0.0001579841901238055,9.470906588024218e-06,0.003030576044693589,0.047840356011874974,91.78203459689394,141.36745724198408,0.21398374799173325,233.4217238529818,0.1370909248367768,12.011015168,2026-01-24T14:46:44.446382
27137,0.3423993591027438,2.1321637906801527e-05,9.466304338608416e-06,0.0025295671075582504,0.05216095503419638,92.25787632376887,142.48545140773058,0.19540784193668514,235.00373907899484,0.13616804619965397,12.005807616,2026-01-24T14:50:39.450975
27138,0.3425595834167835,0.009078458072648843,9.461702502196454e-06,0.0034808117197826505,0.04924345144536346,91.72579561802559,140.91966681089252,0.20631286897696555,232.91141238994896,0.13739129255901128,12.024576512,2026-01-24T14:54:32.363105
27139,0.34271980773082317,0.022896575343368752,9.457101080027547e-06,0.0034655393101274967,0.05006052507087588,92.70594829379115,139.29020625713747,0.16054569103289396,232.21695970604196,0.13780216587327668,12.004564992,2026-01-24T14:58:24.580687
27140,0.3428800320448628,0.007977999906316313,9.452500073340796e-06,0.0029489679727703333,0.05017102335114032,96.05211540858727,141.81237336201593,0.1712972109671682,238.10037449502852,0.13439710066759325,12.0076672,2026-01-24T15:02:22.681954
27141,0.34304025635890245,0.003721352970512015,9.447899483375195e-06,0.003482119645923376,0.052325456868857145,93.31808812811505,144.24219254089985,0.17420017707627267,237.801339287078,0.134566105035132,12.010933248,2026-01-24T15:06:20.484108
27142,0.3432004806729421,0.046528948889076105,9.443299311369619e-06,0.00286232924554497,0.04647200845647603,93.09680244000629,142.8575252809096,0.1989207009319216,236.21092627604958,0.13547214138012809,11.99392256,2026-01-24T15:10:16.695761
27143,0.3433607049869818,2.563924666798556e-05,9.43869955856283e-06,0.003235675860196352,0.04778901790268719,91.63925239513628,139.6805633212207,0.3265943250153214,231.7049740429502,0.13810665969591265,12.011428864,2026-01-24T15:14:08.401341
27144,0.3435209293010214,0.008243641125385892,9.434100226193484e-06,0.003667632001452148,0.051918102195486426,94.65003416186664,146.17173910303973,0.16373984795063734,241.0479866330279,0.1327536497897279,11.991985664,2026-01-24T15:18:09.449954
27145,0.3436811536150611,0.007865247465758785,9.42950131550012e-06,0.01388390501961112,0.0393236760282889,91.04341353196651,140.0870851590298,0.16656417900230736,231.36030684807338,0.13831240300443298,12.014509568,2026-01-24T15:22:00.811120
27146,0.34384137792910074,0.026689861066056864,9.424902827721159e-06,0.003057313966564834,0.05089091823901981,92.73167320492212,144.24008151516318,0.19765715603716671,237.23171809094492,0.13488921404570578,11.993306112,2026-01-24T15:25:58.043550
27147,0.3440016022431404,0.019889019002720332,9.420304764094921e-06,0.003116047941148281,0.0392774841748178,93.92774980282411,141.78074478404596,0.17732534802053124,235.93585476698354,0.13563008484490008,12.02539776,2026-01-24T15:29:53.980261
27148,0.34416182655718003,0.0030843236826472165,9.415707125859593e-06,0.004495625267736614,0.048191612120717764,92.59571150189731,140.3178460947238,0.1875164940720424,233.1611694949679,0.1372441220350399,11.993371648,2026-01-24T15:33:47.142022
27149,0.3443220508712197,0.029832435433366555,9.411109914253265e-06,0.004233727231621742,0.04701241012662649,92.04640052386094,143.04313741717488,0.17976092908065766,235.32853457692545,0.13598010992389734,12.012220416,2026-01-24T15:37:42.471170
27150,0.34448227518525937,0.058352729193858366,9.406513130513904e-06,0.0033673503203317523,0.04361160087864846,92.26053084526211,143.89337131683715,0.21194469602778554,236.41960801102687,0.13535256347480065,12.009980928,2026-01-24T15:41:38.891637
27151,0.34464249949929904,7.914010487386491e-05,9.40191677587936e-06,0.003021201933734119,0.042126531014218926,91.27951670705806,138.22814404277597,0.21785366104450077,229.78020317398477,0.1392635203467475,12.005019648,2026-01-24T15:45:28.672467
27152,0.34480272381333865,0.033498791572144526,9.397320851587373e-06,0.0028866539942100644,0.053993994486518204,94.49724505771883,148.45004238607362,0.17106058704666793,243.1817207969725,0.13158883774293278,12.021092352,2026-01-24T15:49:31.854892
27153,0.3449629481273783,0.00022950791594311681,9.392725358875565e-06,0.00321086379699409,0.059034427045844495,92.16673332208302,142.44663309992757,0.1693758990149945,234.85227760393173,0.1362558640115325,11.99277568,2026-01-24T15:53:26.707800
27154,0.345123172441418,0.025110270120889844,9.388130298981435e-06,0.003074658801779151,0.04899300495162606,93.57056281773839,144.96958909824025,0.22367609897628427,238.82545873394702,0.13398906536027297,12.044783616,2026-01-24T15:57:25.533932
27155,0.34528339675545766,0.005346840010650666,9.383535673142377e-06,0.002795182168483734,0.045669529936276376,93.6394442160381,146.11696748482063,0.2248641869518906,240.0359537190525,0.1333133620368141,12.017152,2026-01-24T16:01:25.570564
27156,0.3454436210694973,3.085585138684621e-05,9.378941482595661e-06,0.0028949432307854295,0.052269211038947105,92.50193514407147,143.2182422458427,0.2071079929592088,235.9904016579967,0.135598735267103,12.005716992,2026-01-24T16:05:21.561569
27157,0.34560384538353695,0.016612438240658278,9.374347728578444e-06,0.0030683520017191768,0.04946548107545823,92.81008826894686,143.25379647605587,0.22190500795841217,236.34700028598309,0.13539414488561127,12.009018368,2026-01-24T16:09:17.909167
27158,0.3457640696975766,0.01110768555415298,9.369754412327762e-06,0.003513506380841136,0.05204666196368635,91.66645142389461,143.05648615409154,0.25767844798974693,235.0435368240578,0.13614499012561085,12.012798976,2026-01-24T16:13:12.953316
27159,0.3459242940116163,0.01124110225447783,9.36516153508053e-06,0.003485828056000173,0.05169292981736362,95.07554005819838,145.15295594988856,0.18205590802244842,240.4739114640979,0.13307056805111064,12.005198336,2026-01-24T16:17:13.428070
27160,0.3460845183256559,0.010566052724502839,9.360569098073552e-06,0.0028300000121816993,0.04481916769873351,91.89387721114326,143.21867880201899,0.24179479700978845,235.40988713607658,0.1359331181425812,12.015857152,2026-01-24T16:21:08.838836
27161,0.34624474263969557,0.006571764480796105,9.355977102543508e-06,0.013167798169888556,0.053755784756504,92.99523226986639,142.48623506026343,0.23246454203035682,235.7888825800037,0.1357146259393393,12.00657152,2026-01-24T16:25:04.628479
27162,0.34640496695373524,0.0015531008187785744,9.351385549726963e-06,0.0030897591495886445,0.04423927830066532,90.66828921705019,139.7103862197837,0.15579095599241555,230.5899053600151,0.1387745051113104,11.991950336,2026-01-24T16:28:55.219191
27163,0.3465651912677749,0.02206640523962733,9.346794440860363e-06,0.003041151911020279,0.04429272026754916,92.38215502875391,142.01721640815958,0.28466480399947613,234.7393434010446,0.13632141734898282,11.992974336,2026-01-24T16:32:49.959136
27164,0.3467254155818145,0.04639222523174169,9.342203777180032e-06,0.0032503039110451937,0.051585146924480796,93.43560123827774,143.067159850616,0.29807615804020315,236.8627723910613,0.13509932218123277,12.01509632,2026-01-24T16:36:46.822524
27165,0.3468856398958542,0.007250581982363613,9.337613559922172e-06,0.0025613378966227174,0.04589390812907368,95.31840723159257,141.78502298356034,0.1954221329651773,237.35621138301212,0.1348184646761272,11.992285184,2026-01-24T16:40:44.179531
27166,0.34704586420989386,0.006371584864812263,9.333023790322868e-06,0.002633742173202336,0.04543315793853253,90.93459499394521,140.40202834573574,0.19482384389266372,231.585595968063,0.13817785111476877,12.001358336,2026-01-24T16:44:35.765981
27167,0.34720608852393353,0.02352523788962735,9.328434469618085e-06,0.002769261132925749,0.04473429615609348,91.01565842994023,140.82101258996408,0.2043734178878367,232.0951180079719,0.13787450711867572,12.011006464,2026-01-24T16:48:27.861774
27168,0.34736631283797315,0.010344769152357713,9.323845599043662e-06,0.00257769413292408,0.04600830271374434,91.9372441091109,140.93911016290076,0.19087006407789886,233.12306900590193,0.1372665525400657,12.005201408,2026-01-24T16:52:20.985429
27169,0.3475265371520128,0.006290508465562006,9.319257179835332e-06,0.013912822003476322,0.04604748997371644,91.62165718490724,141.17223380575888,0.1947966000298038,233.05633750697598,0.13730585635347572,12.008410624,2026-01-24T16:56:14.042486
27170,0.3476867614660525,0.04457627138557285,9.31466921322868e-06,0.0028635970083996654,0.05431613826658577,91.34748427569866,140.92884973227046,0.207010117941536,232.54768053803127,0.1376061886575844,12.010781696,2026-01-24T17:00:06.590867
27171,0.34784698578009215,0.008505964811282851,9.310081700459195e-06,0.0030909590423107147,0.04849538789130747,92.0090451881988,141.4840077989502,0.20167943800333887,233.7544027781114,0.13689581723248062,11.993156608,2026-01-24T17:04:00.345853
27172,0.34800721009413177,0.025520446301976918,9.305494642762232e-06,0.003915875102393329,0.05533544917125255,91.57759079686366,143.65274592023343,0.225288929999806,235.52359071501996,0.13586749379479154,12.004339712,2026-01-24T17:07:55.870268
27173,0.34816743440817144,0.019175991347957222,9.30090804137302e-06,0.0029922438552603126,0.04997944110073149,90.66504638385959,140.9834300071234,0.21063091000542045,231.92004511295818,0.13797858647541306,11.993035776,2026-01-24T17:11:47.790945
27174,0.3483276587222111,0.01148597656305661,9.296321897526674e-06,0.003284148988313973,0.04496334295254201,92.34983648918569,141.02550936676562,0.21176819200627506,233.645310271997,0.13695973594653948,12.00885248,2026-01-24T17:15:41.436818
27175,0.3484878830362508,0.003054857216696405,9.29173621245818e-06,0.003795261960476637,0.05279059801250696,93.22590461489744,142.47061240591574,0.18314323807135224,235.94584568799473,0.13562434170727256,12.006649344,2026-01-24T17:19:37.383265
27176,0.3486481073502904,0.04783009625674417,9.287150987402403e-06,0.0029211159562692046,0.04529446712695062,92.09757868305314,140.66385025379714,0.16630309401080012,232.98545086500235,0.13734763214266804,12.0084608,2026-01-24T17:23:30.369587
27177,0.34880833166433006,0.010251034955501837,9.282566223594079e-06,0.0032374553848057985,0.04397384892217815,91.91221293690614,141.95035884086974,0.18693915102630854,234.10698203300126,0.13668964386328755,12.01073152,2026-01-24T17:27:24.477256
27178,0.34896855597836973,0.003912904469694389,9.27798192226783e-06,0.0032653738744556904,0.03825804695952684,90.49650455382653,139.74027153814677,0.16827391600236297,230.45517320604995,0.13885563754035932,11.993039872,2026-01-24T17:31:14.933096
27179,0.34912878029240935,0.01865023050063286,9.273398084658144e-06,0.0034345779567956924,0.04968969593755901,91.6757026030682,143.14419448492117,0.1671233030501753,235.04913170903455,0.13614174946033217,12.010451968,2026-01-24T17:35:09.983033
27180,0.349289004606449,0.004957959556847413,9.268814711999389e-06,0.003309357911348343,0.04067654092796147,91.20348877599463,141.3125507502118,0.18595257599372417,232.75382501201238,0.13748431416045895,11.992383488,2026-01-24T17:39:02.737693
27181,0.3494492289204887,0.044534237377428454,9.264231805525804e-06,0.0034667347790673375,0.052224969607777894,91.76013815810438,137.63860145199578,0.24099857499822974,229.70194071601145,0.13931096925107272,12.011824128,2026-01-24T17:42:52.440644
27182,0.34960945323452836,1.0295013797012587e-05,9.259649366471506e-06,0.0028110549319535494,0.04896154603920877,90.58101701841224,139.0017532267375,0.21576753095723689,229.85803539294284,0.13921636433242773,11.992275968,2026-01-24T17:46:42.309768
27183,0.34976967754856797,0.00017266708091590033,9.255067396070484e-06,0.003444901667535305,0.04806592327076942,92.48367415962275,142.7417347250739,0.17499168193899095,235.46197241800837,0.13590304910548948,12.017221632,2026-01-24T17:50:37.772484
27184,0.34992990186260764,0.004181098840535746,9.250485895556601e-06,0.003193862154148519,0.049213391030207276,92.50280625210144,142.1275271968916,0.19109275692608207,234.88025041902438,0.1362396367634668,12.012806656,2026-01-24T17:54:32.653407
27185,0.3500901261766473,0.061928902530262064,9.2459048661636e-06,0.004024866153486073,0.06145871279295534,92.67324137291871,139.23525770113338,0.1906294859945774,232.17644544888753,0.13782621203512496,11.993558016,2026-01-24T17:58:24.830669
27186,0.350250350490687,0.014102273979158753,9.241324309125087e-06,0.003514088108204305,0.046844285796396434,91.8327506496571,145.4003914584173,0.1994030720088631,237.49071136093698,0.13474211187723711,12.011518976,2026-01-24T18:02:22.322178
27187,0.3504105748047266,0.027612410860890613,9.236744225674544e-06,0.003129524295218289,0.04591493681073189,92.49460457614623,145.11247123894282,0.17786399403121322,237.84364235389512,0.13454217099646576,12.011324416,2026-01-24T18:06:20.166589
27188,0.35057079911876626,0.015367775177016263,9.232164617045326e-06,0.0039212522096931934,0.05213812610600144,91.4011787789641,141.70735070388764,0.14758636499755085,233.31999360595364,0.13715069808395303,11.99219456,2026-01-24T18:10:13.487292
27189,0.35073102343280593,0.017487413092976745,9.227585484470664e-06,0.0032548450399190187,0.04284699191339314,91.81330112309661,142.2727835837286,0.2007724849972874,234.33963150100317,0.13655394008701005,12.015168,2026-01-24T18:14:07.827598
27190,0.3508912477468456,0.011354398096989904,9.223006829183655e-06,0.0026478098006919026,0.050388406845740974,91.20282542984933,140.53512749704532,0.17549228796269745,231.97649342904333,0.137945011268084,12.007531008,2026-01-24T18:17:59.804676
27191,0.3510514720608852,0.006375520141162383,9.218428652417275e-06,0.0031722105341032147,0.054178217775188386,93.81617158593144,145.35594369110186,0.20225051301531494,239.43994938093238,0.13364520032156463,12.010503168,2026-01-24T18:21:59.245340
27192,0.3512116963749249,2.165670449194579e-06,9.213850955404358e-06,0.0031605297699570656,0.047125495970249176,92.37876045098528,136.04111879691482,0.1746586449444294,228.65478699596133,0.13994896157833428,12.01519872,2026-01-24T18:25:47.900857
27193,0.35137192068896456,0.000222125658817518,9.209273739377619e-06,0.0027964662294834852,0.05031014827545732,92.66982420987915,143.1102637690492,0.16203355707693845,236.0031867410289,0.13559138942947516,12.007041536,2026-01-24T18:29:43.904866
27194,0.3515321450030042,0.011937204635460219,9.204697005569647e-06,0.002594232209958136,0.05609487998299301,91.49235433712602,141.22661805013195,0.1525046400493011,232.93720886507072,0.13737607725237258,12.016009728,2026-01-24T18:33:36.842662
27195,0.35169236931704384,0.009393830001889647,9.20012075521289e-06,0.002776903798803687,0.05442604701966047,94.32282203924842,140.2601382646244,0.16393347701523453,234.81264198594727,0.1362788635626999,12.018831872,2026-01-24T18:37:31.656018
27196,0.3518525936310835,0.006560083085951796,9.195544989539675e-06,0.002812072867527604,0.05332675843965262,95.25629053486045,145.32343832578044,0.17601110704708844,240.8203280218877,0.13287914796416847,12.033818112,2026-01-24T18:41:32.477046
27197,0.3520128179451232,0.00023346128534829091,9.190969709782194e-06,0.0029735079733654857,0.04919483757112175,92.29252810205799,138.77015054423828,0.1743015720276162,231.295669893967,0.1383510552301726,11.993304064,2026-01-24T18:45:23.773541
27198,0.35217304225916285,0.027213429589755478,9.186394917172506e-06,0.002687844797037542,0.05372732621617615,93.11182440910488,148.55077445087954,0.17948326701298356,241.90498230303638,0.13228334404420547,11.992239616,2026-01-24T18:49:25.679127
27199,0.35233326657320246,0.005560728435650475,9.181820612942542e-06,0.003193143173120916,0.05594215914607048,91.87703359907027,141.80404793086927,0.16346020507626235,233.91333982499782,0.1368028006608806,12.018257408,2026-01-24T18:53:19.593085
27200,0.35249349088724213,0.031040052760106462,9.177246798324104e-06,0.003535959986038506,0.04364031704608351,92.77904318075161,141.62672187911812,0.1563943570945412,234.6157431988977,0.13639323416106694,11.993191424,2026-01-24T18:57:14.209492
27201,0.3526537152012818,0.00017662282313057887,9.172673474548859e-06,0.0028496410232037306,0.045790183008648455,94.03698379325215,143.96552023105323,0.22729648009408265,238.2869700930314,0.13429185820570314,12.008982016,2026-01-24T19:01:12.497201
27202,0.3528139395153215,2.06116068923734e-06,9.168100642848345e-06,0.004326093941926956,0.04853942815680057,91.03954901383258,138.2089421520941,0.17478285706602037,229.4858859149972,0.13944212678880377,11.993327616,2026-01-24T19:05:01.983767
27203,0.3529741638293611,0.004517513386932848,9.163528304453956e-06,0.003339087823405862,0.0498213852988556,91.59047141799238,141.34879903984256,0.16680001199711114,233.16913255199324,0.1372394349533572,12.016131584,2026-01-24T19:08:55.153496
27204,0.35313438814340076,0.006143251657033666,9.158956460596968e-06,0.002816688152961433,0.04354533285368234,91.09197382698767,143.45041488006245,0.21497614204417914,234.8119716809597,0.13627925259057308,11.992551424,2026-01-24T19:12:49.966053
27205,0.3532946124574404,1.1298914476043365e-05,9.15438511250852e-06,0.0035256221890449524,0.048927102237939835,91.02831111499108,137.622875347035,0.29932512203231454,229.0105221410049,0.13973157085025623,12.007106048,2026-01-24T19:16:38.977196
27206,0.3534548367714801,0.003567838100926757,9.149814261419609e-06,0.003603032208047807,0.04975058732088655,92.14110464870464,142.98026746010873,0.1620867750607431,235.34805808402598,0.13596882957315537,12.021476352,2026-01-24T19:20:34.326086
27207,0.3536150610855197,5.8160969265586004e-05,9.14524390856111e-06,0.002773192711174488,0.047011371003463864,92.34394822991453,140.70752892806195,0.2053965990198776,233.31461636791937,0.13715385901729552,11.992957952,2026-01-24T19:24:27.641632
27208,0.3537752853995594,6.284121834454481e-06,9.140674055163757e-06,0.003244380932301283,0.04945189296267927,90.04547404008918,139.4662185772322,0.23958658089395612,229.81291002500802,0.13924370043666298,12.006318592,2026-01-24T19:28:17.455133
27209,0.35393550971359905,0.0013501459603331156,9.136104702458148e-06,0.0130835494492203,0.0482145631685853,92.54606031870935,138.94381952949334,0.25003232795279473,231.8091114659328,0.13804461695934153,12.007105024,2026-01-24T19:32:09.265114
27210,0.3540957340276387,0.004989613166639373,9.131535851674752e-06,0.0031941483030095696,0.04729522205889225,90.29438465996645,139.5072198350681,0.18843076995108277,230.05214214895386,0.13909890036703368,11.993054208,2026-01-24T19:35:59.317941
27211,0.35425595834167833,0.031067338886230367,9.126967504043898e-06,0.003184229484759271,0.0405114758759737,90.59036981477402,140.22743583121337,0.19759453204460442,231.06616061599925,0.13848847410062642,12.005917184,2026-01-24T19:39:50.384771
27212,0.354416182655718,0.006297664745853915,9.122399660795783e-06,0.0033701590728014708,0.04906643810681999,91.18201608280651,140.94450108287856,0.24116610805504024,232.42871935700532,0.1376766179692653,11.993428992,2026-01-24T19:43:42.814080
27213,0.3545764069697577,0.005982404339539116,9.117832323160464e-06,0.01277245080564171,0.04869978316128254,93.03607681405265,145.03869851795025,0.16480613604653627,238.31230127892923,0.1342775837767017,11.992827904,2026-01-24T19:47:41.127171
27214,0.35473663128379734,0.006575069404830991,9.113265492367866e-06,0.0033928368939086795,0.045671080937609076,91.86471082107164,142.06848890613765,0.18640212493482977,234.17989426490385,0.13664708535482412,12.011305984,2026-01-24T19:51:35.307867
27215,0.35489685559783696,7.59203507882944e-06,9.108699169647772e-06,0.003659389796666801,0.045844548963941634,91.36441462591756,139.0870558010647,0.17020278400741518,230.68154224404134,0.1387193777564862,11.99222272,2026-01-24T19:55:25.990267
27216,0.3550570799118766,0.016821965975189812,9.104133356229838e-06,0.002645020023919642,0.04436330578755587,92.70043571118731,139.83925885893404,0.1678301610518247,232.76676936401054,0.13747666854437046,11.99368704,2026-01-24T19:59:18.757901
27217,0.3552173042259163,0.013184308399626588,9.099568053343573e-06,0.0027970628580078483,0.044236165937036276,90.50208539993037,138.1695673391223,0.22311347094364464,228.94825236394536,0.13976957530617667,12.00577792,2026-01-24T20:03:07.706823
27218,0.3553775285399559,0.026227511934162173,9.095003262218353e-06,0.0028689480386674404,0.04755536082666367,92.8150348123163,141.1104846256785,0.16464873298536986,234.14851189299952,0.13666539984086365,11.992891392,2026-01-24T20:07:01.855945
27219,0.3555377528539956,0.005950891701723471,9.090438984083418e-06,0.0028269210597500205,0.045799546991474926,92.4527466148138,142.1904331309488,0.19467266404535621,234.89392140507698,0.13623170752390681,12.025248256,2026-01-24T20:10:56.750737
27220,0.35569797716803525,0.0031890011062989387,9.085875220167863e-06,0.002995668211951852,0.05025533400475979,91.7800532792462,143.0427367198281,0.19290250493213534,235.07870283606462,0.13612462385550783,12.019200512,2026-01-24T20:14:51.830286
27221,0.3558582014820749,0.0062398566557329005,9.081311971700653e-06,0.003134623635560274,0.05273887317162007,91.19595819280948,141.61975238425657,0.2173380539752543,233.09885669499636,0.13728081061277425,11.992986624,2026-01-24T20:18:44.929870
27222,0.35601842579611453,0.0014337872065182111,9.076749239910605e-06,0.003050565836019814,0.040615957230329514,91.85995824576821,142.26705214905087,0.1527538700029254,234.33152574300766,0.1365586636221305,12.016271872,2026-01-24T20:22:39.262000
27223,0.3561786501101542,0.016000515312946995,9.072187026026407e-06,0.003210426075384021,0.05061781103722751,91.0823170680087,141.0620979797095,0.170358472969383,232.37609792896546,0.1377077947568515,12.014637568,2026-01-24T20:26:31.638869
27224,0.3563388744241939,0.040018036411067825,9.067625331276604e-06,0.003167963004671037,0.044779045740142465,90.90339389024302,140.79777650500182,0.20128140493761748,231.96049283491448,0.137954526690777,11.992462336,2026-01-24T20:30:23.600096
27225,0.35649909873823354,1.7455177001579614e-06,9.063064156889593e-06,0.0032721179304644465,0.05617761518806219,90.504610098782,140.40305821818765,0.18850417202338576,231.1628437699983,0.13843055171894003,12.006030848,2026-01-24T20:34:14.763560
27226,0.35665932305227316,0.007713941059751761,9.058503504093643e-06,0.00279580382630229,0.051478056237101555,91.52971285127569,140.91926693974528,0.22344901598989964,232.73570771492086,0.1374950166185799,12.012608,2026-01-24T20:38:07.500092
27227,0.35681954736631283,0.0032542431679170036,9.053943374116874e-06,0.003253559465520084,0.050624547293409705,92.05136351310648,141.22589749586768,0.24026117811445147,233.57793996296823,0.13699923890532353,11.993801728,2026-01-24T20:42:01.078797
27228,0.3569797716803525,0.0026200450067621617,9.04938376818727e-06,0.0027827690355479717,0.049971437198109925,91.63171100837644,140.2049071334768,0.2697054320015013,232.16616094193887,0.13783231746681077,12.037785088,2026-01-24T20:45:53.245636
27229,0.35713999599439217,0.02541772751153548,9.04482468753267e-06,0.013381085125729442,0.049504284863360226,90.01137759443372,136.1081132988911,0.22844872996211052,226.41812360705808,0.14133144242258208,11.992121344,2026-01-24T20:49:39.664364
27230,0.3573002203084318,0.017771971005773324,9.040266133380781e-06,0.003286891966126859,0.03749791893642396,89.98248951800633,136.80969238269608,0.17019286495633423,227.0113456089748,0.1409621176164461,11.993039872,2026-01-24T20:53:26.676558
27231,0.35746044462247145,0.003693987358866835,9.03570810695915e-06,0.002875405130907893,0.053540005697868764,89.90201769326814,136.43434365000576,0.23013814294245094,226.63027315901127,0.14119914146486398,11.9930112,2026-01-24T20:57:13.307499
27232,0.3576206689365111,0.016952809147692705,9.0311506094952e-06,0.0029078529914841056,0.05013070534914732,90.73634590674192,138.0759548851056,0.19954742002300918,229.07335038192105,0.139693246493528,12.0119296,2026-01-24T21:01:02.381454
27233,0.3577808932505508,0.03401758648850084,9.026593642216203e-06,0.003537236014381051,0.04088543832767755,90.83116399555001,138.80496507510543,0.23855587909929454,229.92643220594618,0.13917495127892668,12.008503808,2026-01-24T21:04:52.308630
27234,0.3579411175645904,7.339148877250068e-05,9.022037206349288e-06,0.002946449094451964,0.04818025231361389,89.06794832961168,134.49427307816222,0.2546608520206064,223.8748237300897,0.142937019298696,12.003674112,2026-01-24T21:08:36.184101
27235,0.3581013418786301,0.00701424133440387,9.017481303121448e-06,0.002786259865388274,0.04621856287121773,89.87421644700225,136.0879795893561,0.206438350956887,226.22496779006906,0.14145211429401186,12.005746176,2026-01-24T21:12:22.409761
27236,0.35826156619266974,0.032783999683879905,9.01292593375952e-06,0.0030256500467658043,0.04551015514880419,91.31909353903029,139.16537233593408,0.19688692199997604,230.73710579203907,0.13868597289610307,12.006133248,2026-01-24T21:16:13.147667
27237,0.3584217905067094,0.018644733645940548,9.00837109949021e-06,0.003249937086366117,0.04924946231767535,89.66097270289902,135.71048427699134,0.17741350503638387,225.6075417919783,0.1418392299558214,12.014416384,2026-01-24T21:19:58.755890
27238,0.35858201482074903,0.025038623079875144,9.003816801540069e-06,0.0029647527262568474,0.05094376299530268,92.04565110593103,141.15175746392924,0.21814050304237753,233.47711992298719,0.13705839788736152,12.015083008,2026-01-24T21:23:52.233852
27239,0.3587422391347887,9.649704303082984e-05,8.999263041135514e-06,0.003697941778227687,0.05533169396221638,94.97333396517206,141.05053704581223,0.2066302540479228,236.29602450702805,0.13542335325683078,12.009174016,2026-01-24T21:27:48.530627
27240,0.35890246344882837,2.8069126892127372e-05,8.99470981950281e-06,0.003643528209067881,0.04756827396340668,93.72144300513901,142.06346929771826,0.20100608200300485,236.04654912091792,0.13556648093002868,12.00938752,2026-01-24T21:31:44.577853
27241,0.35906268776286804,0.004382608804506027,8.99015713786808e-06,0.0030467879259958863,0.05023696611169726,91.68856643908657,140.6080516699003,0.2090753329684958,232.56840235402342,0.13759392796313116,12.011882496,2026-01-24T21:35:37.146862
27242,0.35922291207690765,0.017452754235204537,8.985604997457298e-06,0.0037624199176207185,0.04703806876204908,91.86379268812016,140.37584965710994,0.2144477010006085,232.51166324992664,0.1376275045850204,12.008215552,2026-01-24T21:39:29.659120
27243,0.3593831363909473,0.0139369497588131,8.981053399496296e-06,0.004303129971958697,0.051341449026949704,93.21360832813662,141.95334190467838,0.19762869109399617,235.4278765899362,0.13592273125640508,12.014520832,2026-01-24T21:43:25.087594
27244,0.359543360704987,0.020142397523239985,8.97650234521076e-06,0.003433212172240019,0.0472269820747897,92.0956135620363,142.15786710288376,0.2298638669308275,234.54053399094846,0.13643697085312753,12.005280256,2026-01-24T21:47:19.628878
27245,0.35970358501902666,0.0043768170074702795,8.971951835826224e-06,0.0031817698618397117,0.0447963533224538,91.01908103306778,141.306935260538,0.19857257697731256,232.58061649801675,0.13758670211570648,11.993283584,2026-01-24T21:51:12.210220
27246,0.3598638093330663,0.0028858447073449867,8.967401872568088e-06,0.003134125145152211,0.05108938494231552,91.50237500399817,140.3492613307899,0.19504784198943526,232.10939650703222,0.13786602559638508,11.992902656,2026-01-24T21:55:04.320402
27247,0.36002403364710595,0.00019770349484460326,8.96285245666159e-06,0.002971741370856762,0.051439514849334955,92.65186800400261,139.5797388330102,0.2066523089306429,232.5008239300223,0.1376339208571205,12.020557824,2026-01-24T21:58:56.821851
27248,0.3601842579611456,0.004170734169884227,8.95830358933183e-06,0.01378726796247065,0.047354166163131595,90.9467016364215,140.1406343897106,0.19829593994654715,231.3568993549561,0.13831444011057756,12.019964416,2026-01-24T22:02:48.179516
27249,0.3603444822751853,0.05631174074733725,8.953755271803754e-06,0.004853112739510834,0.04344325792044401,91.70943337096833,139.41504806198645,0.3010722770122811,231.48249201197177,0.1382393965170594,12.004852736,2026-01-24T22:06:39.662673
27250,0.3605047065892249,0.0034049599873267056,8.949207505302168e-06,0.0033283382654190063,0.0517779435031116,91.25180377380457,140.7593132482143,0.20622654899489135,232.2800127529772,0.13776475909716362,12.009643008,2026-01-24T22:10:31.943383
27251,0.36066493090326457,0.004154810219023197,8.944660291051723e-06,0.003070160746574402,0.04954774316865951,90.7034499378642,141.44615748804063,0.2249428170034662,232.43383349699434,0.13767358873084973,12.013933056,2026-01-24T22:14:24.377817
27252,0.36082515521730424,0.011730558624241993,8.940113630276926e-06,0.0028065721271559596,0.041534969001077116,92.34340451005846,145.04513856268022,0.16116482799407095,237.6023036299739,0.1346788289133538,12.008761344,2026-01-24T22:18:21.980936
27253,0.3609853795313439,0.0023203091957473276,8.935567524202124e-06,0.004298349609598517,0.04965262778569013,91.83776038116775,142.12410981196444,0.24256140703801066,234.266602882999,0.1365965084488886,11.992927232,2026-01-24T22:22:16.248371
27254,0.3611456038453835,0.004921436679241609,8.931021974051532e-06,0.003119884757325053,0.04691450926475227,91.79226036090404,141.9928092226619,0.17375669709872454,234.0166394279804,0.1367424131814701,12.00973824,2026-01-24T22:26:10.265639
27255,0.3613058281594232,0.006944280766122191,8.9264769810492e-06,0.0031823343597352505,0.040318696992471814,92.32455175300129,141.56595056585502,0.1679875049740076,234.1089335909346,0.13668850440331567,12.00568064,2026-01-24T22:30:04.375331
27256,0.36146605247346286,0.012658305080190502,8.921932546419038e-06,0.002799870213493705,0.04400307370815426,92.3209160650149,144.0162134860875,0.2022890669759363,236.59374588506762,0.13525294119796785,12.021820416,2026-01-24T22:34:00.969770
27257,0.3616262767875025,0.024947568465676362,8.917388671384803e-06,0.002957724151201546,0.04565271991305053,92.7798440947663,144.15412350208499,0.19019321806263179,237.18036467093043,0.1349184197620977,12.016128512,2026-01-24T22:37:58.150829
27258,0.36178650110154215,0.02776767350453646,8.912845357170097e-06,0.003086493001319468,0.04584246501326561,91.38915732782334,140.49057591788005,0.20985590002965182,232.1452008440392,0.13784476217321578,12.01700864,2026-01-24T22:41:50.296617
27259,0.3619467254155818,0.008246477835918142,8.908302604998373e-06,0.003372766776010394,0.04986541415564716,90.98916443157941,140.72563713113777,0.17993946908973157,231.95609864708968,0.13795714010816545,12.01700864,2026-01-24T22:45:42.253499
27260,0.3621069497296215,2.906678143954622e-05,8.903760416092933e-06,0.01307156018447131,0.04731337621342391,92.35072594601661,141.252492493717,0.15989249607082456,233.83155071001966,0.13685065126084717,12.00395264,2026-01-24T22:49:36.085891
27261,0.3622671740436611,0.0015866562092936576,8.899218791676932e-06,0.0033407207811251283,0.0511171092512086,92.7356942758197,141.2493343121605,0.19334569794591516,234.23911343608052,0.1366125389162737,12.011252736,2026-01-24T22:53:30.325693
27262,0.36242739835770077,0.008797243566879942,8.89467773297337e-06,0.0029093780322000384,0.05383590573910624,92.1063824640587,145.62079987721518,0.20611821999773383,237.99651834194083,0.13445574844092506,12.010438656,2026-01-24T22:57:28.322797
27263,0.36258762267174044,0.0010764458070759986,8.890137241205093e-06,0.003425575909204781,0.05090743117034435,92.38649521884508,141.8634799279971,0.1584990790579468,234.46966435504146,0.13647820961412124,12.017625088,2026-01-24T23:01:22.793093
27264,0.3627478469857801,0.021093218958388782,8.885597317594789e-06,0.0036268747644498944,0.04944751679431647,94.10271383798681,144.8762884879252,0.2008173520443961,239.24122149101458,0.13375621391902087,11.992269824,2026-01-24T23:05:22.035110
27265,0.3629080712998197,0.005865208783712994,8.881057963365006e-06,0.0034833247773349285,0.05161127191968262,90.53731122682802,140.57969188224524,0.23764339508488774,231.41786237596534,0.13827800357092687,11.992122368,2026-01-24T23:09:13.453587
27266,0.3630682956138594,0.0038647932371489446,8.876519179738129e-06,0.0027760411612689495,0.04601514700334519,89.93564994086046,135.59312112920452,0.23558934300672263,225.82159000099637,0.1417047856223969,11.99206912,2026-01-24T23:12:59.275879
27267,0.36322851992789906,0.006969813351638265,8.87198096793639e-06,0.003347884980030358,0.04382720775902271,92.42583027796354,145.70879381138366,0.1575777200050652,238.34667411795817,0.13425821911894245,12.001345536,2026-01-24T23:16:57.623153
27268,0.36338874424193873,0.004302993314629688,8.867443329181876e-06,0.0027169560780748725,0.04613293276634067,92.60735646740068,143.5446177427657,0.16126784204971045,236.3685366869904,0.13538180863037538,11.991909376,2026-01-24T23:20:53.992424
27269,0.36354896855597835,1.2881485949911564e-05,8.862906264696501e-06,0.002839427092112601,0.054581581614911556,90.84721456409898,141.3055821469752,0.27758522506337613,232.49405160697643,0.13763792999786056,12.003670016,2026-01-24T23:24:46.487109
27270,0.363709192870018,0.06472962283849348,8.858369775702046e-06,0.0031483503989875317,0.048949697986245155,92.08807038783561,142.52329323021695,0.2756505119614303,234.94688356702682,0.13620099791990167,12.009069568,2026-01-24T23:28:41.434594
27271,0.3638694171840577,0.00043111867901934886,8.853833863420124e-06,0.002710849978029728,0.0486998368287459,92.41119278094266,140.73027805204038,0.20076759404037148,233.40350060595665,0.137101628368565,12.011512832,2026-01-24T23:32:34.849242
27272,0.36402964149809736,9.23310625999818e-06,8.849298529072196e-06,0.012673868332058191,0.044961803359910846,92.43600932264235,142.89664720499422,0.19725110090803355,235.59446830302477,0.1358266186404732,12.013502976,2026-01-24T23:36:30.444315
27273,0.36418986581213697,3.170609577196615e-05,8.84476377387957e-06,0.01260882371570915,0.041652544983662665,91.76292107184418,139.63390503602568,0.2546640539076179,231.71199036494363,0.1381024777768314,11.993168896,2026-01-24T23:40:22.156916
27274,0.36435009012617664,0.03857216189088586,8.840229599063391e-06,0.002925790147855878,0.04505816206801683,91.18222047120798,141.52701272862032,0.2137601210270077,232.98016687505879,0.13735074718682286,12.013047296,2026-01-24T23:44:15.137883
27275,0.3645103144402163,0.0017689499106836593,8.835696005844653e-06,0.0031133610755205154,0.045101019786670804,90.60160234326031,142.8620577750262,0.1963097370462492,233.71593024302274,0.13691835197851396,11.992536064,2026-01-24T23:48:08.854567
27276,0.364670538754256,0.009498224836425706,8.83116299544419e-06,0.01292744476813823,0.0531901711365208,91.5196505751228,139.0918459763052,0.16000859206542373,230.8462985410588,0.1386203729591463,12.009807872,2026-01-24T23:51:59.701701
27277,0.3648307630682956,0.024068506695647418,8.826630569082687e-06,0.0030254239682108164,0.04910977999679744,90.95773751020897,139.3799846249167,0.1800533039495349,230.57593396794982,0.13878291393779205,12.014354944,2026-01-24T23:55:50.278250
27278,0.36499098738233526,0.010066105747846166,8.822098727980663e-06,0.0028933407738804817,0.06045689689926803,90.56510251318105,139.36114038305823,0.16732882102951407,230.16419595608022,0.13903118105348677,11.991837696,2026-01-24T23:59:40.443036
27279,0.36515121169637493,0.0030893271440168846,8.817567473358486e-06,0.0027946369955316186,0.04824816936161369,89.67202127981,136.30005082010757,0.1624521310441196,226.19248140300624,0.1414724300361944,12.010298368,2026-01-25T00:03:26.636137
27280,0.3653114360104146,0.01092708614084259,8.813036806436358e-06,0.002773037296719849,0.04428359738085419,90.97103166265879,138.04834205890074,0.27136818191502243,229.34524812200107,0.1395276346993572,12.014350848,2026-01-25T00:07:15.981986
27281,0.3654716603244542,0.0018681335036143665,8.808506728434328e-06,0.0031949388794600964,0.047222268767654896,89.19553472020198,134.73610347206704,0.1961088040843606,224.18554852798115,0.14273890627702973,12.003657728,2026-01-25T00:11:00.168126
27282,0.3656318846384939,0.03057769381099984,8.803977240572288e-06,0.003484108834527433,0.05022892320994288,91.01973493176047,138.6854797421256,0.2033697389997542,229.9717124380404,0.13914754845608032,12.006524928,2026-01-25T00:14:50.140546
27283,0.36579210895253356,0.04374711719187552,8.799448344069964e-06,0.0035610393388196826,0.0510226417100057,92.30309428321198,141.36083900893573,0.19235783605836332,233.919177968055,0.13679938634347483,11.992005632,2026-01-25T00:18:44.060323
27284,0.3659523332665732,4.402407095760452e-05,8.794920040146933e-06,0.013331646332517266,0.05090974608901888,89.34809254819993,134.6492858628044,0.23289084597490728,224.30074165691622,0.1426656004951881,12.008748544,2026-01-25T00:22:28.361642
27285,0.36611255758061284,0.014176295521210136,8.790392330022608e-06,0.003391214064322412,0.0484810178168118,92.72305081889499,138.68809791910462,0.17736829596105963,231.6477777339751,0.13814075970436843,12.00832256,2026-01-25T00:26:20.010044
27286,0.3662727818946525,0.0006514736597926785,8.785865214916236e-06,0.002947727218270302,0.04998329293448478,93.2853078377666,142.46592433017213,0.27046512300148606,236.08111405104864,0.13554663247260232,12.010199552,2026-01-25T00:30:16.091808
27287,0.3664330062086922,0.00118822405058161,8.781338696046913e-06,0.003344664117321372,0.05252923478838056,92.03392202628311,140.20368011388928,0.16167334106285125,232.46426169399638,0.13765556807232202,11.992099328,2026-01-25T00:34:08.556608
27288,0.36659323052273185,0.009099905103144401,8.776812774633565e-06,0.0031545328674837947,0.04796666791662574,92.08919669280294,141.59637504711282,0.21506580896675587,233.960537154926,0.13677520315663305,11.992918528,2026-01-25T00:38:02.517911
27289,0.36675345483677146,0.006040869101560098,8.772287451894966e-06,0.0029270739760249853,0.04515368805732578,91.27797204814851,140.6710600357037,0.169652977026999,232.17506809299812,0.13782702967565125,11.992209408,2026-01-25T00:41:54.693647
27290,0.36691367915081113,0.0031891341019019137,8.767762729049728e-06,0.003705733804963529,0.050450503709726036,91.59232850011904,140.84491775697097,0.20710914104711264,232.70714507403318,0.13751189285494245,11.993043968,2026-01-25T00:45:47.401655
27291,0.3670739034648508,0.02252329710913159,8.763238607316292e-06,0.0030375842470675707,0.052011333871632814,90.31114223133773,139.54751017992385,0.27997490600682795,230.20158285310026,0.13900860108516425,11.992681472,2026-01-25T00:49:37.603917
27292,0.3672341277788905,0.000744584472058385,8.75871508791295e-06,0.0027203349163755774,0.04573102621361613,92.31219575705472,137.86812943499535,0.1840283808996901,230.42515758704394,0.13887372513963403,12.007413248,2026-01-25T00:53:28.029681
27293,0.3673943520929301,0.005634785398817677,8.754192172057823e-06,0.0029673411045223475,0.043299249024130404,91.60028093401343,141.83205285691656,0.1652851530816406,233.6519063609885,0.13695586951711194,11.992976384,2026-01-25T00:57:21.682214
27294,0.36755457640696976,0.013365824007649962,8.749669860968872e-06,0.0029995038639754057,0.04513840889558196,92.74256136105396,142.2492845559027,0.15332823805510998,235.20035144593567,0.1360542184706543,12.007060992,2026-01-25T01:01:16.883205
27295,0.3677148007210094,1.24844869722196e-05,8.745148155863895e-06,0.003051459789276123,0.044674017932266,91.37232358998153,140.05602267209906,0.182626461959444,231.6652466020314,0.13813034311085745,12.011209728,2026-01-25T01:05:08.549139
27296,0.36787502503504904,0.004195537754119627,8.74062705796053e-06,0.0026482950197532773,0.04787539772223681,91.05674676329363,142.34732492279727,0.19504203996621072,233.65923396893777,0.13695157454917456,12.01800192,2026-01-25T01:09:02.208998
27297,0.3680352493490887,0.00043077791274814814,8.736106568476244e-06,0.0029736398719251156,0.04378348879981786,91.71108555502724,142.27945642801933,0.26350505789741874,234.30730473611038,0.1365727800763196,12.008177152,2026-01-25T01:12:56.517098
27298,0.3681954736631284,0.005774524046081808,8.731586688628345e-06,0.003458987921476364,0.05496340710669756,90.70011532865465,141.51178351335693,0.2282017458928749,232.50512688001618,0.1376313736794008,11.99281664,2026-01-25T01:16:49.022991
27299,0.36835569797716805,0.033957769526948844,8.727067419633979e-06,0.004397343844175339,0.05252529098652303,92.59820062573999,142.87462813220918,0.2111575169255957,235.7503925160272,0.1357367835467104,11.992988672,2026-01-25T01:20:44.774261
27300,0.36851592229120766,0.0009820251492280718,8.722548762710126e-06,0.0026855479227378964,0.039660849957726896,88.90186019905377,137.4857874478912,0.18373363197315484,226.62114711501636,0.141204827560771,12.001970688,2026-01-25T01:24:31.396260
27301,0.36867614660524733,0.00014347393928026975,8.7180307190736e-06,0.0035789270186796784,0.05081275978591293,91.74759557493962,142.24423962109722,0.20024532196111977,234.2583655519411,0.13660131165264525,11.993191424,2026-01-25T01:28:25.655401
27302,0.368836370919287,8.515834744837747e-05,8.713513289941046e-06,0.0031247499864548445,0.04660047183278948,91.48936116311233,142.0782208100427,0.1775041810469702,233.80217510205694,0.13686784558797063,12.007439872,2026-01-25T01:32:19.458270
27303,0.3689965952333267,0.015395929677956666,8.70899647652895e-06,0.00406140903942287,0.0500800923909992,92.53063258889597,142.22292100603227,0.18887067295145243,235.00375644303858,0.13616803613841943,12.01198592,2026-01-25T01:36:14.462630
27304,0.3691568195473663,0.02368456124706242,8.70448028005363e-06,0.01334874308668077,0.048048663535155356,92.8857051070081,141.72468691156246,0.19483732897788286,234.8752916250378,0.13624251311664487,12.01641984,2026-01-25T01:40:09.338450
27305,0.36931704386140596,0.010447229801352265,8.699964701731238e-06,0.0033211379777640104,0.05440319888293743,92.14193659776356,141.74630331923254,0.18872676696628332,234.1410682500573,0.136669744608087,12.015277568,2026-01-25T01:44:03.480216
27306,0.36947726817544563,0.005563395159450479,8.69544974277776e-06,0.003628383157774806,0.04990443016868085,92.30020429496653,141.70553906273562,0.19625630497466773,234.26575046009384,0.13659700548267326,12.002407936,2026-01-25T01:47:57.746568
27307,0.3696374924894853,2.0818261834421037e-05,8.690935404409014e-06,0.003009463893249631,0.0488312408560887,92.26138159504626,143.23340086708777,0.22651653795037419,235.7826133579947,0.13571823445443618,12.018555392,2026-01-25T01:51:53.529860
27308,0.3697977168035249,0.005306203695019107,8.686421687840646e-06,0.003001861274242401,0.05016281211283058,94.0020267321961,145.06033262005076,0.19062167801894248,239.3137544420315,0.1337156741141316,12.021870592,2026-01-25T01:55:52.844316
27309,0.3699579411175646,0.0033249028638078215,8.681908594288147e-06,0.0032636007526889443,0.05008032883051783,91.2674120941665,140.09181137674022,0.2085442260140553,231.62833635997958,0.1381523543400492,11.99302144,2026-01-25T01:59:44.473163
27310,0.37011816543160425,0.032131180323326625,8.677396124966828e-06,0.0028216501232236624,0.046576865715906024,91.10609934607055,139.0492665009806,0.18409760505892336,230.39633663301356,0.13889109726154694,12.008600064,2026-01-25T02:03:34.870234
27311,0.3702783897456439,0.002226870952312776,8.67288428109184e-06,0.002896256046369672,0.05439267575275153,91.86840157711413,139.56419683177955,0.16294521803501993,231.66176621196792,0.13813241832370543,12.01126144,2026-01-25T02:07:26.532602
27312,0.37043861405968354,0.012467715385529488,8.668373063878164e-06,0.0031218432122841477,0.04978885187301785,91.36231662204955,140.4083901378326,0.1921098600141704,232.02322391595226,0.1379172285425688,11.992252928,2026-01-25T02:11:18.556439
27313,0.3705988383737232,0.013509475221116674,8.66386247454061e-06,0.0031143008964136243,0.046526553109288216,90.75246533902828,137.00894753809553,0.20616122998762876,228.02488104591612,0.14033556273868347,12.01085952,2026-01-25T02:15:06.582013
27314,0.3707590626877629,0.017287467161625436,8.659352514293814e-06,0.0034189221914857626,0.048068514093756676,89.5815662817331,135.96055243327282,0.264780287980102,225.86569894198328,0.14167711232779812,12.00962048,2026-01-25T02:18:52.448458
27315,0.37091928700180254,0.03978425967630983,8.654843184352254e-06,0.0039053737418726087,0.0514121032319963,90.13868508674204,136.9829583192477,0.1921936389990151,227.3765786800068,0.14073569136174957,12.010409984,2026-01-25T02:22:39.825798
27316,0.37107951131584216,0.009651597693903113,8.65033448593023e-06,0.0028485379880294204,0.04783888312522322,91.32459093781654,139.24752680619713,0.19817330897785723,230.82819770893548,0.13863124313932668,12.013126656,2026-01-25T02:26:30.654834
27317,0.37123973562988183,0.022940250001725282,8.645826420241877e-06,0.0029743806226179004,0.048794886912219226,90.78743495827075,138.3531638245331,0.20593313605058938,229.40471326501574,0.139491467043367,11.992211456,2026-01-25T02:30:20.060301
27318,0.3713999599439215,0.0006036013528571971,8.641318988501158e-06,0.0026836610632017255,0.0419969909125939,91.024416623055,135.5297035719268,0.21853964601177722,226.82602925098035,0.1410772833508996,11.992361984,2026-01-25T02:34:06.887070
27319,0.37156018425796117,0.004672534528383565,8.636812191921861e-06,0.003094477695412934,0.04725563118699938,90.78998977213632,140.49463772890158,0.19549570104572922,231.539779498009,0.138205193377042,12.005775872,2026-01-25T02:37:58.427563
27320,0.3717204085720008,0.010758082518226963,8.632306031717608e-06,0.012946142232976854,0.05025206762365997,92.66128055425361,141.75005496898666,0.269349351990968,234.7514927049633,0.13631436218477103,11.992894464,2026-01-25T02:41:53.179642
27321,0.37188063288604045,0.01245280059790943,8.627800509101844e-06,0.0029847838450223207,0.04904671828262508,92.35742992185988,140.72561744612176,0.1995528630213812,233.34602194908075,0.13713539974974517,11.992897024,2026-01-25T02:45:46.526289
27322,0.3720408572000801,0.009675367087600861,8.623295625287852e-06,0.002957718912512064,0.052106147981248796,93.46921849192586,143.39006156823598,0.1773171559907496,237.10004449693952,0.134964124818682,12.00783872,2026-01-25T02:49:43.627176
27323,0.3722010815141198,0.012132356107611209,8.618791381488738e-06,0.002819717861711979,0.04578818799927831,92.74739563977346,144.52420173911378,0.19198624708224088,237.5196817680262,0.1347256773072508,11.993303552,2026-01-25T02:53:41.147470
27324,0.3723613058281594,1.4314164531015194e-05,8.61428777891743e-06,0.0031091440469026566,0.04641293187160045,92.07038109272253,140.1663353224285,0.23181670089252293,232.52610001398716,0.13761895975580848,12.00585472,2026-01-25T02:57:33.674211
27325,0.3725215301421991,0.01964575369471877,8.609784818786689e-06,0.0032742818584665656,0.04730968619696796,91.4662957409164,141.2922963319579,0.2188938370672986,233.03451708098873,0.1373187131281446,12.019405312,2026-01-25T03:01:26.709348
27326,0.37268175445623875,0.015988694132721193,8.605282502309106e-06,0.0032463500974699855,0.05396897380705923,93.99891489592846,144.07837450201623,0.16005573992151767,238.30514282197692,0.13428161734598076,12.019517952,2026-01-25T03:05:25.015259
27327,0.3728419787702784,0.017151999422600817,8.600780830697091e-06,0.003286510123871267,0.05202250485308468,92.24682132119779,143.41894671414047,0.20898384193424135,235.94182138703763,0.13562665496045054,11.99523072,2026-01-25T03:09:20.957905
27328,0.37300220308431803,0.00016563969614225016,8.596279805162886e-06,0.003233963157981634,0.052147255977615714,90.96819276397582,141.68766609288286,0.2015378560172394,232.9206220129272,0.13738586014176102,12.011621376,2026-01-25T03:13:13.879294
27329,0.3731624273983577,0.0341323058400782,8.591779426918562e-06,0.0032157428795471787,0.05098235618788749,91.83379227481782,140.0105766232591,0.24636976094916463,232.1544835800305,0.1378392504272641,12.018066944,2026-01-25T03:17:06.034577
27330,0.37332265171239737,2.8322738573116624e-05,8.587279697176e-06,0.0032179171685129404,0.047702698851935565,91.51745222881436,141.65064971044194,0.2173927689436823,233.44345817097928,0.13707816124177905,12.011955712,2026-01-25T03:20:59.478680
27331,0.37348287602643704,0.0044025358204748954,8.582780617146925e-06,0.002940911101177335,0.04859100002795458,93.509114732733,143.9105766521534,0.1553766980068758,237.63418152998202,0.1346607621595995,11.993138688,2026-01-25T03:24:57.113526
27332,0.37364310034047665,0.0029223762609928983,8.578282188042878e-06,0.0038060203660279512,0.04783790884539485,92.84127956209704,144.86886847403366,0.19153483910486102,237.9616775829345,0.13447543455331099,12.006425088,2026-01-25T03:28:55.075787
27333,0.3738033246545163,0.013692803788192265,8.573784411075225e-06,0.004172928747721016,0.04863981297239661,91.22445244900882,140.29975616908632,0.29331127693876624,231.87776525504887,0.13800374505421983,11.992597504,2026-01-25T03:32:46.954356
27334,0.373963548968556,1.647258992321099e-06,8.569287287455163e-06,0.0027856508968397975,0.045845762942917645,90.83246949722525,138.63645862683188,0.18373272707685828,229.70852305402514,0.1393069772708169,12.0132736,2026-01-25T03:36:36.663472
27335,0.3741237732825956,0.014586929292534023,8.564790818393698e-06,0.0029024853138253093,0.044311098754405975,92.51389513013419,142.22023746580817,0.19057842798065394,234.9800720239291,0.13618176096542048,12.018014208,2026-01-25T03:40:31.644351
27336,0.3742839975966353,0.011015476051520423,8.560295005101677e-06,0.00301704416051507,0.04903157602529973,92.0435369318584,139.13191366521642,0.17409502202644944,231.4094317900017,0.13828304124198015,12.013390336,2026-01-25T03:44:23.054385
27337,0.37444422191067495,0.005673370498739061,8.555799848789759e-06,0.012443562387488782,0.05453692702576518,91.26873547118157,141.7092362876283,0.19006598193664104,233.2414201750653,0.13719690085912523,12.00594944,2026-01-25T03:48:16.296432
27338,0.3746044462247146,9.557702431273185e-06,8.551305350668433e-06,0.0031602588715031743,0.04912946198601276,91.61623541091103,141.47677343001124,0.18403454695362598,233.33656473795418,0.13714095789460695,12.020017664,2026-01-25T03:52:09.633598
27339,0.37476467053875423,0.0034317949221946975,8.546811511948005e-06,0.0027522400487214327,0.0512179663637653,93.88211101258639,144.93203845329117,0.16583792900200933,239.04134910495486,0.13386805303692415,11.992183808,2026-01-25T03:56:08.675767
27340,0.3749248948527939,0.011522512384255279,8.542318333838609e-06,0.0027921408182010055,0.046887199161574244,93.56006959313527,142.45774156495463,0.19554588198661804,236.27182712801732,0.1354372224101932,12.007574016,2026-01-25T04:00:04.948193
27341,0.37508511916683357,0.010007583712146939,8.537825817550193e-06,0.0030138108413666487,0.04030797292944044,91.6051219231449,142.16773827373981,0.17304623499512672,233.9961473470321,0.1367543883213677,11.992851456,2026-01-25T04:03:58.944998
27342,0.37524534348087324,0.01481056442218076,8.533333964292535e-06,0.002598998253233731,0.05048641818575561,92.00327004061546,140.87636383017525,0.18391890602651983,233.12346715596505,0.13726631810340764,11.993160704,2026-01-25T04:07:52.069058
27343,0.37540556779491285,0.005731106649441209,8.528842775275228e-06,0.0032114172354340553,0.04761917516589165,91.56031054002233,141.04505193501245,0.18107584095560014,232.84912329004146,0.13742804588591973,12.010793984,2026-01-25T04:11:44.918776
27344,0.3755657921089525,0.05425361717056276,8.524352251707697e-06,0.0027682201471179724,0.0480334929889068,93.20608009700663,144.38484412478283,0.17375451896805316,237.82253809599206,0.13455411020415514,12.00870656,2026-01-25T04:15:42.741894
27345,0.3757260164229922,0.028892556620840892,8.519862394799176e-06,0.0037404013564810157,0.04728534503374249,91.23239212285262,142.2875211610226,0.17107106605544686,233.75004803400952,0.13689836759025673,12.016922624,2026-01-25T04:19:36.492777
27346,0.37588624073703186,0.0015919452829731284,8.51537320575872e-06,0.0025378530845046043,0.04626155784353614,89.69461841729935,139.96438956295606,0.23185125703457743,229.95016037405003,0.13916059005110923,12.009709568,2026-01-25T04:23:26.443961
27347,0.3760464650510715,0.023314427272110194,8.510884685795213e-06,0.0027180920587852597,0.04612044803798199,92.37458400591277,142.4792566712713,0.16100811096839607,235.07138245296665,0.13612886292699877,12.012053504,2026-01-25T04:27:21.516027
27348,0.37620668936511115,0.0029159898117674388,8.506396836117352e-06,0.0029404660454019904,0.05002438277006149,91.30114606884308,141.32522603718098,0.16650572209618986,232.85347959410865,0.13742547483413095,12.00999936,2026-01-25T04:31:14.370124
27349,0.3763669136791508,0.0434683246741816,8.501909657933654e-06,0.0025135932955890894,0.04737992980517447,90.9693214794388,140.48972270055674,0.17783504305407405,231.69393849000335,0.13811323769862313,11.993183232,2026-01-25T04:35:06.064666
27350,0.3765271379931905,3.5694439031175307e-06,8.497423152452456e-06,0.0027958961436524987,0.05012425372842699,90.11490013031289,134.97503791062627,0.17344970989506692,225.326189095038,0.14201633697582774,11.992953856,2026-01-25T04:38:51.391594
27351,0.3766873623072301,0.007052841393811349,8.492937320881923e-06,0.0026896020863205194,0.04863766976632178,124.679388643126,137.67186743812636,0.35701173497363925,262.8023776760092,0.12176449955658536,12.008743424,2026-01-25T04:43:14.200781
27352,0.37684758662126977,0.0007706583264237565,8.488452164430017e-06,0.0032317801378667355,0.052932324819266796,93.15328977117315,142.83299102215096,0.1662891290616244,236.21809032699093,0.13546803276456593,11.993211904,2026-01-25T04:47:10.420509
27353,0.37700781093530944,0.00619075156861193,8.483967684304537e-06,0.002945249783806503,0.04700042912736535,94.70442683098372,140.38080462289508,0.23579906299710274,235.3772186030401,0.13595198460547486,12.005156864,2026-01-25T04:51:05.798355
27354,0.3771680352493491,0.027009050001290724,8.479483881713094e-06,0.00283657421823591,0.05071906396187842,92.6222811259795,139.13096454995684,0.19404651003424078,232.01076850597747,0.13792463257659335,11.992472576,2026-01-25T04:54:57.809938
27355,0.3773282595633887,0.02767338556968113,8.475000757863115e-06,0.0038580067921429873,0.04871991090476513,91.10586934303865,139.12852984818164,0.22933895990718156,230.52556639106479,0.1388132366442819,11.992505344,2026-01-25T04:58:48.336096
27356,0.3774884838774284,0.0019080773671884543,8.47051831396185e-06,0.0030299690552055836,0.04480764630716294,93.64664105582051,143.99925541807897,0.18420331506058574,237.88537002098747,0.134518570844339,11.991971328,2026-01-25T05:02:46.222154
27357,0.37764870819146806,0.002637984960692563,8.466036551216355e-06,0.00302607414778322,0.042290554265491664,93.07513984583784,144.35477406869177,0.17554365703836083,237.66055370296817,0.13464581943200424,12.006806016,2026-01-25T05:06:43.883317
27358,0.37780893250550773,0.015971345365187517,8.461555470833514e-06,0.0028724988223984838,0.05089859012514353,91.94601608812809,141.30750647059176,0.22126601496711373,233.53626321605407,0.1370236877105269,12.024673792,2026-01-25T05:10:37.420190
27359,0.37796915681954735,0.013392905137155964,8.457075074020016e-06,0.00308784912340343,0.04974411695729941,93.29517156991642,143.65222368610557,0.19369807501789182,237.20244064892177,0.13490586316252332,11.992215552,2026-01-25T05:14:34.633762
27360,0.378129381133587,0.005661615678484111,8.45259536198238e-06,0.0032359614269807935,0.041734813479706645,90.24479259504005,139.17542571108788,0.18516901193652302,229.6621235270286,0.13933512199818168,12.015409664,2026-01-25T05:18:24.297010
27361,0.3782896054476267,0.020142429724170796,8.44811633592693e-06,0.0035524950362741947,0.051502021262422204,94.07831815211102,144.0513558110688,0.2478145119966939,238.4391012560809,0.13420617604841734,12.007217664,2026-01-25T05:22:22.736940
27362,0.37844982976166636,0.017116434964453475,8.443637997059809e-06,0.0034775009844452143,0.04727805079892278,93.57357944827527,145.86590396997053,0.2082897590007633,239.70884053304326,0.13349528506683875,12.00739584,2026-01-25T05:26:22.446549
27363,0.37861005407570597,0.012473910410720102,8.439160346586972e-06,0.0029834682354703546,0.04977328609675169,93.07741784106474,139.90342060476542,0.19810788694303483,233.24022457899991,0.1371976041343649,11.992308736,2026-01-25T05:30:15.687439
27364,0.37877027838974564,0.001525524324249794,8.43468338571419e-06,0.003415231010876596,0.038062100880779326,91.42707868013531,142.28436993202195,0.18023513699881732,233.94303797301836,0.136785434083705,11.992804352,2026-01-25T05:34:09.641263
27365,0.3789305027037853,0.019164872895882645,8.43020711564705e-06,0.0035002378281205893,0.04049590870272368,92.56206197885331,139.74258567520883,0.1782650420209393,232.53830022609327,0.1376117395237125,11.993080832,2026-01-25T05:38:02.180342
27366,0.379090727017825,0.008635097041814532,8.425731537590952e-06,0.003062496893107891,0.04834352305624634,93.04797393991612,144.06316612730734,0.1788042150437832,237.34912752301898,0.13482248843276884,12.008638464,2026-01-25T05:41:59.530065
27367,0.3792509513318646,0.001795048932983434,8.421256652751118e-06,0.003069054801017046,0.04769144218880683,93.08023622003384,140.4357605788391,0.19952630205079913,233.77474542800337,0.1368839048093635,12.012305408,2026-01-25T05:45:53.305505
27368,0.37941117564590426,2.292722611763054e-06,8.41678246233256e-06,0.0031348001211881638,0.053803468123078346,91.8423590491293,144.8345274127787,0.19081027095671743,236.93117373494897,0.13506031939806232,11.99269376,2026-01-25T05:49:50.237327
27369,0.37957139995994393,0.030297616014943074,8.412308967540124e-06,0.004185444908216596,0.055117231560871005,92.3471987588564,144.38145797431935,0.22852090606465936,237.02596173400525,0.13500630802591562,12.013797888,2026-01-25T05:53:47.263941
27370,0.3797316242739836,0.009470366592013946,8.407836169578467e-06,0.003034655936062336,0.049729700898751616,91.65827339794487,139.37607713893522,0.23663575598038733,231.3298880229704,0.1383305904545395,11.993106432,2026-01-25T05:57:38.604819
27371,0.3798918485880232,0.015367561952979614,8.40336406965205e-06,0.003124588984064758,0.04824988986365497,92.03749780484941,141.7243906602962,0.3897703670663759,234.21062072191853,0.13662915841034398,11.993140736,2026-01-25T06:01:32.816297
27372,0.3800520729020629,0.022099974464577343,8.398892668965151e-06,0.0032702218741178513,0.04251888208091259,95.01648001698777,145.95758022216614,0.15266822697594762,241.18407287297305,0.13267874457387482,12.01020416,2026-01-25T06:05:34.001051
27373,0.38021229721610256,0.004309878821467272,8.39442196872186e-06,0.0036668010288849473,0.048023760318756104,92.270052100881,139.08472606388386,0.19972348399460316,231.61288472090382,0.13816157092711126,11.99228928,2026-01-25T06:09:25.614560
27374,0.38037252153014217,0.015567267298651544,8.389951970126074e-06,0.0030636630253866315,0.04381821793504059,91.2033356660977,141.72747693303972,0.1856225710362196,233.16992178396322,0.1372389704262485,11.992748032,2026-01-25T06:13:18.785208
27375,0.38053274584418184,0.0057226749488217266,8.385482674381504e-06,0.00406190799549222,0.05659203790128231,92.86478887801059,136.99095702718478,0.1769504500553012,230.1020431399811,0.13906873473753992,11.99192576,2026-01-25T06:17:08.898309
27376,0.3806929701582215,5.6816355034072785e-06,8.381014082691674e-06,0.0030521417502313852,0.041008494212292135,94.04610176791903,143.87420057319105,0.24421456805430353,238.21790824702475,0.13433079081030705,11.993136128,2026-01-25T06:21:07.117720
27377,0.3808531944722612,0.019442961518890023,8.376546196259918e-06,0.0029366050148382783,0.05400488874875009,95.35230062610935,148.4039988759905,0.22798130998853594,244.0509536480531,0.131120159629236,12.030055424,2026-01-25T06:25:11.169425
27378,0.3810134187863008,0.007274494416058097,8.372079016289379e-06,0.003095019841566682,0.04228477401193231,92.48080287675839,141.65845748130232,0.23068815295118839,234.42186857701745,0.13650603586707036,11.99282944,2026-01-25T06:29:05.602756
27379,0.38117364310034046,0.020358147818315686,8.367612543983003e-06,0.0030797877116128802,0.049642760888673365,92.82114224520046,141.34802429378033,0.21589352493174374,234.44814720598515,0.13649073529203426,12.010400768,2026-01-25T06:33:00.051666
27380,0.38133386741438013,0.016884009202431827,8.363146780543555e-06,0.003289070795290172,0.04577482084278017,93.1109051743988,147.14421480090823,0.3017993629910052,240.61306565999985,0.13299360910524222,12.00608,2026-01-25T06:37:00.665399
27381,0.3814940917284198,3.022180538536645e-05,8.358681727173606e-06,0.004257635795511305,0.047301581245847046,93.36558749771211,146.8059990251204,0.252076126052998,240.48206885997206,0.1330660541623707,12.017700864,2026-01-25T06:41:01.148219
27382,0.3816543160424594,0.0005471477252694257,8.354217385075534e-06,0.0030993897235020995,0.044371675816364586,91.06708716391586,139.35269637405872,0.1999151479685679,230.67464706709143,0.13872352426616194,11.992014336,2026-01-25T06:44:51.823649
27383,0.3818145403564991,0.010505833682435295,8.349753755451529e-06,0.002924686763435602,0.04936914099380374,90.62749742192682,141.33127701911144,0.15598465700168163,232.17429501994047,0.13782748859968177,12.010066944,2026-01-25T06:48:43.998778
27384,0.38197476467053876,0.0005378636579482787,8.345290839503589e-06,0.0031635690247640014,0.05309988372027874,94.06353887519799,144.74124389700592,0.18264710099902004,239.05021861300338,0.13386308611499143,12.01302784,2026-01-25T06:52:43.049704
27385,0.3821349889845784,0.008556770468900687,8.340828638433513e-06,0.0031297930981963873,0.04802187962923199,92.08938836702146,138.0700936570065,0.20322381402365863,230.42132905707695,0.13887603257454254,11.993117696,2026-01-25T06:56:33.471604
27386,0.38229521329861804,0.019369398389454062,8.336367153442915e-06,0.002802911214530468,0.052743079140782356,93.18734278075863,145.16844460298307,0.22008808597456664,238.64095885597635,0.13409265598581724,12.009885696,2026-01-25T07:00:32.113247
27387,0.3824554376126577,0.033775979890537045,8.331906385733214e-06,0.003893089946359396,0.046958818566054106,93.62880905007478,145.22985198523384,0.20284425897989422,239.11991828295868,0.1338240671449767,11.993151488,2026-01-25T07:04:31.233956
27388,0.3826156619266974,0.01863246175077915,8.327446336505634e-06,0.002872670884244144,0.04482827172614634,90.65074361721054,136.15161893470213,0.22136331407818943,227.07850762899034,0.14092042586559023,11.991985152,2026-01-25T07:08:18.313190
27389,0.38277588624073705,0.025707445877637625,8.32298700696121e-06,0.002602222957648337,0.060027675703167915,90.6043718077708,139.06348637246992,0.16556070698425174,229.90306516899727,0.13918909683295186,12.006833664,2026-01-25T07:12:08.216774
27390,0.38293611055477667,0.004916891182004335,8.318528398300775e-06,0.0027217749739065766,0.04191737272776663,90.4165145441657,139.42914875398856,0.18485650897491723,230.08256903698202,0.13908050546348222,12.008140288,2026-01-25T07:15:58.299918
27391,0.38309633486881634,0.01732386158799848,8.314070511724977e-06,0.0027953394455835223,0.05103773914743215,94.10131077701226,143.0213505360298,0.17497372208163142,237.36081044899765,0.1348158524546154,12.0147584,2026-01-25T07:19:55.661346
27392,0.383256559182856,0.0003772458428104031,8.309613348434263e-06,0.002710812259465456,0.049829987925477326,91.40773683530279,141.91415644669905,0.1892053720075637,233.5730369630037,0.13700211469643464,12.00840448,2026-01-25T07:23:49.235090
27393,0.3834167834968957,0.01725331405477526,8.30515690962889e-06,0.0032151470659300685,0.055651379632763565,92.09965088020544,142.31560485670343,0.25605382095091045,234.73913719307166,0.13632153710133207,11.99264256,2026-01-25T07:27:43.974830
27394,0.3835770078109353,0.01570316736323729,8.300701196508916e-06,0.0031151321018114686,0.054547580890357494,90.74442295520566,138.88340175815392,0.17914151202421635,229.87286767805927,0.13920738155499293,12.018156032,2026-01-25T07:31:33.848556
27395,0.38373723212497496,0.0139931815945733,8.296246210274207e-06,0.0030453260987997055,0.04633744014427066,91.76991736097261,141.3848497418221,0.36081485194154084,233.57143822405487,0.13700305244215605,12.011264512,2026-01-25T07:35:27.420829
27396,0.38389745643901463,1.607985189000516e-06,8.29179195212443e-06,0.0027930201031267643,0.05181158031336963,90.29739941901062,137.2605281508295,0.17804562102537602,227.7967403960647,0.14047611016892678,11.99294976,2026-01-25T07:39:15.218363
27397,0.3840576807530543,0.031565228983115645,8.287338423259055e-06,0.00352709018625319,0.048902209964580834,92.09220119798556,141.72882750688586,0.18432613695040345,234.06943480297923,0.1367115703378146,12.001383936,2026-01-25T07:43:09.288781
27398,0.3842179050670939,2.1527579123770124e-06,8.282885624877365e-06,0.0030196638545021415,0.04922526818700135,90.32946715480648,137.14499076316133,0.16753979201894253,227.70084809791297,0.14053526926803442,11.993508864,2026-01-25T07:46:56.990297
27399,0.3843781293811336,0.007712243616676773,8.278433558178434e-06,0.002637340221554041,0.05527598597109318,90.33618324599229,137.04333169793244,0.1924503770424053,227.63841300702188,0.14057381431056148,11.993060352,2026-01-25T07:50:44.629352
27400,0.38453835369517325,0.004813181765416452,8.273982224361148e-06,0.00321503693703562,0.05128880310803652,91.62649698695168,140.62070894485805,0.20583108207210898,232.51655404793564,0.13762460970156506,12.01281792,2026-01-25T07:54:37.146602
27401,0.3846985780092129,0.02220496642839631,8.269531624624188e-06,0.0031168399145826697,0.051720027811825275,96.89058796491008,142.1301425130805,0.21614812104962766,239.30019774998073,0.13372324929473475,12.02240768,2026-01-25T07:58:36.457958
27402,0.38485880232325254,3.484617336901863e-06,8.265081760166044e-06,0.0034474817803129554,0.047999098314903677,92.63936415256467,141.5549054662697,0.19781438494101167,234.4526620929828,0.13648810687126664,12.030033408,2026-01-25T08:02:30.912071
27403,0.3850190266372922,0.005860369403835719,8.260632632185003e-06,0.004060202860273421,0.04771439568139613,92.42344935401343,141.8063440809492,0.16720313800033182,234.45603791205212,0.13648614164504336,12.014791168,2026-01-25T08:06:25.368798
27404,0.3851792509513319,0.011874567481368281,8.256184241879156e-06,0.00333373318426311,0.05096969986334443,91.01138657925185,137.61469333712012,0.20897293090820312,228.89689119101968,0.1398009375902588,11.992871936,2026-01-25T08:10:14.266548
27405,0.38533947526537154,0.007826494851416399,8.251736590446397e-06,0.003953029052354395,0.05186079384293407,90.34857841627672,137.31057762692217,0.24565310101024806,227.96852947596926,0.14037025230437872,12.009669632,2026-01-25T08:14:02.235762
27406,0.38549969957941116,0.008318534589911053,8.247289679084425e-06,0.00284647976513952,0.043518201797269285,92.49549958505668,142.82567853678484,0.16411750297993422,235.53847273101564,0.1358589092854649,12.010850304,2026-01-25T08:17:57.774881
27407,0.38565992389345083,0.018519135615076898,8.242843508990724e-06,0.0028944469522684813,0.04428823082707822,93.12111015280243,143.9399003626313,0.20532983902376145,237.32077153690625,0.13483859753516608,12.012740096,2026-01-25T08:21:55.096428
27408,0.3858201482074905,0.004034465201800508,8.238398081362594e-06,0.0029074361082166433,0.05118154769297689,90.93849578802474,139.6866825898178,0.23363559204153717,230.92178105399944,0.138575061451293,12.020498432,2026-01-25T08:25:46.018946
27409,0.38598037252153017,0.006898688619935811,8.233953397397126e-06,0.002809613710269332,0.047447601798921824,91.17876353033353,138.8836438381113,0.2040120461024344,230.32352039497346,0.13893500735454356,11.992968192,2026-01-25T08:29:36.343266
27410,0.3861405968355698,0.005986792065926672,8.22950945829122e-06,0.002804783871397376,0.04661032615695149,90.35071834584232,139.79037395725027,0.17239711398724467,230.3720476119779,0.13890574109016254,11.993129984,2026-01-25T08:33:26.715962
27411,0.38630082114960945,0.01494065699859437,8.225066265241565e-06,0.0029557794332504272,0.04927165783010423,91.90014769718982,141.251638383721,0.2210618070093915,233.43214806099422,0.13708480286802063,11.99250944,2026-01-25T08:37:20.148706
27412,0.3864610454636491,0.02344500581414799,8.220623819444654e-06,0.0030943307792767882,0.05010696081444621,91.9607796111377,142.50015053665265,0.16562229301780462,234.69155782996677,0.13634917376612196,11.992790016,2026-01-25T08:41:14.840990
27413,0.3866212697776888,1.8902392513453492e-06,8.216182122096777e-06,0.004147745668888092,0.05089599790517241,91.35345222591422,140.78187450021505,0.16017762303818017,232.36258564109448,0.13771580270425704,11.9924992,2026-01-25T08:45:07.204420
27414,0.3867814940917284,0.007850169864797252,8.21174117439403e-06,0.0035728230141103268,0.04307461378630251,93.5024787603179,144.2733847090276,0.2091571290511638,238.0385624569608,0.13443199988147234,12.011429376,2026-01-25T08:49:05.243647
27415,0.3869417184057681,0.027081424830980083,8.207300977532296e-06,0.0027797879884019494,0.04476734495256096,90.56343313783873,138.2415583054535,0.1957765920087695,229.05538680707105,0.13970420187914195,12.006759936,2026-01-25T08:52:54.299642
27416,0.38710194271980775,0.0006253465409962189,8.202861532707263e-06,0.0030446669552475214,0.048734112293459475,91.87622095772531,140.85721934912726,0.15762074489612132,232.95454853505362,0.13736585184205935,12.005594624,2026-01-25T08:56:47.255220
27417,0.38726216703384736,3.6835915151911536e-05,8.198422841114416e-06,0.0030079177813604474,0.0499630639096722,90.92799204075709,139.68517295119818,0.20708638394717127,230.88057629705872,0.13859979264270253,12.002231808,2026-01-25T09:00:38.136485
27418,0.38742239134788703,3.879540589046826e-05,8.19398490394903e-06,0.0030906996689736843,0.04929933696985245,90.92615332477726,139.1170390691841,0.20617674198001623,230.3084799189819,0.13894408061421354,12.017017344,2026-01-25T09:04:28.445581
27419,0.3875826156619267,0.016361329985778994,8.18954772240619e-06,0.0028170468285679817,0.05115584493614733,91.42678471002728,140.38587610283867,0.2027629929361865,232.07579683605582,0.13788598568339983,12.030117888,2026-01-25T09:08:20.521972
27420,0.38774283997596637,0.008466044750695012,8.185111297680762e-06,0.0034643177641555667,0.04847584688104689,91.17277140298393,138.87079894018825,0.16074261395260692,230.26411682192702,0.13897084982957617,12.007886848,2026-01-25T09:12:10.786775
27421,0.387903064290006,0.020775489299392547,8.180675630967422e-06,0.0028163609094917774,0.046705812215805054,91.30071804800536,139.4021122821141,0.23786322702653706,230.99901366303675,0.13852873002600388,12.020187136,2026-01-25T09:16:01.786402
27422,0.38806328860404565,0.010795547794718807,8.176240723460636e-06,0.0027584059862419963,0.04539336881134659,90.45039674686268,137.61973553115968,0.16915877209976315,228.294751624926,0.14016967000877006,12.021192704,2026-01-25T09:19:50.081746
27423,0.3882235129180853,0.007960238272165299,8.171806576354662e-06,0.002904311753809452,0.05506556387990713,94.26662586419843,139.13928470783867,0.2034720400115475,233.67574551794678,0.13694189753870856,12.008615424,2026-01-25T09:23:43.769199
27424,0.388383737232125,0.02401361145287062,8.167373190843559e-06,0.003395899082534015,0.053376364056020975,92.86592930660117,142.20189496513922,0.1993251070380211,235.3344850759022,0.13597667162838065,12.009091072,2026-01-25T09:27:39.115733
27425,0.3885439615461646,0.015174668116368473,8.162940568121178e-06,0.00291340216062963,0.04390715959016234,91.22983836242929,141.7741951077478,0.19751920097041875,233.25871495401952,0.137186728505762,11.993167872,2026-01-25T09:31:32.375688
27426,0.3887041858602043,0.02656669502004405,8.158508709381167e-06,0.003619630355387926,0.04467939306050539,93.13258085679263,144.6564613293158,0.22332964604720473,238.06785976397805,0.13441545629773374,12.01383168,2026-01-25T09:35:30.454626
27427,0.38886441017424395,0.01165710316841384,8.154077615816965e-06,0.00303183076903224,0.04694656317587942,92.8556202937616,147.3023805449484,0.23194585891906172,240.44883118802682,0.13308444812100814,11.99317504,2026-01-25T09:39:30.904047
27428,0.3890246344882836,3.702215499501449e-06,8.149647288621809e-06,0.003044616896659136,0.04242183407768607,91.82891978183761,141.35910367406905,0.1996221449226141,233.4409565969836,0.1370796301835129,12.00487936,2026-01-25T09:43:24.345682
27429,0.38918485880232323,0.0061710757726674,8.145217728988722e-06,0.0033855162328109145,0.05144968815147877,93.6651700118091,145.6535188521957,0.2587702429154888,239.64057207398582,0.1335333150102831,12.01739776,2026-01-25T09:47:23.997249
27430,0.3893450831163629,0.01088037501518535,8.14078893811053e-06,0.002802901901304722,0.04791976104024798,90.61019038280938,139.68052103812806,0.22269524703733623,230.57151441590395,0.13878557410295936,12.011087872,2026-01-25T09:51:14.569514
27431,0.38950530743040257,2.2923064973312535e-05,8.136360917179846e-06,0.0028724028961732984,0.048876244109123945,92.11611145874485,140.24049801693764,0.24983380001503974,232.66655613703188,0.13753588195612093,12.016142848,2026-01-25T09:55:07.236665
27432,0.38966553174444224,0.0030578070348017405,8.131933667389076e-06,0.0029518830124288797,0.042483541066758335,92.79600137309171,143.03431284218095,0.2018755089957267,236.0858302229317,0.1355439247234066,12.018395648,2026-01-25T09:59:03.334186
27433,0.38982575605848185,0.009848590410583391,8.127507189930425e-06,0.0032100349199026823,0.041785296984016895,92.10121358581819,136.93518014007714,0.28044162900187075,229.36891461303458,0.13951323811243907,12.004499456,2026-01-25T10:02:52.715669
27434,0.3899859803725215,3.480601223859736e-05,8.123081485995879e-06,0.003028067061677575,0.049520761938765645,91.89557553210761,139.89446311094798,0.30447728000581264,232.15675021789502,0.13783790464832837,11.993330688,2026-01-25T10:06:44.874049
27435,0.3901462046865612,0.008715555910159267,8.11865655677722e-06,0.0027680429629981518,0.043503647088073194,91.79763176676352,141.3885601083748,0.20730596198700368,233.44965704600327,0.137074521354701,11.992112128,2026-01-25T10:10:38.324565
27436,0.39030642900060086,3.6776731047183375e-06,8.114232403466027e-06,0.0031633740290999413,0.04789355513639748,92.36725806293543,140.769063664251,0.15325748990289867,233.34807343990542,0.13713419411727443,12.0074112,2026-01-25T10:14:31.673280
27437,0.3904666533146405,0.009957012336435422,8.109809027253664e-06,0.0037420802982524037,0.04743252112530172,92.88381648971699,142.73021724249702,0.16872399090789258,235.84171000204515,0.13568422650820547,12.009096192,2026-01-25T10:18:27.515602
27438,0.39062687762868015,0.005125631925810836,8.105386429331287e-06,0.002910655806772411,0.04431032994762063,92.8368062361842,145.39466327580158,0.16003773000556976,238.4474436340388,0.13420148067979515,11.991861248,2026-01-25T10:22:25.963720
27439,0.3907871019427198,0.019633052477014523,8.100964610889846e-06,0.002880368265323341,0.0467374975560233,93.05123667209409,143.94896431046072,0.19051098497584462,237.25063747901004,0.1348784573985859,12.017047552,2026-01-25T10:26:23.215253
27440,0.3909473262567595,0.009426607738319603,8.09654357312007e-06,0.0030893910443410277,0.046388902235776186,92.49328314780723,139.48414727812633,0.18517651804722846,232.22168955591042,0.13779935914339123,11.992902656,2026-01-25T10:30:15.437621
27441,0.3911075505707991,0.021147499440111517,8.09212331721249e-06,0.002884528017602861,0.04913110984489322,93.6150476639159,143.1684857091168,0.2126213910523802,237.05475048103835,0.1349899123939287,12.020158464,2026-01-25T10:34:12.493077
27442,0.39126777488483877,0.03236974978617013,8.087703844357423e-06,0.003319936105981469,0.04777977825142443,91.20340818574186,141.32586669013835,0.23659179999958724,232.82515157200396,0.13744219550138945,11.992432128,2026-01-25T10:38:05.329209
27443,0.39142799919887844,0.014469637530987178,8.083285155744975e-06,0.0026540480321273208,0.049899972043931484,91.5539083010517,142.84946966078132,0.18776566698215902,234.652294559055,0.13637198843562362,11.99307776,2026-01-25T10:41:59.982305
27444,0.3915882235129181,0.0006920410951725131,8.07886725256504e-06,0.0030475829262286425,0.04820920596830547,91.82150274189189,144.2113068831386,0.16910938394721597,236.26054477202706,0.13544369006207743,11.991936,2026-01-25T10:45:56.243549
27445,0.3917484478269577,0.0029827241751290146,8.074450136007298e-06,0.0032798699103295803,0.05492450192105025,93.64135143591557,143.19174459925853,0.3124810220906511,237.211011613952,0.13490098871159598,12.007835648,2026-01-25T10:49:53.455390
27446,0.3919086721409974,0.010283944349231078,8.070033807261221e-06,0.0028619272634387016,0.0439458416076377,96.03405893431045,147.39561009593308,0.18000882805790752,243.66610007500276,0.1313272547562016,12.010960896,2026-01-25T10:53:57.122241
27447,0.39206889645503706,0.00023683481992087252,8.065618267516068e-06,0.002895347191952169,0.043505804846063256,91.9583574142307,141.60728095693048,0.1911790049634874,233.81031342002098,0.13686308158064284,12.032087552,2026-01-25T10:57:50.933297
27448,0.39222912076907673,0.014682126847640475,8.061203517960886e-06,0.003590876003727317,0.05234952981118113,95.84842703212053,143.32226878404617,0.26225407200399786,239.49564059602562,0.13361412308116574,12.00603904,2026-01-25T11:01:50.429676
27449,0.39238934508311635,0.0022410933148240275,8.056789559784505e-06,0.0034352176589891315,0.044692210969515145,92.32277824007906,144.36776064545847,0.17340169404633343,236.92186422506347,0.1350656264024736,12.004307968,2026-01-25T11:05:47.352356
27450,0.392549569397156,0.001452602737771258,8.052376394175553e-06,0.0027525329496711493,0.047337987227365375,90.02361042308621,139.25807139801327,0.19715603301301599,229.5395054758992,0.13940955363502724,11.992896512,2026-01-25T11:09:36.892632
27451,0.3927097937111957,0.012555751951447647,8.047964022322425e-06,0.0036621199687942863,0.04728289321064949,91.22908303374425,141.54717058117967,0.27448663697578013,233.10834375594277,0.1372752235479954,12.007224832,2026-01-25T11:13:30.001773
27452,0.39287001802523536,0.00475179037381146,8.043552445413321e-06,0.0031285949517041445,0.05111900391057134,90.82710438326467,139.22114572883584,0.15549119806382805,230.265485255979,0.1389700239461706,12.01058304,2026-01-25T11:17:20.267932
27453,0.39303024233927497,0.00010832381606817876,8.039141664636221e-06,0.0030850922921672463,0.05219806113746017,92.79308033478446,140.10128836135846,0.26390004996210337,233.2216706710169,0.1372085188650384,12.0102144,2026-01-25T11:21:13.490164
27454,0.39319046665331464,0.003060467799453903,8.034731681178888e-06,0.003531979164108634,0.043308382853865623,92.60017427115235,143.95007729902864,0.22605774295516312,236.83087831095327,0.13511751604444402,12.009387008,2026-01-25T11:25:10.321858
27455,0.3933506909673543,0.01114548695329809,8.030322496228872e-06,0.00300226709805429,0.0475411080988124,92.54591146297753,141.18950813810807,0.20492708205711097,233.99994725803845,0.1367521675751178,11.992167424,2026-01-25T11:29:04.322489
27456,0.3935109152813939,0.010832698000593943,8.025914110973505e-06,0.003304867073893547,0.04885397618636489,94.05094040790573,142.28802694077604,0.20091515104286373,236.5989876280073,0.13524994473058352,12.014422528,2026-01-25T11:33:00.922345
27457,0.3936711395954336,0.005955215733774111,8.021506526599911e-06,0.0033177902223542333,0.04591384879313409,93.20435949915554,145.1008024427574,0.22491960297338665,238.58875131502282,0.13412199788810877,11.99326208,2026-01-25T11:36:59.511682
27458,0.39383136390947326,0.002617486273059022,8.017099744294992e-06,0.0028595710173249245,0.04987724928651005,93.98013504082337,141.7256627510069,0.2132122579496354,235.9799475200707,0.13560474242108353,12.013599232,2026-01-25T11:40:55.492432
27459,0.39399158822351293,0.014009924305216082,8.012693765245436e-06,0.003240422811359167,0.048926498275250196,91.18978808773682,139.19438359409105,0.17923998704645783,230.6231876820093,0.13875447790671697,12.022790144,2026-01-25T11:44:46.116297
27460,0.39415181253755255,0.01764361623193267,8.008288590637714e-06,0.0027680830098688602,0.0405358555726707,92.93240375351161,144.31929034681525,0.19274763902649283,237.4954262690153,0.1347394368923679,12.018633216,2026-01-25T11:48:43.612399
27461,0.3943120368515922,0.0033871904184934465,8.003884221658084e-06,0.0037171129370108247,0.04906209139153361,93.54723147209734,142.67675267066807,0.19095902692060918,236.47414664993994,0.13532134676595578,11.99217664,2026-01-25T11:52:40.087412
27462,0.3944722611656319,0.012012033802331956,7.99948065949258e-06,0.003362394287250936,0.04521515988744795,92.19582906702999,140.88524609198794,0.24578840599860996,233.3834543370176,0.13711340459375654,12.009554944,2026-01-25T11:56:33.471555
27463,0.39463248547967156,0.0018202517857659473,7.995077905327023e-06,0.0025839940644800663,0.047396195004694164,92.37977437442169,146.4435017007636,0.2053801630390808,239.08948196296114,0.13384110307686944,12.0128768,2026-01-25T12:00:32.561769
27464,0.39479270979371117,0.026867948258763263,7.990675960347019e-06,0.0032782488269731402,0.049431436927989125,93.00480868015438,143.7530876797391,0.20368546806275845,237.02500461996533,0.1350068531854151,12.0071808,2026-01-25T12:04:29.587517
27465,0.39495293410775084,0.019062338762026343,7.986274825737947e-06,0.013158623012714088,0.04845079022925347,91.74618335790001,141.39277219423093,0.1598397030029446,233.36919471097644,0.1371217826741504,12.020606976,2026-01-25T12:08:22.957616
27466,0.3951131584217905,1.1937947906659474e-05,7.981874502684985e-06,0.003548692795448005,0.04586398624815047,90.54075232183095,137.25909480894916,0.23302046896424145,228.08958023402374,0.14029575558500945,11.993898496,2026-01-25T12:12:11.047986
27467,0.3952733827358302,0.008849798390520469,7.977474992373069e-06,0.0037000427255406976,0.04683959484100342,92.35010658414103,142.82768460409716,0.206129705067724,235.4416773499688,0.13591476394569713,11.993213952,2026-01-25T12:16:06.490423
27468,0.3954336070498698,0.03675142735836978,7.973076295986937e-06,0.0033173609990626574,0.0530728796729818,92.72262654511724,146.52072454802692,0.1666159040760249,239.4738251969684,0.1336262949559512,11.992475648,2026-01-25T12:20:05.964988
27469,0.39559383136390947,0.020449037122304503,7.968678414711095e-06,0.002794864005409181,0.04234206292312592,93.14532198384404,146.02884047210682,0.20128026802558452,239.42672534496523,0.13365258182391504,12.035213824,2026-01-25T12:24:05.392407
27470,0.39575405567794913,0.004616767835116775,7.964281349729838e-06,0.0029824277153238654,0.047921807738021016,91.13801765337121,143.05156386294402,0.18818373698741198,234.43613770708907,0.13649772732556137,12.015452672,2026-01-25T12:27:59.829211
27471,0.3959142799919888,0.004959507052609169,7.959885102227235e-06,0.003413948928937316,0.050620016059838235,93.25331076199654,145.65724433283322,0.17954753595404327,239.15590855991468,0.13380392812658937,12.007608832,2026-01-25T12:31:58.986008
27472,0.3960745043060284,0.02406750148176684,7.955489673387138e-06,0.002831815043464303,0.049780240980908275,90.68678104109131,139.50733002799097,0.19585021294187754,230.44885213300586,0.13885944626676153,12.006148608,2026-01-25T12:35:49.435823
27473,0.3962347286200681,0.0013373105887151127,7.951095064393171e-06,0.003649804159067571,0.05649692076258361,91.50311813200824,141.22747592814267,0.20120552100706846,232.99995882296935,0.13733908006530263,11.99227904,2026-01-25T12:39:42.436394
27474,0.39639495293410776,0.02357119553277265,7.946701276428754e-06,0.0026292867260053754,0.04724288126453757,92.59044053847902,143.69205460394733,0.17200904607307166,236.51228331995662,0.13529952673413592,12.004863488,2026-01-25T12:43:38.949253
27475,0.39655517724814743,0.0060732996470491685,7.94230831067707e-06,0.003514228854328394,0.05167486995924264,91.92193180602044,140.71977930085268,0.18953358090948313,232.89272420690395,0.1374023173500728,12.006221312,2026-01-25T12:47:31.842627
27476,0.39671540156218704,0.010211597048759735,7.937916168321087e-06,0.0033041248098015785,0.04768618871457875,91.88666167506017,142.59104028402362,0.16508590104058385,234.70135547802784,0.13634348184663878,11.992177152,2026-01-25T12:51:26.544595
27477,0.3968756258762267,0.0206172073893498,7.933524850543553e-06,0.003172977943904698,0.047334077302366495,92.60830097075086,144.0181744110305,0.22453574801329523,236.90949823905248,0.13507267643490825,12.007620096,2026-01-25T12:55:23.454702
27478,0.3970358501902664,0.01753963252492774,7.929134358526988e-06,0.0032269891817122698,0.0460486066294834,91.62999807519373,141.4328671703115,0.27041674801148474,233.39109592698514,0.13710891528617264,12.01924352,2026-01-25T12:59:16.846393
27479,0.39719607450430605,0.023382658594774064,7.924744693453693e-06,0.0028844622429460287,0.055709235719405115,93.13835589529481,141.939865107066,0.3133746129460633,235.45753500203136,0.13590561032469795,12.020893696,2026-01-25T13:03:12.304650
27480,0.39735629881834567,0.002069717530766013,7.920355856505745e-06,0.003183055086992681,0.05162451008800417,93.61220891296398,141.89696643105708,0.26651414798107,235.83779615408275,0.13568647825683147,12.006370816,2026-01-25T13:07:08.143070
27481,0.39751652313238534,0.0005299104337215255,7.915967848865005e-06,0.013362556230276823,0.04323988105170429,91.76699640019797,138.35836674890015,0.20006224908865988,230.3885129400296,0.13889581382180125,12.009852928,2026-01-25T13:10:58.532365
27482,0.397676747446425,0.011765761810524467,7.911580671713101e-06,0.0028330888599157333,0.04820402292534709,92.42188281344716,141.6730867709266,0.15351139893755317,234.30940530903172,0.13657155570769794,12.006908928,2026-01-25T13:14:52.842366
27483,0.3978369717604647,0.013210177277779955,7.907194326231446e-06,0.0029272581450641155,0.04676526109687984,92.01270071498584,142.32554568676278,0.16719104396179318,234.56642327201553,0.13642191219708852,12.017214464,2026-01-25T13:18:47.409566
27484,0.3979971960745043,0.0030709344577219966,7.902808813601218e-06,0.003772771102376282,0.04553603602107614,90.01345982018393,137.03358060284518,0.1789779239334166,227.28269360598642,0.14079382592796388,11.992292352,2026-01-25T13:22:34.692934
27485,0.39815742038854396,0.033899804920372034,7.89842413500338e-06,0.0028049269458279014,0.0490330986212939,92.61305240122601,141.37601457512937,0.24646017898339778,234.2977851779433,0.13657832905119782,12.022528,2026-01-25T13:26:28.991324
27486,0.39831764470258363,0.01332688852002395,7.89404029161867e-06,0.0028366418555378914,0.04555326700210571,91.66431669285521,139.23003463132773,0.25285407598130405,231.20468226401135,0.1384055015090887,12.016454656,2026-01-25T13:30:20.196683
27487,0.3984778690166233,0.021791015483002774,7.889657284627593e-06,0.002814177772961557,0.04357792600058019,92.48181317094713,141.35183894925285,0.24323492404073477,234.131365041947,0.1366754086718235,11.992827904,2026-01-25T13:34:14.328657
27488,0.3986380933306629,0.0011887455122359114,7.885275115210446e-06,0.0033042760333046317,0.04934689903166145,96.59091307793278,137.70849199802615,0.16903946409001946,234.5276858850848,0.13644444526553484,12.012773888,2026-01-25T13:38:08.856982
27489,0.3987983176447026,0.0009873020065569449,7.880893784547274e-06,0.0037958159809932113,0.0440521085401997,93.2307561011985,145.05658265703823,0.18216642900370061,238.525324178976,0.1341576627561315,11.992155136,2026-01-25T13:42:07.382898
27490,0.39895854195874225,2.9797686305066406e-05,7.876513293817918e-06,0.004398585297167301,0.04345568816643208,92.72302965691779,142.14894330513198,0.1886217009741813,235.11688981903717,0.13610251490069258,12.026691072,2026-01-25T13:46:02.500418
27491,0.3991187662727819,0.0005891667747341955,7.87213364420199e-06,0.0029951988253742456,0.044459625030867755,93.22108469705563,144.8758044600254,0.19947063899599016,238.3530834969133,0.13425460887907667,12.0124416,2026-01-25T13:50:00.854102
27492,0.39927899058682154,0.02034244157416243,7.867754836878866e-06,0.003309205174446106,0.04898783832322806,91.42004085716326,141.04049005371053,0.3096883180551231,232.83070718799718,0.13743891596808092,12.003352576,2026-01-25T13:53:53.685527
27493,0.3994392149008612,0.01925240510168358,7.863376873027702e-06,0.0029629378113895655,0.04408065101597458,92.18319069000427,142.7208928631153,0.17405094299465418,235.13229150802363,0.1360935998827198,12.016470016,2026-01-25T13:57:48.818580
27494,0.3995994392149009,0.004534814266416554,7.858999753827427e-06,0.0028524865629151464,0.044327570823952556,91.29575386026409,140.02343134162948,0.27100740803871304,231.6435243289452,0.13814329622510158,11.992615936,2026-01-25T14:01:40.462898
27495,0.3997596635289405,0.036406115036102804,7.854623480456736e-06,0.0030472419457510114,0.054063532152213156,93.98645281884819,149.7959271739237,0.2251202299958095,244.07231505494565,0.13110868388656102,12.0081792,2026-01-25T14:05:44.535965
27496,0.39991988784298016,0.00037510317579503294,7.850248054094104e-06,0.00312514987308532,0.050751721020787954,91.16650117712561,140.1244709098246,0.20975736808031797,231.56184842903167,0.1381920217734281,12.019102208,2026-01-25T14:09:36.098406
27497,0.40008011215701983,2.572974845360676e-05,7.845873475917776e-06,0.00302531651686877,0.04812967940233648,91.08760834683198,139.66443791787606,0.17856330599170178,230.99048176803626,0.13853384674150698,12.0099072,2026-01-25T14:13:27.089496
27498,0.4002403364710595,0.015265100097508366,7.841499747105768e-06,0.003799302037805319,0.048543357057496905,92.76770581002347,144.3081149092177,0.2184421339770779,237.35508313705213,0.13481910552352802,12.0075136,2026-01-25T14:17:24.445438
27499,0.4004005607850991,0.03371969650568829,7.837126868835871e-06,0.002955805975943804,0.050962084089405835,92.78661121393088,144.42899095313624,0.1748586680041626,237.45196463097818,0.1347640987082625,12.013002752,2026-01-25T14:21:21.898000
27500,0.4005607850991388,0.00037084926513930583,7.832754842285636e-06,0.0029887750279158354,0.05205908289644867,91.08733817597385,140.67111473402474,0.16256637789774686,231.98232728801668,0.1379415422463218,12.008193536,2026-01-25T14:25:13.881107
27501,0.40072100941317845,0.008066549927492339,7.828383668632392e-06,0.10947097686585039,0.0673031973419711,95.37842965580057,139.27731669298373,0.2581510200398043,1618.9682370119262,0.019765674994996377,11.992144896,2026-01-25T14:52:12.858589
27502,0.4008812337272181,0.004630795945698374,7.824013349053242e-06,0.003434375743381679,0.049285802990198135,91.6463718250161,138.07381027704105,0.18158668605610728,229.96276665700134,0.13915296143453204,11.994348544,2026-01-25T14:56:02.831238
27503,0.40104145804125774,0.02455915351832072,7.81964388472505e-06,0.012607056996785104,0.04575335921254009,93.07182092114817,142.5843592559686,0.19018818601034582,235.9144643729087,0.1356423824417047,12.01494272,2026-01-25T14:59:58.746484
27504,0.4012016823552974,0.005052844413379276,7.815275276824458e-06,0.013658728916198015,0.05152816802728921,93.32958627096377,142.53171926399227,0.2663772940868512,236.21059029595926,0.13547233407234496,12.005649408,2026-01-25T15:03:54.957800
27505,0.4013619066693371,0.0011186480788030195,7.810907526527876e-06,0.0032550488831475377,0.05292171880137175,91.16202029807027,138.05721887701657,0.340762916021049,229.6354594079312,0.13935130089449407,11.993238528,2026-01-25T15:07:44.593856
27506,0.40152213098337675,0.010401671083400288,7.806540635011476e-06,0.0036907802568748593,0.04265391395892948,93.94105595606379,143.22041065688245,0.16504595906008035,237.38209437509067,0.13480376472471578,12.028130304,2026-01-25T15:11:41.987613
27507,0.40168235529741636,0.018701677616936863,7.802174603451207e-06,0.002790647209621966,0.04552837531082332,92.40182696748525,139.91996992414352,0.2810377849964425,232.6588579689851,0.13754043271486274,12.013977088,2026-01-25T15:15:34.647381
27508,0.40184257961145603,0.00653340677047165,7.797809433022783e-06,0.0029027260607108474,0.04801970801781863,92.81071585090831,138.78936544782482,0.1852712349500507,231.8428112770198,0.13802455130586072,11.991965184,2026-01-25T15:19:26.490803
27509,0.4020028039254957,0.0028970847665918953,7.793445124901685e-06,0.0031695679062977433,0.04547907900996506,92.91936560394242,141.2687461124733,0.2636161990230903,234.50925457500853,0.13645516914883501,12.01183232,2026-01-25T15:23:21.000655
27510,0.40216302823953537,0.0001446779865439396,7.789081680263166e-06,0.0028162188827991486,0.057336005847901106,93.08370291593019,145.1701883248752,0.21640748996287584,238.53861688799225,0.13415018673905477,12.018616832,2026-01-25T15:27:19.540001
27511,0.402323252553575,0.015053150344773947,7.784719100282239e-06,0.0030416372464969754,0.04545782203786075,92.807979705045,140.22535838000476,0.1739150140201673,233.2634265969973,0.1371839574974842,12.00543488,2026-01-25T15:31:12.804056
27512,0.40248347686761465,0.011244849137753476,7.780357386133691e-06,0.012933856109157205,0.050146112334914505,92.68176882073749,141.57347833027598,0.20222691702656448,234.52862644800916,0.13644389806330884,12.006571008,2026-01-25T15:35:07.333519
27513,0.4026437011816543,0.003594026483326296,7.775996538992076e-06,0.01303510821890086,0.049018498975783587,91.90250274213031,141.71029169973917,0.1840758549515158,233.86772341898177,0.1368294843434677,11.992118272,2026-01-25T15:39:01.211805
27514,0.402803925495694,0.014674431201962435,7.77163656003171e-06,0.0038099740631878376,0.04898913286160678,90.59468970505986,140.04020903108176,0.16403837292455137,230.86210921697784,0.1386108794922449,11.99233536,2026-01-25T15:42:52.074663
27515,0.4029641498097336,0.007576555359920967,7.767277450426676e-06,0.0027420769911259413,0.04462685727048665,91.45164622692391,140.39614263584372,0.2215474519180134,232.12517673999537,0.13785665324810228,11.993091584,2026-01-25T15:46:44.200519
27516,0.4031243741237733,0.00575009220205569,7.76291921135083e-06,0.0030415805522352457,0.04744606907479465,91.37943042675033,138.99737441306934,0.1937332630623132,230.62991243996657,0.13875043207298474,11.992085504,2026-01-25T15:50:34.831047
27517,0.40328459843781295,0.006998946156296704,7.75856184397778e-06,0.0040165449026972055,0.04469760356005281,92.4489705687156,141.04290303587914,0.2984616020694375,233.84793029702269,0.13684106572743707,12.007219712,2026-01-25T15:54:28.679762
27518,0.4034448227518526,0.01107778478813426,7.754205349480911e-06,0.003045323072001338,0.04799655417446047,93.2504909428535,141.60878192889504,0.18931430100928992,235.109822790022,0.13610660592679444,12.00443392,2026-01-25T15:58:23.790378
27519,0.40360504706589223,0.006287261493199026,7.749849729033366e-06,0.0041440523928031325,0.051538763218559325,92.36279082589317,144.6591065658722,0.17649034189525992,237.26271092204843,0.13487159392068757,11.992761344,2026-01-25T16:02:21.053839
27520,0.4037652713799319,0.003183130749352614,7.745494983808061e-06,0.003931968123652041,0.04417747899424285,93.58117812627461,141.9934607257601,0.1815097969956696,235.81086792005226,0.13570197286602187,11.992188416,2026-01-25T16:06:16.865329
27521,0.40392549569397157,0.0074998992996446745,7.741141114977668e-06,0.002854552003555,0.04495029104873538,91.95233396894764,138.05591323506087,0.1692981889937073,230.23690223507583,0.13898727653713586,12.015317504,2026-01-25T16:10:07.103119
27522,0.40408572000801124,0.00033259877082425504,7.736788123714628e-06,0.0032598418183624744,0.045568242319859564,91.9659148735227,141.74295915989205,0.16850415105000138,233.9375718079973,0.13678863020029886,12.00601344,2026-01-25T16:14:01.041685
27523,0.40424594432205085,0.021986883852089356,7.73243601119114e-06,0.0028261361876502633,0.045748433913104236,91.39091617695522,141.0135145749664,0.20599680196028203,232.66518967202865,0.13753668971756408,12.005930496,2026-01-25T16:17:53.707737
27524,0.4044061686360905,5.69477582335054e-06,7.728084778579173e-06,0.0028643831610679626,0.04513326799497008,91.76198517135344,137.7682975367643,0.2035662360722199,229.79005335306283,0.13925755067750184,11.992585216,2026-01-25T16:21:43.498434
27525,0.4045663929501302,0.011836026056987858,7.723734427050453e-06,0.0031785896280780435,0.04841178108472377,92.5481958281016,141.5665126319509,0.20079348399303854,234.37349168001674,0.13653421199906285,11.992148992,2026-01-25T16:25:37.872628
27526,0.40472661726416986,0.004632810425543532,7.719384957776473e-06,0.003075250657275319,0.042977832024917006,92.61056725739036,142.9504239865346,0.26311481604352593,235.87646796402987,0.1356642325375156,12.006598144,2026-01-25T16:29:33.749688
27527,0.4048868415782095,0.02511574505226921,7.715036371928493e-06,0.0032641506986692548,0.0476019352208823,90.59482893766835,140.61894561117515,0.16421275702305138,231.43587041005958,0.13826724415408118,11.992195584,2026-01-25T16:33:25.186187
27528,0.40504706589224915,0.010104001360189407,7.71068867067752e-06,0.012991365161724389,0.05164680886082351,91.55653511045966,141.4089541026624,0.20500512106809765,233.24132125196047,0.1371969590475428,12.019984384,2026-01-25T16:37:18.428303
27529,0.4052072902062888,0.0060209104717454665,7.706341855194338e-06,0.01304421026725322,0.05096925492398441,92.20112900680397,144.54609980527312,0.18898453004658222,237.00762480706908,0.13501675326289148,12.013830656,2026-01-25T16:41:15.436796
27530,0.4053675145203285,0.0116241406983697,7.701995926649485e-06,0.0026696723653003573,0.045571574941277504,91.31689572811592,140.94851195975207,0.20390346902422607,232.5262498150114,0.13761887109716828,12.011017216,2026-01-25T16:45:07.963663
27531,0.4055277388343681,0.010801945110776145,7.697650886213262e-06,0.0031885539647191763,0.039834574912674725,91.61116995906923,139.68972587783355,0.2795118970097974,231.63027335505467,0.1381511990487909,11.992259584,2026-01-25T16:48:59.594533
27532,0.40568796314840777,0.027455709587972166,7.69330673505573e-06,0.0031194225884974003,0.051080354023724794,92.73632584675215,143.09262083901558,0.22744782804511487,236.12046164507046,0.13552404470605128,11.992108032,2026-01-25T16:52:55.715743
27533,0.40584818746244744,0.01848299002552789,7.68896347434671e-06,0.002917121979407966,0.04749120178166777,93.9398662620224,145.24344251514412,0.2846428259508684,239.5255271330243,0.13359745152435587,12.013154816,2026-01-25T16:56:55.241935
27534,0.40600841177648705,0.004691727651254141,7.684621105255783e-06,0.003283955971710384,0.04772661789320409,91.80801925319247,140.64599711610936,0.17746483895462006,232.6909977759933,0.13752143531915112,12.009131008,2026-01-25T17:00:47.933528
27535,0.4061686360905267,0.02145021661159152,7.680279628952298e-06,0.0029477658681571484,0.04574561177287251,92.04577638220508,140.02727068495005,0.15667369798757136,232.2864107519854,0.13776096456269554,11.992135168,2026-01-25T17:04:40.220576
27536,0.4063288604045664,0.017675712188647275,7.675939046605354e-06,0.003468741779215634,0.04930361395236105,92.47954635415226,141.44092466600705,0.17947282700333744,234.15994569205213,0.1366587266042663,12.010150912,2026-01-25T17:08:34.381364
27537,0.40648908471860606,0.049244932849001444,7.671599359383808e-06,0.00295380933675915,0.051089133718051016,92.28635776578449,140.98552239732817,0.2543464789632708,233.58665399404708,0.13699412810123782,11.992203776,2026-01-25T17:12:27.968759
27538,0.4066493090326457,0.004610277285322262,7.667260568456287e-06,0.0025643417611718178,0.04804924479685724,91.61769697919954,139.7057830429403,0.21439154399558902,231.5953175399918,0.13817205088558948,11.993029632,2026-01-25T17:16:19.564810
27539,0.40680953334668535,0.018731071547937184,7.662922674991163e-06,0.0029569059843197465,0.03845167811959982,91.77278797479812,141.64997596701141,0.17501311900559813,233.64648808992933,0.13695904552900176,12.019649024,2026-01-25T17:20:13.212022
27540,0.406969757660725,0.017571124299198715,7.658585680156574e-06,0.003997376188635826,0.04903075017500669,91.11363806470763,139.55149060103577,0.18091524299234152,230.90885822300334,0.13858281681465667,12.0134272,2026-01-25T17:24:04.121509
27541,0.4071299819747647,0.007366206691022725,7.654249585120417e-06,0.0027628139359876513,0.03860590804833919,91.81250065483619,140.65167881327216,0.18810423207469285,232.70129607303534,0.13751534924823333,12.027450368,2026-01-25T17:27:56.823419
27542,0.4072902062888043,0.01971091652596879,7.649914391050346e-06,0.0038891080766916275,0.042221746989525855,91.71436535276007,139.64734793500975,0.17639060609508306,231.5920629950706,0.13817399260647856,12.00324608,2026-01-25T17:31:48.416093
27543,0.40745043060284397,0.012165109600264401,7.64558009911377e-06,0.0033828977029770613,0.046054785256274045,92.19947215390857,140.88222771894652,0.2345650390489027,233.37391894310713,0.1371190068921159,12.011500544,2026-01-25T17:35:41.790848
27544,0.40761065491688364,0.0057022034503759755,7.641246710477856e-06,0.0031075981678441167,0.03970287891570479,90.40180233179126,136.54651641729288,0.31601292395498604,227.31357553694397,0.14077469823089922,11.993095168,2026-01-25T17:39:29.105009
27545,0.4077708792309233,0.00873790765949245,7.636914226309526e-06,0.013126401230692863,0.04303130484186113,91.7853017761372,140.23358163493685,0.2013217710191384,232.28804975899402,0.13775999253169063,12.005600768,2026-01-25T17:43:21.394105
27546,0.4079311035449629,8.261804112397186e-05,7.632582647775463e-06,0.0031910447869449854,0.03865155705716461,90.14203028799966,136.1946275702212,0.1873124020639807,226.57341743609868,0.14123457359698904,12.028265472,2026-01-25T17:47:07.968123
27547,0.4080913278590026,3.5882963951294755e-06,7.628251976042101e-06,0.003531096037477255,0.04646764951758087,92.09812314703595,140.440848790342,0.28826631302945316,232.88659244193695,0.13740593507107202,12.030956544,2026-01-25T17:51:00.855326
27548,0.40825155217304226,0.00561937354725961,7.623922212275633e-06,0.0031876200810074806,0.048991656862199306,92.43413472198881,141.1319776281016,0.23020866606384516,233.85775435401592,0.13683531721406217,11.992515584,2026-01-25T17:54:54.713849
27549,0.40841177648708193,0.012379499121908388,7.619593357642012e-06,0.003277854877524078,0.0384014107985422,89.64485520799644,134.92422715900466,0.17209538200404495,224.7904989720555,0.14235477098157084,11.992048128,2026-01-25T17:58:39.505098
27550,0.40857200080112155,0.007255926154147829,7.615265413306931e-06,0.0031532561406493187,0.041927521815523505,91.58351004333235,139.08973576920107,0.1664417909923941,230.89201568590943,0.13859292580965957,11.992279552,2026-01-25T18:02:30.397746
27551,0.4087322251151612,0.00013471873034998083,7.610938380435856e-06,0.0028522569919005036,0.04691373324021697,89.0642253800761,133.6515712585533,0.2579014509683475,223.03179922292475,0.14347729835607595,11.992873984,2026-01-25T18:06:13.430185
27552,0.4088924494292009,2.5579785584817216e-05,7.606612260193997e-06,0.0030977908754721284,0.04184966813772917,91.83764831593726,140.3393301711185,0.21854888298548758,232.44886126706842,0.13766468816224534,12.010340352,2026-01-25T18:10:05.879655
27553,0.40905267374324056,0.00031563793194866463,7.60228705374632e-06,0.0031665072310715914,0.046328859869390726,90.78338235116098,137.75475204503164,0.16715675801970065,228.76444059901405,0.13988187987699832,12.008572416,2026-01-25T18:13:54.644871
27554,0.40921289805728017,0.0013658765676032303,7.597962762257547e-06,0.003633981803432107,0.03965152078308165,91.04193728603423,135.73313686426263,0.21874951396603137,227.04488047992345,0.1409412972992783,12.009018368,2026-01-25T18:17:41.690455
27555,0.40937312237131984,0.02178341996079247,7.593639386892151e-06,0.003321409923955798,0.04781277128495276,91.3189707165584,142.67744519212283,0.20365673501510173,234.25968066195492,0.13660054478677935,12.006225408,2026-01-25T18:21:35.950929
27556,0.4095333466853595,0.006505569689826629,7.5893169288143586e-06,0.0030535159166902304,0.04699514096137136,91.9614679851802,142.12250871700235,0.21421111200470477,234.35522930906154,0.13654485156718751,11.993150976,2026-01-25T18:25:30.306779
27557,0.4096935709993992,0.010743151537352169,7.584995389188148e-06,0.003260616329498589,0.04269096488133073,92.7101559669245,143.81130950630177,0.18892744998447597,236.7667114250362,0.1351541346644571,12.01884672,2026-01-25T18:29:27.074104
27558,0.4098537953134388,0.027523178370460144,7.58067476917726e-06,0.002795209875330329,0.048593463958241045,92.81800608395133,145.6249459849205,0.2636529500596225,238.76437334995717,0.13402334507040364,12.023425024,2026-01-25T18:33:25.839244
27559,0.41001401962747847,0.038268491178747865,7.576355069945174e-06,0.003153543104417622,0.042893143952824175,92.59129643626511,141.4759584190324,0.19397626095451415,234.31466100504622,0.136568492397114,12.018749952,2026-01-25T18:37:20.154577
27560,0.41017424394151814,0.013264557948764022,7.572036292655132e-06,0.013769803801551461,0.041026145219802856,92.92771116597578,141.91078380297404,0.1668098228983581,235.07071472902317,0.13612924960426429,11.99692032,2026-01-25T18:41:15.225890
27561,0.4103344682555578,0.013053148501447787,7.567718438470118e-06,0.0029183910228312016,0.04131788411177695,91.49773879698478,141.0388886189321,0.1800003539538011,232.76785651396494,0.13747602645505375,12.007985664,2026-01-25T18:45:07.994351
27562,0.4104946925695974,0.049715910148346865,7.563401508552876e-06,0.0038079378427937627,0.04133544908836484,93.4096050709486,142.41694606898818,0.20492445502895862,236.08730487001594,0.1355430780897704,12.01174016,2026-01-25T18:49:04.082696
27563,0.4106549168836371,0.019917744916439162,7.559085504065897e-06,0.002927278052084148,0.04957145033404231,91.62940796569455,141.38409498299006,0.19527150504291058,233.26826494804118,0.13718111208624015,11.992892416,2026-01-25T18:52:57.351638
27564,0.41081514119767676,0.017879018534240565,7.554770426171421e-06,0.0034392462112009525,0.05366735707502812,91.34287084580865,139.17169405589812,0.19284883397631347,230.77319723705295,0.13866428330118952,12.0130816,2026-01-25T18:56:48.125499
27565,0.41097536551171643,0.00310926998918859,7.550456276031448e-06,0.00319094629958272,0.04924903635401279,90.67902596015483,137.62365651503205,0.19227434799540788,228.55439897195902,0.14001043140686184,12.006436352,2026-01-25T19:00:36.680433
27566,0.41113558982575604,0.006514631667445592,7.546143054807715e-06,0.0030072492081671953,0.049626869382336736,91.98305998195428,139.8939307987457,0.1995897350134328,232.1355647490127,0.13785048419701962,12.018190848,2026-01-25T19:04:28.816599
27567,0.4112958141397957,0.0030412247561475425,7.541830763661718e-06,0.0034731710329651833,0.04563130030874163,91.04055819963105,138.31802747619804,0.19532509695272893,229.61144449200947,0.13936587555901905,12.003884032,2026-01-25T19:08:18.428676
27568,0.4114560384538354,0.002046620232031948,7.537519403754698e-06,0.0035236190306022763,0.04593706096056849,91.21891971991863,138.4026346441824,0.23372507095336914,229.9121077900054,0.13918362241812776,12.008881664,2026-01-25T19:12:08.341427
27569,0.41161626276787505,0.012537209296541008,7.533208976247647e-06,0.0030322109814733267,0.04823680594563484,90.48205688002054,137.46463213081006,0.17600612004753202,228.18253923300654,0.14023860067278632,11.992342016,2026-01-25T19:15:56.524599
27570,0.41177648708191467,0.02756392931246321,7.528899482301305e-06,0.002879815991036594,0.04300493805203587,90.67693635681644,137.44322491809726,0.19510718493256718,228.36798475089017,0.14012472034951154,12.0093696,2026-01-25T19:19:44.893189
27571,0.41193671139595434,0.004307798731675305,7.524590923076169e-06,0.0032419152557849884,0.05501328897662461,91.61793915601447,139.4795462541515,0.16562586196232587,231.32870282407384,0.13833129918311993,12.012507136,2026-01-25T19:23:36.222674
27572,0.412096935709994,0.001046261234364465,7.520283299732465e-06,0.002820001100189984,0.052053527906537056,91.03507400210947,138.24561317509506,0.20460992492735386,229.54663582495414,0.13940522319134446,12.010298368,2026-01-25T19:27:25.769898
27573,0.4122571600240336,1.5187000306227105e-05,7.5159766134301855e-06,0.002562121953815222,0.04618709208443761,92.81055264093447,141.93612063187174,0.19412048102822155,234.99749990005512,0.13617166145856727,12.00856832,2026-01-25T19:31:20.768113
27574,0.4124173843380733,7.492736109782072e-05,7.5116708653290605e-06,0.0026940247043967247,0.05308000696823001,94.23027693899348,136.19453658827115,0.20313567493576556,230.69165492407046,0.13871329680535013,12.015227392,2026-01-25T19:35:11.460624
27575,0.41257760865211296,0.006781190212048038,7.507366056588575e-06,0.004068574286065996,0.048789044143632054,92.81536598480307,139.07293074706104,0.18832380406092852,232.13690683909226,0.13784968722005536,12.012795392,2026-01-25T19:39:03.598243
27576,0.41273783296615263,0.015215074097420178,7.503062188367955e-06,0.003175807069055736,0.05083437904249877,92.58695063076448,143.68872357939836,0.223343032062985,236.55981276696548,0.13527234243934377,11.99202816,2026-01-25T19:43:00.158898
27577,0.41289805728019224,0.0002610460364760314,7.4987592618261735e-06,0.01316069602034986,0.04783020622562617,92.30418927583378,141.7633127530571,0.24488350108731538,234.38347492308822,0.13652839651131823,11.992925184,2026-01-25T19:46:54.543010
27578,0.4130582815942319,4.244487958438015e-06,7.494457278121952e-06,0.0030434360960498452,0.04164242302067578,91.81896611081902,142.1110868070973,0.1957787829451263,234.1768507900415,0.13664886128599701,12.0120576,2026-01-25T19:50:48.720506
27579,0.4132185059082716,0.004829560051613058,7.490156238413756e-06,0.00283534440677613,0.04260547074954957,92.51147735014092,143.06366690725554,0.21528412005864084,235.84199105307925,0.13568406481438663,11.992110592,2026-01-25T19:54:44.563219
27580,0.41337873022231125,0.0037450330749866367,7.4858561438598016e-06,0.004482740769162774,0.05066760326735675,91.37967287900392,142.29124713514466,0.18302508210763335,233.91673376900144,0.1368008157620771,12.013711872,2026-01-25T19:58:38.480719
27581,0.41353895453635087,0.013627025915579516,7.481556995618046e-06,0.0037529030814766884,0.0445714172674343,93.43966185476165,145.3897101971088,0.21405046910513192,239.09967426606454,0.1338353977194931,11.99279616,2026-01-25T20:02:37.581230
27582,0.41369917885039054,0.000680340653575584,7.477258794846193e-06,0.003275704919360578,0.04551239300053567,92.78328474704176,142.59272362710908,0.24920826801098883,235.68149543507025,0.13577646365883625,12.008162816,2026-01-25T20:06:33.263353
27583,0.4138594031644302,9.958008083899017e-06,7.472961542701689e-06,0.0033136572455987334,0.04796008835546672,92.34745899098925,143.78182726923842,0.21002239105291665,236.400116684963,0.13536372337178065,12.002262528,2026-01-25T20:10:29.664320
27584,0.4140196274784699,6.029060736523206e-05,7.468665240341727e-06,0.002937031094916165,0.044027177966199815,94.14741682086606,143.89492528722622,0.16890936298295856,238.26510242803488,0.1343041833399216,12.01337088,2026-01-25T20:14:27.930010
27585,0.4141798517925095,0.022294300390585775,7.464369888923247e-06,0.003649882855825126,0.04787448211573064,91.2549108871026,139.24533969303593,0.1725041049066931,230.73619552899618,0.13868652001752635,11.992830976,2026-01-25T20:18:18.667164
27586,0.41434007610654916,0.014392528610289723,7.460075489602924e-06,0.0034035942517220974,0.04281585873104632,92.62989379523788,143.16863774100784,0.1963047570316121,236.04999419802334,0.13556450237891157,12.012182016,2026-01-25T20:22:14.717847
27587,0.41450030042058883,1.5061556380757679e-05,7.4557820435371926e-06,0.003920543938875198,0.04380879399832338,92.9291545629967,143.51283098594286,0.173046502051875,236.67021138803102,0.13520924248271626,12.012616192,2026-01-25T20:26:11.388853
27588,0.4146605247346285,4.1877216975905185e-05,7.451489551882211e-06,0.0029938387451693416,0.05680387781467289,91.216314061312,140.7244743758347,0.17574577999766916,232.1849229519721,0.1378211797439546,11.992024064,2026-01-25T20:30:03.574624
27589,0.4148207490486681,2.631439493150367e-05,7.447198015793894e-06,0.0040339549304917455,0.047220193897373974,92.23418492800556,140.3269781222334,0.2144692139700055,232.8342314090114,0.13743683566780507,11.992110592,2026-01-25T20:33:56.409506
27590,0.4149809733627078,0.03833701149094182,7.4429074364278954e-06,0.003543136059306562,0.04662337969057262,92.49576491315383,141.85338493494783,0.24615689204074442,234.65318092203233,0.1363714733133431,12.018578944,2026-01-25T20:37:51.063323
27591,0.41514119767674745,0.014929209267419807,7.438617814939611e-06,0.002851773053407669,0.056480571860447526,93.27307416172698,138.4113590803463,0.16882881801575422,231.91999133396894,0.1379786184707097,12.013328896,2026-01-25T20:41:42.984153
27592,0.4153014219907871,0.0426750637355795,7.4343291524841784e-06,0.0034657273208722472,0.05312317505013198,93.07405733806081,135.54848901892547,0.26718262291979045,228.9529849360697,0.13976668619950652,12.01606912,2026-01-25T20:45:31.937931
27593,0.41546164630482674,0.009855394585464694,7.430041450216479e-06,0.013060473138466477,0.05374528607353568,93.56727616512217,143.56894621194806,0.1981544130248949,237.41074756497983,0.13478749520908498,12.004841984,2026-01-25T20:49:29.349434
27594,0.4156218706188664,0.020510243315273513,7.42575470929113e-06,0.003266879706643522,0.053550758748315275,95.09946009027772,144.84272302594036,0.17588817095384002,240.18263948196545,0.13323194411144265,12.008836608,2026-01-25T20:53:29.532949
27595,0.4157820949329061,0.0026566610302429794,7.421468930862495e-06,0.0033407032024115324,0.054916280903853476,95.74690317281056,147.68525046191644,0.21540959901176393,243.71315592795145,0.13130189824245725,12.006925824,2026-01-25T20:57:33.246702
27596,0.41594231924694575,9.71362141832799e-07,7.41718411608468e-06,0.003072428982704878,0.044297914020717144,93.16320967988577,142.68908316618763,0.19864693691488355,236.10658483405132,0.13553200992886902,12.020432896,2026-01-25T21:01:29.353909
27597,0.41610254356098536,0.022518167695825042,7.4129002661115285e-06,0.0028400218579918146,0.045412381063215435,91.27348362701014,140.53275707294233,0.18317553400993347,232.04539045901038,0.13790405375733,12.0062592,2026-01-25T21:05:21.399896
27598,0.41626276787502503,0.009767172277555858,7.408617382096624e-06,0.0029369809199124575,0.04419404419604689,92.36535483296029,143.4450953620253,0.26567615708336234,236.12960783590097,0.13551879534835168,12.008984064,2026-01-25T21:09:17.530119
27599,0.4164229921890647,0.00023851215603976073,7.404335465193287e-06,0.0030177149455994368,0.04707265133038163,91.97040182782803,139.13389038306195,0.17354474705643952,231.3364604630042,0.13832666038009822,12.009465344,2026-01-25T21:13:08.867191
27600,0.41658321650310437,0.029931066351522873,7.4000545165545815e-06,0.0037632699823006988,0.049548894981853664,91.66805382189341,142.01752511411905,0.19791423296555877,233.94917953107506,0.13678184323681072,12.007643136,2026-01-25T21:17:02.817127
27601,0.416743440817144,0.020956474276624615,7.395774537333312e-06,0.0034178439527750015,0.045050865854136646,94.82763160788454,145.1720912674209,0.22474080207757652,240.27969298197422,0.13317812921627398,11.992608768,2026-01-25T21:21:03.097700
27602,0.41690366513118365,0.006359506802796844,7.3914955286820175e-06,0.00272082700394094,0.0511255762539804,94.24743490060791,144.27949087123852,0.19754844799172133,238.78568640898447,0.13401138268058255,12.016979968,2026-01-25T21:25:01.884073
27603,0.4170638894452233,2.5589397960601445e-06,7.387217491752982e-06,0.0027176770381629467,0.05569140415173024,91.05648698483128,140.46503328089602,0.25781399197876453,231.8444994679885,0.13802354627101404,12.008402432,2026-01-25T21:28:53.729294
27604,0.417224113759263,0.008303108191618946,7.382940427698223e-06,0.003298303810879588,0.04376388096716255,90.69145558506716,141.25067238649353,0.18792371090967208,232.18548746197484,0.13782084466084754,12.027139584,2026-01-25T21:32:45.915704
27605,0.4173843380733026,0.017381097008582813,7.378664337669495e-06,0.003465545712970197,0.0509301038691774,91.16624507098459,138.61706711899024,0.23958124907221645,230.08490103890654,0.13907909582727862,11.992996864,2026-01-25T21:36:36.001388
27606,0.4175445623873423,8.020393312957452e-05,7.374389222818292e-06,0.002893888857215643,0.049248797935433686,93.09951330290642,145.03371760703158,0.23804843297693878,238.42975116695743,0.13421143898100368,12.015882752,2026-01-25T21:40:34.431996
27607,0.41770478670138195,0.025776436287509696,7.370115084295848e-06,0.0032484589610248804,0.0489587583579123,91.22810063674115,142.90260520507582,0.20895526197273284,234.40014292194974,0.13651868809079745,11.993088,2026-01-25T21:44:28.832879
27608,0.4178650110154216,0.024039241150207502,7.3658419232531294e-06,0.0033493919763714075,0.05563605600036681,94.72855110396631,141.36638318304904,0.2543589270208031,236.41556806094013,0.13535487642569907,12.009746432,2026-01-25T21:48:25.249133
27609,0.41802523532946123,0.015499271916459278,7.361569740840843e-06,0.01307950506452471,0.05074207577854395,92.65321013121866,142.34848274698015,0.19651954295113683,235.26841381995473,0.13601485843522043,11.993050112,2026-01-25T21:52:20.518201
27610,0.4181854596435009,0.0011389502515077865,7.3572985382094275e-06,0.003150544362142682,0.044115738943219185,92.22960285597946,140.54121979826596,0.2482831310480833,233.07418268895708,0.13729534361471835,11.992241152,2026-01-25T21:56:13.592967
27611,0.41834568395754057,0.010699092021354772,7.353028316509065e-06,0.0026870480505749583,0.04416338063310832,91.64263601519633,138.82823394599836,0.1800841229269281,230.70497461000923,0.13870528823270406,11.993105408,2026-01-25T22:00:04.298482
27612,0.4185059082715802,0.013457851931583775,7.348759076889668e-06,0.003730847965925932,0.05270841543097049,92.9939926667139,145.18521786294878,0.18180177605245262,238.42725913005415,0.13421284175625683,12.021594112,2026-01-25T22:04:02.726336
27613,0.41866613258561985,0.01667005079921946,7.344490820500888e-06,0.003146075992844999,0.04459974018391222,92.08837322052568,140.77827574836556,0.21881957410369068,233.1419581399532,0.13725543122010953,11.993289728,2026-01-25T22:07:55.869123
27614,0.4188263568996595,0.004402569974688575,7.3402235484921066e-06,0.0035338227171450853,0.05653856904245913,91.22864342981484,138.94300316425506,0.16378803690895438,230.4019545459887,0.13888771066658956,11.992074752,2026-01-25T22:11:46.271712
27615,0.4189865812136992,6.507890741858091e-06,7.3359572620124445e-06,0.003220844897441566,0.04970007378142327,92.74679760809522,144.4743472194532,0.18207527103368193,237.46248386707157,0.1347581288584229,12.016775168,2026-01-25T22:15:43.734801
27616,0.4191468055277388,0.01891460874670159,7.331691962210756e-06,0.0030936289113014936,0.05066510825417936,93.19722437683959,144.1842038912,0.31591534602921456,237.7576409439789,0.13459083742986802,12.007252992,2026-01-25T22:19:41.493068
27617,0.4193070298417785,0.009607495399281518,7.3274276502356256e-06,0.004010498872958124,0.046582505805417895,94.23223095899448,144.71253512706608,0.21609271003399044,239.21808325592428,0.13376915141388046,12.013720064,2026-01-25T22:23:40.711818
27618,0.41946725415581815,0.006762054833084896,7.323164327235382e-06,0.002922637155279517,0.04229182889685035,93.06382557097822,141.79813377792016,0.252127006999217,235.16728652094025,0.13607334792779774,12.00811264,2026-01-25T22:27:35.879888
27619,0.4196274784698578,0.017637068407433176,7.3189019943580795e-06,0.0038071972085162997,0.04970141313970089,91.40795928193256,139.28890291997232,0.15397442504763603,230.9121936110314,0.1385808150690543,11.992999936,2026-01-25T22:31:26.792707
27620,0.41978770278389743,0.008466997654091202,7.3146406527515095e-06,0.004027314018458128,0.05035770020913333,93.3527252310887,144.62756308866665,0.22829587501473725,238.2698061070405,0.13430153204399006,12.010543104,2026-01-25T22:35:25.063313
27621,0.4199479270979371,7.78153589955366e-05,7.310380303563189e-06,0.0035180661361664534,0.05247170908842236,91.38712330895942,140.508475310402,0.20612725999671966,232.1660131770186,0.13783240519188783,12.008060416,2026-01-25T22:39:17.230080
27622,0.42010815141197677,0.007596077791800937,7.306120947940377e-06,0.002732283785007894,0.04566982202231884,92.05208957672585,145.876424448099,0.16524293599650264,238.14945695898496,0.13436940150365814,11.992985088,2026-01-25T22:43:15.380167
27623,0.42026837572601644,0.052898740122202526,7.3018625870300615e-06,0.013460796093568206,0.05038965574931353,92.32491132384166,140.37898015219253,0.2067973909433931,232.98532568395603,0.13734770593838994,11.993091072,2026-01-25T22:47:08.366450
27624,0.42042860004005606,0.010812157963965063,7.297605221978959e-06,0.003490458009764552,0.0472683310508728,92.47747406782582,143.88380184595007,0.18969087197910994,236.61159775499254,0.13524273663514785,11.992783872,2026-01-25T22:51:04.978716
27625,0.4205888243540957,0.0014745744629323099,7.293348853933526e-06,0.01266786945052445,0.05210085795260966,92.39051943214145,143.1213088008808,0.2150542630115524,235.79920296405908,0.13570868602502228,11.992153088,2026-01-25T22:55:00.778696
27626,0.4207490486681354,7.667340854189408e-05,7.289093484039946e-06,0.003145117894746363,0.04863807186484337,91.87475918314885,140.13811465085018,0.20794329594355077,232.2824297619518,0.1377633255894314,12.008813056,2026-01-25T22:58:53.061716
27627,0.42090927298217506,0.007541397953673368,7.284839113444131e-06,0.0029560152906924486,0.04972415999509394,92.15940144460183,143.65046766318846,0.2018526050960645,236.07226411008742,0.13555171388146411,12.01365248,2026-01-25T23:02:49.134591
27628,0.4210694972962147,7.142520167935373e-05,7.280585743291724e-06,0.003279837896116078,0.05305216205306351,91.64767201128416,139.75955667195376,0.20891423104330897,231.68114405393135,0.1381208649097095,11.992282112,2026-01-25T23:06:40.816337
27629,0.42122972161025435,0.00733071465942281,7.2763333747281055e-06,0.0028730498161166906,0.04777102789375931,90.9195433621062,142.2684990388807,0.19733499200083315,233.444478207035,0.1370775622785138,12.0133248,2026-01-25T23:10:34.261408
27630,0.421389945924294,0.024652035910012415,7.272082008898381e-06,0.002874652505852282,0.043339408934116364,92.16104440798517,143.22495797928423,0.2104031149065122,235.650959006045,0.13579405802112235,12.017678336,2026-01-25T23:14:29.913040
27631,0.4215501702383337,0.007619371332175717,7.2678316469473826e-06,0.002866702852770686,0.04146684834267944,94.33434521150775,143.80173297785223,0.1972857549553737,238.38413154694717,0.1342371230515314,11.993119232,2026-01-25T23:18:28.298045
27632,0.4217103945523733,0.006728197966989313,7.263582290019687e-06,0.002830607001669705,0.043847900233231485,92.89943183166906,145.0305841177469,0.18535309692379087,238.17052668496035,0.13435751453129188,11.9922688,2026-01-25T23:22:26.469292
27633,0.42187061886641297,0.01810667395054466,7.259333939259575e-06,0.0030657261377200484,0.04853656387422234,92.0404204679653,141.52441078110132,0.2660616720095277,233.8901350729866,0.13681637316603473,12.0065408,2026-01-25T23:26:20.360190
27634,0.42203084318045264,0.006690983216128821,7.25508659581108e-06,0.0029539678944274783,0.0425712337018922,94.33547531918157,139.6816765688127,0.19073478097561747,234.26357234700117,0.1365982755210453,12.015643136,2026-01-25T23:30:14.624489
27635,0.4221910674944923,0.00040889575880420637,7.250840260817954e-06,0.0029298829613253474,0.05052067385986447,91.7456960970303,141.54386994813103,0.1990503059932962,233.5516454919707,0.13701466299923856,11.99286784,2026-01-25T23:34:08.176952
27636,0.4223512918085319,0.007705393419783491,7.246594935423676e-06,0.002475258777849376,0.05038902384694666,91.45816332800314,141.59528967097867,0.22267207608092576,233.33569957700092,0.13714146638517258,12.016477184,2026-01-25T23:38:01.513272
27637,0.4225115161225716,0.0035792953568352104,7.242350620771459e-06,0.0031248299637809396,0.053083028993569314,92.47457092115656,145.47002968809102,0.2147742579691112,238.22309221699834,0.1343278676395111,12.007315968,2026-01-25T23:41:59.737058
27638,0.42267174043661127,1.719444616821164e-05,7.238107318004237e-06,0.0036172334803268313,0.051430525025352836,92.33817187184468,141.78681236691773,0.15711867704521865,234.3440719509963,0.13655135260554627,11.991978496,2026-01-25T23:45:54.081771
27639,0.42283196475065093,0.008634299673572876,7.233865028264679e-06,0.0036270718555897474,0.05663014797028154,91.13991221401375,140.7248007870512,0.1987006129929796,232.1299658829812,0.13785380908611983,12.014721536,2026-01-25T23:49:46.212378
27640,0.42299218906469055,0.007702187422788498,7.229623752695173e-06,0.003242049948312342,0.04905897378921509,92.98133663297631,140.2670644908212,0.20949241309426725,233.51880418497603,0.13703393228517907,12.006364672,2026-01-25T23:53:39.731766
27641,0.4231524133787302,2.628772308277405e-06,7.2253834924378425e-06,0.013422911171801388,0.050062422873452306,94.27656074694823,144.3895486871479,0.18972013995517045,238.92665524897166,0.13393231477942322,12.011867136,2026-01-25T23:57:38.659065
27642,0.4233126376927699,0.03014526280463503,7.221144248634527e-06,0.002987232059240341,0.052977305836975574,91.73429881420452,143.58739170595072,0.2885454320348799,235.67335324094165,0.13578115455116668,12.023995904,2026-01-26T00:01:34.333107
27643,0.42347286200680956,0.017016136804148374,7.216906022426806e-06,0.003248658264055848,0.04609857883770019,93.70010016229935,143.60715770709794,0.24705956899560988,237.61062582407612,0.1346741118542922,12.024436224,2026-01-26T00:05:31.944341
27644,0.4236330863208492,0.005822729473270449,7.212668814955969e-06,0.0037529622204601765,0.04689528269227594,93.49700636416674,143.9299587738933,0.35399692796636373,237.83809334796388,0.13454531000289804,12.025425408,2026-01-26T00:09:29.783039
27645,0.42379331063488884,0.008321556812646236,7.20843262736305e-06,0.003109133103862405,0.04852581594604999,92.16282508638687,143.1652897556778,0.187460353015922,235.57360777200665,0.1358386463689528,12.014221312,2026-01-26T00:13:25.357375
27646,0.4239535349489285,0.02908866445315894,7.204197460788787e-06,0.0029598369728773832,0.047754050116054714,92.73890997795388,142.2335590989096,0.16629967803601176,235.2021644760389,0.13605316971162476,11.995904512,2026-01-26T00:17:20.560423
27647,0.4241137592629682,0.009676665491948455,7.199963316373665e-06,0.0030737901106476784,0.04699191788677126,92.33474290405866,142.79705938673578,0.21797295904252678,235.40621946600731,0.13593523600433507,12.007050752,2026-01-26T00:21:15.967409
27648,0.4242739835770078,0.01167025876726413,7.195730195257876e-06,0.0035984672140330076,0.04643199511338025,92.67525486077648,142.39386764215305,0.2431105540599674,235.36871563992463,0.13595689602587088,12.008188416,2026-01-26T00:25:11.336904
27649,0.42443420789104747,0.02608337500549851,7.19149809858134e-06,0.003630898892879486,0.04423377593047917,92.12144639808685,139.9498073119903,0.20834240806289017,232.33580733300187,0.13773167540264292,12.008009216,2026-01-26T00:29:03.673352
27650,0.42459443220508714,0.02767371551992337,7.187267027483712e-06,0.002968195010907948,0.04839827585965395,93.0070680573117,142.25063447572757,0.16732432798016816,235.48430283693597,0.13589016174109406,12.01877248,2026-01-26T00:32:59.158440
27651,0.42475465651912675,0.007786406484971309,7.183036983104357e-06,0.00256336631719023,0.04573527886532247,91.80879031599034,142.67257446516305,0.19122281298041344,234.72782329807524,0.1363281078075008,11.993201664,2026-01-26T00:36:53.886857
27652,0.4249148808331664,0.017572708735828613,7.178807966582372e-06,0.0027274510357528925,0.050099345156922936,94.56950376799796,144.24449347192422,0.17279825697187334,239.05032264697365,0.1338630278581852,12.0240512,2026-01-26T00:40:52.937973
27653,0.4250751051472061,0.00892367869485522,7.1745799790565795e-06,0.0027784418780356646,0.04059477825649083,92.70477717893664,140.3139073451748,0.1931614539353177,233.26245643896982,0.1371845280570146,11.992861696,2026-01-26T00:44:46.201271
27654,0.42523532946124576,0.04980224101631947,7.170353021665515e-06,0.0031327157048508525,0.04795668518636376,93.0560779949883,142.45066027797293,0.1739569950150326,235.74268063006457,0.13574122392463794,12.016915968,2026-01-26T00:48:41.954891
27655,0.4253955537752854,0.007310324815192004,7.1661270955474395e-06,0.0025930971605703235,0.049169510952197015,92.9778271811083,143.0061999297468,0.16741228091996163,236.21218158700503,0.1354714214356185,12.018648576,2026-01-26T00:52:38.167921
27656,0.42555577808932504,0.03206043858821506,7.161902201840347e-06,0.0027262497460469604,0.05122656293679029,92.10819996113423,143.4779602556955,0.17638837196864188,235.82552180602215,0.1356935405249375,12.007956992,2026-01-26T00:56:33.994278
27657,0.4257160024033647,0.009935482787139627,7.157678341681937e-06,0.012917956802994013,0.05583136493805796,93.49846083379816,142.78934517607559,0.1780679359799251,236.54623465496115,0.13528010727660447,11.991995392,2026-01-26T01:00:30.541580
27658,0.4258762267174044,0.0011337740963837106,7.153455516209642e-06,0.0024548079818487167,0.05102376569993794,92.56123866839334,144.65751135081518,0.19857715698890388,237.477277406957,0.13474973416156633,11.992804352,2026-01-26T01:04:28.019654
27659,0.426036451031444,5.1630652338374716e-05,7.14923372656062e-06,0.0027034831000491977,0.050598615081980824,92.68630503804889,140.31505268171895,0.20746719499584287,233.27220365894027,0.13717879583624187,12.006245888,2026-01-26T01:08:21.292618
27660,0.42619667534548367,3.350632346688087e-06,7.145012973871727e-06,0.003090523066930473,0.048087308765389025,92.5774286481319,143.6535719879903,0.18919808405917138,236.47963693691418,0.13531820504501477,12.012076032,2026-01-26T01:12:17.773115
27661,0.42635689965952334,0.012952874575509199,7.140793259279567e-06,0.0027087958296760917,0.05330307316035032,92.64664862165228,142.91433360415976,0.19165739207528532,235.81629204307683,0.13569885152021016,12.01152,2026-01-26T01:16:13.590016
27662,0.426517123973563,0.0009244454123429335,7.136574583920453e-06,0.0029459913494065404,0.05123364634346217,93.58206641499419,146.09751518582925,0.21991355100180954,239.96084832504857,0.13335508781271319,11.995965952,2026-01-26T01:20:13.551650
27663,0.4266773482876026,0.005148283053780567,7.132356948930412e-06,0.0026753379497677088,0.046235702000558376,92.20067165407818,143.30049598193727,0.16697724594268948,235.72325678006746,0.135752409147547,12.008844288,2026-01-26T01:24:09.275605
27664,0.4268375726016423,0.03303071225941778,7.1281403554452034e-06,0.002719817915931344,0.048318749060854316,92.93382767389994,143.3379601323977,0.17963493010029197,236.5105319590075,0.13530052862739453,12.00391936,2026-01-26T01:28:05.786743
27665,0.42699779691568196,0.01754783852302655,7.1239248046002985e-06,0.0030014986405149102,0.05003322311677039,92.86377512267791,144.55795985099394,0.2021334000164643,237.6843891730532,0.1346323168775777,12.016078336,2026-01-26T01:32:03.471714
27666,0.42715802122972163,0.030249960610468918,7.119710297530882e-06,0.002827349933795631,0.048184158746153116,92.18381304491777,139.6296156771714,0.21593637601472437,232.08801117900293,0.1378787290107773,12.01021952,2026-01-26T01:35:55.560635
27667,0.42731824554376124,0.003632549605935509,7.115496835371871e-06,0.0031968032708391547,0.052539627882651985,91.67876259575132,139.83173170604277,0.2210202250862494,231.79614773299545,0.13805233742219306,12.007480832,2026-01-26T01:39:47.357446
27668,0.4274784698578009,0.002268104520831038,7.111284419257898e-06,0.002955433796159923,0.052480195998214185,92.30441711179446,139.44286663411185,0.2849719150690362,232.09773817297537,0.13787295064526384,12.00928512,2026-01-26T01:43:39.455800
27669,0.4276386941718406,0.0011877871038663557,7.107073050323302e-06,0.0028074769070371985,0.04795672476757318,92.29557215899695,141.2457897166023,0.22542935295496136,233.82401040301193,0.13685506439157286,11.99319552,2026-01-26T01:47:33.280425
27670,0.42779891848588025,0.0003059626779613467,7.102862729702157e-06,0.0028782928129658103,0.042841946822591126,92.19969706970733,143.16512208338827,0.1832503069890663,235.6026748919394,0.13582188748356527,12.013367808,2026-01-26T01:51:28.883776
27671,0.42795914279991987,0.008842106631843372,7.098653458528244e-06,0.0031761619029566646,0.044828179059550166,92.85553653491661,143.530202157679,0.20645894797053188,236.6487731860252,0.1352214911963452,12.01758208,2026-01-26T01:55:25.533239
27672,0.42811936711395954,0.034832662020503946,7.094445237935057e-06,0.0026516300858929753,0.04873324395157397,91.88756821176503,142.17754633305594,0.21027328702621162,234.33687294006813,0.1365555475692638,12.015337984,2026-01-26T01:59:19.870945
27673,0.4282795914279992,3.577389193765157e-06,7.090238069055823e-06,0.013039463781751692,0.04698570026084781,94.5844663749449,140.40198532585055,0.1646472909487784,235.21888965193648,0.13604349568757754,11.993121792,2026-01-26T02:03:15.090556
27674,0.4284398157420389,0.006411507801131755,7.086031953023469e-06,0.0028227027505636215,0.04856594430748373,92.47066275193356,141.2902394440025,0.17857122293207794,233.99905755196232,0.13675268753120517,12.010236928,2026-01-26T02:07:09.090241
27675,0.4286000400560785,1.0535341449013913e-05,7.08182689097065e-06,0.013255063211545348,0.0474380498053506,93.07091431994922,140.8544931228971,0.16678098600823432,234.15925711707678,0.13665912846657347,11.993856,2026-01-26T02:11:03.250291
27676,0.42876026437011816,0.013765474476340245,7.077622884029736e-06,0.003109903074800968,0.0562732107937336,92.56420509482268,142.77455428324174,0.14929505402687937,235.55509719403926,0.13584932094948426,12.01623296,2026-01-26T02:14:58.805973
27677,0.42892048868415783,0.014854885012654861,7.073419933332809e-06,0.0028304130537435412,0.05016960098873824,91.51296463911422,138.26475214469247,0.21529627603013068,230.0529461930273,0.13909841421091912,11.993494528,2026-01-26T02:18:48.859798
27678,0.4290807129981975,5.612555900036398e-06,7.0692180400116605e-06,0.0027621835470199585,0.05343138996977359,91.58071685198229,141.38833802635781,0.17122880299575627,233.20306538802106,0.1372194655621527,12.012952064,2026-01-26T02:22:42.063516
27679,0.4292409373122371,0.0019603304779147734,7.065017205197814e-06,0.0033022583229467273,0.04555946809705347,90.46868657472078,139.53605727816466,0.18347812700085342,230.24554537807126,0.1389820591206439,12.007673344,2026-01-26T02:26:32.309753
27680,0.4294011616262768,0.0020248823677579963,7.06081743002249e-06,0.003569407854229212,0.05115434795152396,90.52105778397527,140.95674537401646,0.19039993302430958,231.72937449696474,0.13809211745151087,11.993086976,2026-01-26T02:30:24.039813
27681,0.42956138594031645,0.017629681856730528,7.056618715616642e-06,0.0030034061055630445,0.04877032106742263,94.12742662394885,145.33238364290446,0.15821966901421547,239.67771957605146,0.13351261876407403,12.016750592,2026-01-26T02:34:23.718157
27682,0.4297216102543561,0.03171772208215984,7.052421063110918e-06,0.0028974851593375206,0.03923450305592269,93.1126666679047,142.3198867442552,0.21042625489644706,235.69247690599877,0.13577013751169734,12.012611584,2026-01-26T02:38:19.411235
27683,0.42988183456839574,0.003291266310954555,7.048224473635698e-06,0.0025862539187073708,0.05098690802697092,91.6034320788458,142.83578796917573,0.20018218993209302,234.69934525492135,0.13634464964204668,11.992085504,2026-01-26T02:42:14.111358
27684,0.4300420588824354,0.005101899447552682,7.04402894832106e-06,0.003817132906988263,0.04919779277406633,90.3497472879244,140.29937193740625,0.17743378703016788,230.88784420804586,0.13859542978436662,12.015202816,2026-01-26T02:46:04.999789
27685,0.4302022831964751,0.021562790373033103,7.039834488296811e-06,0.003122307127341628,0.05073685513343662,92.02157383295707,140.13365042814985,0.2004526249365881,232.41825769399293,0.13768281510023156,11.99301632,2026-01-26T02:49:57.418766
27686,0.43036250751051475,0.0037216971553233336,7.0356410946924564e-06,0.0029301649192348123,0.047423711279407144,92.5174280818319,141.42332589696161,0.21066881506703794,234.20933725195937,0.13662990713976025,11.992454144,2026-01-26T02:53:51.628803
27687,0.43052273182455436,0.01691630598856353,7.031448768637227e-06,0.0032096111681312323,0.0445108232088387,91.05491800082382,140.44199756497983,0.24173807597253472,231.79435408394784,0.13805340568567392,11.992101888,2026-01-26T02:57:43.423752
27688,0.43068295613859403,0.0007369678702167093,7.02725751126006e-06,0.003203708794899285,0.04965898988302797,91.72223836102057,142.25242296105716,0.18940701195970178,234.2235251510283,0.13662163089453233,12.011968512,2026-01-26T03:01:37.647897
27689,0.4308431804526337,0.0072753076517280135,7.023067323689598e-06,0.012786769890226424,0.04267990472726524,91.53031275910325,140.46533097489737,0.24278231896460056,232.30118931503966,0.13775220047023776,11.993837568,2026-01-26T03:05:29.949681
27690,0.43100340476667337,0.01628856426173364,7.0188782070542085e-06,0.003008620929904282,0.04794199799653143,91.11856369592715,138.4155985681573,0.1603974140016362,229.75391050300095,0.1392794574418442,12.010411008,2026-01-26T03:09:19.704212
27691,0.431163629080713,0.001782390776480014,7.014690162481967e-06,0.013076247763819993,0.044225201942026615,92.14441179309506,139.83863066171762,0.20809047494549304,232.2557741679484,0.1377791364483374,11.992034304,2026-01-26T03:13:11.960904
27692,0.43132385339475265,0.007181212416488947,7.010503191100656e-06,0.003349614911712706,0.05149014701601118,92.3119224262191,138.43775770580396,0.18340710701886564,230.99532552005257,0.1385309418186564,11.992454144,2026-01-26T03:17:02.956838
27693,0.4314840777087923,0.010657344575798255,7.006317294037768e-06,0.0027495977701619267,0.04699006967712194,92.24862285121344,141.3972376550082,0.2025917050195858,233.90593124495354,0.1368071336613034,12.015038976,2026-01-26T03:20:56.863561
27694,0.43164430202283194,0.011606281263087048,7.002132472420515e-06,0.002973149996250868,0.04727599292527884,91.11795204365626,137.43048441014253,0.254188856924884,228.86178001901135,0.1398223853600273,11.992103936,2026-01-26T03:24:45.726111
27695,0.4318045263368716,0.0062576057133796326,6.997948727375807e-06,0.002881866879761219,0.048406184068880975,92.76461006596219,144.5700831890572,0.19817625603172928,237.59167222201359,0.1346848553264869,12.017220608,2026-01-26T03:28:43.318381
27696,0.4319647506509113,3.200432757566318e-05,6.993766060030276e-06,0.003468909999355674,0.04415164631791413,92.74618917494081,142.15805246890523,0.21416362503077835,235.17418803891633,0.13606935466363632,12.006106624,2026-01-26T03:32:38.493321
27697,0.43212497496495095,0.0027043903778940503,6.98958447151026e-06,0.0028493570862337947,0.04756621678825468,92.81572693714406,142.16485149087384,0.2085562130669132,235.24706282501575,0.13602720312730374,11.992904704,2026-01-26T03:36:33.741005
27698,0.43228519927899056,0.01281352122438939,6.985403962941804e-06,0.0032747030491009355,0.04664381197653711,91.41749198792968,140.14976901223417,0.2725746559444815,231.89768959698267,0.13799188795547349,11.992027136,2026-01-26T03:40:25.639308
27699,0.43244542359303023,0.0056964560125249974,6.981224535450657e-06,0.0027449571061879396,0.04978582379408181,91.2281267719809,141.6323553720722,0.17791649606078863,233.0996842130553,0.13728032325754547,12.023332864,2026-01-26T03:44:18.739609
27700,0.4326056479070699,0.014958033297705953,6.977046190162293e-06,0.0032286399509757757,0.048452089074999094,91.82240866497159,141.86980419792235,0.2012084861053154,233.95449485606514,0.13677873562415302,12.029162496,2026-01-26T03:48:12.694688
27701,0.43276587222110957,0.025010352671340996,6.972868928201876e-06,0.0029945240821689367,0.05256465915590525,92.89914210001007,145.66962555982172,0.15303248004056513,238.78721890505403,0.13401052261814633,12.01372928,2026-01-26T03:52:11.482535
27702,0.4329260965351492,0.002886425147146099,6.968692750694294e-06,0.0030489539494737983,0.05064970126841217,90.5038091490278,136.97304318414535,0.2740483459783718,227.81300430896226,0.1404660813682141,12.014846464,2026-01-26T03:55:59.296370
27703,0.43308632084918885,0.026859614969838574,6.964517658764134e-06,0.0034773910883814096,0.05288347299210727,92.2600630549714,139.67096457188018,0.18126999400556087,232.17597809399012,0.1378264894701797,11.992617984,2026-01-26T03:59:51.473026
27704,0.4332465451632285,0.0004736765920032582,6.960343653535688e-06,0.004424081067554653,0.048765678657218814,91.95074003725313,142.0746037758654,0.18057517800480127,234.26852715504356,0.1365953864507876,11.992208896,2026-01-26T04:03:45.742187
27705,0.4334067694772682,0.02469513547357227,6.956170736132965e-06,0.012998164747841656,0.05044097173959017,89.96730376011692,136.45524561707862,0.21009248693007976,226.70334975095466,0.14115362668947615,12.010503168,2026-01-26T04:07:32.446457
27706,0.4335669937913078,0.00586856796670876,6.951998907679677e-06,0.0029593242798000574,0.04359641997143626,90.54314531793352,137.80187932017725,0.1898809940321371,228.59078778198455,0.1399881434877401,11.99300096,2026-01-26T04:11:21.037835
27707,0.4337272181053475,0.005517147852469151,6.947828169299239e-06,0.0027153370901942253,0.04383844090625644,92.44304501800798,141.80819124693517,0.19950098206754774,234.50441863702144,0.13645798312027255,11.99196672,2026-01-26T04:15:15.542833
27708,0.43388744241938715,0.025516460912642813,6.943658522114778e-06,0.0030410238541662693,0.04399285314138979,91.70461400505155,141.36530250194483,0.2180178959388286,233.3412881459808,0.13713818182052917,12.025931264,2026-01-26T04:19:08.884709
27709,0.4340476667334268,0.02564906355669816,6.939489967249124e-06,0.0027678492479026318,0.046930507058277726,92.50569099187851,142.3261735290289,0.17348024004604667,235.0623679800192,0.1361340833710995,12.033360896,2026-01-26T04:23:03.947662
27710,0.43420789104746643,0.00847702662775962,6.9353225058248095e-06,0.0030687060207128525,0.048785691149532795,91.3444151119329,138.93358054279815,0.2323256799718365,230.57087398902513,0.1387859595896885,12.006301184,2026-01-26T04:26:54.519271
27711,0.4343681153615061,0.01835010465440856,6.9311561389640825e-06,0.004081268212758005,0.06542078603524715,91.09342559205834,138.3973577619763,0.18556252401322126,229.75244998396374,0.1392803428308753,11.991963648,2026-01-26T04:30:44.272340
27712,0.43452833967554577,0.0016456700650797629,6.926990867788882e-06,0.004710825975053012,0.05035739846061915,89.15207018679939,134.0607700626133,0.24916435696650296,223.52412804902997,0.1431612787366776,12.006522368,2026-01-26T04:34:27.797245
27713,0.43468856398958544,0.004168234566007456,6.922826693420866e-06,0.0035634589148685336,0.04795145394746214,90.8982104511233,138.32642809988465,0.27010253397747874,229.55357195192482,0.13940101096184088,12.014424576,2026-01-26T04:38:17.351512
27714,0.43484878830362506,0.0008610349004927187,6.918663616981394e-06,0.002910254872404039,0.04726131691131741,90.5319230009336,137.73177718010265,0.24245127907488495,228.56424226704985,0.14000440174982334,11.992822784,2026-01-26T04:42:05.916391
27715,0.4350090126176647,0.012788195090438492,6.914501639591524e-06,0.0026917392387986183,0.04749982326757163,90.08497750770766,136.16174763033632,0.22905033302959055,226.53374531294685,0.14125930755169983,11.992388096,2026-01-26T04:45:52.450734
27716,0.4351692369317044,0.012256013551542821,6.910340762372016e-06,0.002712988294661045,0.046679416904225945,89.68083934905007,135.58947339712176,0.1867857889737934,225.51543632394169,0.14189716021937226,11.992011776,2026-01-26T04:49:37.966651
27717,0.43532946124574406,0.03163106219565037,6.906180986443349e-06,0.002918172162026167,0.05039312818553299,90.94739913591184,137.87385713495314,0.18843138904776424,229.07031366601586,0.13969509836467045,12.031778304,2026-01-26T04:53:27.037641
27718,0.4354896855597837,0.007650557772198141,6.902022312925684e-06,0.0028208460425958037,0.04301377886440605,90.91568956105039,138.3256133890245,0.2143605099990964,229.5107770540053,0.1394270038677539,12.022104064,2026-01-26T04:57:16.549191
27719,0.43564990987382335,0.006242146832944329,6.897864742938904e-06,0.002804537187330425,0.051788243697956204,91.11887395207305,136.14757070783526,0.30184215994086117,227.6304938000394,0.14057870483780702,12.006860288,2026-01-26T05:01:04.180357
27720,0.435810134187863,0.0005528220067523293,6.893708277602588e-06,0.0040654047625139356,0.05123589979484677,92.26610941532999,137.4206574106356,0.3026280670892447,230.05357387498952,0.13909803469251344,11.99196672,2026-01-26T05:04:54.234654
27721,0.4359703585019027,0.004344976872934225,6.889552918036015e-06,0.014464436331763864,0.04297198262065649,92.53550965723116,144.5251251120353,0.19858610595110804,237.325629391009,0.13483583750357606,11.992751104,2026-01-26T05:08:51.560913
27722,0.4361305828159423,0.016691019419954323,6.8853986653581635e-06,0.003022652119398117,0.05307111924048513,91.97709870804101,142.6353143620072,0.20890008506830782,234.88662590598688,0.13623593883462726,12.017831936,2026-01-26T05:12:46.448327
27723,0.436290807129982,8.770584770445566e-06,6.8812455206877275e-06,0.0032707799691706896,0.049677754868753254,91.23880212928634,137.9800183250336,0.16779526695609093,229.4512060340494,0.1394632024520776,11.993224192,2026-01-26T05:16:35.900125
27724,0.43645103144402164,4.711092049802801e-06,6.877093485143084e-06,0.004262656671926379,0.05001699517015368,93.30071622482501,142.62101986224297,0.21486352302599698,236.19845166103914,0.13547929622300056,12.008246784,2026-01-26T05:20:32.099200
27725,0.4366112557580613,0.014319054512638374,6.872942559842329e-06,0.0032225896138697863,0.04779381793923676,92.30090880999342,140.31794318184257,0.19060738198459148,232.8681125320727,0.1374168393089572,11.993156608,2026-01-26T05:24:24.967841
27726,0.4367714800721009,0.0072344180847725426,6.868792745903249e-06,0.003144412999972701,0.048309151199646294,91.92074372514617,143.68289047991857,0.17309793701861054,235.83490019803867,0.1356881444312462,12.010411008,2026-01-26T05:28:20.803423
27727,0.4369317043861406,0.029176430793504515,6.864644044443328e-06,0.0031708957394585013,0.05060382978990674,92.79519341513515,144.3486322389217,0.1948823219863698,237.39896440901794,0.134794185305993,12.0118016,2026-01-26T05:32:18.202980
27728,0.43709192870018027,0.010614186166071349,6.860496456579761e-06,0.002732649096287787,0.04737995902542025,90.65827141795307,138.20090731373057,0.18438131699804217,229.0999558189651,0.13967702388073097,12.011480064,2026-01-26T05:36:07.303600
27729,0.43725215301421994,0.019852935956775397,6.856349983429441e-06,0.002931741066277027,0.04225467483047396,95.39480373635888,145.18328942672815,0.15633542905561626,240.79044070106465,0.1328956411510007,12.011653632,2026-01-26T05:40:08.094634
27730,0.43741237732825955,7.081868061753482e-06,6.852204626108953e-06,0.0028435797430574894,0.05380418128333986,91.07475299190264,139.2017720717704,0.18183000397402793,230.5217190629337,0.13881555338941326,11.99236608,2026-01-26T05:43:58.616956
27731,0.4375726016422992,0.01262773848551646,6.848060385734591e-06,0.002624909160658717,0.04416425188537687,92.27223515417427,142.21781251882203,0.16027597908396274,234.70323680597357,0.13634238894819345,11.992921088,2026-01-26T05:47:53.320781
27732,0.4377328259563389,0.0005311673623493718,6.843917263422343e-06,0.003282636869698763,0.041813412914052606,92.3137482390739,143.34841741796117,0.17208804795518517,235.88988775201142,0.1356565145922714,12.018527744,2026-01-26T05:51:49.211277
27733,0.4378930502703785,1.5485397197423367e-05,6.83977526028789e-06,0.0026494840858504176,0.05720266012940556,93.06547317432705,144.79684528289363,0.17245427309535444,238.10171821597032,0.13439634220100158,12.014672384,2026-01-26T05:55:47.313597
27734,0.4380532745844182,2.8124797319506456e-05,6.835634377446625e-06,0.0028842538595199585,0.053048242698423564,92.03744384320453,142.15641338180285,0.15533021604642272,234.41186719597317,0.13651186001281812,11.992364032,2026-01-26T05:59:41.726161
27735,0.43821349889845784,0.012606186217279713,6.831494616013635e-06,0.0029061741661280394,0.05044594290666282,90.94825421797577,140.24897424015217,0.16263647098094225,231.4218838349916,0.13827560068959008,12.010650624,2026-01-26T06:03:33.148633
27736,0.4383737232124975,0.011184354920299455,6.827355977103699e-06,0.003244411083869636,0.05006461881566793,90.6383626293391,136.95913982589263,0.2214657530421391,227.88066574500408,0.14042437472869085,11.992962048,2026-01-26T06:07:21.029930
27737,0.4385339475265371,0.0004668134182468364,6.823218461831293e-06,0.013609746005386114,0.048196565243415534,91.56150283163879,140.9522854683455,0.19127261196263134,232.77345469407737,0.13747272016929943,12.01695744,2026-01-26T06:11:13.804013
27738,0.4386941718405768,0.035957816775986196,6.819082071310602e-06,0.0028940775664523244,0.04555826587602496,92.98242434614804,142.64698549394961,0.16167565598152578,235.8477001650026,0.13568078034092473,11.99276544,2026-01-26T06:15:09.652364
27739,0.43885439615461647,0.027032473867357965,6.814946806655497e-06,0.013152125757187605,0.04199459601659328,90.89498582482338,142.23074556305073,0.15990050905384123,233.3481859130552,0.13713412801899003,12.011078656,2026-01-26T06:19:03.001301
27740,0.43901462046865614,0.035595593450949536,6.810812668979554e-06,0.0028469879180192947,0.0512782969744876,93.0736531886505,142.8144003301859,0.14926828793250024,236.10117015999276,0.13553511817969968,12.010097664,2026-01-26T06:22:59.103092
27741,0.43917484478269575,0.014947265209576344,6.806679659396033e-06,0.0028102538781240582,0.047726872842758894,91.40105257590767,141.58200865099207,0.2201299429871142,233.26197631598916,0.1371848104238433,11.991962624,2026-01-26T06:26:52.365727
27742,0.4393350690967354,0.012422762571089763,6.802547779017908e-06,0.002877370687201619,0.04363891191314906,92.31774596485775,144.0035355052678,0.2504361179890111,236.6247128949035,0.13523524068347312,12.021669888,2026-01-26T06:30:48.991127
27743,0.4394952934107751,0.004907942983097158,6.798417028957833e-06,0.0031212758040055633,0.050022699986584485,91.77485659020022,140.55049773992505,0.19869148603174835,232.58572047296911,0.13758368284573605,12.008049664,2026-01-26T06:34:41.577567
27744,0.43965551772481476,0.01272973080959705,6.794287410328169e-06,0.002709671971388161,0.04611609410494566,94.20364826195873,144.31289369403385,0.17297743307426572,238.74557680799626,0.13403389678601255,12.012118016,2026-01-26T06:38:40.323731
27745,0.4398157420388544,0.003357904715064919,6.790158924240962e-06,0.0027340621454641223,0.05221831297967583,90.53731998393778,139.5813356069848,0.19451298203784972,230.3767014539335,0.13890293505395454,11.992306688,2026-01-26T06:42:30.701017
27746,0.43997596635289404,0.018824212409451313,6.786031571807963e-06,0.0035774741554632783,0.04947270802222192,92.14478377904743,142.9183358460432,0.1708819530904293,235.29524802602828,0.13599934664409444,12.031924736,2026-01-26T06:46:25.997155
27747,0.4401361906669337,0.0036020601168953448,6.781905354140612e-06,0.0035132680786773562,0.04564512020442635,91.89103157329373,140.6751337707974,0.20191712502855808,232.82425919594243,0.13744272229411086,12.011776,2026-01-26T06:50:18.822252
27748,0.4402964149809734,0.002390237256314265,6.777780272350039e-06,0.0030659360345453024,0.04892085772007704,90.27133092307486,137.21478003601078,0.19848558004014194,227.7442274800269,0.14050850093579823,11.992781824,2026-01-26T06:54:06.567061
27749,0.440456639295013,0.0029821655357640253,6.773656327547082e-06,0.0028669738676398993,0.050798251875676215,91.98892730474472,140.4771751484368,0.22399308998137712,232.75213661591988,0.13748531147881737,12.007350784,2026-01-26T06:57:59.319815
27750,0.44061686360905267,6.255981459091231e-06,6.769533520842258e-06,0.002766060992144048,0.04768906987737864,90.33043723017909,136.87390262214467,0.170668178005144,227.43475296196993,0.14069969335491492,12.011674624,2026-01-26T07:01:46.755481
27751,0.44077708792309234,0.004949982366158956,6.765411853345786e-06,0.003611517953686416,0.04628071002662182,91.21196228894405,138.7359146241797,0.19523154897615314,230.20114679296967,0.13900886440317803,12.01572608,2026-01-26T07:05:36.957438
27752,0.440937312237132,0.009930456609047233,6.761291326167582e-06,0.002987293992191553,0.04700813291128725,90.59383785293903,137.51980281295255,0.16351885499898344,228.3336404489819,0.1401457969008731,12.002858496,2026-01-26T07:09:25.291848
27753,0.4410975365511716,0.012498355213498513,6.757171940417243e-06,0.013207947951741517,0.05091932008508593,90.35991084214766,137.16102797572967,0.2410676860017702,227.83337410690729,0.14045352277925927,12.009337856,2026-01-26T07:13:13.125811
27754,0.4412577608652113,0.006577976930548957,6.753053697204063e-06,0.00403257820289582,0.04887503036297858,91.40811557078268,139.71661324508023,0.2124496849719435,231.39848555193748,0.13828958268103092,12.018697728,2026-01-26T07:17:04.524881
27755,0.44141798517925096,0.008327711574827923,6.748936597637036e-06,0.0030012133065611124,0.05061428982298821,92.24587522807997,141.41909423971083,0.179325605975464,233.90651275601704,0.13680679354737987,12.005559808,2026-01-26T07:20:58.432306
27756,0.44157820949329063,0.016478666648830576,6.744820642824836e-06,0.003049595863558352,0.04431868565734476,93.78642149909865,140.99244489113335,0.20835429104045033,235.04247472505085,0.13614560533126244,12.014088704,2026-01-26T07:24:53.475517
27757,0.44173843380733024,0.004758897253954508,6.740705833875838e-06,0.00289185275323689,0.04423014319036156,92.6263372655958,141.1430825891439,0.21999900799710304,234.04579110909253,0.13672538116733013,11.993607168,2026-01-26T07:28:47.521936
27758,0.4418986581213699,0.004593371705861493,6.736592171898113e-06,0.002729435102082789,0.04494978301227093,91.2518673571758,140.33140512101818,0.19281611300539225,231.83128435607068,0.13803141404699748,12.014334464,2026-01-26T07:32:39.364472
27759,0.4420588824354096,0.005458630843404144,6.7324796579994e-06,0.003445554175414145,0.049067159881815314,91.30692464043386,140.0245068668155,0.1748934129718691,231.56621894310229,0.13818941357704106,12.011143168,2026-01-26T07:36:30.931289
27760,0.44221910674944925,0.02320018073333685,6.728368293287153e-06,0.00399179442320019,0.050905857933685184,93.25808571104426,144.0969206042355,0.18621445796452463,237.604868541006,0.1346773750743976,12.011252736,2026-01-26T07:40:28.536912
27761,0.44237933106348887,0.005986079292444657,6.72425807886851e-06,0.0037900650640949607,0.04842701286543161,92.8271622392349,144.53605772112496,0.18528824800159782,237.61098458094057,0.1346739085166301,12.017805312,2026-01-26T07:44:26.148699
27762,0.44253955537752854,0.009938289740488493,6.720149015850291e-06,0.003402061644010246,0.049328954075463116,92.88772455404978,140.19127127621323,0.1955339900450781,233.33471341396216,0.13714204599822394,12.017876992,2026-01-26T07:48:19.484326
27763,0.4426997796915682,0.00033375316817707557,6.716041105339018e-06,0.0027852539205923676,0.04703574627637863,92.01842951006256,143.19725819013547,0.236434917896986,235.509189178003,0.1358758021786305,12.013761024,2026-01-26T07:52:15.004172
27764,0.4428600040056079,2.0824169045141616e-05,6.711934348440895e-06,0.0031763920560479164,0.04506880382541567,90.35645213525277,142.0004258279223,0.18685728206764907,232.59924198302906,0.13757568480096247,11.993170944,2026-01-26T07:56:07.604247
27765,0.4430202283196475,0.0029236479310075225,6.707828746261812e-06,0.0027301788795739412,0.04980614082887769,92.36292471317574,142.6417543075513,0.16078353498596698,235.2278010030277,0.1360383418267304,12.010677248,2026-01-26T08:00:02.832629
27766,0.44318045263368716,2.401758663950204e-06,6.703724299907356e-06,0.0038789670215919614,0.04443553520832211,92.0965465469053,142.94472218165174,0.20748049695976079,235.30577186204027,0.13599326419736782,11.992070656,2026-01-26T08:03:58.139138
27767,0.44334067694772683,0.010368963918484297,6.6996210104828045e-06,0.0029555371729657054,0.04465083382092416,91.7672403762117,140.25475816591643,0.157099338946864,232.23424859996885,0.13779190706329045,11.992454144,2026-01-26T08:07:50.374023
27768,0.4435009012617665,0.013811404476599343,6.695518879093111e-06,0.0032928972505033016,0.04863852867856622,90.1348213822348,139.05671234498732,0.1690268189413473,229.4210537970066,0.1394815317530266,12.009133056,2026-01-26T08:11:39.795834
27769,0.4436611255758061,0.031520897782042034,6.691417906842932e-06,0.013196807005442679,0.0434631317621097,92.5179795952281,144.9706678010989,0.21171892003621906,237.76394766697194,0.1345872673884997,12.014884352,2026-01-26T08:15:37.560417
27770,0.4438213498898458,0.040993597606876264,6.687318094836603e-06,0.003853700472973287,0.050761407939717174,92.45605751220137,145.53120373294223,0.17660036601591855,238.22584860096686,0.13432631340354947,12.008311296,2026-01-26T08:19:35.787189
27771,0.44398157420388545,0.1300318997416232,6.683219444178144e-06,0.00305788719560951,0.04309469077270478,92.82168336014729,143.65848086914048,0.21156241197604686,236.74631137598772,0.13516578067896198,12.007726592,2026-01-26T08:23:32.534101
27772,0.44414179851792507,6.925480073860513e-06,6.679121955971271e-06,0.002753069973550737,0.043511339696124196,91.98954240814783,143.81783170299605,0.23136201198212802,236.09135258197784,0.13554075424634057,12.01734656,2026-01-26T08:27:28.636075
27773,0.44430202283196474,0.020698567793360212,6.675025631319385e-06,0.0031574724707752466,0.043393408064730465,92.27665979217272,141.8155720041832,0.2264800270786509,234.37289590900764,0.13653455906617976,12.00832256,2026-01-26T08:31:23.009619
27774,0.4444622471460044,0.05170517682523901,6.670930471325566e-06,0.0026973570929840207,0.047360421158373356,91.7003893138608,141.1616017660126,0.37916955503169447,233.30196233897004,0.13716129808418168,11.992900608,2026-01-26T08:35:16.312289
27775,0.4446224714600441,0.0037254687355359195,6.666836477092592e-06,0.00357043428812176,0.048780316836200655,94.40376296022441,147.6172422679374,0.22373501397669315,242.303954566014,0.13206552925359633,12.007632384,2026-01-26T08:39:18.616843
27776,0.4447826957740837,0.01731114892459651,6.66274364972292e-06,0.0026313859270885587,0.047214195830747485,93.03045540803578,146.9287155320635,0.15562907804269344,240.17236922704615,0.13323764137809252,12.005955072,2026-01-26T08:43:18.790134
27777,0.44494292008812336,0.02198930523391951,6.658651990318689e-06,0.0029877920169383287,0.04923422203864902,91.99220722413156,142.97731566580478,0.17393922293558717,235.2076044610003,0.1360500230140557,12.013875712,2026-01-26T08:47:13.998635
27778,0.44510314440216303,0.00685098623994751,6.654561499981735e-06,0.0031359847635030746,0.04442307690624148,92.66772073914763,143.6136827430455,0.18761066894512624,236.5230837430572,0.13529334851207442,12.006282752,2026-01-26T08:51:10.522612
27779,0.4452633687162027,0.00024324583104551323,6.650472179813566e-06,0.013067894149571657,0.04797265015076846,91.62001364596654,142.3618470778456,0.1836626959266141,234.2385656250408,0.13661285841044746,12.015585792,2026-01-26T08:55:04.761769
27780,0.4454235930302423,0.028931639952723742,6.64638403091539e-06,0.0025541380746290088,0.04066215199418366,91.87638286687434,143.85057925700676,0.2135583870112896,235.99066475010477,0.13559858409605074,12.005623296,2026-01-26T08:59:00.753156
27781,0.445583817344282,0.007497835738169201,6.642297054388082e-06,0.00325335084926337,0.04284937307238579,92.72176921204664,144.53365142282564,0.19327053695451468,237.5012157179881,0.134736152416151,12.011629568,2026-01-26T09:02:58.255127
27782,0.44574404165832165,0.026326864675040085,6.638211251332218e-06,0.003619592054747045,0.03968621219974011,92.29675310384482,142.10959336790256,0.16012975596822798,234.61724024708383,0.13639236386166528,12.008164864,2026-01-26T09:06:52.873053
27783,0.4459042659723613,0.0029859145680610766,6.634126622848044e-06,0.0025869839591905475,0.046352548990398645,91.46352911600843,141.644863165915,0.31211474910378456,233.47632942104246,0.1370588619383869,12.006923264,2026-01-26T09:10:46.350017
27784,0.44606449028640094,0.02351220707203394,6.630043170035504e-06,0.0030931971268728375,0.054732230375520885,92.77573086984921,145.13143589580432,0.2419015549821779,238.21420762105845,0.13433287762123874,12.002041344,2026-01-26T09:14:44.564882
27785,0.4462247146004406,0.006153853190631331,6.625960893994208e-06,0.0031652278266847134,0.0471679768525064,89.73066252015997,137.6756611847086,0.1991943959146738,227.6630343280267,0.1405586115218557,11.99292928,2026-01-26T09:18:32.228702
27786,0.4463849389144803,2.725054248031711e-06,6.621879795823468e-06,0.0029960450483486056,0.047411934938281775,92.42935740714893,144.66160152177326,0.19749911897815764,237.34553316398524,0.13482453018355633,12.013931008,2026-01-26T09:22:29.585385
27787,0.44654516322851995,3.6823183625855904e-05,6.617799876622264e-06,0.013616429991088808,0.04406079032924026,91.73965766502079,142.9160135895945,0.2596170320175588,234.97998992097564,0.13618180854787543,12.007808512,2026-01-26T09:26:24.566064
27788,0.44670538754255956,0.013487601928771298,6.613721137489263e-06,0.0039795710472390056,0.05011704203207046,93.43139135104138,146.12288261798676,0.23499571799766272,239.85098206205294,0.1334161725121523,12.013664768,2026-01-26T09:30:24.417913
27789,0.44686561185659923,0.0008939177015951927,6.609643579522817e-06,0.003480513929389417,0.04009684582706541,90.60349891195074,141.64681443187874,0.21561445703264326,232.516611436964,0.13762457573348605,12.014838272,2026-01-26T09:34:16.935370
27790,0.4470258361706389,0.04076027875502142,6.60556720382096e-06,0.003502530511468649,0.049582318984903395,92.32073250319809,143.15629279904533,0.21741536597255617,235.7570353379706,0.13573295895126206,12.01049088,2026-01-26T09:38:12.693023
27791,0.44718606048467857,0.011883166916665466,6.601492011481404e-06,0.0028625059640035033,0.05332542606629431,94.42727512307465,144.1674985231366,0.20358695508912206,238.86077464395203,0.13396925488372666,12.008864256,2026-01-26T09:42:11.554411
27792,0.4473462847987182,0.010936371895511776,6.5974180036015415e-06,0.0029093900229781866,0.05110795598011464,93.6272287009051,143.7592558033066,0.17713744891807437,237.62486381200142,0.1346660424614363,12.009698816,2026-01-26T09:46:09.179999
27793,0.44750650911275786,0.01810784961828471,6.593345181278454e-06,0.0027292451122775674,0.050710865994915366,90.39434024190996,138.05937564687338,0.2204135850770399,228.73612389701884,0.13989919674605913,12.01341696,2026-01-26T09:49:57.917013
27794,0.4476667334267975,0.011725862934397924,6.589273545608893e-06,0.0037848821375519037,0.046757407137192786,90.35067878291011,135.88149306178093,0.23613980202935636,226.52708565501962,0.14126346042668436,11.99282688,2026-01-26T09:53:44.444680
27795,0.4478269577408372,0.10940632591079158,6.585203097689298e-06,0.0026147508760914207,0.05238269199617207,90.97098979132716,140.15856044599786,0.17621481500100344,231.36711364309303,0.13830833386875893,12.009051648,2026-01-26T09:57:35.812541
27796,0.4479871820548768,0.0036424150723259885,6.58113383861579e-06,0.002642009290866554,0.04539880610536784,90.87002578401007,139.7166786501184,0.1927071959944442,230.83494829095434,0.1386271889803524,12.006971904,2026-01-26T10:01:26.648073
27797,0.4481474063689165,0.006003522352617807,6.577065769484164e-06,0.0028592757880687714,0.050782607635483146,92.51181793201249,140.11578297801316,0.2034131500404328,232.89630209293682,0.1374002064971837,11.993938944,2026-01-26T10:05:19.545122
27798,0.44830763068295615,0.0013195807506853896,6.5729988913898926e-06,0.0027302888920530677,0.050733394105918705,91.65171871811617,142.02432371326722,0.17316893301904202,233.91016687708907,0.13680465636542763,11.992868864,2026-01-26T10:09:13.456054
27799,0.4484678549969958,0.0019321857667797815,6.568933205428139e-06,0.003193494863808155,0.048161104903556406,92.11438159912359,141.9095095648663,0.20439780899323523,234.2881913819583,0.13658392175570913,12.022315008,2026-01-26T10:13:07.744991
27800,0.44862807931103543,0.0076627452389788075,6.5648687126937315e-06,0.002800390007905662,0.03828358999453485,92.56026345316786,138.48824298859108,0.19909328198991716,231.2993023430463,0.13834888249053137,11.99333632,2026-01-26T10:16:59.045186
27801,0.4487883036250751,0.004932573832141962,6.560805414281191e-06,0.013057176140137017,0.04618990677408874,90.66689566022251,139.51644221390598,0.2638461450114846,230.51283470599446,0.13882090357707896,11.9919616,2026-01-26T10:20:49.558736
27802,0.44894852793911477,0.0042729250701531996,6.556743311284706e-06,0.0031747324392199516,0.04587397212162614,92.81331385381054,138.563867472345,0.2393612089799717,231.67371184099466,0.13812529589875377,11.992266752,2026-01-26T10:24:41.233130
27803,0.44910875225315444,8.161159525954531e-06,6.552682404798143e-06,0.0027337217470631003,0.04447137098759413,92.52498304785695,144.33369590411894,0.21368411905132234,237.12615818704944,0.13494926179657418,12.01157632,2026-01-26T10:28:38.359923
27804,0.44926897656719406,0.021722284684126514,6.548622695915053e-06,0.002817689091898501,0.048559808754362166,92.51508161507081,140.2961663651513,0.29679304093588144,233.16838690498844,0.1372398738300633,12.00877824,2026-01-26T10:32:31.529007
27805,0.4494292008812337,0.014100134304048773,6.544564185728668e-06,0.0034898838493973017,0.047393441083841026,92.47747937927488,143.7658885907149,0.1797560170525685,236.4822270210134,0.1353167229652169,12.008609792,2026-01-26T10:36:28.011833
27806,0.4495894251952734,0.003715041849338796,6.540506875331882e-06,0.002685960615053773,0.0473870609421283,88.66616376605816,135.39422536897473,0.2044444129569456,224.3231020940002,0.1426513796451992,12.0129152,2026-01-26T10:40:12.335558
27807,0.44974964950931307,0.013341287550241887,6.536450765817279e-06,0.003330488339997828,0.055748458951711655,91.59419004688971,140.4975949829677,0.25376402807887644,232.41313119395636,0.13768585206700285,12.004542464,2026-01-26T10:44:04.749284
27808,0.4499098738233527,0.013743758898516312,6.532395858277117e-06,0.0042023612186312675,0.046369932941161096,91.5758021029178,142.45945535425562,0.1569308799225837,234.24919783510268,0.13660665776335368,12.006928384,2026-01-26T10:47:58.999057
27809,0.45007009813739235,0.00906181602445777,6.5283421538033215e-06,0.003720823209732771,0.04501780495047569,92.32512461266015,144.04756708233617,0.20932502299547195,236.6382682629628,0.13522749399281522,12.024790528,2026-01-26T10:51:55.638043
27810,0.450230322451432,1.0015431000987007e-05,6.52428965348751e-06,0.0027014841325581074,0.04687992483377457,90.58445101731922,138.61821208987385,0.15291992702987045,229.41402663104236,0.13948580420265388,12.004868096,2026-01-26T10:55:45.052593
27811,0.45039054676547163,0.0073616705839860686,6.5202383584209596e-06,0.002768363803625107,0.047581853228621185,93.10767194780055,144.83924718294293,0.20682513795327395,238.21033693104982,0.13433506040194396,12.001844736,2026-01-26T10:59:43.263625
27812,0.4505507710795113,0.007437720602979425,6.5161882696946315e-06,0.0035193272633478045,0.046719543053768575,92.4962579770945,144.71711232303642,0.1584940659813583,237.42902281798888,0.13477712042192472,12.009655296,2026-01-26T11:03:40.693255
27813,0.450710995393551,0.03866688315322797,6.512139388399168e-06,0.002855005906894803,0.04193538601975888,92.17491497995798,141.27240988530684,0.15342446404974908,233.65281146403868,0.1369553389898974,11.992117248,2026-01-26T11:07:34.346658
27814,0.45087121970759064,0.010479532658734136,6.508091715624872e-06,0.003355070832185447,0.040600209147669375,90.51101336907595,138.44835122313816,0.2397571379551664,229.2508275860455,0.13958510133617438,12.005222912,2026-01-26T11:11:23.598377
27815,0.45103144402163026,0.012882975897965387,6.5040452524617254e-06,0.003011115943081677,0.04472110199276358,91.92509093100671,139.48483961680904,0.20805149292573333,231.67464730294887,0.138124738172819,11.992139264,2026-01-26T11:15:15.273757
27816,0.4511916683356699,0.004058094028920323,6.4999999999993965e-06,0.004009576863609254,0.050306145451031625,93.10779017757159,141.25258569419384,0.19552023895084858,234.61882255307864,0.13639144401025424,12.01176064,2026-01-26T11:19:09.893304
27817,0.4513518926497096,0.0026808455666511577,6.495955959327208e-06,0.003465028014034033,0.046392222750000656,91.0541756231105,139.296417688136,0.1928317240672186,230.6014336439548,0.13876756746190713,12.013395456,2026-01-26T11:23:00.495342
27818,0.45151211696374927,0.010148796621855638,6.49191313153417e-06,0.0040613660821691155,0.04328396380878985,91.72805680602323,139.49335197196342,0.18056851997971535,231.45755346899386,0.1382542912097562,11.995478528,2026-01-26T11:26:51.953617
27819,0.4516723412777889,0.01195987749331806,6.4878715177089675e-06,0.0028106371173635125,0.04663931694813073,89.703581814887,137.1650313893333,0.21836459205951542,227.1450507849222,0.14087914259818046,11.992871936,2026-01-26T11:30:39.099567
27820,0.45183256559182855,0.0002981379026314457,6.483831118939948e-06,0.0031814398244023323,0.05246490612626076,91.90054715878796,140.36543342715595,0.15387440694030374,232.482025402016,0.13764504995456955,12.00758528,2026-01-26T11:34:31.582304
27821,0.4519927899058682,6.450831870363771e-05,6.479791936315135e-06,0.003941572969779372,0.04734297003597021,90.42729491379578,137.98109165183268,0.20889927598182112,228.67674391006585,0.1399355240626698,12.0029312,2026-01-26T11:38:20.259626
27822,0.4521530142199079,0.010578140432681238,6.475753970922233e-06,0.0038075369084253907,0.040226825745776296,90.30359218793456,137.96761357202195,0.2032220079563558,228.52474481705576,0.14002859964078473,11.991993344,2026-01-26T11:42:08.785115
27823,0.4523132385339475,0.021578951534817037,6.471717223848606e-06,0.0029151630587875843,0.04494702420197427,94.14661766611971,145.48252543981653,0.2155805389629677,239.89882235892583,0.13338956684048678,12.011467776,2026-01-26T11:46:08.684617
27824,0.4524734628479872,0.007071236962675087,6.467681696181302e-06,0.003115801839157939,0.04506831895560026,89.82920642278623,135.71375271724537,0.24906552000902593,225.84946879500058,0.14168729362408114,11.993728,2026-01-26T11:49:54.534976
27825,0.45263368716202684,0.0070417984890864815,6.463647389007033e-06,0.0033945749746635556,0.04860009427648038,91.23300537304021,139.16965348355006,0.19039702601730824,230.65341471799184,0.1387362941889448,12.008678912,2026-01-26T11:53:45.189098
27826,0.4527939114760665,0.0001278592126681133,6.45961430341218e-06,0.0029552773339673877,0.04269747296348214,90.53450036200229,137.16005831200164,0.2683981009759009,228.0162583939964,0.14034086966161072,12.010694656,2026-01-26T11:57:33.206056
27827,0.4529541357901061,0.016979301101208044,6.455582440482802e-06,0.003521505161188543,0.04409967106766999,90.91939737589564,139.121126435115,0.20603479200508446,230.30132872005925,0.13894839503465184,11.99200768,2026-01-26T12:01:23.508179
27828,0.4531143601041458,0.08381432397336042,6.45155180130463e-06,0.0028503172798082232,0.04780175385531038,90.91482220799662,138.26227780710906,0.2146866520633921,229.44996888295282,0.1394639544114467,12.01581312,2026-01-26T12:05:12.958828
27829,0.45327458441818547,7.998262445241267e-06,6.4475223869630555e-06,0.0031896940199658275,0.04027579782996327,89.69020970026031,135.4380096087698,0.17946655699051917,225.35943075607065,0.14199538884457355,12.008463872,2026-01-26T12:08:58.318888
27830,0.45343480873222514,0.0031570745696596347,6.443494198543152e-06,0.003866705112159252,0.039093391853384674,88.6191473104991,133.17014704691246,0.1776515250094235,222.01682598004118,0.14413321989783212,11.993087488,2026-01-26T12:12:40.336333
27831,0.45359503304626475,0.01788257967346496,6.439467237129654e-06,0.003124093753285706,0.043046543723903596,89.8439275464043,135.81317989400122,0.1956693660467863,225.90688188106287,0.14165128451840434,11.992712192,2026-01-26T12:16:26.244092
27832,0.4537552573603044,0.007310455198497934,6.4354415038069655e-06,0.0027978693833574653,0.052644431008957326,89.64316129195504,135.377627311158,0.26952170103322715,225.3555073980242,0.14199786093304306,11.992091648,2026-01-26T12:20:11.600297
27833,0.4539154816743441,0.0035446345732843554,6.431416999659167e-06,0.013135129236616194,0.04144889407325536,93.09277607058175,137.16322542726994,0.17936929198913276,230.4976389099611,0.13883005548920224,12.01231872,2026-01-26T12:24:02.098591
27834,0.45407570598838376,0.014629711302456272,6.427393725770006e-06,0.0029117970261722803,0.048051738762296736,90.3484539060155,140.73357091110665,0.3018759459955618,231.4422414189903,0.1382634380128948,11.992216576,2026-01-26T12:27:53.541427
27835,0.4542359303024234,0.00984874752229814,6.423371683222894e-06,0.002546473406255245,0.046455753850750625,92.4353020839626,141.08307008317206,0.1901229809736833,233.76525520405266,0.13688946191797127,12.01170688,2026-01-26T12:31:47.307391
27836,0.45439615461646304,0.022943533958147633,6.4193508731009095e-06,0.0026573168579488993,0.04676070995628834,93.1842217631638,144.60601578094065,0.18887338798958808,238.0358541040914,0.13443352943799225,12.008973312,2026-01-26T12:35:45.343859
27837,0.4545563789305027,0.007288081110290889,6.4153312964868096e-06,0.0027538000140339136,0.042356164078228176,91.50612526375335,141.0103222192265,0.21685887908097357,232.78672880795784,0.13746488111183972,12.010390528,2026-01-26T12:39:38.131323
27838,0.4547166032445424,0.02378919710740046,6.411312954463008e-06,0.003023978089913726,0.04437137919012457,91.72011516534258,139.82444830681197,0.19359660102054477,231.79298215999734,0.1380542227888146,11.992810496,2026-01-26T12:43:29.925023
27839,0.454876827558582,0.029899790652839542,6.4072958481115956e-06,0.01366501091979444,0.047293830662965775,92.3063560720766,143.60809010709636,0.19313420203980058,236.1760556170484,0.13549214341985172,12.011779072,2026-01-26T12:47:26.101931
27840,0.45503705187262167,0.049164854977123085,6.4032799785143194e-06,0.0029650049982592463,0.049515376100316644,92.49109270283952,143.83559989824425,0.18869618198368698,236.57740187295713,0.13526228518302907,12.027853824,2026-01-26T12:51:22.680013
27841,0.45519727618666134,0.0336293867650328,6.3992653467526076e-06,0.0029953360790386796,0.04258514498360455,93.48417881503701,144.48350310209207,0.18293021293357015,238.2055544409668,0.13433775746791154,11.991933952,2026-01-26T12:55:20.886605
27842,0.455357500500701,0.01822226134460614,6.395251953907539e-06,0.0030150997918099165,0.04357285599689931,91.47944666398689,142.53092821396422,0.23381927399896085,234.29821234801784,0.1365780800430026,12.010171392,2026-01-26T12:59:15.185507
27843,0.4555177248147406,0.004784217649525857,6.391239801059875e-06,0.0033136267447844148,0.045813767588697374,95.12633995013312,145.57637672813144,0.21644294005818665,240.97567397204693,0.1327934868799744,11.991862272,2026-01-26T13:03:16.161763
27844,0.4556779491287803,0.011839323487079056,6.387228889290026e-06,0.0034024262567982078,0.04978344088885933,92.6400070489617,140.71962137019727,0.26646599802188575,233.68741442100145,0.13693505950795512,11.992238592,2026-01-26T13:07:09.849769
27845,0.45583817344281996,0.0018667733298576294,6.383219219678086e-06,0.0028166441479697824,0.04572723899036646,91.88486092002131,143.02556178718805,0.2586163830710575,235.22517536999658,0.13603986031540083,12.014926336,2026-01-26T13:11:05.075491
27846,0.45599839775685963,0.0013125748358358003,6.379210793303801e-06,0.003928118967451155,0.04591987084131688,90.50433266407344,139.14209148392547,0.17794299207162112,229.881545954966,0.13920212632582882,12.010222592,2026-01-26T13:14:54.957906
27847,0.45615862207089924,0.02005560362273595,6.375203611246585e-06,0.002708129119127989,0.04512322507798672,93.23247961397283,143.89833848492708,0.2936065699905157,237.47949660604354,0.13474847495186093,12.026825216,2026-01-26T13:18:52.438074
27848,0.4563188463849389,0.020441137138877075,6.371197674585526e-06,0.003526081913150847,0.05171572894323617,91.18190798792057,139.7172548539238,0.18632000894285738,231.14938980992883,0.13843860901520522,12.006135296,2026-01-26T13:22:43.588120
27849,0.4564790706989786,0.012053982070511893,6.36719298439936e-06,0.0035661631263792515,0.04882541892584413,88.59404992510099,133.56141474004835,0.2127794980769977,222.42880250699818,0.1438662603013978,12.005654016,2026-01-26T13:26:26.017628
27850,0.4566392950130182,0.020624187686585138,6.363189541766501e-06,0.004135462921112776,0.049726059078238904,91.14623006805778,137.5231111352332,0.17668707703705877,228.90628591296263,0.13979519991061934,12.011577344,2026-01-26T13:30:14.924531
27851,0.45679951932705787,0.017991187608646264,6.3591873477650274e-06,0.014698716811835766,0.05153583607170731,92.64897467184346,142.6885889089899,0.18249374500010163,235.593520711991,0.13582716495467398,11.991952384,2026-01-26T13:34:10.518802
27852,0.45695974364109754,0.017422268496994242,6.355186403472674e-06,0.0031313669169321656,0.04859817388933152,93.49493745586369,139.7853559849318,0.18830115895252675,233.5281249040272,0.13702846290206375,11.99310336,2026-01-26T13:38:04.047690
27853,0.4571199679551372,0.01977660664402414,6.351186709966837e-06,0.0029603159055113792,0.05367879697587341,93.00216659903526,141.99050316098146,0.2055590720847249,235.2619608970126,0.13601858914203388,12.015548928,2026-01-26T13:41:59.310271
27854,0.4572801922691768,0.0003604239173959911,6.347188268324587e-06,0.003017724142409861,0.047102677170187235,91.47212653816678,139.91048992273863,0.18526589509565383,231.62776933703572,0.13815269253591786,12.008303104,2026-01-26T13:45:50.938650
27855,0.4574404165832165,0.012467388624002318,6.3431910796226455e-06,0.0026952738407999277,0.0424295358825475,92.45021729310974,143.3912750229938,0.16842835501302034,236.06196248496417,0.13555762928997178,12.010179072,2026-01-26T13:49:47.001317
27856,0.45760064089725616,0.028165024564471786,6.339195144937406e-06,0.0027752139139920473,0.049734051106497645,93.22569052607287,140.99280493380502,0.24962251808028668,234.5275915429229,0.13644450015231324,12.017688576,2026-01-26T13:53:41.529528
27857,0.45776086521129583,0.005253057250591553,6.335200465344924e-06,0.0033859999384731054,0.0445877299644053,93.52705967403017,142.77729183691554,0.22579041495919228,236.5851729660062,0.135257842234255,12.008541184,2026-01-26T13:57:38.115340
27858,0.45792108952533545,0.007318818133556171,6.331207041920908e-06,0.0028680748073384166,0.04489522287622094,90.3004794367589,137.31392947072163,0.1778733980609104,227.8492300939979,0.14044374864377898,12.019480064,2026-01-26T14:01:25.965639
27859,0.4580813138393751,0.02840941217672288,6.327214875740732e-06,0.004164001089520752,0.04484055296052247,93.22486124106217,147.10580951510929,0.23228993196971714,240.61878720798995,0.13299044671993682,12.019926528,2026-01-26T14:05:26.585224
27860,0.4582415381534148,0.002949717871311819,6.32322396787944e-06,0.0024972918909043074,0.042470857850275934,91.83272303105332,141.86157093814109,0.17104897496756166,233.92157815303653,0.13679798269428958,12.009488384,2026-01-26T14:09:20.507550
27861,0.45840176246745445,0.011097630525537916,6.319234319411724e-06,0.0028524299850687385,0.05112707696389407,92.69393459009007,142.37608986883424,0.16893939906731248,235.30489193100948,0.13599377274902674,12.027181568,2026-01-26T14:13:15.813270
27862,0.45856198678149407,0.0013914778418140372,6.31524593141195e-06,0.0035027371486648917,0.04857513110619038,93.62935117841698,143.18155156366993,0.18180326698347926,237.05227770109195,0.13499132052361038,11.993011712,2026-01-26T14:17:12.866237
27863,0.45872221109553374,0.00779285930009177,6.311258804954134e-06,0.0024779500672593713,0.0446378638735041,92.42057743575424,143.68126927304547,0.17719796497840434,236.33515825599898,0.13540092907098275,12.066791424,2026-01-26T14:21:09.202025
27864,0.4588824354095734,0.011937908203970338,6.307272941111951e-06,0.00438109110109508,0.0469931080006063,92.44094043702353,141.49395951488987,0.21747539704665542,234.21003977011424,0.13662949731535495,12.007633408,2026-01-26T14:25:03.412659
27865,0.4590426597236131,0.019617677928561505,6.303288340958748e-06,0.002880956046283245,0.05159140028990805,92.7359471017262,142.24207604303956,0.22040085098706186,235.26046008302364,0.13601945685521133,12.029489152,2026-01-26T14:28:58.673824
27866,0.4592028840376527,0.007839014454214421,6.299305005567526e-06,0.0028212780598551035,0.04841842839960009,92.07248209591489,139.13547447463498,0.21193388407118618,231.47951392899267,0.13824117502603767,12.010128384,2026-01-26T14:32:50.154086
27867,0.45936310835169236,0.02132991391703687,6.295322936010938e-06,0.01323156408034265,0.042019505286589265,89.62804111291189,139.96617933583912,0.17108736198861152,229.82862835202832,0.13923417734968,11.991994368,2026-01-26T14:36:39.983508
27868,0.45952333266573203,0.010742704931788083,6.291342133361309e-06,0.002784457989037037,0.049515109858475626,91.01456786412746,140.19374657899607,0.20207374903839082,231.47030077304225,0.13824667740582475,11.992013824,2026-01-26T14:40:31.454483
27869,0.4596835569797717,0.013829594602396078,6.287362598690614e-06,0.0026369488332420588,0.04490235401317477,90.48314173496328,139.18572881701402,0.33630446903407574,230.05888617399614,0.139094822774192,11.992105984,2026-01-26T14:44:21.514209
27870,0.4598437812938113,0.029476162770627035,6.283384333070484e-06,0.0027001959970220923,0.04652187624014914,91.86583055078518,139.95903767598793,0.19112705602310598,232.07231455505826,0.1378880546839555,11.992065024,2026-01-26T14:48:13.587255
27871,0.460004005607851,0.0006043815476921566,6.279407337572217e-06,0.00378772325348109,0.05039892392233014,91.2334042500006,139.639719059458,0.14952788990922272,231.08492689300328,0.13847722752949876,11.992851456,2026-01-26T14:52:04.672782
27872,0.46016422992189066,0.005626067247429312,6.2754316132667666e-06,0.00462536106351763,0.05040475074201822,92.20828102820087,143.2016069991514,0.1959967639995739,235.66728031495586,0.13578465350486427,11.992024064,2026-01-26T14:56:00.340666
27873,0.4603244542359303,0.03203134191607937,6.271457161224738e-06,0.002915960969403386,0.04867944703437388,92.00441052392125,142.17375447414815,0.15902088209986687,234.39550713496283,0.1365213881065335,11.992230912,2026-01-26T14:59:54.736954
27874,0.46048467854996994,0.010486359648205656,6.267483982516405e-06,0.0027987611247226596,0.056062105926685035,91.00462169200182,141.8903899048455,0.1596747130388394,233.12080027488992,0.13726788841779217,11.992646656,2026-01-26T15:03:47.858413
27875,0.4606449028640096,0.020547817416541214,6.2635120782116865e-06,0.004132541245780885,0.04510127101093531,92.51789459609427,145.85605304583441,0.16985238005872816,238.60205462097656,0.13411451988891104,12.015032832,2026-01-26T15:07:46.461066
27876,0.4608051271780493,0.017724188687724407,6.259541449380161e-06,0.0025631770258769393,0.04713440395426005,93.27000246488024,146.79521364718676,0.18288979807402939,240.30605923500843,0.1331635169827551,12.00704768,2026-01-26T15:11:46.767707
27877,0.46096535149208895,0.00030005949267142284,6.255572097091074e-06,0.00270732503850013,0.050140550127252936,92.54001560993493,139.5035104646813,0.22383643698412925,232.32983456598595,0.13773521622730467,12.013968896,2026-01-26T15:15:39.098178
27878,0.46112557580612856,0.003633385786931953,6.251604022413311e-06,0.003630152903497219,0.04723432392347604,91.22282128711231,141.1386877661571,0.18502511596307158,232.60392804199364,0.1375729131892511,11.992855552,2026-01-26T15:19:31.702895
27879,0.46128580012016823,0.0046766470939241245,6.247637226415429e-06,0.0036584477638825774,0.05186148826032877,92.11791756690945,143.19826666486915,0.2738137759733945,235.65274911292363,0.13579302647840427,12.010742784,2026-01-26T15:23:27.356232
27880,0.4614460244342079,0.00017953871661280374,6.243671710165627e-06,0.0032588901231065392,0.05097083793953061,91.91722708707675,141.00429754913785,0.16227081802207977,233.1484862610232,0.1372515880895497,12.013791744,2026-01-26T15:27:20.505360
27881,0.46160624874824757,0.03954326810410702,6.239707474731772e-06,0.0025530189741402864,0.04460416582878679,91.10575124714524,144.12044872913975,0.1774472800316289,235.46125339902937,0.13590346410740678,11.993142272,2026-01-26T15:31:15.967225
27882,0.4617664730622872,0.027523524635785,6.235744521181373e-06,0.0027533118845894933,0.049563927692361176,92.66844362323172,139.56861331884284,0.15548928396310657,232.45427823497448,0.13766148011116863,11.992526848,2026-01-26T15:35:08.422132
27883,0.46192669737632686,0.021076293846757466,6.231782850581608e-06,0.013005897053517401,0.04915702377911657,90.98828371509444,138.3197883759858,0.22849451599176973,229.60562648205087,0.1393694069709636,12.008437248,2026-01-26T15:38:58.028425
27884,0.4620869216903665,0.017884430281846164,6.227822463999295e-06,0.0031090349657461047,0.04915050487034023,91.30894802405965,139.6971003449289,0.20165621803607792,231.26779114408419,0.13836773310150827,11.992015872,2026-01-26T15:42:49.296818
27885,0.4622471460044062,0.022229867127111724,6.223863362500921e-06,0.0030074523529037833,0.045708256075158715,92.60398772684857,141.79244691994973,0.18169666698668152,234.6367816849379,0.13638100459018607,11.992904704,2026-01-26T15:46:43.934300
27886,0.4624073703184458,0.00029318993929550174,6.219905547152617e-06,0.0026563360588625073,0.04851615917868912,90.21371278876904,138.6047169000376,0.23047979804687202,229.1097780399723,0.1396710357530748,12.002237952,2026-01-26T15:50:33.044827
27887,0.4625675946324855,0.0034095625502121862,6.215949019020163e-06,0.0027716506738215685,0.05205578706227243,91.64009336591698,141.54545758920722,0.1647773600416258,233.41175902902614,0.1370967775279077,12.009417728,2026-01-26T15:54:26.457333
27888,0.46272781894652515,0.004316894155768303,6.211993779169005e-06,0.0035813258728012443,0.04460169596131891,91.33166678517591,139.28268453583587,0.20288787607569247,230.87194376904517,0.13860497502464608,12.005014528,2026-01-26T15:58:17.329876
27889,0.46288804326056476,0.00014414226629977378,6.208039828664239e-06,0.0034429881488904357,0.03901173186022788,90.59153165377211,138.61929639894515,0.15872366598341614,229.4197666599648,0.13948231430044516,11.993116672,2026-01-26T16:02:06.750272
27890,0.46304826757460443,0.0035526215371355363,6.20408716857061e-06,0.0031331529607996345,0.04449903289787471,90.38369631022215,137.53328102780506,0.2057638040278107,228.1776663659839,0.14024159554981966,12.005648896,2026-01-26T16:05:54.928852
27891,0.4632084918886441,0.005939394553938548,6.2001357999525115e-06,0.003918572328984737,0.04895222035702318,91.2570290749427,138.73706913273782,0.2087820740416646,230.26545016292948,0.13897004512556133,12.015876608,2026-01-26T16:09:45.195029
27892,0.4633687162026838,0.011431438259298154,6.196185723874002e-06,0.003822607104666531,0.04607539717108011,91.33443707972765,139.91975218604784,0.2224150070687756,231.53296229592524,0.138209262658249,11.992155136,2026-01-26T16:13:36.728649
27893,0.4635289405167234,5.060215817032088e-06,6.192236941398776e-06,0.0029908809810876846,0.0490785229485482,90.92554523609579,138.21112395997625,0.2356906000059098,229.43260073196143,0.13947451189547622,12.018092032,2026-01-26T16:17:26.161944
27894,0.46368916483076306,0.018024242834503212,6.188289453590195e-06,0.0029940217500552535,0.04463888076134026,90.92960381007288,138.7246388848871,0.1993991550989449,229.90761372901034,0.13918634307482336,12.00744704,2026-01-26T16:21:16.070240
27895,0.4638493891448027,0.004875519067894629,6.184343261511265e-06,0.003120971377938986,0.04800938395783305,90.27640249882825,136.70422112592496,0.2903881570091471,227.32858777209185,0.1407654018071919,12.006393344,2026-01-26T16:25:03.399518
27896,0.4640096134588424,0.014842088241731943,6.180398366224641e-06,0.0037959160981699824,0.048565824748948216,92.39312934898771,141.85292138310615,0.15618968103080988,234.46488156099804,0.13648099360106059,12.013962752,2026-01-26T16:28:57.865092
27897,0.464169837772882,0.03294710455897398,6.1764547687926275e-06,0.01260317990090698,0.04956865916028619,94.75225069886073,140.73460334492847,0.18493312306236476,235.74034108500928,0.13574257105388943,12.009021952,2026-01-26T16:32:53.606041
27898,0.4643300620869217,1.047528487063687e-06,6.172512470277189e-06,0.0031964698573574424,0.043160718749277294,93.25670240283944,141.92719885415863,0.1970663859974593,235.43477548193187,0.13591874834334233,11.992712192,2026-01-26T16:36:49.041566
27899,0.46449028640096135,0.013577610364619908,6.168571471739929e-06,0.0036466066958382726,0.047190430923365057,91.2845531727653,140.14595608622767,0.20503950398415327,231.69428821001202,0.13811302923011465,12.01121792,2026-01-26T16:40:40.736447
27900,0.464650510715001,0.005156776802932583,6.16463177424211e-06,0.00332153111230582,0.04932334099430591,93.7245776510099,143.3944187357556,0.1634011820424348,237.34132752602454,0.13482691924562187,12.008009216,2026-01-26T16:44:38.078370
27901,0.46481073502904063,0.010522929553820504,6.16069337884464e-06,0.003230788977816701,0.04905097640585154,92.09222194377799,143.87932797998656,0.19805763300973922,236.22969701699913,0.13546137680436204,12.012087296,2026-01-26T16:48:34.309038
27902,0.4649709593430803,0.017612178998209327,6.15675628660807e-06,0.003170269075781107,0.05440758226905018,93.73441152099986,143.53813726990484,0.18934614991303533,237.52733075094875,0.13472133879849185,12.013412864,2026-01-26T16:52:31.837107
27903,0.46513118365712,0.05002564783246122,6.152820498592612e-06,0.0034868870861828327,0.04881833586841822,95.15633352100849,146.87674372585025,0.2082183340098709,242.3007971610641,0.13206725019038507,12.008067072,2026-01-26T16:56:34.138737
27904,0.46529140797115964,0.005080811142529562,6.1488860158581235e-06,0.0028932641725987196,0.04415030579548329,92.38845198997296,137.90692464914173,0.33825400401838124,230.68915892404038,0.13871479764914624,12.01650176,2026-01-26T17:00:24.828629
27905,0.46545163228519926,0.02345022916033468,6.144952839464102e-06,0.003475750214420259,0.049217432155273855,92.37779306899756,140.46323541295715,0.19439060695003718,233.0949426840525,0.13728311576186472,12.011152384,2026-01-26T17:04:17.924276
27906,0.4656118565992389,0.027608667883402216,6.141020970469707e-06,0.0030525991460308433,0.042175564100034535,94.40554235992022,145.68201500875875,0.16189526102971286,240.30118103697896,0.13316622024872882,12.009590784,2026-01-26T17:08:18.226082
27907,0.4657720809132786,0.009464531925903685,6.137090409933735e-06,0.004064155044034123,0.050479536526836455,92.56584146013483,142.49210696993396,0.18980733200442046,235.31145323102828,0.13598998077064473,12.009468928,2026-01-26T17:12:13.538422
27908,0.46593230522731827,0.018450970406893585,6.133161158914629e-06,0.003140278859063983,0.039602101081982255,91.4137406660011,140.79321915016044,0.22970170597545803,232.4880686920369,0.1376414720120046,12.016997376,2026-01-26T17:16:06.027154
27909,0.4660925295413579,0.013534635033802367,6.129233218470488e-06,0.002934729214757681,0.05253947200253606,90.96548739797436,140.24882558302488,0.16576271003577858,231.44648019399028,0.13826090581796158,11.992431616,2026-01-26T17:19:57.474492
27910,0.46625275385539755,0.005972417743548508,6.125306589659059e-06,0.002996147144585848,0.04353290610015392,94.02118709287606,145.8458703121869,0.26258454704657197,240.18362727900967,0.13323139617184293,11.992822784,2026-01-26T17:23:57.658804
27911,0.4664129781694372,0.006225322042412884,6.1213812735377225e-06,0.003147014183923602,0.04310315602924675,92.16742603702005,141.4529349899385,0.16529673500917852,233.84265822195448,0.13684415086329899,12.007087616,2026-01-26T17:27:51.502240
27912,0.4665732024834769,2.2329841194768107e-05,6.117457271163521e-06,0.0036249248078092933,0.047846498782746494,90.64883474307135,139.79608603881206,0.17029026395175606,230.67757041903678,0.13872176623791588,12.023782912,2026-01-26T17:31:42.180651
27913,0.4667334267975165,0.012130544790421638,6.113534583593135e-06,0.0041730450466275215,0.0465788880828768,92.93784384080209,144.59112217719667,0.21626893302891403,237.8057328889845,0.1345636188465593,11.993105408,2026-01-26T17:35:39.997735
27914,0.4668936511115562,0.006279203807075362,6.109613211882885e-06,0.003264147904701531,0.03882227395661175,92.33525665313937,142.9844152070582,0.22034949506632984,235.59057484997902,0.13582886335914404,12.013198848,2026-01-26T17:39:35.588990
27915,0.46705387542559584,0.0032138117548878853,6.1056931570887524e-06,0.013461531954817474,0.04530513926874846,88.28343467169907,135.98476995225064,0.2065538150491193,224.54708662698977,0.14250908564740075,11.993603584,2026-01-26T17:43:20.136811
27916,0.4672140997396355,0.01980598462704286,6.10177442026635e-06,0.003152852412313223,0.04090483789332211,91.87274517153855,141.61372608796228,0.18395537498872727,233.72280641598627,0.13691432381248034,12.018655744,2026-01-26T17:47:13.860596
27917,0.4673743240536751,3.807378946341089e-06,6.097857002470944e-06,0.0032160108676180243,0.04550237697549164,93.90244571492076,145.62148461607285,0.242075645015575,239.8235582089983,0.13343142866770852,12.00656128,2026-01-26T17:51:13.684867
27918,0.4675345483677148,0.004174518210476208,6.093940904757446e-06,0.003558502998203039,0.0443144952878356,91.21480478870217,139.64365834614728,0.1618572110310197,231.0769820830319,0.13848198860629735,11.992034816,2026-01-26T17:55:04.762398
27919,0.46769477268175447,0.00733157897928205,6.090026128180407e-06,0.0033760188380256295,0.04452604299876839,92.05461057391949,141.69886908994522,0.21622236294206232,234.02540611592121,0.1367372907544459,11.992810496,2026-01-26T17:58:58.788516
27920,0.46785499699579414,0.006706124730076368,6.0861126737940195e-06,0.0029063470428809524,0.0478137870086357,92.0192810249282,138.52743434300646,0.2308084509568289,230.83528911403846,0.13862698430044287,12.009745408,2026-01-26T18:02:49.624704
27921,0.46801522130983375,0.018537771162909777,6.082200542652132e-06,0.003081148606725037,0.04959152056835592,92.74983094318304,142.66431639913935,0.16773208801168948,235.64254576398525,0.13579890633184105,12.015632896,2026-01-26T18:06:45.268155
27922,0.4681754456238734,0.019222900918354213,6.078289735808222e-06,0.002895984100177884,0.049908416578546166,93.0190325329313,145.29333167721052,0.153643177007325,238.5285894710105,0.13415582623016814,12.007448064,2026-01-26T18:10:43.797636
27923,0.4683356699379131,0.04072811453282821,6.074380254315426e-06,0.0039164560148492455,0.048175407224334776,92.62231939169578,144.20446759508923,0.22002917400095612,237.106032841024,0.1349607161680931,12.005262848,2026-01-26T18:14:40.904330
27924,0.46849589425195276,5.827528532620363e-06,6.0704720992265104e-06,0.0031102338107302785,0.04604198504239321,93.36472573515493,145.2083225469105,0.28177687793504447,238.91140088799875,0.13394086628373814,12.008379904,2026-01-26T18:18:39.816321
27925,0.4686561185659924,0.019954203279433536,6.066565271593887e-06,0.003134259837679565,0.043216212769038975,93.02609830885194,140.90078448411077,0.231700228061527,234.21260701597203,0.13662799969524175,12.007643648,2026-01-26T18:22:34.029542
27926,0.46881634288003204,0.005233924655536626,6.062659772469616e-06,0.0027602106565609574,0.0500770298531279,91.61708464403637,141.8108488151338,0.16627417493145913,233.6534099780256,0.1369549881724795,12.020803584,2026-01-26T18:26:27.683676
27927,0.4689765671940717,0.007145080392151115,6.058755602905399e-06,0.0031506530940532684,0.0481262537650764,92.86447699810378,143.81490964419208,0.1978019030066207,236.93491154396906,0.1350581887298682,12.007364096,2026-01-26T18:30:24.619185
27928,0.46913679150811133,0.003235095636357599,6.054852763952571e-06,0.0026520650135353208,0.04539499804377556,92.22913128917571,145.49651685089339,0.20363868796266615,237.98670741694514,0.13446129133564177,12.016528384,2026-01-26T18:34:22.606646
27929,0.469297015822151,4.733686145019789e-05,6.05095125666212e-06,0.0028158152708783746,0.0464961021207273,91.511761917267,141.63322550966404,0.20399760897271335,233.41112721106037,0.13709714863363914,11.99310336,2026-01-26T18:38:16.018438
27930,0.46945724013619067,0.015924436749235937,6.047051082084669e-06,0.002821394009515643,0.04464524984359741,93.0300612518331,142.11246258532628,0.17512126395013183,235.37321169802453,0.1359542990009197,12.029165568,2026-01-26T18:42:11.392363
27931,0.46961746445023034,0.011159239305493784,6.043152241270477e-06,0.0029691579984501004,0.04904586623888463,92.59518809604924,142.93461234250572,0.19902810908388346,235.78930315899197,0.13571438386423537,12.005705216,2026-01-26T18:46:07.182457
27932,0.46977768876426995,0.011846905852629597,6.039254735269455e-06,0.0027792869368568063,0.04522847419138998,92.47946477378719,139.49493807205,0.2002311060205102,232.23148325597867,0.1377935478486687,12.036248064,2026-01-26T18:49:59.414627
27933,0.4699379130783096,0.019906423104540494,6.035358565131153e-06,0.0030878171091899276,0.04506169992964715,92.26282740582246,142.005500963307,0.2084004330681637,234.5312223189976,0.1364423878560408,12.008592896,2026-01-26T18:53:53.946515
27934,0.4700981373923493,0.010817155217383245,6.031463731904754e-06,0.003084124531596899,0.04629399720579386,91.32648825168144,140.4731236770749,0.17589677695650607,232.03557476203423,0.1379098874507404,11.995802112,2026-01-26T18:57:45.982989
27935,0.47025836170638896,0.003822637289651709,6.027570236639081e-06,0.004014089936390519,0.05780241603497416,90.67436244804412,137.12297640589532,0.166385457967408,228.0342801490333,0.1403297783959771,11.993145344,2026-01-26T19:01:34.017965
27936,0.4704185860204286,0.009183954145416173,6.023678080382608e-06,0.003039104398339987,0.04876923398114741,91.95932628097944,140.9175876370864,0.25125232490245253,233.18729639810044,0.13722874485138836,11.992933376,2026-01-26T19:05:27.206014
27937,0.47057881033446824,0.01685644641270656,6.019787264183433e-06,0.00294661580119282,0.05014866217970848,93.1902316189371,142.78763624408748,0.17614862590562552,236.21656493097544,0.1354689075651857,12.006176256,2026-01-26T19:09:23.423289
27938,0.4707390346485079,0.020839583154657504,6.01589778908931e-06,0.002674930728971958,0.048516769078560174,90.46518804912921,136.46520721784327,0.2056963009526953,227.19481120991986,0.14084828711353423,12.010556416,2026-01-26T19:13:10.618991
27939,0.4708992589625476,0.0062651785648997205,6.012009656147614e-06,0.003010067972354591,0.045142512186430395,91.36788061400875,139.4764191027498,0.2373445730190724,231.13935868896078,0.13844461705486388,12.008864768,2026-01-26T19:17:01.759165
27940,0.4710594832765872,0.02138375247645463,6.0081228664053746e-06,0.0030866407323628664,0.046330222161486745,90.60300605173688,137.7788812230574,0.32842589204665273,228.76741617301013,0.13988006043570178,12.002559488,2026-01-26T19:20:50.527243
27941,0.47121970759062687,0.0384721452743495,6.0042374209092465e-06,0.003831701003946364,0.048035975196398795,93.3384579718113,139.8953518398339,0.1641718508908525,233.45680467307102,0.13707032461449245,11.993242624,2026-01-26T19:24:43.984630
27942,0.47137993190466654,0.010798358306359113,6.0003533207055355e-06,0.0028662567492574453,0.046104159438982606,91.22882400988601,141.10769210220315,0.19998504605609924,232.5920591109898,0.13757993339200816,12.00382976,2026-01-26T19:28:36.577296
27943,0.4715401562187062,0.0026844101540604015,5.9964705668401706e-06,0.003100442932918668,0.04415936698205769,92.47281414770987,138.53123938909266,0.1917003249982372,231.25151609804016,0.13837747116189048,12.011643904,2026-01-26T19:32:27.829538
27944,0.4717003805327458,0.01009457131213587,5.9925891603587325e-06,0.002745593897998333,0.04104123602155596,93.84288019512314,140.03573509282432,0.1517884680069983,234.0827524899505,0.13670379239655345,12.015307264,2026-01-26T19:36:21.912922
27945,0.4718606048467855,0.004499739902946054,5.988709102306429e-06,0.003560157842002809,0.051806239294819534,93.95418882893864,141.78135165397543,0.18368774699047208,235.9821528029861,0.13560347517770027,12.011474944,2026-01-26T19:40:17.895979
27946,0.47202082916082516,1.5265667302699626e-05,5.984830393728106e-06,0.013283912907354534,0.04565817688126117,92.08599595632404,140.14764999668114,0.1703578680753708,232.4734452039702,0.13765013019841246,11.992445952,2026-01-26T19:44:10.370184
27947,0.47218105347486483,2.72278057007469e-05,5.980953035668252e-06,0.003445550915785134,0.03782990644685924,90.81748219265137,137.84930933406577,0.20669814199209213,228.9222422640305,0.13978545589769462,11.993882624,2026-01-26T19:47:59.293092
27948,0.47234127778890445,0.014535538075425514,5.977077029170984e-06,0.0029944300185889006,0.04913577006664127,92.90652728301939,145.12088619498536,0.2159697520546615,238.30269885098096,0.13428299450360284,12.01564928,2026-01-26T19:51:57.596578
27949,0.4725015021029441,0.012495986133054249,5.973202375280062e-06,0.002674157964065671,0.043885559658519924,93.98238816729281,139.933054973837,0.17931170796509832,234.14952461898793,0.13666480874591116,12.013170688,2026-01-26T19:55:51.746686
27950,0.4726617264169838,0.008478976989954923,5.969329075038882e-06,0.003803648636676371,0.04534612619318068,90.81761515210383,140.72384992614388,0.2347880150191486,231.8322295550024,0.13803085128165052,11.9921408,2026-01-26T19:59:43.579524
27951,0.47282195073102345,0.002981435555915013,5.9654571294904665e-06,0.0034960168413817883,0.047114085871726274,92.40373942325823,142.74196237290744,0.20115705498028547,235.40378249494825,0.13593664324695684,12.015227392,2026-01-26T20:03:38.983998
27952,0.47298217504506307,0.010696383410387256,5.961586539677478e-06,0.0035232037771493196,0.04442566377110779,93.00638507830445,142.51759414200205,0.20511113305110484,235.78475516906474,0.13571700162317551,12.009470976,2026-01-26T20:07:34.769583
27953,0.47314239935910274,5.831435426628673e-05,5.957717306642222e-06,0.0028416173299774528,0.04579040815588087,94.18972052482422,143.16102470108308,0.207706080051139,237.61485678097233,0.1346717138545627,12.01167872,2026-01-26T20:11:32.385055
27954,0.4733026236731424,0.012537124414153666,5.953849431426623e-06,0.0030443037394434214,0.0447959917364642,92.98953463719226,143.159367040731,0.20974061405286193,236.4139664019458,0.13535579342886328,12.0100096,2026-01-26T20:15:28.809697
27955,0.4734628479871821,0.01642677028755113,5.9499829150722525e-06,0.002978782053105533,0.04631254996638745,92.50276566005778,143.00615188502707,0.19642666797153652,235.7608142660465,0.1357307833348815,12.005500416,2026-01-26T20:19:24.571115
27956,0.4736230723012217,0.013393106383955633,5.946117758620316e-06,0.0027837101370096207,0.0545673401793465,93.21130813611671,143.38485590857454,0.16502174898050725,236.82451906602364,0.1351211442387805,12.009250304,2026-01-26T20:23:21.396352
27957,0.47378329661526136,0.005644384758896059,5.942253963111644e-06,0.002712031826376915,0.04237922700121999,92.82063105993439,143.6049197370885,0.1610765380319208,236.6388827849878,0.13522714282367318,12.010368512,2026-01-26T20:27:18.035836
27958,0.47394352092930103,0.005347149956081765,5.938391529586702e-06,0.002587099326774478,0.054596519097685814,91.59452600090299,140.8102015858749,0.1724608140066266,232.64522219903301,0.13754849421589802,11.992967168,2026-01-26T20:31:10.682003
27959,0.4741037452433407,0.016465913815440825,5.934530459085601e-06,0.00290952087379992,0.04867547983303666,91.66245206724852,137.02136598154902,0.18707809795159847,228.9303813780425,0.13978048613459057,11.992884224,2026-01-26T20:34:59.613363
27960,0.4742639695573803,0.012578877077005224,5.930670752648067e-06,0.003173986915498972,0.04858338111080229,92.51137652690522,137.93569999723695,0.20673365297261626,230.71498388797045,0.13869927067909216,11.992974336,2026-01-26T20:38:50.328931
27961,0.47442419387142,0.003572424079572478,5.926812411313472e-06,0.0033983427565544844,0.04514095338527113,91.30689177766908,137.69535013730638,0.1705006199190393,229.2297747579869,0.13959792105447263,11.992841216,2026-01-26T20:42:39.559335
27962,0.47458441818545966,0.011622823788180803,5.92295543612082e-06,0.0026352473068982363,0.0453654529992491,90.48209810280241,139.03645414113998,0.20440461405087262,229.77740101900417,0.13926521867724223,12.010755072,2026-01-26T20:46:29.337451
27963,0.4747446424994993,0.028497945456706475,5.919099828108733e-06,0.002802640083245933,0.04841189016588032,92.98525416688062,141.99470204196405,0.21250745106954128,235.25024295598269,0.13602536430105822,12.011824128,2026-01-26T20:50:24.588305
27964,0.47490486681353894,0.017290793585122977,5.915245588315481e-06,0.0026922019897028804,0.04486733686644584,92.9676300608553,144.73177668312564,0.17249578097835183,237.92978141701315,0.13449346193410927,12.006829568,2026-01-26T20:54:22.518827
27965,0.4750650911275786,0.036118977759382886,5.9113927177789616e-06,0.0034483856288716197,0.04422057815827429,93.18623989180196,142.5230492228875,0.2606375600444153,236.0258287040051,0.13557838214448348,12.013465088,2026-01-26T20:58:18.545535
27966,0.4752253154416183,0.007247998705625758,5.907541217536696e-06,0.0029978719539940357,0.04549792385660112,90.7613989810925,139.17462061997503,0.19031737104523927,230.18130206293426,0.13902084884049715,12.019778048,2026-01-26T21:02:08.727573
27967,0.47538553975565795,0.003890897053209663,5.903691088625848e-06,0.00308155280072242,0.038390461821109056,92.27699687040877,142.88920604798477,0.16983659006655216,235.38447216304485,0.13594779513677696,12.0128128,2026-01-26T21:06:04.112620
27968,0.47554576406969756,0.002398100105089007,5.899842332083203e-06,0.0035289603983983397,0.04701213969383389,91.79522969108075,139.5171140691964,0.2078271140344441,231.57907923101448,0.13818173950021634,11.99264256,2026-01-26T21:09:55.692313
27969,0.47570598838373723,0.009277796707872987,5.895994948945176e-06,0.0030413528438657522,0.04883295297622681,90.95060246309731,138.66750949900597,0.1541221410734579,229.83076213195454,0.13923288468071818,12.015566336,2026-01-26T21:13:45.523928
27970,0.4758662126977769,0.02812668843691135,5.8921489402478215e-06,0.012900752946734428,0.048280120943672955,94.86705465789419,143.4086805890547,0.17440516396891326,238.51874864508864,0.1341613612421529,12.027618304,2026-01-26T21:17:44.043275
27971,0.4760264370118165,0.020725341820129195,5.88830430702682e-06,0.003240235964767635,0.045779754989780486,92.9755444721086,144.38441399799194,0.1578349299961701,237.57448928197846,0.1346945966156283,12.00930816,2026-01-26T21:21:41.618355
27972,0.4761866613258562,0.02509877923104087,5.884461050317475e-06,0.0024037559051066637,0.045491746393963695,91.09168744389899,137.55306721210945,0.18576098210178316,228.8850699700415,0.13980815788547693,11.992712192,2026-01-26T21:25:30.504042
27973,0.47634688563989586,0.024270583739429696,5.880619171154728e-06,0.0027796439826488495,0.04677209991496056,91.32113360112999,141.5698998987209,0.17802056192886084,233.12510528904386,0.13726535355479752,12.025848832,2026-01-26T21:29:23.629952
27974,0.4765071099539355,0.011952631300317762,5.876778670573146e-06,0.0030550688970834017,0.043653475935570896,92.44888210878707,139.33241698914208,0.2042186299804598,232.04484998004045,0.13790437496351463,11.9929088,2026-01-26T21:33:15.675567
27975,0.47666733426797514,0.02013078989761219,5.872939549606919e-06,0.0035135671496391296,0.04846795299090445,92.94186553615145,142.94958198582754,0.1949132679728791,236.14979053498246,0.135507213144276,12.0100864,2026-01-26T21:37:11.826347
27976,0.4768275585820148,0.0037081164996255467,5.869101809289879e-06,0.00381995621137321,0.04557016503531486,91.23503933416214,138.3358329688199,0.218208419973962,229.84681015997194,0.1392231633657574,11.993375744,2026-01-26T21:41:01.673924
27977,0.4769877828960545,0.004935872969921817,5.865265450655472e-06,0.002994973910972476,0.046071319724433124,91.80075803631917,141.92935184773523,0.2658323240466416,234.05329658603296,0.1367209967420283,11.992966144,2026-01-26T21:44:55.727982
27978,0.47714800721009415,0.005469212633206766,5.861430474736784e-06,0.0028937531169503927,0.04701234947424382,90.132081167656,133.9332067850046,0.1818071339512244,224.30405210400932,0.14266349492947042,11.992208384,2026-01-26T21:48:40.032735
27979,0.47730823152413376,0.010847252623403136,5.857596882566518e-06,0.0029898169450461864,0.04972036392427981,90.99636425077915,141.06200300960336,0.2199542949674651,232.33926194300875,0.13772962749554307,11.99211008,2026-01-26T21:52:32.372594
27980,0.47746845583817343,0.0001421310861298153,5.853764675177014e-06,0.003200282924808562,0.04935870738700032,91.86807754973415,140.96624625311233,0.27901606902014464,233.17303767509293,0.13723713650198835,11.992147968,2026-01-26T21:56:25.546465
27981,0.4776286801522131,0.007275989280341122,5.849933853600229e-06,0.00407880125567317,0.04604936589021236,92.09551800612826,139.6037488108268,0.28760125197004527,232.04461834498215,0.1379045126244876,11.992880128,2026-01-26T22:00:17.591831
27982,0.4777889044662528,0.0034827176224450085,5.846104418867759e-06,0.002682986785657704,0.04806707636453211,91.48372603754979,141.86844209302217,0.19592820794787258,233.61235783505253,0.1369790549462043,11.99309312,2026-01-26T22:04:11.204980
27983,0.4779491287802924,0.00019744637788488006,5.8422763720108134e-06,0.0037269630702212453,0.04088716197293252,90.07337744475808,141.45934117410798,0.2796600559959188,231.86349559400696,0.13801223826984826,12.018801152,2026-01-26T22:08:03.069236
27984,0.47810935309433206,0.017410639708282716,5.83844971406024e-06,0.0031029758974909782,0.048956929007545114,90.36825488496106,138.02480718609877,0.22331522009335458,228.6760646828916,0.139935939707441,12.007187968,2026-01-26T22:11:51.746045
27985,0.4782695774083717,0.0037454109677650393,5.834624446046504e-06,0.002912839991040528,0.045921529293991625,92.52783996949438,143.54960295406636,0.18041606503538787,236.31413715193048,0.13541297353457377,12.008128,2026-01-26T22:15:48.060785
27986,0.4784298017224114,0.004254082833591077,5.830800568999696e-06,0.0028701918199658394,0.04626383096911013,93.96288099093363,146.29355863225646,0.2224915330298245,240.5356639949605,0.1330364049493735,12.00148736,2026-01-26T22:19:48.597058
27987,0.478590026036451,9.987719045589927e-06,5.826978083949539e-06,0.0027040671557188034,0.04596412100363523,92.09319139714353,141.70444037707057,0.23776531592011452,234.09102123300545,0.13669896364008083,11.992951808,2026-01-26T22:23:42.688718
27988,0.4787502503504907,0.01239750255210037,5.823156991925379e-06,0.0029661947628483176,0.04966676386538893,90.84443001484033,142.9623102315236,0.24442088196519762,234.11220991495065,0.13668659149228102,12.006286848,2026-01-26T22:27:36.801558
27989,0.47891047466453035,0.010829194901161632,5.819337293956184e-06,0.0031366769690066576,0.04973523004446179,93.82239061011933,146.35388442396652,0.204981716000475,240.44313924806193,0.13308759859014332,12.009071616,2026-01-26T22:31:37.245392
27990,0.47907069897857,0.018374690202971777,5.815518991070544e-06,0.00290076807141304,0.05855452187824994,90.85594983643387,139.46271804755088,0.16817924298811704,230.5574050269788,0.13879406734411978,12.006475264,2026-01-26T22:35:27.803445
27991,0.47923092329260963,0.0294756884586036,5.811702084296684e-06,0.0027338539948686957,0.047305573942139745,90.76859415124636,140.72164132073522,0.20858948200475425,231.75834972399753,0.138074852699413,11.993076736,2026-01-26T22:39:19.562552
27992,0.4793911476066493,0.015678063765731665,5.807886574662438e-06,0.003456577891483903,0.05343722982797772,90.5922059401637,138.61843833792955,0.1649661030387506,229.43870738591067,0.13947079969456389,12.008134144,2026-01-26T22:43:09.002096
27993,0.479551371920689,0.01005446288205647,5.804072463195277e-06,0.0035693941172212362,0.04369837581180036,92.77480968739837,141.81593494059052,0.18940510891843587,234.83699811296538,0.13626472939586293,12.015115776,2026-01-26T22:47:03.839841
27994,0.47971159623472864,0.006564770423477029,5.800259750922293e-06,0.003939520916901529,0.04878130997531116,92.76246815524064,143.06006423407234,0.16589156305417418,236.05099290004,0.13556392882257848,12.009706496,2026-01-26T22:50:59.891706
27995,0.47987182054876826,0.006039539554897999,5.796448438870195e-06,0.002963230130262673,0.04733661562204361,92.84038886928465,144.9048593827756,0.20144559699110687,238.00530684692785,0.13445078357257248,11.992126464,2026-01-26T22:54:57.897755
27996,0.4800320448628079,4.7865644009270625e-05,5.792638528065316e-06,0.003022481920197606,0.05006332113407552,90.50995380582754,142.34282135032117,0.20322012703400105,233.12000402901322,0.1372683572706931,11.992768512,2026-01-26T22:58:51.018502
27997,0.4801922691768476,0.006950753177111579,5.78883001953362e-06,0.003014465095475316,0.04613280005287379,89.96389706269838,138.5700422731461,0.2077342210104689,228.7981903660111,0.13986124605622635,11.993796608,2026-01-26T23:02:39.817660
27998,0.48035249349088727,0.031015338941815074,5.7850229143006836e-06,0.0034103848738595843,0.05042988411150873,92.57972165499814,144.1324477418093,0.2104616389842704,236.98324641305953,0.1350306423949662,12.008448512,2026-01-26T23:06:36.801679
27999,0.4805127178049269,0.0051638180092759,5.781217213391711e-06,0.0027470382628962398,0.05339783278759569,92.54562140919734,144.5492834369652,0.2033474650233984,237.36394863796886,0.13481407005411294,12.01682432,2026-01-26T23:10:34.166262
28000,0.48067294211896655,0.00026009702418061664,5.777412917831533e-06,0.0026145251467823982,0.05023396899923682,91.84760451188777,139.7448027312057,0.18597438593860716,231.8419900489971,0.13802504021483414,12.010118144,2026-01-26T23:14:26.009285
28001,0.4808331664330062,0.014883452257638652,5.773610028644583e-06,0.08274924277793616,0.07431418914347887,96.4719397642184,144.38769118359778,0.24452312802895904,1624.864322997979,0.019693952010071798,12.011629568,2026-01-26T23:41:30.888050
28002,0.4809933907470459,0.040437430005551,5.7698085468549354e-06,0.013579752994701266,0.04705701116472483,91.56730274204165,141.3697640359169,0.21968836500309408,233.22488120000344,0.13720663007888168,12.008162816,2026-01-26T23:45:24.123262
28003,0.4811536150610855,0.003768396175902744,5.766008473486283e-06,0.0034668479347601533,0.05025630921591073,92.25756793504115,139.7048601139104,0.26768470800016075,232.29147652199026,0.13775796029679405,12.009810944,2026-01-26T23:49:16.415327
28004,0.4813138393751252,0.001824820815762962,5.762209809561926e-06,0.013277336955070496,0.04384211089927703,94.24172603117768,142.89181834913325,0.21740263607352972,237.41702981491107,0.13478392862107244,12.008279552,2026-01-26T23:53:13.833272
28005,0.48147406368916484,0.023877324902265684,5.7584125561048026e-06,0.0033451170893386006,0.04603729280643165,92.72289401607122,141.65335326304194,0.16148164600599557,234.59374442207627,0.13640602429034193,12.019620352,2026-01-26T23:57:08.427639
28006,0.4816342880032045,1.302682124615373e-05,5.754616714137458e-06,0.01409154909197241,0.04442758997902274,91.11387739994098,141.56624197307974,0.1692841169424355,232.91443168302067,0.13738951154194531,12.008808448,2026-01-27T00:01:01.342758
28007,0.48179451231724413,0.0038037628314668837,5.750822284682061e-06,0.0034509642282500863,0.04116695502307266,94.15868551284075,142.12449671025388,0.25295554695185274,236.58895935793407,0.13525567755504342,12.006977024,2026-01-27T00:04:57.932628
28008,0.4819547366312838,3.6439551909239754e-05,5.7470292687604e-06,0.0027764661936089396,0.05094900983385742,92.81991921016015,141.4683895596536,0.19055675889831036,234.54031337203924,0.13643709919172847,12.015315456,2026-01-27T00:08:52.483699
28009,0.48211496094532347,0.0011826623862543073,5.743237667393891e-06,0.014116092002950609,0.04384232382290065,90.45261480018962,141.35319253173657,0.16105066100135446,232.03243365092203,0.13791175438922454,12.009444352,2026-01-27T00:12:44.516851
28010,0.4822751852593631,0.01430127382918922,5.739447481603555e-06,0.002993247122503817,0.04593664302956313,90.42017047619447,137.6578801968135,0.19228317099623382,228.32895896804985,0.14014867034223974,12.01670656,2026-01-27T00:16:32.846503
28011,0.48243540957340275,0.021452155033502507,5.735658712410043e-06,0.0027774038026109338,0.0495579510461539,92.34412626910489,139.86120402615052,0.19006962899584323,232.45687591994647,0.13765994175633747,11.99259136,2026-01-27T00:20:25.303974
28012,0.4825956338874424,0.009068394519532674,5.731871360833619e-06,0.003019038005732,0.05237146036233753,91.97577019070741,143.12220309406985,0.19174653000663966,235.35288184101228,0.13596604277663757,11.993048064,2026-01-27T00:24:20.657510
28013,0.4827558582014821,0.006464972042335759,5.728085427894161e-06,0.003105996991507709,0.048729359987191856,91.49632943829056,141.30616316583473,0.2208269009133801,233.08252873795573,0.13729042744330344,12.020359168,2026-01-27T00:28:13.740797
28014,0.4829160825155217,0.021796562640074235,5.7243009146111784e-06,0.012992991600185633,0.04048867686651647,91.88576302211732,140.6609028809471,0.22567278996575624,232.84458737703972,0.13743072304353443,12.008851968,2026-01-27T00:32:06.586046
28015,0.4830763068295614,0.02012942649594418,5.720517822003783e-06,0.0030623964266851544,0.050662403809838,92.86321566894185,142.26165487524122,0.16629774600733072,235.35449590696953,0.13596511031872915,11.992251904,2026-01-27T00:36:01.941348
28016,0.48323653114360104,0.005865761586323792,5.716736151090716e-06,0.0029718378791585565,0.04745269997511059,91.06050905713346,140.84524795692414,0.15401841001585126,232.1174169559963,0.13786126185466904,11.993197568,2026-01-27T00:39:54.059363
28017,0.4833967554576407,0.021603049676699015,5.712955902890332e-06,0.003323138109408319,0.0444243629463017,92.36886029271409,143.08690468606073,0.18986235396005213,235.70159791200422,0.13576488357939234,12.010697728,2026-01-27T00:43:49.761544
28018,0.48355697977168033,0.03413427732984431,5.7091770784206005e-06,0.0029082540422677994,0.04101316200103611,92.65491479483899,143.1738300898578,0.1880413469625637,236.06803201907314,0.1355541439741174,11.992855552,2026-01-27T00:47:45.830178
28019,0.48371720408572,0.00905781439957476,5.705399678699105e-06,0.00394922134000808,0.0451518171466887,90.26140205282718,139.6151456022635,0.2225755410036072,230.15449051896576,0.13903704389101657,11.992178688,2026-01-27T00:51:35.985374
28020,0.48387742839975967,4.388803632693339e-05,5.701623704743054e-06,0.0026921079261228442,0.0513507294235751,91.45867348078173,137.01972510595806,0.29387500404845923,228.83304446097463,0.1398399434634857,11.9929088,2026-01-27T00:55:24.818994
28021,0.48403765271379934,0.006542055842284178,5.697849157569262e-06,0.003321488737128675,0.047862788662314415,91.43525431328453,140.81399243383203,0.18155609106179327,232.4894092939794,0.13764067833101368,11.992102912,2026-01-27T00:59:17.309000
28022,0.48419787702783895,0.02032984081866207,5.69407603819417e-06,0.003072783933021128,0.04970232001505792,92.37108038424049,146.16616834676825,0.26758880994748324,238.8647658439586,0.1339670163866043,12.016225792,2026-01-27T01:03:16.174399
28023,0.4843581013418786,0.029971232471734055,5.690304347633827e-06,0.0027160277822986245,0.04900090815499425,92.02432983077597,141.83084705693182,0.17377405299339443,234.0885717230849,0.136700394062186,12.010732544,2026-01-27T01:07:10.263610
28024,0.4845183256559183,0.002058911741101177,5.686534086903895e-06,0.003485647030174732,0.04730255447793752,92.015544365393,142.39077919384,0.23617673898115754,234.70100397302303,0.13634368604438582,12.01744896,2026-01-27T01:11:04.965236
28025,0.48467854996995796,0.005689819599068002,5.682765257019658e-06,0.0028167020063847303,0.04823937139008194,92.4699704439845,140.49993778462522,0.16496926499530673,233.1941672770772,0.13722470151656135,12.016060928,2026-01-27T01:14:58.160226
28026,0.4848387742839976,0.02081376271865132,5.678997858996015e-06,0.003937616944313049,0.04403312911745161,92.80412739294115,142.32147866208106,0.20569125399924815,235.38806229899637,0.13594572166260804,11.9918848,2026-01-27T01:18:53.548963
28027,0.48499899859803725,0.02938250789313468,5.675231893847468e-06,0.0038621770218014717,0.0523001158144325,91.49771723011509,141.59936345019378,0.20128447806928307,233.36287588893902,0.13712549555323997,12.016543744,2026-01-27T01:22:46.912657
28028,0.4851592229120769,0.010068811329733585,5.671467362588152e-06,0.0030624301871284842,0.04642273660283536,90.69247451319825,138.2662809221074,0.20680751302279532,229.22161864093505,0.13960288819933037,12.003429376,2026-01-27T01:26:36.134978
28029,0.4853194472261166,0.032849606032639755,5.667704266231799e-06,0.004094080999493599,0.05041387572418898,91.78222548193298,139.67203824722674,0.20511607604566962,231.72154199203942,0.13809678515387805,12.010752,2026-01-27T01:30:27.857411
28030,0.4854796715401562,0.011835524863567315,5.6639426057917585e-06,0.003712786012329161,0.056867940817028284,95.1629484979203,141.4916441399837,0.2112426720559597,236.93421101791319,0.13505858804653867,12.009116672,2026-01-27T01:34:24.792310
28031,0.48563989585419587,0.01579544833205926,5.660182382280997e-06,0.0033361598616465926,0.04951154312584549,91.5228368989192,142.2319653420709,0.17449695395771414,233.989376817015,0.13675834533729592,11.992902656,2026-01-27T01:38:18.782388
28032,0.48580012016823554,1.3788716737739293e-05,5.656423596712099e-06,0.0027769560692831874,0.04743543895892799,92.07036014308687,140.96170273178723,0.15076543705072254,233.24053512699902,0.1371974214626804,12.013249024,2026-01-27T01:42:12.023592
28033,0.4859603444822752,0.01013652447583091,5.652666250097251e-06,0.0028797530103474855,0.04553961590863764,91.78131333494093,140.67631143773906,0.20161966199520975,232.71402367192786,0.1375078282566782,11.995083264,2026-01-27T01:46:04.738241
28034,0.4861205687963148,0.004284644472410726,5.648910343448252e-06,0.002933652838692069,0.04856444103643298,93.51139825000428,145.7910845282022,0.17037520301528275,239.5314646490151,0.1335941399051249,12.026326528,2026-01-27T01:50:04.270316
28035,0.4862807931103545,0.016261425344384683,5.645155877776525e-06,0.0032003307715058327,0.04367368295788765,91.81584870896768,141.57373636204284,0.26020389806944877,233.70571654301602,0.136924335755861,12.013098496,2026-01-27T01:53:57.976909
28036,0.48644101742439416,0.001656470518880404,5.641402854093093e-06,0.002932711853645742,0.043928095954470336,90.65802028996404,138.86935267201625,0.22596901992801577,229.80884672200773,0.13924616243651122,12.013910528,2026-01-27T01:57:47.786359
28037,0.48660124173843383,0.006653031030661616,5.637651273408598e-06,0.00324340199586004,0.04796234704554081,91.59010557830334,140.57670451176818,0.23127765802200884,232.45690859493334,0.13765992240635638,12.013069824,2026-01-27T02:01:40.243983
28038,0.48676146605247345,0.008862907685877275,5.633901136733286e-06,0.002810568199492991,0.048475079936906695,91.38502360670827,139.11327688826714,0.22249786800239235,230.77827254892327,0.13866123377458006,12.014596608,2026-01-27T02:05:31.022952
28039,0.4869216903665131,0.022891604654451392,5.6301524450770276e-06,0.003934049746021628,0.044637433835305274,90.23854706285056,137.10156973602716,0.16877377696800977,227.5673130248906,0.14061773448324688,11.992012288,2026-01-27T02:09:18.590882
28040,0.4870819146805528,0.002789279003572176,5.626405199449287e-06,0.003030300955288112,0.04716917593032122,90.42117678711656,137.36144763010088,0.25532142689917237,228.09694946801756,0.14029122298493016,12.01122816,2026-01-27T02:13:06.688594
28041,0.48724213899459246,0.005191289576347735,5.6226594008591545e-06,0.00292601203545928,0.05422603979241103,91.33478214021306,139.35226316016633,0.1832374690566212,230.93545877397992,0.13856685400278393,12.008023552,2026-01-27T02:16:57.624803
28042,0.48740236330863207,0.005235863193333579,5.618915050315317e-06,0.0029112810734659433,0.04237486678175628,88.19274746882729,132.46450462634675,0.18924517498817295,220.90016946091782,0.14486181734533035,12.024804864,2026-01-27T02:20:38.525704
28043,0.48756258762267174,0.006498129781761008,5.615172148826085e-06,0.002744290977716446,0.05105597584042698,92.79889726499096,137.35777584300376,0.2523343350039795,230.47008145297877,0.138846655488898,12.005108736,2026-01-27T02:24:28.996622
28044,0.4877228119367114,0.003935965918985929,5.61143069739937e-06,0.0028441790491342545,0.04876586818136275,94.01103995286394,145.2766450678464,0.3031270829960704,239.65036560303997,0.13352785805052858,12.010247168,2026-01-27T02:28:28.647732
28045,0.4878830362507511,0.0021772234798014267,5.607690697042689e-06,0.00346418097615242,0.045784332090988755,92.28960123774596,141.0381543993717,0.20482181303668767,233.5884799649939,0.1369930572123916,12.011021312,2026-01-27T02:32:22.236912
28046,0.4880432605647907,0.029267689428608357,5.603952148763181e-06,0.014136697282083333,0.04786298610270023,92.85146144207101,146.63734191213734,0.1895269569940865,239.7478147650836,0.13347358361266037,12.00963072,2026-01-27T02:36:21.985376
28047,0.48820348487883036,0.0098481073661425,5.600215053567589e-06,0.0030779660446569324,0.04965362208895385,91.9889776428463,140.11270290019456,0.2271062390645966,232.38907107897103,0.13770010720136525,12.025579008,2026-01-27T02:40:14.385313
28048,0.48836370919287003,0.010441770025142016,5.5964794124622555e-06,0.003227519220672548,0.04567762580700219,92.0834213300841,143.77404615480918,0.19144644599873573,236.10766341001727,0.13553139079789117,12.010415104,2026-01-27T02:44:10.493645
28049,0.48852393350690965,0.015491275549925021,5.592745226453147e-06,0.0036853906931355596,0.05249023204669356,92.8510032921331,141.60588848392945,0.20749564305879176,234.72786029498093,0.13632808631998697,12.004704256,2026-01-27T02:48:05.222096
28050,0.4886841578209493,0.019265063012264605,5.589012496545826e-06,0.002972463029436767,0.04489932814612985,90.50863427808508,137.01029351074249,0.18023910699412227,227.75734233297408,0.14050041009530664,11.992421376,2026-01-27T02:51:52.980217
28051,0.488844382134989,0.027162756337990146,5.585281223745464e-06,0.0031265446450561285,0.04594371293205768,93.3954283738276,143.4429001294775,0.2568984200479463,237.151853291085,0.13493464021435478,11.993009152,2026-01-27T02:55:50.132651
28052,0.48900460644902866,0.009495219722857051,5.581551409056851e-06,0.003569828229956329,0.04733824811410159,93.32534093398135,143.4721364179859,0.24491966294590384,237.099742454011,0.13496429675037236,12.013645312,2026-01-27T02:59:47.233286
28053,0.48916483076306827,0.027651138892103688,5.577823053484367e-06,0.002664590021595359,0.045799455721862614,94.75017106009182,145.93141741806176,0.2318581099389121,240.96818423399236,0.13279761434781934,12.008144384,2026-01-27T03:03:48.202071
28054,0.48932505507710794,0.010510549282564341,5.574096158032015e-06,0.0033236986491829157,0.04977493768092245,92.94730032712687,147.5803751348285,0.19372300198301673,240.783299688017,0.13289958249372946,12.009729024,2026-01-27T03:07:48.985995
28055,0.4894852793911476,0.03663827344347226,5.570370723703399e-06,0.0026870378060266376,0.051234204205684364,94.11059950792696,144.48381685779896,0.16016812901943922,238.81467748002615,0.1339951142771633,12.01594624,2026-01-27T03:11:47.801279
28056,0.4896455037051873,1.4485691561816338e-06,5.566646751501727e-06,0.0024484749883413315,0.048995775054208934,91.85526727989782,140.55486509006005,0.18303520791232586,232.6529005569173,0.1375439546354221,12.016185856,2026-01-27T03:15:40.454783
28057,0.4898057280192269,0.052524374067047574,5.562924242429813e-06,0.0032818231265991926,0.05003955296706408,93.02867427107412,145.31528834998608,0.1724386839196086,238.57795521605294,0.13412806715952125,12.017055232,2026-01-27T03:19:39.033354
28058,0.48996595233326656,0.009913246514472895,5.559203197490083e-06,0.013516226084902883,0.04621673468500376,92.78600171417929,139.81164578837343,0.20235954504460096,232.86801196506713,0.1374168986541628,11.992034304,2026-01-27T03:23:31.902069
28059,0.49012617664730623,0.0014861821600700154,5.55548361768456e-06,0.0029593731742352247,0.047673091175965965,92.465240843012,140.53055619704537,0.15780594805255532,233.21140417293645,0.1372145590970783,11.992897536,2026-01-27T03:27:25.114077
28060,0.4902864009613459,1.6587962513803234e-05,5.551765504014881e-06,0.0029177089454606175,0.046306294039823115,91.930954146781,143.0058982851915,0.22747629799414426,235.2257468169555,0.1360395298262196,12.02543872,2026-01-27T03:31:20.340506
28061,0.4904466252753855,0.0008752804272447179,5.548048857482289e-06,0.0031202229438349605,0.04457645176444203,93.00690819032025,140.2957652489422,0.1826510860119015,233.54306201194413,0.13701969874131142,12.008983552,2026-01-27T03:35:13.884405
28062,0.4906068495894252,0.03408290868408814,5.544333679087618e-06,0.0027897548861801624,0.04464556137099862,92.90797521278728,143.37992547708564,0.17942187108565122,236.52254386909772,0.1352936573255793,12.018213376,2026-01-27T03:39:10.407631
28063,0.49076707390346486,0.015513617175509253,5.5406199698313195e-06,0.0028686204459518194,0.04651904432103038,90.84279905073345,138.304671003134,0.17623546498361975,229.3807870260207,0.13950601711192995,12.00563968,2026-01-27T03:42:59.789139
28064,0.4909272982175045,0.004148128003766072,5.53690773071345e-06,0.0026471306337043643,0.04575278703123331,92.44231870712247,143.69407581491396,0.21606800507288426,236.40780831803568,0.13535931925290262,12.0116352,2026-01-27T03:46:56.197689
28065,0.49108752253154414,0.023333570263727843,5.533196962733661e-06,0.002915067132562399,0.046156264026649296,93.01423902588431,139.98744266608264,0.22628903400618583,233.28538601798937,0.13717104421419857,12.013043712,2026-01-27T03:50:49.483676
28066,0.4912477468455838,0.0056955191494818536,5.529487666891218e-06,0.0030225093942135572,0.047795564867556095,92.5533751983894,144.56913130590692,0.21021699300035834,237.38997888204176,0.13479928744549358,11.992233472,2026-01-27T03:54:46.874402
28067,0.4914079711596235,0.03911227105616444,5.525779844184982e-06,0.00314499216619879,0.0491245009470731,94.02294969419017,142.75153232517187,0.21125092101283371,237.04752109898254,0.1349940292631786,12.024423936,2026-01-27T03:58:43.922618
28068,0.49156819547366315,0.025264046618192815,5.522073495613418e-06,0.0031765977619215846,0.048368783202022314,92.02597239788156,141.14447102916893,0.20447995595168322,233.43462523899507,0.13708334814185238,12.00625408,2026-01-27T04:02:37.358002
28069,0.49172841978770276,0.01645977034119106,5.518368622174599e-06,0.003008956089615822,0.04816388292238116,92.63861372612882,143.7860617589904,0.15562812599819154,236.63769834395498,0.1352278196751547,12.02476288,2026-01-27T04:06:33.996298
28070,0.49188864410174243,0.0016216235904407128,5.514665224866201e-06,0.0031342192087322474,0.05409989401232451,94.12443164503202,149.98602471291088,0.1679234920302406,244.34386714396533,0.1309629759651216,12.0097792,2026-01-27T04:10:38.340754
28071,0.4920488684157821,0.0031747929911007944,5.510963304685494e-06,0.0036610348615795374,0.05023608123883605,91.00549922976643,139.52115859929472,0.26304407592397183,230.8508386220783,0.1386176467497552,12.016543744,2026-01-27T04:14:29.192223
28072,0.4922090927298218,0.01532009508359966,5.5072628626293615e-06,0.003055813373066485,0.04396116698626429,92.117544195964,139.43634787818883,0.29569590697064996,231.90684617694933,0.13798643950158931,12.006359552,2026-01-27T04:18:21.099781
28073,0.4923693170438614,0.041348575797862885,5.50356389969428e-06,0.0034603449748829007,0.048071688739582896,91.71296142507344,146.6195570541313,0.16861972899641842,238.56302658992354,0.134136460529595,12.005510656,2026-01-27T04:22:19.663590
28074,0.49252954135790106,0.008425603297945727,5.499866416876328e-06,0.014288501814007759,0.045059902127832174,91.55586139601655,140.0642298028106,0.21051745500881225,231.8979260789929,0.13799174723580596,12.005013504,2026-01-27T04:26:11.562213
28075,0.4926897656719407,0.006144728205683236,5.4961704151711955e-06,0.00356835569255054,0.05162325000856072,91.68663543125149,141.67858364258427,0.2726004660362378,233.70283880305942,0.1369260217971348,11.993009152,2026-01-27T04:30:05.265674
28076,0.4928499899859804,0.035785168775495535,5.4924758955741594e-06,0.003437268314883113,0.047308243927545846,93.48004080110695,143.17208406468853,0.19551403692457825,236.9092169579817,0.13507283680598856,12.00893952,2026-01-27T04:34:02.175631
28077,0.49301021430002,0.003490171646685525,5.488782859080112e-06,0.002911214833147824,0.04480454488657415,93.2926166751422,144.33673780807294,0.3305976639967412,238.01498612505384,0.1344453159062308,12.010529792,2026-01-27T04:38:00.191433
28078,0.4931704386140597,0.010882262303352874,5.485091306683532e-06,0.002824367838911712,0.05308823788072914,92.25067307299469,144.26904710708186,0.20365416596177965,236.78723010001704,0.13514242295280643,11.993028096,2026-01-27T04:41:56.979622
28079,0.49333066292809935,0.00822361161082874,5.481401239378511e-06,0.0034012027317658067,0.04757131065707654,91.79872606333811,140.5384221499553,0.19782753800973296,232.59448416996747,0.13757849896653668,11.992843264,2026-01-27T04:45:49.574785
28080,0.493490887242139,0.0001291901431708098,5.477712658158731e-06,0.003232064889743924,0.048999590100720525,95.48103297420312,140.5660355638247,0.3163348640082404,236.42227491899393,0.13535103666084025,12.011406336,2026-01-27T04:49:45.997680
28081,0.49365111155617863,1.4469340037237544e-06,5.474025564017481e-06,0.002957007964141667,0.04688743397127837,92.0623108552536,138.4672820008127,0.26880737696774304,230.85697033791803,0.1386139649721637,12.006729216,2026-01-27T04:53:36.855558
28082,0.4938113358702183,0.04547746108379158,5.470339957947642e-06,0.003526052343659103,0.04746208980213851,93.3727232288802,146.1446990770055,0.18361223803367466,239.76169181405567,0.13346585836079777,12.009755648,2026-01-27T04:57:36.617984
28083,0.493971560184258,0.027131141374695744,5.4666558409417046e-06,0.0035025487886741757,0.04730842600110918,93.7516451420961,144.29705779987853,0.1712269679410383,238.2774131440092,0.1342972444503582,11.992036864,2026-01-27T05:01:34.896099
28084,0.49413178449829764,0.010886998214036936,5.462973213991747e-06,0.0031727657187730074,0.042551842518150806,91.78861520136707,140.45808099082205,0.17027928202878684,232.46912346803583,0.13765268919422735,12.006359552,2026-01-27T05:05:27.365744
28085,0.49429200881233726,0.00909856551566346,5.459292078089457e-06,0.0027508786879479885,0.04650075896643102,90.22318006702699,136.82294054690283,0.18650806101504713,227.29019156307913,0.1407891813541771,12.011469824,2026-01-27T05:09:14.656586
28086,0.4944522331263769,0.0059196393883134135,5.455612434226108e-06,0.002887192997150123,0.048937255749478936,92.52433775202371,144.05947879818268,0.17173498903866857,236.81360457104165,0.13512737183306683,11.992065536,2026-01-27T05:13:11.471016
28087,0.4946124574404166,0.003656480417924435,5.451934283392588e-06,0.0026345914229750633,0.045889506000094116,91.04677166603506,140.9328507090686,0.18716773600317538,232.22234034002759,0.13779897297195673,12.009476096,2026-01-27T05:17:03.693952
28088,0.4947726817544562,0.00747862033004143,5.448257626579369e-06,0.002983459969982505,0.04694682022091001,90.87078211014159,141.68340508360416,0.20232249097898602,232.81290645699482,0.1374494244626899,12.007212544,2026-01-27T05:20:56.507684
28089,0.4949329060684959,0.003855749607891923,5.4445824647765245e-06,0.01302288193255663,0.04337400896474719,92.85139997501392,140.56141802866478,0.1850413151551038,233.66368449304719,0.13694896607244153,12.011231232,2026-01-27T05:24:50.171949
28090,0.49509313038253555,0.004985482654365825,5.440908798973732e-06,0.0027333062607795,0.04432237986475229,91.60863482975401,142.6121204160154,0.18513646791689098,234.46090177702717,0.1364833102554219,12.015929856,2026-01-27T05:28:44.633474
28091,0.4952533546965752,0.016592456718865556,5.437236630160255e-06,0.002824681345373392,0.04504724801518023,91.97437976789661,142.87012515799142,0.21411615703254938,235.11481925100088,0.13610371350449776,12.009409536,2026-01-27T05:32:39.749105
28092,0.49541357901061484,0.00475503645722597,5.433565959324961e-06,0.002786408644169569,0.05227690911851823,92.79800639674067,142.44253230001777,0.19259294983930886,235.4963829650078,0.13588319105841576,11.993475584,2026-01-27T05:36:35.246092
28093,0.4955738033246545,0.0005289624517779146,5.429896787456318e-06,0.0033998186700046062,0.05318533210083842,93.45826201094314,140.83979438012466,0.237757126102224,234.59950154693797,0.1364026768556349,11.993320448,2026-01-27T05:40:29.846222
28094,0.4957340276386942,0.00826174518758993,5.42622911554238e-06,0.0033852022606879473,0.04160373262129724,94.71338407904841,143.51835431787185,0.18501066300086677,238.468057817081,0.13418987973871904,11.993095168,2026-01-27T05:44:28.314890
28095,0.49589425195273384,0.005071662670698807,5.422562944570801e-06,0.0032405280508100986,0.04945842525921762,92.86314034741372,144.2580532610882,0.2443079559598118,237.42536922520958,0.13477919442402314,12.01687552,2026-01-27T05:48:25.740952
28096,0.49605447626677346,0.00316332202853431,5.418898275528838e-06,0.0034299627877771854,0.050355135230347514,93.04737415001728,140.5503049395047,0.1964211140293628,233.8591862800531,0.13683447936776397,12.00938496,2026-01-27T05:52:19.600858
28097,0.49621470058081313,0.005134273912629439,5.415235109403332e-06,0.004098845878615975,0.04548541479744017,92.73242790088989,141.5800619458314,0.3736239729914814,234.74306296091527,0.1363192573035822,11.992802304,2026-01-27T05:56:14.344699
28098,0.4963749248948528,0.002810893235134948,5.411573447180727e-06,0.0026071195024996996,0.044006738578900695,91.96356679778546,145.05180158978328,0.20011208788491786,237.27139775198884,0.13486665608742457,12.005579264,2026-01-27T06:00:11.616980
28099,0.49653514920889247,0.00983412255120708,5.407913289847067e-06,0.0028490410186350346,0.048517001094296575,94.6792457436677,146.76064675394446,0.16088463296182454,241.66034621093422,0.132417256292717,12.009233408,2026-01-27T06:04:13.278029
28100,0.4966953735229321,0.00978726899889093,5.40425463838797e-06,0.00336178089492023,0.04964275215752423,92.29065330303274,141.21196361235343,0.3347921338863671,233.89652740512975,0.13681263400962398,12.018827776,2026-01-27T06:08:07.175211
28101,0.49685559783697175,0.012485307931150658,5.4005974937886695e-06,0.003991138888522983,0.04477479914203286,91.59624889632687,141.46373599930666,0.23689312604255974,233.35328617785126,0.13713113075944025,12.008196608,2026-01-27T06:12:00.529092
28102,0.4970158221510114,0.014609426393960234,5.3969418570339885e-06,0.0028508950490504503,0.04993640701286495,92.23747822875157,139.31211767718196,0.3269964058417827,231.9378875119146,0.13796797212941833,12.0048384,2026-01-27T06:15:52.467594
28103,0.4971760464650511,0.013641901051760108,5.393287729108335e-06,0.0032363771460950375,0.04256397089920938,93.6881087908987,146.54164742911234,0.18044031388126314,240.46423053415492,0.13307592538364996,12.01125888,2026-01-27T06:19:52.932507
28104,0.4973362707790907,0.018757944559703255,5.389635110995724e-06,0.003748686518520117,0.04540215525776148,94.51075324811973,143.21389360236935,0.21406989404931664,237.99713173904456,0.13445540190411567,12.012452864,2026-01-27T06:23:50.930243
28105,0.4974964950931304,4.150685891257666e-05,5.385984003679753e-06,0.014222258469089866,0.05030458653345704,90.31517458287999,136.38505261205137,0.26972428197041154,227.04222123604268,0.14094294808158808,11.993609216,2026-01-27T06:27:37.973059
28106,0.49765671940717005,0.006707886357646409,5.382334408143612e-06,0.01302140369080007,0.0456484651658684,92.64137721224688,142.10100990184583,0.1716704259160906,234.9802304180339,0.13618166916881239,12.011031552,2026-01-27T06:31:32.953939
28107,0.4978169437212097,0.005291241753046627,5.378686325370095e-06,0.004256178857758641,0.04322861577384174,91.53620424098335,140.38396500702947,0.21363986982032657,232.18944614287466,0.13781849490398124,12.00365568,2026-01-27T06:35:25.144241
28108,0.49797716803524933,0.0016187829752025706,5.375039756341584e-06,0.0027697072364389896,0.04760523443110287,91.73809226648882,139.63925660494715,0.21622878685593605,231.65298771695234,0.13813765285470672,12.008150528,2026-01-27T06:39:16.798137
28109,0.498137392349289,0.020783114910050138,5.371394702040046e-06,0.0032589572947472334,0.05077768210321665,91.000801615417,141.81952434103005,0.21934634796343744,233.10056000412442,0.137279807476369,12.015540736,2026-01-27T06:43:09.899494
28110,0.49829761666332867,0.04568895386273386,5.367751163447049e-06,0.003194639924913645,0.047744243405759335,90.94521804735996,139.1165754655376,0.16241702204570174,230.28732861299068,0.13895684227497204,11.993742336,2026-01-27T06:47:00.187570
28111,0.49845784097736834,0.011365955922125082,5.364109141543749e-06,0.003081999719142914,0.04585793148726225,91.57838437962346,140.44691442302428,0.23915505781769753,232.32021062402055,0.1377409219544302,12.014273024,2026-01-27T06:50:52.508595
28112,0.49861806529140795,0.025767451205306102,5.360468637310889e-06,0.003496371442452073,0.05033611552789807,90.6596409890335,139.71888598660007,0.17026395490393043,230.6089424311649,0.1387630490936047,11.99202048,2026-01-27T06:54:43.118248
28113,0.4987782896054476,0.020780880906120736,5.356829651728817e-06,0.0032497483771294355,0.051129673374816775,92.36142264143564,140.94258282659575,0.1678381331730634,233.53342906199396,0.13702535062552118,12.007988736,2026-01-27T06:58:36.652289
28114,0.4989385139194873,6.899420519168586e-05,5.3531921857774566e-06,0.0034294910728931427,0.04640384018421173,93.3717072494328,143.16100248740986,0.2182273908983916,236.80952885909937,0.13512969750064346,12.010401792,2026-01-27T07:02:33.462555
28115,0.49909873823352696,0.03205328747975367,5.349556240436331e-06,0.0028554059099406004,0.042111887596547604,92.96315325400792,145.05640128417872,0.2923501969780773,238.3645329659339,0.13424816016807883,12.013455872,2026-01-27T07:06:31.827896
28116,0.4992589625475666,0.028926168127633822,5.345921816684556e-06,0.003091601189225912,0.04689894849434495,92.73809931101277,141.60368385305628,0.18385501694865525,234.58411794016138,0.13641162189915468,11.992339968,2026-01-27T07:10:26.412623
28117,0.49941918686160625,0.026794560117929578,5.3422889155008305e-06,0.0028261442203074694,0.046079214196652174,93.21291934256442,144.29098839638755,0.20010232203640044,237.76209773495793,0.13458831455832612,12.015262208,2026-01-27T07:14:24.175476
28118,0.4995794111756459,0.0019836208155794566,5.338657537863442e-06,0.004006820498034358,0.042109029134735465,92.75352967670187,142.14120680023916,0.22398982802405953,235.17491166386753,0.1360689359830065,12.007163392,2026-01-27T07:18:19.351028
28119,0.4997396354896856,0.006497527091114286,5.3350276847502796e-06,0.0029174531809985638,0.048716810531914234,93.65954385953955,141.74230105173774,0.17473304481245577,235.63846779218875,0.13580125647490218,12.013701632,2026-01-27T07:22:14.990187
28120,0.4998998598037252,0.03464121196985115,5.331399357138808e-06,0.0032700158189982176,0.05066438368521631,92.95687642367557,141.75188083644025,0.2024697340093553,234.97694169310853,0.13618357516029628,11.992566272,2026-01-27T07:26:09.967928
28121,0.5000600841177649,0.023865178193007708,5.327772556006094e-06,0.01289036707021296,0.050817160634323955,91.78257998172194,142.9731449848041,0.1717066748533398,235.00082781212404,0.13616973309380434,12.010537984,2026-01-27T07:30:04.969439
28122,0.5002203084318045,1.9342675003919396e-05,5.324147282328784e-06,0.012925485614687204,0.04779721680097282,90.445692575071,135.1106974214781,0.1717751119285822,225.79812648403458,0.14171951068984007,11.992725504,2026-01-27T07:33:50.768158
28123,0.5003805327458442,0.0004767226775514999,5.320523537083111e-06,0.0029794855508953333,0.0421109008602798,92.27704889327288,140.8743886644952,0.20076413895003498,233.4040465329308,0.1371013076908465,12.008567296,2026-01-27T07:37:44.172924
28124,0.5005407570598839,0.018447416872755973,5.316901321244907e-06,0.0027796148788183928,0.04680677689611912,90.99098246148787,138.55678604822606,0.17418739991262555,229.78095237817615,0.1392630662759811,12.009340928,2026-01-27T07:41:33.954481
28125,0.5007009813739235,0.006987322809562713,5.313280635789589e-06,0.0029685762710869312,0.04534989129751921,93.28558441065252,144.80424233013764,0.19701572298072278,238.34629325708374,0.13425843365428108,12.022380544,2026-01-27T07:45:32.301484
28126,0.5008612056879631,0.014357661116937592,5.309661481692151e-06,0.0032129762694239616,0.0449204642791301,92.99286487745121,140.43092130613513,0.1626674549188465,233.64115691906773,0.13696217062940097,12.010845184,2026-01-27T07:49:25.943269
28127,0.5010214300020028,0.0152358143003406,5.3060438599271916e-06,0.0037805140018463135,0.047555360244587064,92.86321606859565,139.81129098241217,0.22326433309353888,232.958125337027,0.13736374274863652,11.992577024,2026-01-27T07:53:18.902015
28128,0.5011816543160424,0.02179217576895809,5.302427771468885e-06,0.003126863157376647,0.04662247281521559,92.74229133012705,142.39803740219213,0.15718365111388266,235.35509827313945,0.13596476233058977,12.003350016,2026-01-27T07:57:14.257734
28129,0.5013418786300821,0.006463487328366213,5.298813217290993e-06,0.0035143736749887466,0.04513247171416879,92.70257160603069,141.68297342630103,0.18646914092823863,234.6282825518865,0.13638594483136707,12.0066944,2026-01-27T08:01:08.886912
28130,0.5015021029441218,0.01450147494957399,5.2952001983668676e-06,0.003042348427698016,0.044661871856078506,93.1704691099003,145.57308474415913,0.15755149791948497,238.95518872095272,0.1339163220153758,12.013687296,2026-01-27T08:05:07.842698
28131,0.5016623272581614,0.004639294765530266,5.291588715669453e-06,0.0034431542735546827,0.04938318231143057,91.72221347293817,142.44621317996643,0.24046825896948576,234.46902876906097,0.13647857957188125,11.997305344,2026-01-27T08:09:02.312442
28132,0.5018225515722011,8.767552365007703e-06,5.287978770171264e-06,0.002959087723866105,0.04262709734030068,93.10057125613093,139.70315910922363,0.15828685811720788,233.01680917688645,0.1373291485409893,12.011208704,2026-01-27T08:12:55.329841
28133,0.5019827758862407,0.0022358520499636825,5.28437036284442e-06,0.00259041297249496,0.04542389418929815,92.17477727821097,143.37260847678408,0.25418926402926445,235.8560579319019,0.13567597237311274,11.997123072,2026-01-27T08:16:51.186525
28134,0.5021430002002804,0.004397822929336215,5.280763494660613e-06,0.0037758569233119488,0.04378342838026583,92.13791873934679,140.92990805604495,0.24055591295473278,233.36415992304683,0.13712474105086309,11.9930624,2026-01-27T08:20:44.551313
28135,0.5023032245143201,0.010247038330491343,5.277158166591121e-06,0.004067315254360437,0.04988406924530864,91.6115679028444,142.226039635716,0.2492039781063795,234.14867925806902,0.13666530215500775,12.010703872,2026-01-27T08:24:38.700625
28136,0.5024634488283597,0.008260436771411861,5.273554379606815e-06,0.003334368346258998,0.0411278298124671,92.95854265894741,143.8968907247763,0.17168709193356335,237.07840136392042,0.13497644583354226,12.008685056,2026-01-27T08:28:35.779613
28137,0.5026236731423993,0.012712839332069237,5.269952134678149e-06,0.013833699747920036,0.05215652636252344,94.38213244103827,146.37376485741697,0.15644996403716505,240.98590175318532,0.1327878509373299,11.993119744,2026-01-27T08:32:36.766364
28138,0.502783897456439,0.002618351743591596,5.266351432775157e-06,0.003480840940028429,0.04439108516089618,92.22782604303211,143.2730117274914,0.19994949805550277,235.7568103321828,0.1357330884945033,12.010729472,2026-01-27T08:36:32.523761
28139,0.5029441217704786,5.873883724305529e-06,5.262752274867457e-06,0.003087078919634223,0.05260239983908832,90.59817239549011,140.25326285744086,0.20365940895862877,231.11911580804735,0.1384567429142345,12.008467968,2026-01-27T08:40:23.643594
28140,0.5031043460845184,0.005080980227785581,5.25915466192426e-06,0.0031961873173713684,0.04881119797937572,91.65147950081155,142.53888890100643,0.19141460000537336,234.44108831416816,0.13649484495276556,11.992992768,2026-01-27T08:44:18.085272
28141,0.503264570398558,0.004399728298595917,5.2555585949143505e-06,0.0038114022463560104,0.04902340122498572,92.41579131106846,142.3811537467409,0.21470130211673677,235.0742562240921,0.13612719875839985,12.008459776,2026-01-27T08:48:13.160136
28142,0.5034247947125976,0.013059211041831276,5.251964074806106e-06,0.0029078673105686903,0.047563872300088406,92.27189438533969,140.6459992066957,0.18683854304254055,233.16266798297875,0.1372432399955899,12.011521024,2026-01-27T08:52:06.323417
28143,0.5035850190266373,0.0007380571095936261,5.248371102567478e-06,0.0030833519995212555,0.04813521238975227,94.25245648995042,145.95242832461372,0.17224086704663932,240.43727265205234,0.13309084588689646,12.008384512,2026-01-27T08:56:06.761296
28144,0.5037452433406769,0.033541929748702515,5.2447796791660115e-06,0.003511501010507345,0.04968244303017855,91.47382998163812,139.67049714387394,0.23732673306949437,231.44293462182395,0.1382630238952326,12.017507328,2026-01-27T08:59:58.204879
28145,0.5039054676547166,0.0023934867523420778,5.241189805568824e-06,0.0027243345975875854,0.0467356494627893,91.8147833715193,141.61223501199856,0.18195933406241238,233.66470111790113,0.13694837023694748,12.023422976,2026-01-27T09:03:51.870401
28146,0.5040656919687563,0.0025316675956101875,5.237601482742626e-06,0.0029818343464285135,0.04760293453000486,91.66077156621031,138.5303966870997,0.1887860568240285,230.43999332888052,0.13886478444013006,11.992251392,2026-01-27T09:07:42.311034
28147,0.5042259162827959,0.011499065028278466,5.234014711653698e-06,0.003551175817847252,0.0467634117230773,92.87465786235407,142.68149144970812,0.17160968901589513,235.7865082770586,0.13571599254694725,12.012519936,2026-01-27T09:11:38.098153
28148,0.5043861405968356,0.030597380584703515,5.230429493267918e-06,0.0028046430088579655,0.043948276434093714,92.30009294929914,140.5003042924218,0.3881747249979526,233.24181326595135,0.13719666963621296,12.005635584,2026-01-27T09:15:31.340873
28149,0.5045463649108752,0.01207147995894875,5.226845828550734e-06,0.0031406916677951813,0.04348039906471968,91.58512968826108,138.622315029148,0.16942023602314293,230.43601466482505,0.13886718205287832,12.005504512,2026-01-27T09:19:21.777821
28150,0.5047065892249148,0.011625104745142778,5.2232637184671754e-06,0.003116037230938673,0.04729342204518616,93.07020320370793,140.38628163863905,0.1833412810228765,233.699827024946,0.1369277864145967,12.008525312,2026-01-27T09:23:15.478615
28151,0.5048668135389546,4.603108937839551e-05,5.219683163981864e-06,0.0028727520257234573,0.044410220347344875,92.7832221116405,140.27421699976549,0.2318684950005263,233.34338032710366,0.13713695222526562,12.004864,2026-01-27T09:27:08.822686
28152,0.5050270378529942,0.002282358976189336,5.2161041660589865e-06,0.0028731501661241055,0.04493877291679382,93.02735469560139,145.2503629976418,0.26694396091625094,238.60108613502234,0.13411506426207745,12.021354496,2026-01-27T09:31:07.424390
28153,0.5051872621670338,0.0023816876207138904,5.2125267256623255e-06,0.013106703525409102,0.04919043555855751,93.3602186110802,145.02326251449995,0.2182744590099901,238.6714627770707,0.13407551798469247,12.014480896,2026-01-27T09:35:06.096467
28154,0.5053474864810735,0.007410393813538363,5.208950843755241e-06,0.012726172339171171,0.04916681977920234,94.82534982240759,144.63805690361187,0.16078262706287205,239.69218170410022,0.13350456311296782,12.017649664,2026-01-27T09:39:05.789248
28155,0.5055077107951131,0.0014686846838647405,5.205376521300665e-06,0.002479114104062319,0.04866594937629998,91.35692203254439,141.34362782118842,0.16288704494945705,232.92057733400725,0.13738588649517264,12.007343616,2026-01-27T09:42:58.710435
28156,0.5056679351091529,0.007244365808391606,5.201803759261115e-06,0.002770698396489024,0.048904948867857456,94.36216828390025,144.81119986018166,0.18158637220039964,239.41531908209436,0.13365894932156516,12.00584448,2026-01-27T09:46:58.126380
28157,0.5058281594231925,0.01499492702153038,5.198232558598693e-06,0.002674092072993517,0.04151565581560135,94.6402714594733,144.67312333290465,0.19865394197404385,239.56304985890165,0.13357652617483134,12.007763456,2026-01-27T09:50:57.690043
28158,0.5059883837372321,2.405226282586881e-06,5.19466292027507e-06,0.0027707302942872047,0.0482319500297308,90.78890532185324,140.45392859075218,0.1869559979531914,231.48965775291435,0.13823511732932758,11.99212032,2026-01-27T09:54:49.180305
28159,0.5061486080512718,0.01398721442630535,5.191094845251505e-06,0.004033812554553151,0.05150599800981581,93.11779517028481,142.64058879413642,0.32704939087852836,236.15116289095022,0.1355064256650599,12.005699584,2026-01-27T09:58:45.332136
28160,0.5063088323653114,0.010919060633166389,5.187528334488838e-06,0.0029397080652415752,0.0436842511408031,91.21968658035621,139.65709167928435,0.30999881005845964,231.2405714460183,0.13838402058900898,12.01168896,2026-01-27T10:02:36.573331
28161,0.506469056679351,0.021865144314959117,5.183963388947473e-06,0.0028585263062268496,0.051667263731360435,92.6249464720022,141.51109145767987,0.21623988007195294,234.4146929141134,0.1365102144502708,12.03203328,2026-01-27T10:06:30.988762
28162,0.5066292809933908,0.0004720622748513037,5.180400009587407e-06,0.002865356858819723,0.045484388479962945,91.6907629375346,141.63983446522616,0.150410562986508,233.53674181108363,0.1370234069030815,12.01620736,2026-01-27T10:10:24.526219
28163,0.5067895053074304,0.04031011927292383,5.176838197368214e-06,0.003080987371504307,0.048546966863796115,92.61164021329023,143.28009073855355,0.19842792605049908,236.1523722410202,0.13550573172875172,12.008478208,2026-01-27T10:14:20.679377
28164,0.5069497296214701,5.053130919474569e-05,5.173277953249038e-06,0.0027892952784895897,0.053333833580836654,91.72566542588174,139.66258593136445,0.17747076321393251,231.62868121592328,0.1381521486545517,11.992406016,2026-01-27T10:18:12.308863
28165,0.5071099539355097,6.068829364291872e-05,5.169719278188609e-06,0.0032326471991837025,0.05035894364118576,92.3004093375057,144.05006099538878,0.18681715498678386,236.599132505944,0.13524986191230468,12.021177344,2026-01-27T10:22:08.908650
28166,0.5072701782495493,0.018213442958606052,5.166162173145229e-06,0.003420117311179638,0.043949882267042994,90.17311090650037,138.5779006604571,0.19324216293171048,229.00302240415476,0.13973614699078063,12.008265216,2026-01-27T10:25:57.912369
28167,0.5074304025635891,0.011092730867479084,5.162606639076777e-06,0.00305238738656044,0.04838443663902581,91.70250410353765,139.55460584512912,0.2116980671416968,231.52829461102374,0.13821204900144582,12.00850688,2026-01-27T10:29:49.441260
28168,0.5075906268776287,0.0018197429634496665,5.1590526769407116e-06,0.003129760967567563,0.044999682111665606,92.10354430158623,141.446847863961,0.1827684638556093,233.78904798510484,0.1368755306366566,12.006002176,2026-01-27T10:33:43.230939
28169,0.5077508511916683,1.2335138324104378e-05,5.155500287694072e-06,0.0028738081455230713,0.04434348363429308,92.64462194778025,144.98244681349024,0.1998817001003772,237.8808645880781,0.1345211186087296,12.010145792,2026-01-27T10:37:41.112461
28170,0.507911075505708,0.0018894496889330092,5.151949472293464e-06,0.003506006207317114,0.04259970714338124,90.80788370152004,138.42708844551817,0.2196136899292469,229.50928216800094,0.13942791201175028,12.013332992,2026-01-27T10:41:30.622348
28171,0.5080712998197476,0.016103566602667208,5.14840023169508e-06,0.0028838058933615685,0.05252335802651942,93.93568955291994,143.01926114130765,0.18204083293676376,237.20155480294488,0.13490636697800734,12.010692608,2026-01-27T10:45:27.824513
28172,0.5082315241337872,0.012278103697429543,5.1448525668546805e-06,0.0035754735581576824,0.04794650059193373,95.39067507861182,145.7788420242723,0.174615444149822,241.40333644882776,0.13255823416004567,12.014945792,2026-01-27T10:49:29.228458
28173,0.508391748447827,2.720213062490373e-05,5.141306478727602e-06,0.002860964508727193,0.04886409640312195,91.80391576443799,140.96519524860196,0.20716805499978364,233.0375153820496,0.13731694636178263,12.01835264,2026-01-27T10:53:22.266836
28174,0.5085519727618666,0.004098917201262431,5.137761968268765e-06,0.0033217514865100384,0.05531868455000222,92.7191509893164,140.4021769312676,0.23389350902289152,233.42214926495217,0.1370906749885056,11.992113664,2026-01-27T10:57:15.689682
28175,0.5087121970759063,2.0027945986100804e-06,5.134219036432652e-06,0.002932101720944047,0.04746086779050529,91.70988066657446,137.2855070438236,0.17620689212344587,229.22989426297136,0.13959784827754518,11.992851456,2026-01-27T11:01:04.920219
28176,0.5088724213899459,0.0046007498194677865,5.13067768417333e-06,0.0029387723188847303,0.04469288350082934,91.97086308663711,142.7975961160846,0.19116550497710705,235.0156569739338,0.136161140972617,12.014403072,2026-01-27T11:04:59.936579
28177,0.5090326457039855,0.009748497497631625,5.127137912444443e-06,0.002982723992317915,0.04617095901630819,92.47221764689311,141.5709791209083,0.31053316104225814,234.4105007108301,0.13651265580237532,12.014866944,2026-01-27T11:08:54.347763
28178,0.5091928700180253,0.00812028927339803,5.123599722199199e-06,0.0028328634798526764,0.041737108724191785,91.3794982158579,141.52767786732875,0.3370457880664617,233.29704051511362,0.13716419175033193,11.992081408,2026-01-27T11:12:47.645623
28179,0.5093530943320649,0.028896632502960706,5.120063114390386e-06,0.0030490097124129534,0.054442517925053835,91.12269032956101,140.8016089689918,0.1610431340523064,232.15079397289082,0.1378414411269977,12.007691776,2026-01-27T11:16:39.797310
28180,0.5095133186461045,0.009576298153635143,5.116528089970368e-06,0.003599604358896613,0.049005553824827075,94.04912974475883,140.80754343024455,0.2691743401810527,235.18652190384455,0.1360622187911054,12.018208256,2026-01-27T11:20:34.984449
28181,0.5096735429601442,0.014935009449150272,5.112994649891076e-06,0.0030554113909602165,0.04745178669691086,92.71382574364543,144.27837827103212,0.1806847348343581,237.2326788289938,0.1348886677752638,12.016437248,2026-01-27T11:24:32.217708
28182,0.5098337672741838,1.9976093031282005e-05,5.109462795104024e-06,0.003282609861344099,0.04507050313986838,93.59989045769908,140.80552382045425,0.18578171008266509,234.64916592394002,0.136373806716929,12.019592704,2026-01-27T11:28:26.867654
28183,0.5099939915882236,0.03402075703166396,5.105932526560287e-06,0.0032772852573543787,0.0464243134483695,94.94639928080142,142.08508482459,0.19453837582841516,237.28413849393837,0.13485941455297681,12.010979328,2026-01-27T11:32:24.152468
28184,0.5101542159022632,0.016118786463763968,5.102403845210526e-06,0.003558716969564557,0.04621997126378119,93.71309797861613,144.93876823107712,0.21915688691660762,238.93024043203332,0.13393030510553058,12.015919616,2026-01-27T11:36:23.083262
28185,0.5103144402163028,0.00011091705656340878,5.098876752004961e-06,0.013267695903778076,0.04139287490397692,93.9251636818517,145.4121665833518,0.20408580312505364,239.60295496694744,0.13355427943037812,11.992341504,2026-01-27T11:40:22.687090
28186,0.5104746645303425,0.002978291706656755,5.095351247893399e-06,0.003116348059847951,0.048757744021713734,92.61122552887537,144.9468541040551,0.2000437390524894,237.81948414002545,0.13455583807909852,12.018207744,2026-01-27T11:44:20.507360
28187,0.5106348888443821,0.015511212633414928,5.091827333825203e-06,0.0035838864278048277,0.043506231158971786,91.85157836205326,141.72945906687528,0.206600870937109,233.84237720188685,0.13684431531575192,12.013269504,2026-01-27T11:48:14.350351
28188,0.5107951131584217,0.0019640306994492818,5.0883050107493245e-06,0.0030468441545963287,0.04746104031801224,91.13787142629735,141.51233086176217,0.17411240795627236,232.88120926497504,0.13740911128467223,12.009245696,2026-01-27T11:52:07.232319
28189,0.5109553374724615,0.003724118255323816,5.084784279614274e-06,0.0027717864140868187,0.04705305933021009,92.60320436698385,144.42954637575895,0.16864846483804286,237.25875371997245,0.13487384342315306,12.025495552,2026-01-27T11:56:04.491870
28190,0.5111155617865011,0.014922506474869479,5.081265141368135e-06,0.002993424190208316,0.05775993224233389,93.94948425004259,146.19900476117618,0.1516153689008206,240.3683086328674,0.13312903095256207,12.01279232,2026-01-27T12:00:04.860813
28191,0.5112757861005408,6.607658695756413e-06,5.077747596958568e-06,0.003701568115502596,0.04487654217518866,89.49167838436551,138.2889695726335,0.28538879193365574,228.1209342039656,0.14027647270367755,12.012784128,2026-01-27T12:03:52.982508
28192,0.5114360104145804,0.006665395801245921,5.074231647332803e-06,0.004692115588113666,0.04146789060905576,94.95015342067927,141.6507919873111,0.21844553295522928,236.87337663210928,0.13509327411539188,12.015760896,2026-01-27T12:07:49.856665
28193,0.51159623472862,1.1026278796677502e-06,5.070717293437636e-06,0.003995767096057534,0.04228416760452092,91.93079815921374,141.50947074219584,0.18640988995321095,233.68221998703666,0.1369381033857654,12.001691648,2026-01-27T12:11:43.539548
28194,0.5117564590426598,0.0040809542804201016,5.067204536219432e-06,0.003783576190471649,0.04731969954445958,91.76414577523246,137.95110330358148,0.2765359249897301,230.05026053008623,0.13910003807978738,11.992896512,2026-01-27T12:15:33.590571
28195,0.5119166833566994,0.015450352811470669,5.063693376624137e-06,0.00296167959459126,0.0475796046666801,92.84628850617446,139.70943727809936,0.22151036304421723,232.8359295099508,0.13743583332413653,12.006665728,2026-01-27T12:19:26.427110
28196,0.512076907670739,9.017259100296826e-06,5.060183815597254e-06,0.0029269279912114143,0.041641690069809556,94.58111435361207,143.22102849930525,0.3325743831228465,238.18819273402914,0.1343475494426902,12.019285504,2026-01-27T12:23:24.616066
28197,0.5122371319847787,0.014255773587800835,5.0566758540838614e-06,0.002803888637572527,0.04707430675625801,90.75355014856905,139.92916307901032,0.2125367869157344,230.95231563807465,0.1385567402153577,12.008666624,2026-01-27T12:27:15.568990
28198,0.5123973562988183,0.0026035980405190173,5.0531694930286114e-06,0.0029990114271640778,0.05129953962750733,92.51540350564755,139.24670134717599,0.17470295680686831,231.99898398504592,0.13793163853710083,12.011265024,2026-01-27T12:31:07.568575
28199,0.512557580612858,0.0014450628160647128,5.049664733375718e-06,0.0030881231650710106,0.0483269109390676,91.37955623213202,138.81886551110074,0.17663987283594906,230.4340571667999,0.13886836170591213,12.00834816,2026-01-27T12:34:58.003260
28200,0.5127178049268977,0.016316159877906244,5.046161576068962e-06,0.002684461884200573,0.04309187945909798,91.74935797904618,141.43881230964325,0.26270888606086373,233.50406744983047,0.13704258066885863,11.992255488,2026-01-27T12:38:51.508007
28201,0.5128780292409373,0.03557703746509233,5.042660022051704e-06,0.0027354909107089043,0.04048149543814361,93.20695016579702,145.05208465107717,0.3545295400545001,238.66412978386506,0.13407963747622775,12.018018816,2026-01-27T12:42:50.172907
28202,0.513038253554977,0.01566032915526261,5.039160072266859e-06,0.012993195559829473,0.044824881479144096,91.09198102774099,139.34875796642154,0.20538364886306226,230.71286688791588,0.13870054337084775,12.010273792,2026-01-27T12:46:40.886308
28203,0.5131984778690166,1.1542491107352504e-05,5.0356617276569245e-06,0.002991512417793274,0.04670823412016034,91.71375275193714,140.8311490083579,0.27217470901086926,232.87584794103168,0.13741227475037673,12.010351616,2026-01-27T12:50:33.762921
28204,0.5133587021830562,6.482460376933119e-06,5.032164989163955e-06,0.0032417061738669872,0.045388909289613366,90.25531540787779,136.92039238568395,0.2732353920582682,227.5068139480427,0.14065512783853612,12.008999936,2026-01-27T12:54:21.270545
28205,0.513518926497096,2.1866471712428392e-05,5.02866985772957e-06,0.003434731625020504,0.0458648931235075,94.18141111591831,142.14093210315332,0.22572708106599748,236.606095333118,0.13524588178908561,12.013041152,2026-01-27T12:58:17.877354
28206,0.5136791508111356,0.0058005472107760525,5.025176334294968e-06,0.0027514819521456957,0.043470123782753944,90.75858386373147,139.42015810869634,0.1872875220142305,230.42172699491493,0.1388757927359263,11.99201792,2026-01-27T13:02:08.299785
28207,0.5138393751251752,0.0218285734550534,5.021684419800909e-06,0.0028747133910655975,0.04713169764727354,93.01654783962294,143.25384032796137,0.18551839608699083,236.5180633449927,0.13529622028624425,12.006579712,2026-01-27T13:06:04.818408
28208,0.5139995994392149,0.00796661848952418,5.018194115187715e-06,0.0029616381507366896,0.04195283353328705,93.13855030527338,142.8995303204283,0.20954691292718053,236.2995089390315,0.13542135632730593,12.007246336,2026-01-27T13:10:01.118791
28209,0.5141598237532545,0.018779737577610867,5.0147054213952846e-06,0.0028688902966678143,0.044741100864484906,91.77461491315626,141.4351010862738,0.23652240401133895,233.50062707508914,0.13704459984045114,11.992793088,2026-01-27T13:13:54.620088
28210,0.5143200480672943,0.016145144928954913,5.0112183393630715e-06,0.0034155938774347305,0.050116219790652394,90.77665532333776,138.57450828514993,0.1972575110848993,229.6129618450068,0.1393649545864951,12.009741312,2026-01-27T13:17:44.233663
28211,0.5144802723813339,0.010803263396833351,5.0077328700301e-06,0.0031411240343004465,0.0434034769423306,91.09286149172112,138.48347516311333,0.17254865309223533,229.80324281007051,0.13924955805104802,12.007601664,2026-01-27T13:21:34.037513
28212,0.5146404966953735,0.004729047151986521,5.004249014334965e-06,0.0037252558395266533,0.04597108857706189,91.66108852927573,143.55471658683382,0.2234497859608382,235.49533616309054,0.13588379507371068,12.005635584,2026-01-27T13:25:29.533480
28213,0.5148007210094132,0.01717658526392629,5.0007667732158165e-06,0.0029454254545271397,0.05486888438463211,92.77450173883699,140.33116781222634,0.17398337903432548,233.34379878104664,0.13713670629844568,12.005668352,2026-01-27T13:29:22.877886
28214,0.5149609453234528,0.007499637186445085,4.99728614761038e-06,0.0030738739296793938,0.04101684410125017,92.5093929450959,144.24419924942777,0.14799856394529343,236.95395592483692,0.13504733388013396,12.007099904,2026-01-27T13:33:19.832415
28215,0.5151211696374924,0.03814656892895574,4.993807138455944e-06,0.0033467253670096397,0.04542300524190068,91.7553117161151,140.3466966492124,0.16479707416146994,232.324062430067,0.13773863828518615,11.992175616,2026-01-27T13:37:12.157092
28216,0.5152813939515322,0.0024729867346380274,4.9903297466893565e-06,0.0028054106514900923,0.04651271877810359,93.29928603232838,143.37511155521497,0.2100705758202821,236.9411559298169,0.13505462938434618,11.993030656,2026-01-27T13:41:09.098851
28217,0.5154416182655718,0.022498262280888248,4.986853973247029e-06,0.013219255255535245,0.04352935333736241,91.74074322357774,140.87495199614204,0.18684129999019206,232.86623095115647,0.13741794964986562,12.020494336,2026-01-27T13:45:01.965682
28218,0.5156018425796115,0.007496479642266074,4.983379819064949e-06,0.0129971569404006,0.05059000477194786,92.95900837797672,143.53766447678208,0.2657082141377032,236.83351764804684,0.1351160102581194,12.01112064,2026-01-27T13:48:58.799877
28219,0.5157620668936511,0.018493650302427334,4.979907285078652e-06,0.0030509827192872763,0.043388467049226165,90.25863710069098,138.48978016409092,0.21551948902197182,229.01924996590242,0.13972624574032239,12.009842688,2026-01-27T13:52:47.819873
28220,0.5159222912076907,0.004155622120741498,4.976436372223249e-06,0.0038022056687623262,0.046367553528398275,91.34764628275298,140.59913793299347,0.17627204908058047,232.17994735506363,0.1378241332403425,11.99510784,2026-01-27T13:56:40.000523
28221,0.5160825155217305,0.004554053792158896,4.972967081433414e-06,0.0030266372486948967,0.04923373623751104,92.85705859935842,142.4150827266276,0.21063503995537758,235.54410211206414,0.1358556623284732,12.006565376,2026-01-27T14:00:35.545234
28222,0.5162427398357701,0.021846134240675497,4.969499413643377e-06,0.0030144909396767616,0.04465882549993694,92.22376154223457,141.7361528936308,0.2508267159573734,234.2658273940906,0.13659696062357582,12.008492544,2026-01-27T14:04:29.811662
28223,0.5164029641498097,0.014916834893003106,4.966033369786932e-06,0.002582457847893238,0.042692427756264806,90.7036422691308,138.72716416139156,0.2906930379103869,229.77353300713003,0.13926756307049087,12.011974656,2026-01-27T14:08:19.585794
28224,0.5165631884638494,0.03183584311869225,4.962568950797447e-06,0.0036784978583455086,0.045290174428373575,91.96306717651896,140.2508682354819,0.27341459901072085,232.545473231934,0.1376074948063347,12.022857728,2026-01-27T14:12:12.131933
28225,0.516723412777889,0.01937103456389533,4.959106157607833e-06,0.0029142224229872227,0.05094902729615569,91.46521034091711,139.39174852939323,0.17987401993013918,231.10099945100956,0.13846759674781756,12.007126528,2026-01-27T14:16:03.233701
28226,0.5168836370919287,0.000672966284732901,4.9556449911505845e-06,0.013991639949381351,0.05106116901151836,90.26752134389244,136.04586687590927,0.21684624394401908,226.60226329183206,0.141216594817451,12.004440064,2026-01-27T14:19:49.836670
28227,0.5170438614059684,3.999325144832255e-05,4.952185452357743e-06,0.003211388597264886,0.048297250643372536,89.34875267813914,134.83534923149273,0.17316959192976356,224.41596377897076,0.14259235154731273,11.993060352,2026-01-27T14:23:34.253318
28228,0.517204085720008,3.3281289857356455e-06,4.948727542160913e-06,0.003420426044613123,0.04644526005722582,89.43708235421218,134.56971729872748,0.22350385691970587,224.28688773396425,0.1426744127724332,12.011587584,2026-01-27T14:27:18.540943
28229,0.5173643100340477,0.03152854509431968,4.945271261491268e-06,0.003278268501162529,0.04264982766471803,92.80573555966839,141.973189285025,0.19865464186295867,235.03123505297117,0.1361521160912415,12.007894528,2026-01-27T14:31:13.572958
28230,0.5175245343480873,0.008198197373097571,4.941816611279539e-06,0.0027031449135392904,0.04524227813817561,90.99102894007228,138.44190640212037,0.19305343902669847,229.6800665021874,0.13932423691498383,12.00971264,2026-01-27T14:35:03.253651
28231,0.5176847586621269,4.678838076088709e-06,4.938363592456013e-06,0.003135101404041052,0.05079678352922201,93.97465924080461,140.9821841707453,0.1953858130145818,235.21332734893076,0.13604671283157826,12.036747776,2026-01-27T14:38:58.467894
28232,0.5178449829761667,0.00034991899836578355,4.934912205950549e-06,0.0030026996973901987,0.0505092334933579,94.4917416330427,141.6791087219026,0.1853487549815327,236.4175250788685,0.13535375598456525,11.99319808,2026-01-27T14:42:54.886008
28233,0.5180052072902063,0.0006416691191755142,4.931462452692554e-06,0.01275173295289278,0.03833548701368272,93.30710415565409,138.71463268855587,0.252974753966555,232.33319827192463,0.1377332221052066,12.00670464,2026-01-27T14:46:47.219807
28234,0.518165431604246,0.01188001501297542,4.928014333610999e-06,0.013111959910020232,0.04929136950522661,94.08343502623029,145.0623606927693,0.1982363541610539,239.41348948399536,0.13365997074337443,12.008088064,2026-01-27T14:50:46.634052
28235,0.5183256559182856,0.04487625734739975,4.924567849634421e-06,0.003333660773932934,0.04740282683633268,93.66094700852409,140.09159967908636,0.16272562881931663,233.97391605307348,0.13676738219289913,12.006157824,2026-01-27T14:54:40.608579
28236,0.5184858802323252,0.0028451789199648303,4.921123001690913e-06,0.003012102795764804,0.04266850836575031,92.43747253832407,140.877284809947,0.1859357471112162,233.55468039098196,0.13701288257820582,12.00580864,2026-01-27T14:58:34.163859
28237,0.518646104546365,0.00847680051076427,4.917679790708124e-06,0.0029959087260067463,0.046634753001853824,94.59781679674052,143.33397344569676,0.2806513288524002,238.26910577900708,0.1343019267872679,12.01528064,2026-01-27T15:02:32.433734
28238,0.5188063288604046,0.02060912463164488,4.914238217613263e-06,0.003275493858382106,0.04525913018733263,91.28325302666053,138.65300936880521,0.20788529701530933,230.20336344698444,0.1390075258712263,12.008755712,2026-01-27T15:06:22.637908
28239,0.5189665531744442,7.924382933843788e-06,4.910798283333105e-06,0.0034157338086515665,0.04602058860473335,91.70245305704884,136.15128207136877,0.25228847400285304,228.16366134397686,0.14025020378576927,11.992873984,2026-01-27T15:10:10.802397
28240,0.5191267774884839,0.002283450814223542,4.907359988793974e-06,0.0027326843701303005,0.049431752413511276,92.53599580284208,142.71051127789542,0.16464670305140316,235.47461924189702,0.1358957500516318,12.010109952,2026-01-27T15:14:06.277740
28241,0.5192870018025235,0.00376868429227617,4.903923334921762e-06,0.003224942833185196,0.046756757190451026,95.22224143124186,139.8537108716555,0.20237519685178995,235.33481929916888,0.1359764785138746,12.011088896,2026-01-27T15:18:01.613351
28242,0.5194472261165632,0.012264560792331736,4.9004883226419075e-06,0.0030921129509806633,0.04369932669214904,92.77726166276261,144.7576219025068,0.2709437529556453,237.85905965301208,0.13453345038310285,12.014197248,2026-01-27T15:21:59.473006
28243,0.5196074504306029,0.015280841243780152,4.897054952879419e-06,0.003166888142004609,0.044640704756602645,93.30077696125954,142.5998832252808,0.21740291197784245,236.17308146692812,0.1354938496853251,11.992605696,2026-01-27T15:25:55.646737
28244,0.5197676747446425,5.936724251753844e-06,4.893623226558855e-06,0.0031324659939855337,0.050294805550947785,92.06392797618173,143.42481455835514,0.23818690609186888,235.78721885406412,0.13571558354825744,11.993030656,2026-01-27T15:29:51.434554
28245,0.5199278990586822,0.023192838017170203,4.890193144604335e-06,0.003571148728951812,0.05057645495980978,92.05573272169568,137.84066822077148,0.24760557897388935,230.2047841239255,0.1390066680055334,11.992921088,2026-01-27T15:33:41.650054
28246,0.5200881233727218,0.0004897633571818716,4.886764707939533e-06,0.013465513242408633,0.044457204872742295,93.90762159298174,143.08832675451413,0.23408490885049105,237.29627249506302,0.13485251859852018,11.993110016,2026-01-27T15:37:38.947081
28247,0.5202483476867614,3.2665398711717586e-05,4.883337917487683e-06,0.002577225212007761,0.04430510965175927,92.93047891929746,144.29398225690238,0.1685243488755077,237.44638036517426,0.13476726809137482,12.017344,2026-01-27T15:41:36.394168
28248,0.5204085720008012,0.0047755242117979435,4.879912774171575e-06,0.003393962047994137,0.04447869211435318,92.59170869528316,142.1921964525245,0.2525066670496017,235.09211792307906,0.13611685616133773,12.01101312,2026-01-27T15:45:31.487016
28249,0.5205687963148408,0.010806494907827258,4.876489278913548e-06,0.0033484920859336853,0.05061868950724602,91.59187580365688,141.49684530729428,0.18831159896217287,233.3406229868997,0.13713857274563185,12.01489152,2026-01-27T15:49:24.828550
28250,0.5207290206288804,0.002552116712676522,4.873067432635512e-06,0.003544939449056983,0.05101970746181905,94.40909839374945,141.0521332549397,0.37282553501427174,235.89508329587989,0.1356535267836119,12.011297792,2026-01-27T15:53:20.724323
28251,0.5208892449429201,0.0063947271010369455,4.869647236258919e-06,0.0028628893196582794,0.044461988378316164,95.7543880364392,142.84561187424697,0.1984206410124898,238.85555374296382,0.13397218318162155,11.992013824,2026-01-27T15:57:19.580508
28252,0.5210494692569597,0.00613284206731235,4.866228690704784e-06,0.0032855805475264788,0.05211343104019761,91.81924662226811,142.49823146755807,0.20849942602217197,234.58880048501305,0.1364088990345656,11.992433664,2026-01-27T16:01:14.169897
28253,0.5212096935709994,0.0024300350261832193,4.862811796893679e-06,0.0038172018248587847,0.04270845977589488,92.34589146263897,143.77912179147825,0.19846427207812667,236.37701772898436,0.13537695122581364,12.01071104,2026-01-27T16:05:10.547537
28254,0.5213699178850391,0.00021694302430663726,4.859396555745725e-06,0.0029953569173812866,0.04549619695171714,91.45295793982223,142.52444684505463,0.18247137498110533,234.21472578984685,0.13662676371900093,12.013124096,2026-01-27T16:09:04.762864
28255,0.5215301421990787,0.0057343171114041525,4.855982968180599e-06,0.003596942638978362,0.04717114451341331,93.05462209042162,145.60965281911194,0.2646002769470215,238.9866779469885,0.1338986770095117,12.02086912,2026-01-27T16:13:03.750194
28256,0.5216903665131184,0.012508229372476087,4.852571035117541e-06,0.002925899578258395,0.04261810425668955,91.20322453440167,137.4270957633853,0.21765983081422746,228.90149232698604,0.1397981274595098,12.00952832,2026-01-27T16:16:52.652476
28257,0.521850590827158,0.001992028668698964,4.849160757475333e-06,0.003413356840610504,0.04942795028910041,93.02934162807651,143.09584958502091,0.25819940585643053,236.44336557178758,0.13533896340299023,12.011056128,2026-01-27T16:20:49.096439
28258,0.5220108151411976,0.0038202705302063933,4.845752136172319e-06,0.00275274901650846,0.05339606339111924,90.83966374862939,139.06214269180782,0.19894507504068315,230.16447458299808,0.13903101274849736,11.992839168,2026-01-27T16:24:39.261532
28259,0.5221710394552374,0.010418647763021482,4.842345172126401e-06,0.002843995578587055,0.04521768004633486,91.55389073188417,141.75037486711517,0.2067229780368507,233.566457496956,0.1370059739867273,12.010735616,2026-01-27T16:28:32.828591
28260,0.522331263769277,0.003952162509411217,4.83893986625502e-06,0.0026797400787472725,0.04176877345889807,94.24988756491803,143.86577940313146,0.21912008291110396,238.3880003609229,0.13423494450874848,12.012573184,2026-01-27T16:32:31.217352
28261,0.5224914880833167,6.563007086235473e-06,4.835536219475183e-06,0.0036460361443459988,0.05037754378281534,94.16258508921601,143.65328174852766,0.237171535147354,238.11651406716555,0.13438799121246062,11.994323968,2026-01-27T16:36:29.334605
28262,0.5226517123973563,0.007023519153438684,4.832134232703449e-06,0.003264786209911108,0.047408434096723795,92.79860697570257,142.68418427044526,0.20776659110561013,235.74913866398856,0.1357375054744499,12.007126528,2026-01-27T16:40:25.084362
28263,0.5228119367113959,0.01152077842136201,4.828733906855925e-06,0.0027061747387051582,0.04130179714411497,94.13662741216831,144.8141348049976,0.21315431711263955,239.2167538900394,0.1337698947905188,12.008070656,2026-01-27T16:44:24.301955
28264,0.5229721610254356,0.006330038758534329,4.825335242848279e-06,0.0033616938162595034,0.04182688472792506,93.07227706932463,143.91835819068365,0.2709567609708756,237.3151443179231,0.1348417948292869,12.01681408,2026-01-27T16:48:21.617724
28265,0.5231323853394753,0.0262595592157715,4.8219382415957205e-06,0.01331862062215805,0.041227401699870825,91.91542262630537,140.15274932188913,0.238723361864686,232.36858542799018,0.13771224686443959,11.993066496,2026-01-27T16:52:13.986896
28266,0.5232926096535149,0.04058246215372474,4.818542904013016e-06,0.0034779664129018784,0.05002687964588404,93.06302397046238,141.4304712836165,0.20502707199193537,234.76087620505132,0.13630891363708184,12.013188608,2026-01-27T16:56:08.748389
28267,0.5234528339675546,0.0029332737224923022,4.815149231014487e-06,0.0027877273969352245,0.04623791319318116,90.80990729155019,139.05563575588167,0.20550942094996572,230.12767100613564,0.13905324753035378,12.014823936,2026-01-27T16:59:58.876834
28268,0.5236130582815942,0.013864859576908195,4.811757223514007e-06,0.00263129360973835,0.04743865714408457,90.0672948253341,138.0871756549459,0.24981220089830458,228.46325610997155,0.14006628700326626,11.992090624,2026-01-27T17:03:47.340739
28269,0.5237732825956339,0.0009418723097693871,4.808366882424994e-06,0.002909465692937374,0.04297783994115889,94.24375118967146,145.84976037661545,0.16077637881971896,240.3088340770919,0.13316197934585414,12.011211776,2026-01-27T17:07:47.650215
28270,0.5239335069096736,0.008689137936231717,4.804978208660426e-06,0.003388208569958806,0.05041406466625631,92.62143250671215,143.78861463535577,0.17411173111759126,236.64425505604595,0.1352240729124028,12.022281216,2026-01-27T17:11:44.295180
28271,0.5240937312237132,0.0020451810586310515,4.801591203132825e-06,0.0026331401895731688,0.040155022172257304,90.72696245415136,139.19051202386618,0.1893624251242727,230.15759970387444,0.13903516564811183,11.993194496,2026-01-27T17:15:34.453478
28272,0.5242539555377529,0.0014075203363814737,4.798205866754264e-06,0.003001222852617502,0.04426996526308358,93.59830846171826,143.77636175393127,0.1761774008627981,237.60455554211512,0.13467755248626972,12.015968768,2026-01-27T17:19:32.058732
28273,0.5244141798517925,0.004573082141961393,4.794822200436373e-06,0.0026214304380118847,0.043195149628445506,91.12916264031082,140.59045451204292,0.1643217687960714,231.93598520103842,0.13796910372602555,11.993245696,2026-01-27T17:23:23.995491
28274,0.5245744041658321,4.181957693027982e-06,4.79144020509033e-06,0.0028472240082919598,0.047170966397970915,93.19418491236866,138.68449577619322,0.19644655496813357,232.1330223060213,0.1378519940080492,12.008464896,2026-01-27T17:27:16.129100
28275,0.5247346284798718,0.007716484629708198,4.788059881626856e-06,0.0028279777616262436,0.042028908152133226,91.38738734158687,139.7816576641053,0.19146084203384817,231.41390407597646,0.13828036879535963,12.008006144,2026-01-27T17:31:07.543716
28276,0.5248948527939115,0.01806646734754569,4.784681230956233e-06,0.0032289731316268444,0.04610067489556968,91.79336518701166,139.1684517711401,0.19850314198993146,231.2190522099845,0.1383968997975945,11.992716288,2026-01-27T17:34:58.763548
28277,0.5250550771079512,0.006932734582086653,4.781304253988283e-06,0.002790153957903385,0.03678179788403213,90.28217540238984,138.3093490274623,0.20747014600783587,228.8463287919294,0.1398318258760222,11.99200768,2026-01-27T17:38:47.610692
28278,0.5252153014219908,0.0017852609145316833,4.777928951632379e-06,0.003484169254079461,0.04589632502757013,93.22406514291652,143.16448758612387,0.15607535699382424,236.60279989684932,0.13524776551228854,12.011875328,2026-01-27T17:42:44.214102
28279,0.5253755257360304,0.002585608955246066,4.77455532479745e-06,0.003709231037646532,0.05275779729709029,92.10701331193559,141.4350536353886,0.1758112700190395,233.78457363299094,0.1368781502676713,11.993192448,2026-01-27T17:46:37.999277
28280,0.5255357500500701,0.004445433604407967,4.771183374391964e-06,0.003733899910002947,0.04212776594795287,92.13443495775573,143.79307646118104,0.2550646220333874,236.23461634106934,0.1354585559713198,11.992897536,2026-01-27T17:50:34.234794
28281,0.5256959743641098,0.008612913868600636,4.767813101323948e-06,0.0025984179228544235,0.049496803199872375,90.04117035563104,136.72896599164233,0.16369030205532908,226.9921972521115,0.14097400874294735,11.992956928,2026-01-27T17:54:21.227614
28282,0.5258561986781494,0.004998700467514716,4.764444506500966e-06,0.013012923300266266,0.04018687806092203,90.66206302004866,138.25041317241266,0.21939787501469254,229.19384811399505,0.13961980333819446,11.993172992,2026-01-27T17:58:10.422056
28283,0.5260164229921891,0.002115359657463678,4.761077590830141e-06,0.0027214381843805313,0.04764557769522071,90.74956349073909,138.26398426131345,0.22083606012165546,229.29258200502954,0.13955968274323885,12.009863168,2026-01-27T18:01:59.715269
28284,0.5261766473062287,0.001154735461516232,4.757712355218133e-06,0.003088722238317132,0.0501565074082464,90.92057872470468,138.8083033626899,0.23998085618950427,230.0285146678798,0.13911318797237943,11.99309312,2026-01-27T18:05:49.744385
28285,0.5263368716202683,0.0011899102497583414,4.7543488005711615e-06,0.003614639863371849,0.04618320078589022,90.31127100833692,138.0245125987567,0.2830958468839526,228.67625567293726,0.13993582283316636,11.99299072,2026-01-27T18:09:38.421242
28286,0.526497095934308,0.01602189141870003,4.750986927794981e-06,0.00334204756654799,0.04281375277787447,91.01572499680333,138.79858080716804,0.2513483550865203,230.11918262089603,0.1390583767747758,12.008034816,2026-01-27T18:13:28.541250
28287,0.5266573202483477,0.013942384712715139,4.747626737794903e-06,0.003171782474964857,0.04552683047950268,89.5783834529575,135.56427435111254,0.2094441680237651,225.4099434830714,0.14196356871188,11.994830336,2026-01-27T18:17:13.951802
28288,0.5268175445623874,0.013319327480067145,4.744268231475783e-06,0.003095747670158744,0.05050080711953342,92.07552077295259,140.49271416990086,0.187962630065158,232.8175364260096,0.13744669104927898,11.992433664,2026-01-27T18:21:06.769933
28289,0.526977768876427,0.009829081002173723,4.740911409742015e-06,0.003166407346725464,0.052207051077857614,90.93104881630279,137.973335464485,0.2125491912011057,229.18222557706758,0.13962688388868663,12.015133184,2026-01-27T18:24:55.952985
28290,0.5271379931904666,0.00023035637717949697,4.737556273497553e-06,0.0029793670400977135,0.046691797440871596,91.20307264802977,138.8298368959222,0.2678343281149864,230.35867503192276,0.13891380472459086,12.014665728,2026-01-27T18:28:46.312379
28291,0.5272982175045063,0.014066365102698875,4.7342028236458915e-06,0.0026885035913437605,0.04914889996871352,91.59693014901131,139.80968814529479,0.19283264805562794,231.6598206490744,0.1381335784096743,12.0183424,2026-01-27T18:32:37.972792
28292,0.527458441818546,0.02743347303836785,4.730851061090067e-06,0.003355626482516527,0.04661175701767206,91.84820412308909,138.08706769859418,0.2759486890863627,230.26939003588632,0.13896766737000069,12.00730368,2026-01-27T18:36:28.242794
28293,0.5276186661325856,0.01756933869583044,4.7275009867326615e-06,0.003755901474505663,0.04631043737754226,92.20761785679497,139.2124543383252,0.1603225499857217,231.64005384105258,0.13814536592172375,11.992969216,2026-01-27T18:40:19.883575
28294,0.5277788904466253,0.0017621150694893117,4.724152601475812e-06,0.003159678541123867,0.04575959034264088,91.42249054112472,140.03812337783165,0.196497383993119,231.71238525002263,0.13810224242209287,11.992910848,2026-01-27T18:44:11.596665
28295,0.5279391147606649,0.029229419896577458,4.720805906221188e-06,0.0028198212385177612,0.04529712744988501,92.87124324333854,139.44906863756478,0.2153595860581845,232.59153865696862,0.13758024124512258,12.016492544,2026-01-27T18:48:04.188953
28296,0.5280993390747046,8.529734059514738e-06,4.7174609018700135e-06,0.0027753240428864956,0.0432760079856962,93.08134567178786,144.0794573482126,0.20685133896768093,237.42203936190344,0.13478108471312666,12.008397312,2026-01-27T18:52:01.611465
28297,0.5282595633887442,0.011674602331402717,4.7141175893230555e-06,0.0030393381603062153,0.053797283908352256,91.56981260911562,142.36986061371863,0.19792449986562133,234.2041353599634,0.13663294181726185,12.010800128,2026-01-27T18:55:55.816424
28298,0.5284197877027839,0.0019013435350174746,4.710775969480622e-06,0.0031563108786940575,0.04757420113310218,91.79265879723243,143.60445301258005,0.20247479784302413,235.65757707110606,0.13579024446281432,12.008241152,2026-01-27T18:59:51.474681
28299,0.5285800120168236,0.01015077408762366,4.707436043242562e-06,0.0033575582783669233,0.04947078297846019,91.34947224822827,141.7865084009245,0.17133281915448606,233.36936565698124,0.1371216822307145,11.992771584,2026-01-27T19:03:44.844702
28300,0.5287402363308632,0.010159860159953737,4.704097811508282e-06,0.0033462767023593187,0.04915411816909909,92.97840810380876,142.24529314995743,0.29903799295425415,235.58213331084698,0.13583373047130232,12.019689984,2026-01-27T19:07:40.427722
28301,0.5289004606449028,0.006249588491671343,4.700761275176714e-06,0.002965277759358287,0.04430012893863022,94.61212034802884,145.33693453087471,0.19742104690521955,240.2018442270346,0.13322129188048265,12.0074112,2026-01-27T19:11:40.630169
28302,0.5290606849589425,5.176836812559316e-06,4.697426435146351e-06,0.013511929661035538,0.04540329170413315,93.57129090419039,140.80010019266047,0.17455126903951168,234.61359678208828,0.13639448198614829,11.992462336,2026-01-27T19:15:35.244422
28303,0.5292209092729822,0.012484360447936105,4.694093292315218e-06,0.0034340317361056805,0.048340758541598916,93.1734832143411,143.92303939000703,0.19678179896436632,237.3524949599523,0.13482057563961675,11.992884224,2026-01-27T19:19:32.597688
28304,0.5293811335870219,0.019637886525559978,4.690761847580882e-06,0.00294762896373868,0.043023037258535624,92.33341987244785,143.65218795393594,0.23901233007200062,236.27862872509286,0.13543332366818325,11.993429504,2026-01-27T19:23:28.877004
28305,0.5295413579010615,0.01682621966458253,4.687432101840461e-06,0.003195870900526643,0.04808770609088242,91.92774819396436,143.84314370411448,0.20436880411580205,236.034199468093,0.13557357396560554,11.993055744,2026-01-27T19:27:24.911891
28306,0.5297015822151011,0.028543465291086534,4.684104055990613e-06,0.00306678656488657,0.044285582611337304,93.01309704850428,139.49318253737874,0.2323525429237634,232.79409371106885,0.13746053213754053,11.992032256,2026-01-27T19:31:17.706796
28307,0.5298618065291408,0.004786311711121982,4.680777710927532e-06,0.003310502041131258,0.042123559629544616,92.91384925949387,139.0883075138554,0.18260783911682665,232.24012025189586,0.1377884233150227,12.01846528,2026-01-27T19:35:09.947813
28308,0.5300220308431804,0.0027497318244398272,4.677453067546963e-06,0.002888744231313467,0.045552828116342425,92.67443897249177,144.34144557570107,0.3068427441176027,237.37803187896498,0.13480607176116557,11.992321024,2026-01-27T19:39:07.326449
28309,0.5301822551572201,0.003578803301180322,4.674130126744185e-06,0.0027729026041924953,0.04430850688368082,92.39378442452289,143.32931982330047,0.1789594020228833,235.95565161388367,0.13561870538436857,12.00758528,2026-01-27T19:43:03.282747
28310,0.5303424794712598,0.0021766536083553945,4.6708088894140185e-06,0.0027366001158952713,0.04550793138332665,90.98194615822285,137.75782654830255,0.19694107584655285,228.9928013018798,0.13974238411894266,11.992077312,2026-01-27T19:46:52.276163
28311,0.5305027037852994,0.005172943690887166,4.667489356450837e-06,0.0030232935678213835,0.049694529036059976,93.95148539193906,143.922901754966,0.1553470480721444,238.0906549768988,0.13440258712844005,12.011476992,2026-01-27T19:50:50.367450
28312,0.5306629280993391,0.012171207760738767,4.664171528748539e-06,0.0027354685589671135,0.0417034940328449,94.05757166305557,148.1099464732688,0.19274270022287965,242.4115167860873,0.1320069294737261,12.01166336,2026-01-27T19:54:52.779597
28313,0.5308231524133787,0.025537608678963153,4.660855407200574e-06,0.0031759680714458227,0.039236324140802026,94.19140086323023,137.73771128826775,0.21812872984446585,232.19836718705483,0.13781319992754892,12.011538432,2026-01-27T19:58:44.978604
28314,0.5309833767274184,0.034636471672732316,4.657540992699934e-06,0.003664249088615179,0.05230541271157563,92.7463730063755,149.0086403354071,0.18367986800149083,242.0011402091477,0.13223078193906126,12.024886784,2026-01-27T20:02:46.980360
28315,0.5311436010414581,0.005893668641506089,4.654228286139143e-06,0.0037480085156857967,0.05161523469723761,91.7207214361988,143.71641937177628,0.1783711719326675,235.67986949998885,0.13577740036894204,12.008809984,2026-01-27T20:06:42.660834
28316,0.5313038253554977,0.004261717669677978,4.6509172884102645e-06,0.0042062802240252495,0.049991424195468426,93.07011064118706,143.76013778313063,0.15720234299078584,237.0492533929646,0.13499304276209853,11.99277568,2026-01-27T20:10:39.710741
28317,0.5314640496695373,0.048457193167081414,4.6476080004049135e-06,0.0032744656782597303,0.04292442393489182,90.59569332026877,138.4189241246786,0.16676665702834725,229.2388970060274,0.13959236594633684,11.992370176,2026-01-27T20:14:28.950406
28318,0.531624273983577,0.0007427834091888741,4.644300423014231e-06,0.003505108179524541,0.04282380500808358,91.59459932427853,141.9008935187012,0.20547669799998403,233.758839776041,0.13689321880044608,11.99200768,2026-01-27T20:18:22.710074
28319,0.5317844982976166,0.006728235843740826,4.640994557128906e-06,0.0031410877127200365,0.04566423129290342,91.12782496563159,142.91837576171383,0.1722139841876924,234.27378414408304,0.13659232131717888,11.992026112,2026-01-27T20:22:16.984625
28320,0.5319447226116564,0.011482904072371625,4.637690403639167e-06,0.0029724915511906147,0.04534017946571112,92.74438494653441,144.47142855729908,0.17822419293224812,237.45086793298833,0.134764721133935,12.01048064,2026-01-27T20:26:14.436191
28321,0.532104946925696,0.014777743728313197,4.6343879634347775e-06,0.004186674952507019,0.04427992971614003,94.78495686664246,146.51445945445448,0.20421453705057502,241.56270671705715,0.13247077926429124,12.010222592,2026-01-27T20:30:15.999644
28322,0.5322651712397356,0.013247679408221025,4.631087237405037e-06,0.0032420274801552296,0.047007166780531406,91.78774786856957,144.78628632309847,0.23497893009334803,236.86740804603323,0.13509667819635643,12.011244544,2026-01-27T20:34:12.867811
28323,0.5324253955537753,0.01248930631608669,4.627788226438792e-06,0.0031753857620060444,0.048543028300628066,91.96442627185024,142.32777057494968,0.19748602691106498,234.54926686082035,0.13643189095529573,11.9923712,2026-01-27T20:38:07.417752
28324,0.5325856198678149,0.020583298168046493,4.6244909314244175e-06,0.003130546072497964,0.03938164049759507,90.04925834015012,137.20475891395472,0.18128600693307817,227.48590067983605,0.14066805856700912,12.005484032,2026-01-27T20:41:54.904240
28325,0.5327458441818546,0.026525780743763328,4.621195353249835e-06,0.00295278150588274,0.04920688923448324,91.12337987567298,138.23628904507495,0.18473092513158917,229.60363868204877,0.13937061356555006,11.99220224,2026-01-27T20:45:44.508492
28326,0.5329060684958943,0.007128795050965309,4.6179014928025e-06,0.0031323512084782124,0.04202908626757562,91.55651602544822,142.18142767669633,0.1907681180164218,233.98032075702213,0.13676363848235998,12.011937792,2026-01-27T20:49:38.489431
28327,0.5330662928099339,1.8863968748839e-05,4.6146093509694005e-06,0.0030026508029550314,0.044612079625949264,90.7847139663063,139.78581831068732,0.1773435219656676,230.80326706310734,0.1386462176518949,12.014073344,2026-01-27T20:53:29.293396
28328,0.5332265171239735,0.0072502887483141265,4.611318928637071e-06,0.0039405974093824625,0.04477393301203847,93.28442799882032,143.25562274665572,0.3084101660642773,236.9048760670703,0.13507531179282464,12.010891264,2026-01-27T20:57:26.198951
28329,0.5333867414380132,0.00437914848498977,4.608030226691578e-06,0.013412176631391048,0.04701033211313188,91.66667613456957,142.72936309711076,0.2542822880204767,234.72038219799288,0.1363324296779951,12.012996608,2026-01-27T21:01:20.920015
28330,0.5335469657520528,5.282682072227374e-06,4.604743246018522e-06,0.0034096790477633476,0.04421988478861749,92.04639037512243,139.84057551366277,0.1989115688484162,232.14007123094052,0.1378478081372059,11.992941568,2026-01-27T21:05:13.060722
28331,0.5337071900660926,0.0005411658448535306,4.601457987503049e-06,0.002886780770495534,0.04599966132082045,91.74996790499426,140.0608445603866,0.2052682728972286,232.07182825100608,0.13788834362691013,11.992947712,2026-01-27T21:09:05.133351
28332,0.5338674143801322,0.010365064529089363,4.598174452029832e-06,0.0036187649238854647,0.04549261531792581,91.7045708799269,142.0681017669849,0.18341356189921498,234.01361715584062,0.13674417920171586,12.029123584,2026-01-27T21:12:59.147639
28333,0.5340276386941718,0.006836080891857499,4.594892640483081e-06,0.003075462533161044,0.050035965628921986,92.93574848677963,142.20408703270368,0.20578925195150077,235.4064431109,0.13593510686079563,11.992122368,2026-01-27T21:16:54.554715
28334,0.5341878630082115,0.0033303412652179176,4.5916125537465455e-06,0.0030531552620232105,0.05254110414534807,92.14661099738441,143.19749707123265,0.19547537714242935,235.60572069999762,0.13582013163740775,12.010682368,2026-01-27T21:20:50.161199
28335,0.5343480873222511,5.007641195398094e-05,4.5883341927035135e-06,0.003994485829025507,0.046755032148212194,93.09474973124452,143.94850595481694,0.19517643400467932,237.296810438158,0.13485221289284682,12.015340032,2026-01-27T21:24:47.458734
28336,0.5345083116362908,7.524879796605433e-06,4.5850575582368015e-06,0.0036156869027763605,0.04695918085053563,92.61817371938378,144.1170811043121,0.18222451792098582,236.97533650393598,0.13503514953113488,12.00651008,2026-01-27T21:28:44.434744
28337,0.5346685359503305,0.01004049280836039,4.58178265122876e-06,0.002858577063307166,0.04965054849162698,92.25469571677968,144.03978324099444,0.1941262420732528,236.54786005895585,0.13527917771914952,11.991909888,2026-01-27T21:32:40.983321
28338,0.5348287602643701,0.009098568153349085,4.578509472561284e-06,0.0029159996192902327,0.04861399461515248,95.87909420137294,143.6513122972101,0.16285967198200524,239.75273707299493,0.1334708432974315,12.013231616,2026-01-27T21:36:40.736794
28339,0.5349889845784098,0.011322979663607846,4.5752380231157905e-06,0.003291690954938531,0.040604476584121585,90.48504576366395,140.03976461174898,0.18853601510636508,230.76408947003074,0.13866975608505946,11.992740864,2026-01-27T21:40:31.501500
28340,0.5351492088924494,0.004497365526436425,4.571968303773244e-06,0.0029888292774558067,0.04168137442320585,91.34325410774909,140.58969026361592,0.2420892750378698,232.22729514585808,0.13779603289054085,12.02596096,2026-01-27T21:44:23.729389
28341,0.535309433206489,0.006414919593416002,4.56870031541413e-06,0.0029432368464767933,0.04371308768168092,92.58061677427031,141.71771399327554,0.19375929795205593,234.54565831902437,0.13643398999300269,11.993056768,2026-01-27T21:48:18.275692
28342,0.5354696575205288,0.01128071641613193,4.56543405891848e-06,0.002840407658368349,0.04434077418409288,92.55888235708699,141.39779954822734,0.20790198398754,234.22023454797454,0.13662355031689435,12.009228288,2026-01-27T21:52:12.496592
28343,0.5356298818345684,0.02535784482024006,4.5621695351658485e-06,0.003330509178340435,0.04614609037525952,92.07255375827663,140.1054095858708,0.18524191994220018,232.42387541919015,0.13767948728281942,12.028051456,2026-01-27T21:56:04.921073
28344,0.535790106148608,0.02130528590604186,4.558906745035333e-06,0.0030410836916416883,0.04698920692317188,92.22742413310334,141.31142038409598,0.17148033902049065,233.76814837614074,0.13688776774032935,12.022757376,2026-01-27T21:59:58.689860
28345,0.5359503304626477,5.222423324013903e-06,4.5556456894055535e-06,0.003076814115047455,0.043877019081264734,93.58093358995393,147.2268632950727,0.2081136479973793,241.069232407026,0.13274195002193634,12.010446848,2026-01-27T22:03:59.759841
28346,0.5361105547766873,0.015145207279189776,4.5523863691546765e-06,0.003277052426710725,0.05104806669987738,91.16941531305201,139.02811787254177,0.15349036385305226,230.4137681769207,0.13888058970256129,12.019465728,2026-01-27T22:07:50.174302
28347,0.5362707790907271,0.03709290349622041,4.549128785160389e-06,0.0028042681515216827,0.04804544895887375,92.45801348472014,140.31772457947955,0.1874636271968484,233.0225711229723,0.1373257528049192,12.01743872,2026-01-27T22:11:43.197508
28348,0.5364310034047667,0.004552975046927976,4.545872938299914e-06,0.003605724312365055,0.04822195018641651,90.9090199668426,140.17809114651754,0.21507551590912044,231.36134563200176,0.13831178199878943,12.019368448,2026-01-27T22:15:34.559448
28349,0.5365912277188063,4.084314219277019e-06,4.542618829450012e-06,0.0033183947671204805,0.04561686865054071,92.31110435002483,141.3627628190443,0.27531324815936387,234.00908101606183,0.13674682991385106,12.01789952,2026-01-27T22:19:28.569217
28350,0.536751452032846,0.018002590465503232,4.539366459486965e-06,0.003123495727777481,0.04956008726730943,92.61378216743469,145.0324208198581,0.1890987860970199,237.89580019610003,0.13451267308469533,12.0074112,2026-01-27T22:23:26.465940
28351,0.5369116763468856,0.005058347267911323,4.536115829286596e-06,0.0032178445253521204,0.054699400905519724,92.06482877628878,140.31356896949,0.20497575518675148,232.64875773899257,0.13754640390515488,12.009112576,2026-01-27T22:27:19.115321
28352,0.5370719006609252,0.02748949015538482,4.532866939724261e-06,0.003210771828889847,0.0456852400675416,91.88749646698125,143.5787155670114,0.1547040231525898,235.68002745695412,0.1357773093685024,12.0137088,2026-01-27T22:31:14.795992
28353,0.537232124974965,0.004033876488741761,4.529619791674839e-06,0.003966566873714328,0.04463109094649553,91.29054135154001,143.13536019413732,0.3630194670986384,234.8464633601252,0.13625923738493612,12.007644672,2026-01-27T22:35:09.643046
28354,0.5373923492890046,3.096092272958373e-05,4.52637438601274e-06,0.003151521785184741,0.04824020667001605,92.39647296397015,136.81910431408323,0.21390733704902232,229.48827729700133,0.13944067373247973,12.008060416,2026-01-27T22:38:59.131923
28355,0.5375525736030443,0.006374700374694342,4.523130723611915e-06,0.0026176460087299347,0.04771314305253327,90.99839408765547,140.74807406729087,0.21017262479290366,232.01405157498084,0.13792268090132653,11.99300096,2026-01-27T22:42:51.146571
28356,0.5377127979170839,0.028616505713532803,4.519888805345834e-06,0.0026880961377173662,0.04093958134762943,92.6199084832333,143.32755473372526,0.17857058509252965,236.1768280598335,0.13549170027761173,11.992210432,2026-01-27T22:46:47.323985
28357,0.5378730222311235,0.020303734512570948,4.516648632087505e-06,0.0029154978692531586,0.05090722790919244,90.19197735772468,139.34800229384564,0.34812930482439697,229.95046668197028,0.13916040468079216,11.992237056,2026-01-27T22:50:37.275049
28358,0.5380332465451633,0.0036767789225686798,4.513410204709466e-06,0.0031310999765992165,0.044556437293067575,92.08312016585842,141.98634647391737,0.1971664500888437,234.32139887404628,0.13656456539507436,12.01115648,2026-01-27T22:54:31.597150
28359,0.5381934708592029,0.005438756973654257,4.5101735240837814e-06,0.003218169556930661,0.04188238317146897,92.20541386981495,141.00051843421534,0.19083086890168488,233.4498399021104,0.13707441398725378,11.991995392,2026-01-27T22:58:25.047521
28360,0.5383536951732425,0.011920174643316628,4.50693859108204e-06,0.0029555801302194595,0.04335208423435688,90.78017456131056,139.73984929081053,0.16843600501306355,230.74302730197087,0.1386824138270577,12.00079872,2026-01-27T23:02:15.791168
28361,0.5385139194872822,2.3338066768019416e-06,4.5037054065753735e-06,0.003138815052807331,0.0496434832457453,90.93140429630876,141.30761974561028,0.20680474489927292,232.5047520881053,0.13763159553777174,12.017545216,2026-01-27T23:06:08.296519
28362,0.5386741438013218,0.006404029989860227,4.5004739714344306e-06,0.013663584366440773,0.04799479688517749,92.6743079368025,143.41365199070424,0.21487542102113366,236.37382281199098,0.13537878103131765,12.019784192,2026-01-27T23:10:04.670972
28363,0.5388343681153615,0.009707032658418768,4.497244286529396e-06,0.0029620621353387833,0.05970628303475678,92.9660173500888,144.65057748975232,0.19601683784276247,237.88205597293563,0.1345204448865227,12.029559808,2026-01-27T23:14:02.553915
28364,0.5389945924294012,0.01173100507539937,4.494016352729986e-06,0.0028968635015189648,0.04938572342507541,91.32694533467293,139.04048744775355,0.16130767296999693,230.59219008288346,0.13877313012421627,12.005065216,2026-01-27T23:17:53.146871
28365,0.5391548167434408,6.428550148207535e-06,4.49079017090543e-06,0.002858557738363743,0.051052839728072286,90.34801488928497,136.28417557454668,0.15495340595953166,226.8506674291566,0.14106196099243706,12.016643072,2026-01-27T23:21:39.998508
28366,0.5393150410574805,0.02461155702413098,4.487565741924501e-06,0.0034427528735250235,0.044565883465111256,91.54262189776637,141.08655118593015,0.2981418890412897,232.98303062608466,0.1373490589164707,12.010651648,2026-01-27T23:25:32.982173
28367,0.5394752653715201,0.02058565437183546,4.484343066655497e-06,0.003356646979227662,0.045475424034520984,90.03251208201982,136.0152165130712,0.17558512394316494,226.27856716397218,0.14141860805054188,12.012475392,2026-01-27T23:29:19.261347
28368,0.5396354896855597,0.03578706252103814,4.481122145966238e-06,0.0032336071599274874,0.04418589826673269,92.15586493629962,140.8046444626525,0.19085389305837452,233.20696280593984,0.1372171723132829,12.009771008,2026-01-27T23:33:12.468981
28369,0.5397957139995995,0.006141027492902573,4.477902980724078e-06,0.003210536204278469,0.046102278865873814,91.21020932705142,139.29401711048558,0.16223296895623207,230.72444470017217,0.13869358334173995,11.992043008,2026-01-27T23:37:03.194053
28370,0.5399559383136391,0.027626109312572922,4.474685571795894e-06,0.002870632568374276,0.04273623717017472,90.5132776000537,137.04208880010992,0.22221010620705783,227.83199349208735,0.14045437389859544,12.017330176,2026-01-27T23:40:51.026669
28371,0.5401161626276787,0.005192802803225316,4.47146992004809e-06,0.002878856845200062,0.04624296445399523,89.8795796232298,135.84942461294122,0.21227622218430042,225.9988638521172,0.14159363217391774,11.993079808,2026-01-27T23:44:37.026282
28372,0.5402763869417184,0.008155651459410329,4.468256026346598e-06,0.0026969893369823694,0.04952890472486615,90.53485697135329,137.1305502760224,0.16347567783668637,227.8874324259814,0.14042020509574923,11.993029632,2026-01-27T23:48:24.914638
28373,0.540436611255758,0.03547836111002356,4.465043891556882e-06,0.0030371651519089937,0.04723306023515761,90.42134889611043,137.05371390283108,0.2474192581139505,227.78008661489002,0.14048638085779072,11.993952256,2026-01-27T23:52:12.695321
28374,0.5405968355697978,0.010049803845275207,4.461833516543921e-06,0.0030699963681399822,0.04995638434775174,89.82908775634132,136.070182393305,0.2361911099869758,226.19886936503462,0.14146843478850074,11.995670016,2026-01-27T23:55:58.894810
28375,0.5407570598838374,0.016582244677690205,4.458624902172231e-06,0.0029840462375432253,0.047004251508042216,95.1201699373778,136.61791255744174,0.19276043702848256,231.98911479511298,0.13793750637076918,11.993165824,2026-01-27T23:59:50.884543
28376,0.540917284197877,0.00981657620446974,4.455418049305848e-06,0.0031893884297460318,0.053056522039696574,91.39716126210988,141.05981601285748,0.22286800597794354,232.7433987990953,0.13749047304934514,12.017301504,2026-01-28T00:03:43.628843
28377,0.5410775085119167,0.0018177610635534691,4.4522129588083304e-06,0.0036711087450385094,0.0488764108158648,92.63477824209258,140.4086940146517,0.24922423902899027,233.35335157020018,0.13713109233133672,11.993287168,2026-01-28T00:07:36.992896
28378,0.5412377328259563,0.0011037829039830527,4.449009631542773e-06,0.013571502873674035,0.04778182506561279,91.67820071987808,143.7559300500434,0.2371008258778602,235.74124076100998,0.1357420530098974,12.01783808,2026-01-28T00:11:32.735268
28379,0.541397957139996,2.7559710007452054e-06,4.445808068371784e-06,0.003304956713691354,0.04653186444193125,94.03404338634573,143.05332341836765,0.20637340587563813,237.353029203834,0.13482027217996465,12.024693248,2026-01-28T00:15:30.088943
28380,0.5415581814540357,8.351169365816702e-06,4.442608270157505e-06,0.003571742679923773,0.04153225291520357,93.70239764312282,144.2541941588279,0.18394608004018664,238.19498702394776,0.1343437173041042,12.024739328,2026-01-28T00:19:28.284750
28381,0.5417184057680753,0.02102867428748567,4.439410237761596e-06,0.0030899362172931433,0.04426808701828122,93.18723044311628,143.80846370453946,0.23209979594685137,237.28303222288378,0.13486004330028067,12.016059904,2026-01-28T00:23:25.568379
28382,0.541878630082115,0.003490349361322309,4.43621397204525e-06,0.002797231776639819,0.03968489705584943,92.03284094971605,140.59111022390425,0.18129468406550586,232.85604563704692,0.13742396042350755,12.013888,2026-01-28T00:27:18.425095
28383,0.5420388543961546,0.02005899399713673,4.433019473869171e-06,0.0030984438490122557,0.045083316741511226,93.89639432914555,146.62902415543795,0.19069625507108867,240.77117032115348,0.13290627759675996,12.018968064,2026-01-28T00:31:19.196872
28384,0.5421990787101942,0.0026952680792731165,4.429826744093605e-06,0.0035409845877438784,0.045812746277078986,92.48452308517881,137.6067446290981,0.3105959719978273,230.4576646629721,0.13885413638464886,11.992300544,2026-01-28T00:35:09.655340
28385,0.542359303024234,0.017542772352624247,4.426635783578301e-06,0.0030415395740419626,0.05054243886843324,93.95833866810426,145.10829275404103,0.17302241595461965,239.3016512838658,0.13372243705097034,12.018911744,2026-01-28T00:39:08.957745
28386,0.5425195273382736,0.023450606243358152,4.42344659318255e-06,0.0028770328499376774,0.047188101802021265,93.48482390656136,143.69392493111081,0.2441291471477598,237.4806727769319,0.1347478075828846,11.991991296,2026-01-28T00:43:06.439225
28387,0.5426797516523132,0.005631624676401437,4.420259173765157e-06,0.00286039337515831,0.04737510811537504,91.53050202759914,141.4442697793711,0.2037011538632214,233.23499600496143,0.1372006797784295,12.008009216,2026-01-28T00:46:59.674987
28388,0.5428399759663529,0.0034564628759259364,4.417073526184446e-06,0.0029413695447146893,0.04948948975652456,91.19413363211788,139.53326960327104,0.1899026520550251,230.97730878880247,0.1385417475326967,12.01140224,2026-01-28T00:50:50.653010
28389,0.5430002002803925,0.0164552231652193,4.413889651298275e-06,0.0031300114933401346,0.04157914570532739,125.59109300631098,142.7430222427938,0.19897163403220475,268.60509968106635,0.1191340002032569,12.00820992,2026-01-28T00:55:19.265304
28390,0.5431604245944323,0.01652401512692503,4.410707549964021e-06,0.0034395181573927402,0.042229969752952456,93.52527607069351,145.92514360020868,0.21042845700867474,239.71415337082,0.1334923263813229,12.021029888,2026-01-28T00:59:18.981236
28391,0.5433206489084719,0.0019158537588213065,4.407527223038579e-06,0.003102477639913559,0.04089902201667428,90.62329934723675,140.61494023981504,0.20471322583034635,231.49469731398858,0.13823210799769076,11.99273472,2026-01-28T01:03:10.486929
28392,0.5434808732225115,0.009951041702190189,4.404348671378364e-06,0.003529903246089816,0.05711419857107103,91.12488997611217,140.04553292342462,0.18860632902942598,231.42782404087484,0.13827205148136446,11.9929088,2026-01-28T01:07:01.915993
28393,0.5436410975365512,0.014649579097872234,4.401171895839326e-06,0.002860310720279813,0.050600613467395306,94.08354416978545,143.12687916029245,0.15774752898141742,237.42991698696278,0.13477661284680106,12.01597696,2026-01-28T01:10:59.346539
28394,0.5438013218505908,0.0028449021315086753,4.397996897276922e-06,0.0031824063044041395,0.04509690450504422,92.24741094908677,144.2106842258945,0.1975003380794078,236.71336546191014,0.13518459313675366,12.006391296,2026-01-28T01:14:56.070883
28395,0.5439615461646304,0.009946601780882247,4.394823676546139e-06,0.0036356402561068535,0.04934563999995589,92.19069669931196,140.87622614810243,0.27396761695854366,233.40028939698823,0.13710351466433496,11.993269248,2026-01-28T01:18:49.472159
28396,0.5441217704786702,0.0019350952866075133,4.391652234501486e-06,0.004072695039212704,0.04976082989014685,91.49271226883866,142.2381423797924,0.2201033600140363,234.01219298387878,0.1367450114114545,11.992008192,2026-01-28T01:22:43.484969
28397,0.5442819947927098,6.733023268701288e-06,4.388482571996988e-06,0.00291452556848526,0.04591157357208431,90.76528072822839,140.70949383010156,0.2529278208967298,231.7865557500627,0.13805805041818672,12.013144576,2026-01-28T01:26:35.272130
28398,0.5444422191067495,0.007332860836149813,4.38531468988619e-06,0.003070364473387599,0.05313712195493281,92.08524264069274,142.28622117987834,0.18991142604500055,234.62563461600803,0.1363874840546375,12.008324608,2026-01-28T01:30:29.898429
28399,0.5446024434207891,0.012968513458860187,4.382148589022166e-06,0.00290155247785151,0.043547866865992546,93.001114935847,144.74685769388452,0.18993794894777238,237.99218232301064,0.13445819811244292,12.011771904,2026-01-28T01:34:27.891196
28400,0.5447626677348287,0.0034054106886287627,4.378984270257499e-06,0.0028159499634057283,0.05930949095636606,93.50756224594079,143.96145793702453,0.20092294597998261,237.73859204095788,0.13460162157638672,12.016122368,2026-01-28T01:38:25.630400
28401,0.5449228920488685,0.005532222672818499,4.3758217344443035e-06,0.0027666278183460236,0.04745283676311374,92.13781347521581,140.72648938023485,0.19118632306344807,233.11252433201298,0.13727276169178992,12.017205248,2026-01-28T01:42:18.743642
28402,0.5450831163629081,0.007930857037881989,4.372660982434205e-06,0.0030087921768426895,0.045324461767449975,91.06595109403133,142.39457919239067,0.24819593410938978,233.76333988807164,0.1368905835077559,12.010247168,2026-01-28T01:46:12.507732
28403,0.5452433406769477,0.002745399041770291,4.369502015078351e-06,0.0037038330920040607,0.04455515183508396,90.25618301099166,139.4422721476294,0.20719003397971392,229.96157949999906,0.1391536797998038,11.992013824,2026-01-28T01:50:02.469959
28404,0.5454035649909874,0.0024659271466473953,4.366344833227411e-06,0.0032941214740276337,0.05035736947320402,92.44956133561209,142.83491335459985,0.17156074079684913,235.5191419320181,0.13587006023160828,12.0080768,2026-01-28T01:53:57.989708
28405,0.545563789305027,0.01599959724701705,4.3631894377315744e-06,0.0032033096067607403,0.043290443485602736,91.34214438521303,139.4902310029138,0.1971145118586719,231.08381806709804,0.1384778919946199,12.007579136,2026-01-28T01:57:49.074167
28406,0.5457240136190666,0.004985045154226597,4.3600358294405436e-06,0.0032142868731170893,0.043507878202944994,92.3906761566177,142.9356410552282,0.2615306868683547,235.64224239904433,0.1357990811588448,11.99346176,2026-01-28T02:01:44.717096
28407,0.5458842379331064,0.014646546506157598,4.356884009203547e-06,0.0028298343531787395,0.042559499852359295,93.1281576429028,143.02291546296328,0.2861561570316553,236.4896890418604,0.13531245328135963,11.992167424,2026-01-28T02:05:41.207555
28408,0.546044462247146,0.004279158938664374,4.353733977869325e-06,0.0029232280794531107,0.0466516490560025,92.83503657742403,137.46952347527258,0.286638705059886,230.647999886889,0.13873955124559054,12.004687872,2026-01-28T02:09:31.856296
28409,0.5462046865611857,0.00799015593003638,4.350585736286137e-06,0.0030718876514583826,0.04023590008728206,91.50762510555796,143.01799063803628,0.1912039660383016,234.76710771094076,0.13630529554165785,12.007251456,2026-01-28T02:13:26.624094
28410,0.5463649108752253,0.019047564247253845,4.347439285301766e-06,0.002880695043131709,0.04301465465687215,91.30874683870934,139.82691923924722,0.17517085699364543,231.36437904881313,0.13830996859394962,12.007748096,2026-01-28T02:17:17.989259
28411,0.5465251351892649,0.005682844371731832,4.344294625763512e-06,0.0031893346458673477,0.051703107776120305,94.14543718239293,145.23362330999225,0.19079195708036423,239.63206121092662,0.13353805763008175,12.015305216,2026-01-28T02:21:17.622254
28412,0.5466853595033047,0.0031196018007335624,4.341151758518182e-06,0.0029474440962076187,0.0508836954832077,90.95422376552597,142.88112074695528,0.19970622193068266,234.098165595904,0.13669479177055074,12.015682048,2026-01-28T02:25:11.721007
28413,0.5468455838173443,0.00047519212322022497,4.338010684412119e-06,0.0032154906075447798,0.03878497635014355,92.80710928770714,142.08894042205065,0.24667672021314502,235.1915566320531,0.13605930611727954,12.01093376,2026-01-28T02:29:06.913483
28414,0.5470058081313839,0.021628131000737127,4.334871404291164e-06,0.004912700736895204,0.05117474123835564,97.09241043101065,146.39611892797984,0.19121371884830296,243.74343644897453,0.13128558646008467,12.008948736,2026-01-28T02:33:10.657540
28415,0.5471660324454236,0.005278307918420211,4.331733919000685e-06,0.003277470823377371,0.04749179934151471,93.07301293918863,143.80899579520337,0.1731085549108684,237.11304786405526,0.13495672333623182,12.004969984,2026-01-28T02:37:07.771342
28416,0.5473262567594632,0.00018089526272957457,4.328598229385567e-06,0.0027038368862122297,0.03897098125889897,89.52158517786302,137.826055286685,0.16939565283246338,227.5666298889555,0.14061815660589108,11.993490432,2026-01-28T02:40:55.338616
28417,0.547486481073503,0.036086000123407125,4.325464336290206e-06,0.004121091216802597,0.055864475667476654,90.34357338608243,136.11846328619868,0.19285510410554707,226.7231309209019,0.14114131129903992,11.993445376,2026-01-28T02:44:42.062345
28418,0.5476467053875426,2.622852506739548e-06,4.322332240558521e-06,0.0026586321182549,0.04973667301237583,89.11350713763386,136.90674998424947,0.17580783483572304,226.2575090720784,0.1414317700713563,12.005616128,2026-01-28T02:48:28.320469
28419,0.5478069297015822,0.005615360380177847,4.319201943033946e-06,0.0028396828565746546,0.04531033313833177,92.4388041200582,141.86179687967524,0.18643957190215588,234.54139576200396,0.13643646954532213,12.013586944,2026-01-28T02:52:22.862463
28420,0.5479671540156219,0.02548398154329723,4.3160734445594245e-06,0.002915894379839301,0.047803571447730064,91.78470270801336,139.5363794011064,0.17418808885850012,231.55234145210125,0.13819769560231157,12.02103296,2026-01-28T02:56:14.415418
28421,0.5481273783296615,0.010973156358219605,4.312946745977417e-06,0.003256650408729911,0.04915979038923979,92.21658052690327,141.3345106113702,0.17553493613377213,233.7885750660207,0.13687580751524475,12.019696128,2026-01-28T03:00:08.204650
28422,0.5482876026437011,0.004795352534371133,4.309821848129909e-06,0.0029094472993165255,0.045822333777323365,93.61085654096678,144.18833912396803,0.16383357415907085,238.01970587694086,0.13444264995665695,12.0130944,2026-01-28T03:04:06.224964
28423,0.5484478269577409,0.011613445307395942,4.3066987518583874e-06,0.0025729211047291756,0.04766102344729006,90.95939927478321,139.58730288827792,0.16834831587038934,230.77411471004598,0.13866373202300486,12.016256512,2026-01-28T03:07:56.999681
28424,0.5486080512717805,0.0326553688085518,4.303577458003867e-06,0.003040187992155552,0.047796344151720405,95.37539265211672,141.31531610130332,0.20397719205357134,236.95321495411918,0.1350477561834141,12.010902528,2026-01-28T03:11:53.953652
28425,0.5487682755858202,0.004531876616002961,4.300457967406867e-06,0.013193441787734628,0.04423414450138807,93.29196588788182,139.92248933110386,0.19516887492500246,233.4784086830914,0.1370576413489041,12.011114496,2026-01-28T03:15:47.432899
28426,0.5489284998998598,6.847048151570334e-06,4.29734028090742e-06,0.003285177517682314,0.04493988282047212,92.80623095761985,138.18540536356159,0.29199295211583376,231.34034780901857,0.1383243359970107,12.013214208,2026-01-28T03:19:38.773940
28427,0.5490887242138994,0.0011819470136655852,4.294224399345084e-06,0.0028392199892550707,0.051885011373087764,89.40451320656575,137.00691033387557,0.19635532796382904,226.66997763817199,0.1411744084215725,11.992932352,2026-01-28T03:23:25.444612
28428,0.5492489485279392,0.006658256136073959,4.2911103235589254e-06,0.003034902736544609,0.04071226716041565,92.66620481782593,145.56045460840687,0.24393643415533006,238.52178805600852,0.13415965166455115,12.01324288,2026-01-28T03:27:23.967015
28429,0.5494091728419788,0.009729538513429503,4.287998054387518e-06,0.003447348950430751,0.04303196747787297,92.47860969672911,144.00752056878991,0.20503661292605102,236.74525875295512,0.13516638165663186,12.01165568,2026-01-28T03:31:20.713200
28430,0.5495693971560184,0.022510568455729185,4.2848875926689605e-06,0.002862815512344241,0.05723993992432952,90.7976527439896,139.765063138213,0.2093466140795499,230.8389156081248,0.13862480646167832,11.9919488,2026-01-28T03:35:11.552740
28431,0.5497296214700581,0.013117918695662922,4.281778939240854e-06,0.003059163922443986,0.04332273988984525,91.97131268610246,143.01873690797947,0.1793377068825066,235.22231504903175,0.13604151457028915,11.99277568,2026-01-28T03:39:06.775659
28432,0.5498898457840977,0.007574699906249371,4.278672094940318e-06,0.003812239272519946,0.04038441111333668,92.29992118407972,142.2345561683178,0.22764374408870935,234.81472380599007,0.13627765534174602,12.006815232,2026-01-28T03:43:01.591103
28433,0.5500500700981374,0.03177648966424851,4.275567060603984e-06,0.0035550440661609173,0.046241405652835965,92.40467420523055,140.8694261328783,0.20796179794706404,233.54227692098357,0.13702015935567352,12.010883072,2026-01-28T03:46:55.134178
28434,0.5502102944121771,0.011805782125300368,4.272463837068002e-06,0.002732620108872652,0.04193753935396671,91.50691743474454,141.16975081386045,0.20937241287901998,232.94017405202612,0.13737432853833512,12.009249792,2026-01-28T03:50:48.075171
28435,0.5503705187262167,0.003219658586794516,4.269362425168024e-06,0.00276476819999516,0.05216007889248431,90.86700573004782,139.55743752373382,0.1919153928756714,230.67890612012707,0.13872096299665934,11.992882176,2026-01-28T03:54:38.755064
28436,0.5505307430402564,0.03469315138638773,4.266262825739218e-06,0.0029560993425548077,0.04047858971171081,93.41617178614251,144.30549864843488,0.1935578139964491,237.9649426578544,0.13447358943964088,12.01733632,2026-01-28T03:58:36.720611
28437,0.550690967354296,0.0023309019061370506,4.263165039616269e-06,0.0029892048332840204,0.041513908887282014,92.66480962815695,142.64403786160983,0.21945529687218368,235.58176292805,0.13583394402975604,12.029108224,2026-01-28T04:02:32.302961
28438,0.5508511916683356,6.114829833592239e-07,4.260069067633364e-06,0.0031014224514365196,0.05156773002818227,90.95940688834526,140.8467727743555,0.20581135991960764,232.0761921000667,0.1378857508408369,12.009330688,2026-01-28T04:06:24.380075
28439,0.5510114159823754,5.8664586921608475e-06,4.256974910624212e-06,0.002995247021317482,0.041400171583518386,92.04552028607577,141.9834533748217,0.2009293558076024,234.2806542441249,0.1365883158523853,12.011078656,2026-01-28T04:10:18.661355
28440,0.551171640296415,0.011440559206664869,4.2538825694220255e-06,0.002881117630749941,0.04229503287933767,91.28869154374115,141.28655651491135,0.25608685216866434,232.884347661864,0.13740725953150934,12.010417152,2026-01-28T04:14:11.546338
28441,0.5513318646104547,0.0030382558425809947,4.250792044859533e-06,0.002579196123406291,0.046677514212206006,91.14142521424219,140.0198157140985,0.21464525000192225,231.43476273003034,0.1382679059209793,11.994403328,2026-01-28T04:18:02.981691
28442,0.5514920889244943,0.0037472986333391134,4.24770333776897e-06,0.0025594038888812065,0.041986782336607575,91.63677304890007,142.59978395979851,0.25360958906821907,234.54216307518072,0.13643602318847312,12.006701568,2026-01-28T04:21:57.524588
28443,0.5516523132385339,0.0018452253853382672,4.244616448982086e-06,0.003243808401748538,0.03782164165750146,92.67950758594088,141.8057757334318,0.2258264529518783,234.75990948290564,0.13630947494606238,12.013323264,2026-01-28T04:25:52.285270
28444,0.5518125375525736,0.01064069620924002,4.241531379330136e-06,0.002897934289649129,0.050574433989822865,91.48478927789256,140.80717491800897,0.18908804398961365,232.54139939392917,0.1376099055196251,12.005556224,2026-01-28T04:29:44.827517
28445,0.5519727618666133,2.922302747965233e-05,4.238448129643892e-06,0.003084589960053563,0.04633887228555977,91.03288440732285,137.8329958128743,0.2047454691492021,229.12753014592454,0.13966021446493204,11.992124928,2026-01-28T04:33:33.955662
28446,0.5521329861806529,0.000414325911623159,4.235366700753631e-06,0.003077007131651044,0.04407305736094713,92.0533611078281,140.94140427489765,0.34248969284817576,233.39185521984473,0.13710846923024553,12.005835264,2026-01-28T04:37:27.348344
28447,0.5522932104946926,0.030845570542745726,4.232287093489137e-06,0.0026203161105513573,0.04657630017027259,91.8850047623273,141.26336272456683,0.1533715408295393,233.35762188304216,0.13712858290970356,12.008748544,2026-01-28T04:41:20.706578
28448,0.5524534348087322,0.0030697864697968313,4.2292093086797105e-06,0.0030531222000718117,0.052246981067582965,91.83817514963448,140.2763995428104,0.23065558914095163,232.40861829393543,0.1376885256446405,12.02779648,2026-01-28T04:45:13.115808
28449,0.5526136591227718,0.02728805881402696,4.22613334715416e-06,0.003287726314738393,0.04630908532999456,93.05786815728061,140.37564329686575,0.16942592384293675,233.66079659899697,0.13695065867175668,12.00849408,2026-01-28T04:49:06.777244
28450,0.5527738834368116,0.018464474135114095,4.223059209740797e-06,0.003711107186973095,0.05172837502323091,94.9962388954591,139.74191524344496,0.23126468295231462,235.03216046490707,0.13615158000803876,11.992192512,2026-01-28T04:53:01.810092
28451,0.5529341077508512,0.010722213685066428,4.219986897267451e-06,0.0025406854692846537,0.05737431813031435,90.36916812858544,141.32956175529398,0.1602077861316502,231.92772052413784,0.13797402021492988,11.9930112,2026-01-28T04:56:53.738437
28452,0.5530943320648909,0.00038428242922705635,4.216916410561452e-06,0.002605149522423744,0.05245953006669879,92.04204346728511,138.53301308583468,0.1760359399486333,230.81832201196812,0.1386371745581825,11.992782336,2026-01-28T05:00:44.557577
28453,0.5532545563789305,0.020389258825392886,4.213847750449636e-06,0.0032288439106196165,0.043448318960145116,92.45890166470781,142.88885141024366,0.16051113395951688,235.5611078441143,0.1358458545761995,12.017250304,2026-01-28T05:04:40.119310
28454,0.5534147806929701,0.015160641964699906,4.210780917758362e-06,0.002625513356178999,0.04184809420257807,91.85191854182631,139.35004120063968,0.16854821401648223,231.42273031314835,0.13827509491699186,11.993363968,2026-01-28T05:08:31.542650
28455,0.5535750050070098,0.01048841793560662,4.207715913313478e-06,0.0024776230566203594,0.045900557190179825,90.4152228909079,140.10627320152707,0.16389605519361794,230.74041099403985,0.1386839863123351,12.011097088,2026-01-28T05:12:22.283921
28456,0.5537352293210495,0.013273233389334393,4.2046527379403545e-06,0.0029442680533975363,0.047425368800759315,90.6278138179332,137.26069518108852,0.171238015871495,228.12084395904094,0.14027652819724618,12.010167296,2026-01-28T05:16:10.405514
28457,0.5538954536350891,0.01746534636377106,4.2015913924638656e-06,0.002465483034029603,0.04360039997845888,92.2446017418988,141.36215120647103,0.2179978850763291,233.87974865711294,0.13682244907366753,11.992024576,2026-01-28T05:20:04.285947
28458,0.5540556779491288,0.023784796159309174,4.198531877708388e-06,0.013440234586596489,0.049515865510329604,91.6428413556423,140.5962103230413,0.18160664709284902,232.49135236395523,0.13763952798513285,11.993070592,2026-01-28T05:23:56.777971
28459,0.5542159022631684,0.011448540984115851,4.195474194497806e-06,0.002420055912807584,0.05363225727342069,91.08661023550667,140.77984694344923,0.16317921108566225,232.09314169897698,0.1378756811414262,11.99309312,2026-01-28T05:27:48.871706
28460,0.5543761265772081,0.0022566645079926673,4.192418343655517e-06,0.0024426535237580538,0.04886084306053817,91.93888750276528,141.02309244591743,0.1527101439423859,233.1737351277843,0.13723672600802703,12.010996736,2026-01-28T05:31:42.046053
28461,0.5545363508912478,0.016155777788604553,4.189364326004418e-06,0.013510701712220907,0.05555308284237981,93.85444043995813,144.5995377106592,0.16067739785648882,238.68987241503783,0.13406517702752752,12.015208448,2026-01-28T05:35:40.736623
28462,0.5546965752052874,0.00941096822918741,4.1863121423669155e-06,0.0029856485780328512,0.04497036919929087,92.68210179824382,140.32446074741893,0.1718262229114771,233.2331147689838,0.13720178642597916,12.006841856,2026-01-28T05:39:33.970482
28463,0.5548567995193271,2.1663206495325937e-06,4.1832617935649295e-06,0.0025384475011378527,0.0466022533364594,91.76865055551752,138.87681344011799,0.1583412061445415,230.8615705179982,0.1386112029308284,11.993340928,2026-01-28T05:43:24.832665
28464,0.5550170238333667,0.011143268277035823,4.180213280419866e-06,0.0027622065972536802,0.05126165831461549,93.09633494890295,144.99036123626865,0.1918246599379927,238.33872580504976,0.1342626964707974,12.011138048,2026-01-28T05:47:23.172001
28465,0.5551772481474063,0.0013433259504100903,4.177166603752655e-06,0.002972640097141266,0.04634245578199625,92.1143074191641,141.31534768082201,0.1825120779685676,233.66810496500693,0.13694637530779896,12.00702208,2026-01-28T05:51:16.840723
28466,0.555337472461446,0.016512322577745486,4.17412176438373e-06,0.0026311660185456276,0.04719223966822028,91.83815426705405,142.99584653880447,0.1761729810386896,235.06651898496784,0.13613167939942292,11.992900608,2026-01-28T05:55:11.907868
28467,0.5554976967754857,0.002040748466780151,4.171078763133019e-06,0.0028622238896787167,0.04907118179835379,90.32040825346485,138.9220218528062,0.18488783412612975,229.48935525212437,0.13944001875313028,12.017867776,2026-01-28T05:59:01.397992
28468,0.5556579210895254,0.012344666605498489,4.168037600819967e-06,0.00306763150729239,0.051396455615758896,93.91313674929552,142.30546017247252,0.17884505214169621,236.4632373820059,0.13532758983716384,12.010937344,2026-01-28T06:02:57.862258
28469,0.555818145403565,0.003701647790835594,4.164998278263516e-06,0.013032832881435752,0.042646104004234076,91.04868170898408,141.31804317701608,0.20658111781813204,232.64119866793044,0.13755087311803468,12.01603328,2026-01-28T06:06:50.504434
28470,0.5559783697176046,0.0009806595588051081,4.161960796282112e-06,0.0033868320751935244,0.042691703885793686,91.20526740700006,142.64924881933257,0.16691347304731607,234.07468638499267,0.13670850314573627,11.99218176,2026-01-28T06:10:44.579952
28471,0.5561385940316443,0.013443447295300004,4.158925155693712e-06,0.0027721025981009007,0.04949035891331732,92.84293060167693,145.1960101998411,0.16443756292574108,238.26374245481566,0.13430494992778216,12.01076736,2026-01-28T06:14:42.844381
28472,0.556298818345684,0.003884594437904454,4.155891357315777e-06,0.0032004592940211296,0.04758822242729366,92.00920369219966,142.34426244231872,0.20004703616723418,234.61182515090331,0.13639551194581717,12.018983424,2026-01-28T06:18:37.456961
28473,0.5564590426597236,0.05109221978461154,4.152859401965262e-06,0.01348369405604899,0.047660883981734514,93.4753536246717,141.62317775934935,0.20232596597634256,235.37099715601653,0.13595557815812237,12.024212992,2026-01-28T06:22:32.828561
28474,0.5566192669737633,0.0006652682134484778,4.149829290458638e-06,0.002568171126767993,0.045969811268150806,92.18568880809471,143.6167345966678,0.18988590198569,236.049569593044,0.13556474623177195,12.012396544,2026-01-28T06:26:28.878709
28475,0.5567794912878029,0.014967299615673113,4.14680102361187e-06,0.0036782207898795605,0.04787662043236196,92.88309868052602,144.87466962635517,0.20916781784035265,238.02593371784315,0.134439132325526,12.009879552,2026-01-28T06:30:26.905402
28476,0.5569397156018426,0.022651369969047597,4.143774602240429e-06,0.0027733880560845137,0.04710854520089924,90.83058418310247,139.76516003045253,0.2135423009749502,230.86537408991717,0.13860891927230576,12.010723328,2026-01-28T06:34:17.771451
28477,0.5570999399158822,0.041155505214623744,4.140750027159294e-06,0.0031284962315112352,0.04132903600111604,93.16454424755648,144.14362749247812,0.20013536792248487,237.55978004308417,0.1347029366427113,12.008375808,2026-01-28T06:38:15.331957
28478,0.5572601642299219,0.003949310135770823,4.137727299182939e-06,0.0030877410899847746,0.04432639735750854,95.02223214088008,144.43134326976724,0.17876133602112532,239.6900251051411,0.1335057643135673,12.031233536,2026-01-28T06:42:15.022771
28479,0.5574203885439616,0.006594815562413814,4.134706419125347e-06,0.0028859656304121017,0.04835782456211746,90.2172492290847,137.7899416743312,0.16923484904691577,228.24060331308283,0.14020292417517347,12.003721216,2026-01-28T06:46:03.264025
28480,0.5575806128580012,0.020142499576254025,4.1316873878e-06,0.0029226811602711678,0.04103978001512587,92.43146199453622,142.31712212553248,0.1675764590036124,234.96867251000367,0.13618836782864158,12.016704,2026-01-28T06:49:58.233357
28481,0.5577408371720408,0.02560334546280174,4.128670206019885e-06,0.012525630183517933,0.04466723767109215,91.04243803396821,140.6838665944524,0.2414403068833053,232.03201034804806,0.1379120059857258,12.01520896,2026-01-28T06:53:50.265951
28482,0.5579010614860805,0.018131901908261305,4.125654874597484e-06,0.004216152708977461,0.05149047845043242,93.67908322787844,143.92509552533738,0.18979656998999417,237.85949971014634,0.1345332014865706,11.993399296,2026-01-28T06:57:48.126040
28483,0.5580612858001202,0.025527117314841696,4.122641394344791e-06,0.003575509414076805,0.03899349784478545,91.53532901452854,142.9659603293985,0.24241863493807614,234.79803970595822,0.13628733885544433,12.003836416,2026-01-28T07:01:42.924722
28484,0.5582215101141598,0.007430724183206117,4.1196297660732905e-06,0.003175118938088417,0.044833582593128085,92.301500182366,143.6008788747713,0.30447868700139225,236.2626000889577,0.13544251179810662,12.010075136,2026-01-28T07:05:39.188011
28485,0.5583817344281995,9.940838348043712e-07,4.116619990593981e-06,0.002757422160357237,0.04453571746125817,92.60787298157811,142.19080634973943,0.2085543219000101,235.0633795261383,0.13613349754652745,12.00641536,2026-01-28T07:09:34.252099
28486,0.5585419587422391,0.014296574801795359,4.1136120687173505e-06,0.0028770568314939737,0.051783539121970534,92.37813644809648,140.98234835918993,0.1836278939153999,233.60691551398486,0.1369822461359639,12.00623616,2026-01-28T07:13:27.859616
28487,0.5587021830562788,4.552435313165404e-07,4.110606001253391e-06,0.003019886091351509,0.044475153321400285,91.10652950475924,140.77794040879235,0.21220013801939785,232.15360524784774,0.1378397719296098,11.992873984,2026-01-28T07:17:20.013962
28488,0.5588624073703184,2.2439876192770214e-05,4.107601789011598e-06,0.002910492941737175,0.04436509148217738,92.6534100966528,144.3403409367893,0.1680383230559528,237.21859647589736,0.13489667536773983,11.992848384,2026-01-28T07:21:17.233436
28489,0.5590226316843581,0.02493385186722641,4.10459943280097e-06,0.003946471959352493,0.043767293682321906,91.18472025473602,138.56059879157692,0.18625886598601937,229.98629335314035,0.1391387266321324,12.007903744,2026-01-28T07:25:07.220450
28490,0.5591828559983978,0.000541562000246909,4.101598933429997e-06,0.0031088674440979958,0.04193461127579212,91.62551652896218,139.6373546628747,0.20092836790718138,231.51944478112273,0.13821733215649612,12.007116288,2026-01-28T07:28:58.740761
28491,0.5593430803124374,0.01751609207620408,4.098600291706673e-06,0.0031282587442547083,0.04353660997003317,92.97492718091235,141.56198531156406,0.24274043086916208,234.83412749902345,0.13626639509682456,12.017491968,2026-01-28T07:32:53.575505
28492,0.559503304626477,0.0692993110516027,4.095603508438496e-06,0.002777168760076165,0.048439957899972796,92.66884060762823,139.1620255347807,0.22782018082216382,232.118407798931,0.1378606733668426,11.993114112,2026-01-28T07:36:45.694559
28493,0.5596635289405167,0.013601518294752424,4.092608584432455e-06,0.014208427397534251,0.04428242682479322,92.99292783997953,142.03364804014564,0.18224089709110558,235.27590628387406,0.13601052698269128,11.99276544,2026-01-28T07:40:40.971070
28494,0.5598237532545564,0.008967868814178104,4.089615520495046e-06,0.0031008643563836813,0.048688273411244154,94.71169391111471,145.3875657452736,0.20978431310504675,240.37244678288698,0.1331267390596708,12.00690944,2026-01-28T07:44:41.344268
28495,0.5599839775685961,0.018774883306280188,4.086624317432263e-06,0.0027290054131299257,0.047220823587849736,93.1529674064368,145.47122589871287,0.1793480198830366,238.86131320893764,0.13396895282078955,12.012691968,2026-01-28T07:48:40.206378
28496,0.5601442018826357,0.0075281806484333025,4.083634976049596e-06,0.0027882882859557867,0.047180260298773646,88.92986375768669,138.20057204342447,0.2438099361024797,227.43253136589192,0.14070106773124122,11.992172032,2026-01-28T07:52:27.639506
28497,0.5603044261966753,0.004006165127044881,4.0806474971520324e-06,0.003058452857658267,0.04914853209629655,94.67775706597604,144.60649033263326,0.2068481771275401,239.5512968171388,0.13358307980451956,12.0083456,2026-01-28T07:56:27.191445
28498,0.560464650510715,1.1783471975945758e-06,4.0776618815440646e-06,0.0028841826133430004,0.047231544740498066,90.08427749737166,138.3051632619463,0.23875471507199109,228.68719070916995,0.1399291315826062,11.99302656,2026-01-28T08:00:15.879229
28499,0.5606248748247546,0.006433523119758533,4.074678130029674e-06,0.0031940490007400513,0.0435948942322284,92.53925277222879,141.2570713676978,0.1634545458946377,234.01778987795115,0.1367417409449477,12.01947904,2026-01-28T08:04:09.897775
28500,0.5607850991387943,1.9842870839781312e-06,4.07169624341235e-06,0.00301482155919075,0.044801517855376005,92.80026173242368,143.74491522740573,0.18786454014480114,236.78829578892328,0.1351418147311018,12.00764672,2026-01-28T08:08:06.687031
28501,0.560945323452834,0.0001377918124156885,4.0687162224950775e-06,0.1272267666645348,0.06874345452524722,93.55115324351937,139.84145102649927,0.2775441789999604,1617.2144270511344,0.01978711014738443,11.992450048,2026-01-28T08:35:03.912549
28502,0.5611055477668736,0.022694233603417047,4.065738068080327e-06,0.013400032417848706,0.05399300158023834,93.87716572359204,140.10489682178013,0.1809406471438706,234.23765328805894,0.13661339050663768,12.011191296,2026-01-28T08:38:58.161090
28503,0.5612657720809133,0.011047467717364423,4.0627617809700816e-06,0.003561805235221982,0.048755829222500324,93.69429080258124,142.77498309523799,0.17741575581021607,236.70677054394037,0.13518835953219924,12.010626048,2026-01-28T08:42:54.868473
28504,0.5614259963949529,0.001048402152199479,4.059787361965817e-06,0.0028410200029611588,0.041191760217770934,93.6578570716083,137.8915907475166,0.20369108789600432,231.80515728588216,0.13804697175281064,12.0179712,2026-01-28T08:46:46.674231
28505,0.5615862207089926,0.013870759339714489,4.056814811868502e-06,0.023550917161628604,0.043212343007326126,91.64208363066427,138.99412082508206,0.20799557399004698,230.91750701190904,0.1385776263310762,12.0044928,2026-01-28T08:50:37.592329
28506,0.5617464450230323,0.008015906152685659,4.053844131478607e-06,0.0029684966430068016,0.04666019161231816,93.25821884395555,147.84311755816452,0.17216799082234502,241.3299037788529,0.13259856942272596,12.003800064,2026-01-28T08:54:38.922904
28507,0.5619066693370719,0.015242328691566165,4.050875321596096e-06,0.0028314529918134212,0.04106367425993085,91.23136466974393,141.65097408811562,0.1728029241785407,233.1079909140244,0.1372754313334644,12.00349696,2026-01-28T08:58:32.031485
28508,0.5620668936511115,0.0030632291800758438,4.047908383020427e-06,0.0036134880501776934,0.046937273582443595,90.4486906430684,136.4939219248481,0.22997411689721048,227.22959536709823,0.1408267261502744,11.991854592,2026-01-28T09:02:19.261713
28509,0.5622271179651512,0.011598493859615644,4.04494331655056e-06,0.0036658323369920254,0.053290339885279536,89.02394067915156,135.94686826341785,0.16393271507695317,225.20253631612286,0.1420943144045267,12.022014976,2026-01-28T09:06:04.465088
28510,0.5623873422791908,0.00047559496525995115,4.0419801229849495e-06,0.00284713227301836,0.03896103613078594,92.498430788517,141.3897007633932,0.18927843100391328,234.12802438205108,0.13667735882733228,12.0137344,2026-01-28T09:09:58.593837
28511,0.5625475665932306,0.00015890228981563226,4.03901880312154e-06,0.003217353019863367,0.04964277055114508,92.70733614708297,141.35462124692276,0.2137561000417918,234.3359299749136,0.13655609706725597,11.99220736,2026-01-28T09:13:52.930650
28512,0.5627077909072702,0.013258137262972092,4.03605935775778e-06,0.00296670850366354,0.04836590983904898,92.30562533740886,145.39064827747643,0.20080930390395224,237.95956661808304,0.1344766274993218,11.992118272,2026-01-28T09:17:50.890904
28513,0.5628680152213098,1.4915059774800454e-05,4.0331017876906065e-06,0.003203153843060136,0.050048029283061624,89.86396560491994,137.0329041609075,0.1645434908568859,227.1276687469799,0.1408899240525732,11.99281664,2026-01-28T09:21:38.019334
28514,0.5630282395353495,0.026345167025639604,4.030146093716452e-06,0.0029070735909044743,0.041533688083291054,91.63116948516108,140.15501048089936,0.19781443499960005,232.03846978582442,0.13790816682051282,12.014006784,2026-01-28T09:25:30.058793
28515,0.5631884638493891,0.009885053554294476,4.02719227663125e-06,0.003097136504948139,0.04290586453862488,91.99069299618714,140.080303566996,0.16659249900840223,232.29271363816224,0.13775722664226897,12.01058304,2026-01-28T09:29:22.352371
28516,0.5633486881634288,0.011887649753648866,4.024240337230418e-06,0.0029516329523175955,0.0466589389834553,89.95698532531969,137.94056930113584,0.2058622599579394,228.16165907494724,0.14025143457380165,12.012905984,2026-01-28T09:33:10.514706
28517,0.5635089124774685,0.01986575570911242,4.021290276308878e-06,0.002854014281183481,0.045136136235669255,93.40655837324448,141.36506167566404,0.22739228000864387,235.0554593000561,0.13613808458348095,12.017496064,2026-01-28T09:37:05.570792
28518,0.5636691367915081,0.019915897323651066,4.0183420946610446e-06,0.002855451311916113,0.04855495085939765,91.67521822080016,141.28977141412906,0.17679057409986854,233.20077295904048,0.13722081446797132,11.99296,2026-01-28T09:40:58.772189
28519,0.5638293611055478,0.014795399661620579,4.015395793080821e-06,0.0033695008605718613,0.048880741000175476,93.20096379704773,137.81126905209385,0.1589694928843528,231.2308541520033,0.1383898360681758,12.00933376,2026-01-28T09:44:50.003652
28520,0.5639895854195874,4.0967121777590876e-05,4.012451372361605e-06,0.0027090359944850206,0.047959244111552835,91.35026597813703,138.69232126139104,0.23519056593067944,230.33652450796217,0.13892716349852643,11.992272896,2026-01-28T09:48:40.340911
28521,0.564149809733627,0.0007296304064761117,4.0095088332962935e-06,0.023505968740209937,0.047723509604111314,92.95524943061173,145.05279718223028,0.20565655711106956,238.29607331217267,0.1342867280825033,11.99293952,2026-01-28T09:52:38.637747
28522,0.5643100340476668,0.016570529388194366,4.006568176677269e-06,0.002843215363100171,0.045356270391494036,91.98278731689788,139.04538648808375,0.1667662390973419,231.25033919606358,0.13837817540613023,11.992192,2026-01-28T09:56:29.888976
28523,0.5644702583617064,0.011823529435775804,4.003629403296418e-06,0.002907245187088847,0.047247452195733786,92.31321637937799,141.1496098774951,0.17876844084821641,233.69921175204217,0.13692814691199046,11.991996416,2026-01-28T10:00:23.588813
28524,0.564630482675746,0.030761565860794704,4.0006925139451074e-06,0.0034309630282223225,0.04271643771789968,91.55930498777889,142.09328948357143,0.15790515579283237,233.8653146889992,0.1368308936387361,11.992810496,2026-01-28T10:04:17.454724
28525,0.5647907069897857,0.0005278759212883344,3.997757509414202e-06,0.0034098918549716473,0.04736688220873475,92.60877124685794,141.89057034044527,0.15956938010640442,234.71742984303273,0.1363341445132558,11.992839168,2026-01-28T10:08:12.172818
28526,0.5649509313038253,0.004872691818112784,3.994824390494062e-06,0.00284847361035645,0.04482205328531563,92.42022395622917,144.6010801177472,0.16056493413634598,237.24006853997707,0.13488446617358701,12.031768576,2026-01-28T10:12:09.413574
28527,0.565111155617865,0.0024911533290374877,3.991893157974539e-06,0.0025725478772073984,0.038400174118578434,93.1369072322268,141.65682143252343,0.20808181120082736,235.04923997912556,0.13614168674972904,11.992781824,2026-01-28T10:16:04.463429
28528,0.5652713799319047,0.00015592841597733553,3.9889638126449706e-06,0.0027131589595228434,0.047572902170941234,93.66709810798056,144.5346582897473,0.2488585920073092,238.50970995612442,0.1341664454914084,11.992318464,2026-01-28T10:20:02.973977
28529,0.5654316042459443,0.0006369203739078344,3.986036355294194e-06,0.0027213699650019407,0.045020721619948745,91.54966068058275,141.90730003686622,0.202841758960858,233.71753279399127,0.13691741315875597,12.007151104,2026-01-28T10:23:56.692378
28530,0.565591828559984,0.01306769338997249,3.983110786710534e-06,0.0038516295608133078,0.041757248574867845,90.82000799919479,139.52107097534463,0.19764790800400078,230.5931340639945,0.138772562027451,12.009363456,2026-01-28T10:27:47.286110
28531,0.5657520528740236,0.0036170848819976342,3.9801871076818034e-06,0.003596335183829069,0.04572890396229923,92.0035895279143,140.84710526373237,0.23745775409042835,233.14372323499992,0.13725439208048174,12.008115712,2026-01-28T10:31:40.430481
28532,0.5659122771880633,0.007852006017474267,3.977265318995314e-06,0.002732011955231428,0.04131355043500662,93.33314248593524,143.16429376974702,0.20453454507514834,236.754701792961,0.13516099050055444,12.006767104,2026-01-28T10:35:37.185767
28533,0.566072501502103,0.00020115860296510135,3.974345421437867e-06,0.0032839681953191757,0.03973428369499743,90.51848977594636,137.4041071520187,0.20067060901783407,228.17254925589077,0.14024474067698944,12.01290496,2026-01-28T10:39:25.358920
28534,0.5662327258161426,0.021440477869841157,3.971427415795747e-06,0.0027996913995593786,0.05221141781657934,92.4432772314176,141.79295877879485,0.16867022402584553,234.46711614192463,0.13647969287356343,12.007739904,2026-01-28T10:43:19.826659
28535,0.5663929501301822,0.030462849982337836,3.968511302854734e-06,0.0028980940114706755,0.04565802123397589,90.99610497197136,137.9572194851935,0.16167148808017373,229.1706824619323,0.1396339167655773,11.992141824,2026-01-28T10:47:08.997935
28536,0.5665531744442219,0.00037089065989714953,3.965597083400102e-06,0.0027091624215245247,0.051172244595363736,88.6700370258186,133.55138448951766,0.19331905199214816,222.47666703700088,0.14383530833225747,12.01003008,2026-01-28T10:50:51.475227
28537,0.5667133987582615,0.013672697905782627,3.962684758216609e-06,0.013509041862562299,0.05160918366163969,91.42949368036352,139.5480963399168,0.18356087198480964,231.23285162611865,0.13838864060605424,12.010413056,2026-01-28T10:54:42.708966
28538,0.5668736230723013,2.8455757941081572e-05,3.959774328088508e-06,0.002797307213768363,0.04550293134525418,90.4042423996143,137.17321232007816,0.31748145492747426,227.95121108996682,0.14038091680666867,12.009759744,2026-01-28T10:58:30.660951
28539,0.5670338473863409,0.0024215074536932946,3.956865793799535e-06,0.002935676835477352,0.04191072308458388,89.99436302273534,136.34898589435034,0.2204839640762657,226.61559568182565,0.1412082866747126,11.992636416,2026-01-28T11:02:17.277273
28540,0.5671940717003805,0.00030404244659543167,3.9539591561329234e-06,0.003057184861972928,0.043645271798595786,91.08670146390796,138.46194011787884,0.18031044607050717,229.78576981206425,0.13926014664081227,11.992723456,2026-01-28T11:06:07.063660
28541,0.5673542960144202,0.01312651271416243,3.951054415871388e-06,0.0037011560052633286,0.04790089186280966,90.65957458643243,137.25850450154394,0.22034626081585884,228.19741628016345,0.1402294579913772,11.992782848,2026-01-28T11:09:55.261766
28542,0.5675145203284598,0.008219887968844652,3.948151573797142e-06,0.0029837118927389383,0.05074944975785911,93.57393034594133,139.13259069621563,0.20553920115344226,232.9736812170595,0.13735457083749253,12.009534464,2026-01-28T11:13:48.236050
28543,0.5676747446424995,0.025525276534527297,3.945250630691877e-06,0.00305665354244411,0.04373875982128084,94.69080102839507,142.7390890812967,0.2437566239386797,237.72902263398282,0.13460703975243482,12.008318464,2026-01-28T11:17:45.967337
28544,0.5678349689565392,3.239757965189938e-05,3.942351587336785e-06,0.002820443594828248,0.047484138049185276,92.16181413177401,141.85127501212992,0.20232322695665061,234.27338212705217,0.1365925557118803,12.003270144,2026-01-28T11:21:40.241433
28545,0.5679951932705788,0.00020977211818085095,3.939454444512534e-06,0.002750905929133296,0.041819729609414935,92.34319532266818,138.51447892957367,0.2757137240841985,231.18501623696648,0.1384172751368962,11.992120832,2026-01-28T11:25:31.427109
28546,0.5681554175846185,0.061423884243763105,3.936559202999286e-06,0.003158718114718795,0.0434369791764766,94.91163908177987,142.65023618889973,0.202058742986992,237.8221290630754,0.13455434162526117,12.00743168,2026-01-28T11:29:29.249984
28547,0.5683156418986581,0.019962089271811312,3.9336658635766936e-06,0.002806154079735279,0.04990604054182768,92.47215556493029,140.3520217007026,0.25268197688274086,233.1360602490604,0.13725890351674572,12.012825088,2026-01-28T11:33:22.386731
28548,0.5684758662126977,0.013142041700437979,3.930774427023895e-06,0.002583752851933241,0.05055254674516618,91.87741121416911,140.07072379090823,0.2799810478463769,232.28785057389177,0.13776011065985846,12.012675584,2026-01-28T11:37:14.675288
28549,0.5686360905267375,0.02535876675068094,3.927884894119513e-06,0.0029861240182071924,0.05822269385680556,93.98002171190456,144.11199445487,0.2773156790062785,238.4385755150579,0.1342064719640096,12.012911104,2026-01-28T11:41:13.114507
28550,0.5687963148407771,0.02669973373521728,3.9249972656416624e-06,0.0029759507160633802,0.04640533425845206,91.22698009479791,138.89558779192157,0.1599980981554836,230.34029781701975,0.1389248876695493,11.992905728,2026-01-28T11:45:03.455583
28551,0.5689565391548167,4.997378491911064e-06,3.922111542367944e-06,0.0029475167393684387,0.04879800509661436,90.34275988768786,139.3614891874604,0.1953174548689276,229.95798300695606,0.1391558561332138,11.993486336,2026-01-28T11:48:53.414245
28552,0.5691167634688564,8.041469305286597e-05,3.919227725075441e-06,0.003189951879903674,0.04685010528191924,90.4072443547193,136.81173136970028,0.22115147509612143,227.49683838989586,0.14066129545570538,12.014611968,2026-01-28T11:52:40.911856
28553,0.569276987782896,0.03050243998805735,3.916345814540731e-06,0.012948516057804227,0.04742346261627972,91.66550648445264,139.946837579133,0.19543301407247782,231.87592161097564,0.13800484232117574,12.025513472,2026-01-28T11:56:32.788425
28554,0.5694372120969358,0.004101453934156396,3.91346581153987e-06,0.0028479662723839283,0.044927308801561594,91.9641419223044,144.36835756734945,0.24247933900915086,236.63266767398454,0.13523069453828454,11.99274496,2026-01-28T12:00:29.421679
28555,0.5695974364109754,0.02129298844238381,3.910587716848407e-06,0.004494296154007316,0.04919341369532049,92.99023333890364,141.76162259536795,0.19562413496896625,235.00935500115156,0.13616479224770944,11.992759296,2026-01-28T12:04:24.431655
28556,0.569757660725015,0.011356943954887733,3.907711531241377e-06,0.0035834081936627626,0.044387306086719036,90.93394323135726,138.94173947372474,0.1880493238568306,230.12005315115675,0.13905785072533625,12.009710592,2026-01-28T12:08:14.552352
28557,0.5699178850390547,2.49717578100217e-05,3.9048372554932955e-06,0.0027400762774050236,0.04802789422683418,90.80108470330015,139.42742193001322,0.1665645509492606,230.45655661518686,0.1388548040029651,12.013978112,2026-01-28T12:12:05.009548
28558,0.5700781093530943,0.008250957744018628,3.901964890378165e-06,0.003488060785457492,0.04173485515639186,91.56174386129715,140.71018044953234,0.18164399010129273,232.50691729108803,0.1376303138540066,11.993279488,2026-01-28T12:15:57.517163
28559,0.570238333667134,7.246165005803107e-06,3.899094436669481e-06,0.003271329915151,0.045362195232883096,91.47252657427453,141.25510922144167,0.16943408804945648,232.95262348395772,0.13736698699254477,12.013029888,2026-01-28T12:19:50.470502
28560,0.5703985579811737,0.011321127129375164,3.8962258951402116e-06,0.0030902845319360495,0.04600003850646317,92.12432098155841,140.95881226821803,0.1807973359245807,233.3206741309259,0.1371502980573572,11.993007104,2026-01-28T12:23:43.791879
28561,0.5705587822952133,0.0069504618215399105,3.893359266562821e-06,0.002602766500785947,0.04741639597341418,91.97281226608902,141.2030460780952,0.1719427730422467,233.40585499606095,0.13710024540961085,12.014055936,2026-01-28T12:27:37.198348
28562,0.5707190066092529,0.0073190902242501465,3.8904945517092585e-06,0.0031967153772711754,0.04787327046506107,92.83041204581968,146.38557843165472,0.21613291092216969,239.48994166590273,0.13361730257816495,12.0142464,2026-01-28T12:31:36.688879
28563,0.5708792309232926,0.006872829510205847,3.887631751350943e-06,0.0031677214428782463,0.042484970297664404,91.07954409928061,138.13363801664673,0.18864267296157777,229.45607441593893,0.1394602434537996,12.020092928,2026-01-28T12:35:26.145572
28564,0.5710394552373322,0.021253192473599913,3.884770866258795e-06,0.0029322104528546333,0.049575162352994084,92.12421201448888,141.03052034950815,0.20248474716208875,233.41695448197424,0.13709372599354697,12.011478016,2026-01-28T12:39:19.563250
28565,0.571199679551372,4.22797085342097e-06,3.881911897203214e-06,0.012807068414986134,0.0500476541928947,91.00216409005225,139.01562090800144,0.21661589690484107,230.30431007407606,0.13894659630862916,12.011574272,2026-01-28T12:43:09.868394
28566,0.5713599038654116,0.020596134446778436,3.8790548449540775e-06,0.0030729766003787518,0.045857951045036316,90.38413113472052,137.12095506372862,0.23161215498112142,227.79410780896433,0.1404777336331994,12.017721344,2026-01-28T12:46:57.663111
28567,0.5715201281794512,0.019696338933978375,3.876199710280758e-06,0.00257854163646698,0.048647864954546094,89.0548945388291,134.8109893943183,0.1830693839583546,224.10902383504435,0.14278764617507606,12.01089536,2026-01-28T12:50:41.772828
28568,0.5716803524934909,5.231264431415639e-06,3.873346493952101e-06,0.0028396788984537125,0.04114385228604078,89.08924420224503,133.72169820521958,0.19989185594022274,223.06302187102847,0.14345721550612678,12.00306432,2026-01-28T12:54:24.836629
28569,0.5718405768075305,0.01726373779117818,3.870495196736438e-06,0.022710934281349182,0.05117113562300801,90.28049801080488,136.9060065788217,0.2694963519461453,227.53651742707007,0.14063676618526355,11.99277568,2026-01-28T12:58:12.373914
28570,0.5720008011215701,6.924320245094151e-05,3.867645819401588e-06,0.003271459834650159,0.04544780449941754,93.08647131035104,136.55323930131271,0.24783160001970828,229.94311943696812,0.1391648511960447,11.99276544,2026-01-28T13:02:02.327947
28571,0.5721610254356099,0.0032667541812436696,3.864798362714853e-06,0.0029513565823435783,0.046157437143847346,92.39470445062034,141.05793209839612,0.25410919496789575,233.76351700001396,0.13689047979201172,11.992175616,2026-01-28T13:05:56.092801
28572,0.5723212497496495,0.005481050397214471,3.86195282744301e-06,0.0038516016211360693,0.04827369027771056,93.31757546402514,142.7330967534799,0.29088737606070936,236.4009190578945,0.13536326393114914,12.011090944,2026-01-28T13:09:52.494415
28573,0.5724814740636892,0.0034735459399346524,3.859109214352329e-06,0.002760028000921011,0.05132043804042041,93.08043275913224,144.72388164396398,0.1635279778856784,238.03254444897175,0.13443539863037512,12.007394816,2026-01-28T13:13:50.527748
28574,0.5726416983777288,0.00018922374266194808,3.856267524208554e-06,0.0026537561789155006,0.0411223650444299,90.74257387500256,140.8197890438605,0.1863794659730047,231.79995047696866,0.13805007263441793,11.992984576,2026-01-28T13:17:42.328658
28575,0.5728019226917684,0.009170669800496967,3.853427757776913e-06,0.0025478980969637632,0.047845109133049846,91.45433707721531,141.64946313900873,0.17454445082694292,233.3367530910764,0.13714084719225397,11.993121792,2026-01-28T13:21:35.666012
28576,0.5729621470058082,0.021537417303059136,3.850589915822121e-06,0.0026949227321892977,0.04386289999820292,93.02854891400784,141.84323293785565,0.174552827142179,235.1013273759745,0.13611152415496802,12.011956224,2026-01-28T13:25:30.768058
28577,0.5731223713198478,0.01660903436967054,3.847753999108367e-06,0.012919948436319828,0.04624636983498931,91.25138892582618,140.62173812813126,0.18620669608935714,232.1257287610788,0.13785632540948015,12.010213376,2026-01-28T13:29:22.894533
28578,0.5732825956338874,6.1436317420060504e-06,3.84492000839933e-06,0.002772187115624547,0.045304384315386415,92.6732672166545,143.9074649210088,0.18367406516335905,236.81916503305547,0.13512419907203627,12.00192256,2026-01-28T13:33:19.714300
28579,0.5734428199479271,0.03255403839672777,3.842087944458162e-06,0.0027765987906605005,0.0427604541182518,91.74643718381412,138.86495901527815,0.20183098409324884,230.86680741608143,0.13860805872508022,11.992177664,2026-01-28T13:37:10.581731
28580,0.5736030442619667,2.4116842611832112e-06,3.839257808047505e-06,0.002848447998985648,0.04444679734297097,92.20344446226954,139.18631602218375,0.20360799599438906,231.6468935860321,0.13814128695887481,12.014377472,2026-01-28T13:41:02.229260
28581,0.5737632685760065,0.0028075704596415285,3.836429599929472e-06,0.0030079542193561792,0.04987510293722153,95.08494248334318,145.97440760070458,0.16415210999548435,241.28304787282832,0.13262431937143823,12.007405056,2026-01-28T13:45:03.512943
28582,0.5739234928900461,0.004534085207898997,3.833603320865667e-06,0.003031012834981084,0.049668398685753345,92.38204181287438,139.2480531341862,0.16932134912349284,231.8596226410009,0.1380145436083414,12.009014272,2026-01-28T13:48:55.373179
28583,0.5740837172040857,0.00019523439962387812,3.8307789716171625e-06,0.002930904971435666,0.041106530232355,92.46908483561128,141.3128316353541,0.24008993688039482,234.0738113739062,0.1367090141873396,12.006434304,2026-01-28T13:52:49.447700
28584,0.5742439415181254,0.0014464713242068328,3.827956552944525e-06,0.0026530970353633165,0.04177153785713017,92.57968547334895,138.0283805897925,0.29093575687147677,230.95079517108388,0.1385576524051152,11.9928064,2026-01-28T13:56:40.399085
28585,0.574404165832165,0.014288856247704818,3.82513606560779e-06,0.01460754475556314,0.0522929010912776,93.80805329582654,142.2806084745098,0.1718263030052185,236.33467580913566,0.13540120547457565,12.013130752,2026-01-28T14:00:36.734362
28586,0.5745643901462046,0.0005654147951430488,3.82231751036648e-06,0.0030766031704843044,0.0443485879804939,93.38161749928258,142.98118130862713,0.23815476009622216,236.65579186403193,0.1352174808313386,11.992579072,2026-01-28T14:04:33.390936
28587,0.5747246144602444,0.006696881517562758,3.819500887979591e-06,0.0027770984452217817,0.05113664921373129,93.03277315152809,141.6740947472863,0.21744183194823563,234.98721807613038,0.13617761962539063,12.023502848,2026-01-28T14:08:28.378836
28588,0.574884838774284,0.013725101043252863,3.816686199205606e-06,0.0038653623778373003,0.04826811421662569,93.91827636957169,146.52977631497197,0.17884502280503511,240.6862850729376,0.13295315098782098,12.009698304,2026-01-28T14:12:29.065657
28589,0.5750450630883237,0.012570308107251904,3.8138734448024822e-06,0.00372777646407485,0.049658577889204025,94.1400234370958,142.69173564435914,0.20319115207530558,237.0958423439879,0.13496651684669,11.992134656,2026-01-28T14:16:26.162207
28590,0.5752052874023633,6.048954243276228e-06,3.8110626255276525e-06,0.003753497265279293,0.05484961601905525,94.04107292974368,139.90773322293535,0.16906756488606334,234.18441859912127,0.13664444539659085,12.016300544,2026-01-28T14:20:20.347246
28591,0.5753655117164029,0.04181882071629062,3.80825374213804e-06,0.002884739777073264,0.04464337835088372,94.80568366567604,143.76202558306977,0.21641571004875004,238.8397327591665,0.13398105763360205,11.992894976,2026-01-28T14:24:19.187755
28592,0.5755257360304427,3.0347575972200502e-06,3.805446795390033e-06,0.0028770719654858112,0.047073675552383065,92.3254226418212,141.4421074851416,0.1778341750614345,234.00195734505542,0.1367509928680354,12.011291648,2026-01-28T14:28:13.190332
28593,0.5756859603444823,0.019205429316966782,3.8026417860395086e-06,0.013296077027916908,0.044408716494217515,92.7595860066358,145.25446126959287,0.15170323406346142,238.23132384219207,0.134323226198404,12.031453696,2026-01-28T14:32:11.422446
28594,0.5758461846585219,0.013472649254970825,3.7998387148418204e-06,0.13056931248866022,0.058553555980324745,246.5574808481615,143.81658676289953,0.7678562658838928,391.40046895993873,0.08175769458077813,11.993156608,2026-01-28T14:38:42.868502
28595,0.5760064089725616,0.005109814691560466,3.7970375825517958e-06,0.023640958359465003,0.045851155649870634,91.5779355331324,137.06391553836875,0.16314230696298182,228.88343050214462,0.1398091593165813,12.009096704,2026-01-28T14:42:31.772742
28596,0.5761666332866012,0.0056845446593021265,3.79423838992374e-06,0.014274635817855597,0.04658762086182833,91.73461302276701,139.08315967628732,0.1462573839817196,231.04707938502543,0.13849991129588793,12.01406208,2026-01-28T14:46:22.820427
28597,0.576326857600641,1.505251773270544e-05,3.7914411377114444e-06,0.003139104228466749,0.06039188359864056,89.91812840220518,135.88621067465283,0.1951245020609349,226.0707759691868,0.14154859186382218,11.99340544,2026-01-28T14:50:08.891810
28598,0.5764870819146806,5.302035919640957e-06,3.788645826668164e-06,0.0030330377630889416,0.05066104885190725,90.38266742252745,136.9825388507452,0.16843759501352906,227.5952707331162,0.14060046105933363,11.992749056,2026-01-28T14:53:56.498110
28599,0.5766473062287202,0.029053756713357526,3.7858524575466444e-06,0.003591173095628619,0.043159919790923595,90.49410634231754,137.320115190465,0.1832275448832661,228.0516905609984,0.14031906503863764,12.012109824,2026-01-28T14:57:44.550434
28600,0.5768075305427599,0.008034271612381794,3.7830610310991063e-06,0.002869518008083105,0.040604818146675825,90.93401351897046,138.42336911219172,0.26138017512857914,229.67041372996755,0.1393300925456757,12.006137344,2026-01-28T15:01:34.221567
28601,0.5769677548567995,0.011323656761019318,3.7802715480772348e-06,0.022892661625519395,0.04731368785724044,89.70419855276123,135.6118160581682,0.22254912601783872,225.61845917603932,0.14183236653979595,12.014694912,2026-01-28T15:05:19.840625
28602,0.5771279791708391,0.011428760741208688,3.7774840092322037e-06,0.0036563710309565067,0.041838922537863255,92.31302963127382,140.8551378606353,0.19892625091597438,233.42241022200324,0.1370905217265363,12.01623296,2026-01-28T15:09:13.263973
28603,0.5772882034848789,0.019828299261344107,3.7746984153146638e-06,0.002622033003717661,0.03581805829890072,89.93283696100116,136.0337106117513,0.21621379698626697,226.22903681197204,0.14144957009473755,12.022541312,2026-01-28T15:12:59.493814
28604,0.5774484277989185,0.007636448643160598,3.771914767074734e-06,0.0029071681201457977,0.049810789758339524,91.47933783684857,139.43087377841584,0.26771603315137327,231.23929752106778,0.1383847829631317,12.0067968,2026-01-28T15:16:50.733937
28605,0.5776086521129581,7.055220907492554e-06,3.769133065262017e-06,0.0036578779108822346,0.04745362978428602,91.5587755581364,139.6077207417693,0.18698270805180073,231.41334648104385,0.1382807019845818,12.006073856,2026-01-28T15:20:42.147991
28606,0.5777688764269978,0.020296200847683465,3.7663533106255875e-06,0.002677562879398465,0.05395638640038669,92.69441442657262,142.29422312579118,0.21693916292861104,235.2693862959277,0.13601429622360472,12.02978816,2026-01-28T15:24:37.417984
28607,0.5779291007410374,0.01583484628261811,3.763575503913994e-06,0.003281936515122652,0.049632123904302716,91.59455595118925,139.81218851869926,0.2236244990490377,231.69144219299778,0.13811472576248268,12.021453824,2026-01-28T15:28:29.109993
28608,0.5780893250550772,0.014220847745181953,3.760799645875263e-06,0.0026824520900845528,0.045129625825211406,91.16263875574805,138.42358426493593,0.20537552586756647,229.84981159190647,0.13922134535752995,12.006772224,2026-01-28T15:32:18.960616
28609,0.5782495493691168,0.0007273031319376955,3.7580257372569008e-06,0.0032431131694465876,0.05171782127581537,91.63587519852445,139.81982639897615,0.2644621960353106,231.7872320408933,0.13805764760310166,11.99277568,2026-01-28T15:36:10.748569
28610,0.5784097736831564,0.01610668347787403,3.7552537788058774e-06,0.002620584797114134,0.05363642983138561,91.44669585372321,139.37513976125047,0.2235616419930011,231.1095273210667,0.13846248733633687,12.01194496,2026-01-28T15:40:01.858829
28611,0.5785699979971961,0.008117152956074847,3.752483771268652e-06,0.0029058968648314476,0.045185809256508946,91.25030892970972,139.03973611048423,0.25183045607991517,230.59954366809689,0.138768704790057,12.01927424,2026-01-28T15:43:52.459260
28612,0.5787302223112357,0.0027113387662316413,3.749715715391146e-06,0.0029711811803281307,0.040532808285206556,90.24999222834595,136.83252931036986,0.19089178391732275,227.32481061900035,0.14076774071807086,12.013482496,2026-01-28T15:47:39.784758
28613,0.5788904466252753,0.005346496468618955,3.746949611918759e-06,0.014305527089163661,0.04556036554276943,90.07697141380049,136.4667571245227,0.2174460650421679,226.8303394119721,0.14107460264334923,11.992595456,2026-01-28T15:51:26.616032
28614,0.5790506709393151,0.010618260802032431,3.74418546159637e-06,0.0027730469591915607,0.04423125879839063,89.37263868330047,134.7792899068445,0.17036611307412386,224.37595460098237,0.14261777763533978,11.993039872,2026-01-28T15:55:10.992587
28615,0.5792108952533547,3.0410014776993677e-05,3.7414232651683227e-06,0.0029102331027388573,0.045269973343238235,89.7943095867522,135.93080112943426,0.18767910613678396,225.9681520787999,0.1416128764412824,12.01302784,2026-01-28T15:58:56.961339
28616,0.5793711195673944,0.014678411873174646,3.738663023378443e-06,0.0031620673835277557,0.04692290211096406,92.33304290450178,141.8584374068305,0.18436124711297452,234.43598649697378,0.13649781536595737,12.02228736,2026-01-28T16:02:51.398232
28617,0.579531343881434,0.003771913527922166,3.735904736970029e-06,0.012694761157035828,0.044360149186104536,92.00116311083548,141.10567728825845,0.1812243030872196,233.3520257989876,0.13713187143087074,12.012110848,2026-01-28T16:06:44.750870
28618,0.5796915681954736,0.014697796719935763,3.7331484066858484e-06,0.0028648620937019587,0.04042497370392084,90.17878339183517,136.86058049672283,0.2174054579809308,227.3079011759255,0.14077821243544686,11.992177664,2026-01-28T16:10:32.059481
28619,0.5798517925095134,2.209391617924439e-05,3.730394033268143e-06,0.0028332469519227743,0.049321074271574616,90.40507427137345,137.31928251637146,0.19799388898536563,227.98256291006692,0.1403616118335469,12.01252864,2026-01-28T16:14:20.063664
28620,0.580012016823553,0.011218011834789987,3.7276416174586317e-06,0.0029618211556226015,0.05106068984605372,90.60831583174877,137.58274185401388,0.2125237921718508,228.465694462182,0.14006479211388548,11.993084928,2026-01-28T16:18:08.530225
28621,0.5801722411375926,0.0019209979581971126,3.7248911599984993e-06,0.002917821519076824,0.046280740294605494,92.36103536025621,141.80777321057394,0.15472403401508927,234.3803220510017,0.13653023308431467,12.010800128,2026-01-28T16:22:02.911260
28622,0.5803324654516323,0.01785063334896675,3.722142661628414e-06,0.0027806370053440332,0.05225713667459786,90.0000686943531,136.55456814938225,0.18157996400259435,226.79772160504945,0.14109489184254465,12.00854784,2026-01-28T16:25:49.709848
28623,0.5804926897656719,0.0003349459044685865,3.7193961230885047e-06,0.0026841487269848585,0.05158762424252927,90.7681506916415,138.2947672791779,0.2596323408652097,229.38350606593303,0.13950436345149445,12.012857856,2026-01-28T16:29:39.093988
28624,0.5806529140797116,0.004248801265585023,3.716651545118378e-06,0.0027194777503609657,0.0443162836600095,90.1118068760261,136.50302235223353,0.1979491061065346,226.8683131930884,0.14105098922635656,11.991950336,2026-01-28T16:33:25.963040
28625,0.5808131383937513,0.017554562060139833,3.7139089284571127e-06,0.002987303538247943,0.05890402244403958,90.63573690806516,137.51291482080705,0.20175900403410196,228.42093106498942,0.14009224045626312,12.01345792,2026-01-28T16:37:14.384672
28626,0.5809733627077909,8.218666460280133e-06,3.7111682738432617e-06,0.0030013835057616234,0.05613654665648937,92.11478922236711,141.2042150213383,0.1634370400570333,233.54997151810676,0.1370156450544422,12.006168064,2026-01-28T16:41:07.935276
28627,0.5811335870218306,0.006819421318970065,3.7084295820148424e-06,0.002872536890208721,0.050125033827498555,90.83176757069305,138.24888983205892,0.1748710989486426,229.31548691703938,0.13954574298584901,11.992466432,2026-01-28T16:44:57.251553
28628,0.5812938113358702,0.012557589732920427,3.705692853709353e-06,0.0030987781938165426,0.05049979477189481,89.90894354134798,136.61723852483556,0.26264546485617757,226.852975649992,0.1410605256920778,11.992155136,2026-01-28T16:48:44.105225
28629,0.5814540356499098,0.0051959982972409335,3.7029580896637556e-06,0.003111564088612795,0.0413833016064018,92.34961083601229,141.93314358894713,0.1971083900425583,234.5324875698425,0.13644165177956669,12.013165056,2026-01-28T16:52:38.638366
28630,0.5816142599639496,0.007381244944316023,3.7002252906144837e-06,0.0028626665007323027,0.04175928980112076,91.18577434262261,139.20770843187347,0.19660159898921847,230.64345777384005,0.13874228347451306,11.99198976,2026-01-28T16:56:29.282511
28631,0.5817744842779892,0.005021648055783423,3.697494457297445e-06,0.002911051269620657,0.0431176470592618,89.1815992698539,134.32128078420646,0.16270406800322235,223.71935865911655,0.14303634782342964,11.99254016,2026-01-28T17:00:13.002611
28632,0.5819347085920289,0.011589284492790952,3.69476559044802e-06,0.0031399717554450035,0.04311034781858325,90.09459391282871,136.74411223386414,0.173072325065732,227.06609675614163,0.14092812822852416,12.019759616,2026-01-28T17:04:00.069312
28633,0.5820949329060685,0.00012929121200588867,3.6920386908010534e-06,0.013136957306414843,0.04902801685966551,91.60392265720293,140.25423724995926,0.21264000283554196,232.140535623068,0.13784753237564312,11.992645632,2026-01-28T17:07:52.210443
28634,0.5822551572201081,0.0030011966170535587,3.6893137590908604e-06,0.0031076876912266016,0.04614715091884136,91.18085215473548,139.44368770555593,0.1558087570592761,230.837865161011,0.13862543728551543,11.993162752,2026-01-28T17:11:43.048928
28635,0.5824153815341478,0.01125398697915081,3.6865907960512333e-06,0.0031179452780634165,0.04996268590912223,90.49234843603335,137.61626580706798,0.2518814189825207,228.4331125789322,0.1400847698423879,11.995925504,2026-01-28T17:15:31.482650
28636,0.5825756058481875,0.01691901488919667,3.6838698024154272e-06,0.0028876422438770533,0.055260713677853346,91.65427701245062,140.93726469599642,0.17773933592252433,232.83407495706342,0.13743692801795043,12.00647424,2026-01-28T17:19:24.317339
28637,0.5827358301622271,0.0165333375697041,3.68115077891617e-06,0.0030995465349406004,0.052745193941518664,91.18983343383297,139.33970012911595,0.16414805897511542,230.7580397198908,0.1386733915699912,11.991944704,2026-01-28T17:23:15.075991
28638,0.5828960544762668,0.00851089621381984,3.678433726285661e-06,0.003200505394488573,0.053875923389568925,92.70136766973883,142.75731666316278,0.17070751800201833,235.69377293111756,0.13576939094335821,11.991974912,2026-01-28T17:27:10.770578
28639,0.5830562787903064,2.1421055502734987e-06,3.675718645255564e-06,0.002627129200845957,0.04427992203272879,90.99773087236099,138.27991634886712,0.2846263952087611,229.6165034158621,0.1393628050421284,12.008940544,2026-01-28T17:31:00.387721
28640,0.583216503104346,0.010731166262674563,3.673005536557013e-06,0.003969569690525532,0.04704224597662687,90.6851064581424,137.4529992141761,0.1801375150680542,228.37878975411877,0.1401180908019191,12.008264192,2026-01-28T17:34:48.767103
28641,0.5833767274183858,0.021678697024539506,3.670294400920616e-06,0.0029871512670069933,0.04995649820193648,90.37648779037409,137.19594966899604,0.21709121484309435,227.85108673898503,0.14044260423764238,11.992347648,2026-01-28T17:38:36.618878
28642,0.5835369517324254,0.014902785984722833,3.6675852390764402e-06,0.003276881529018283,0.05027241422794759,91.51454766560346,139.67906488105655,0.17538627609610558,231.42919251299463,0.13827123386002055,12.012819456,2026-01-28T17:42:28.048935
28643,0.5836971760464651,0.015302437167158178,3.6648780517540325e-06,0.0029184739105403423,0.045805072179064155,91.91478018183261,140.71756177395582,0.16311010299250484,232.8527257081587,0.1374259197640081,11.992748032,2026-01-28T17:46:20.902277
28644,0.5838574003605047,0.011856036104703538,3.6621728396824e-06,0.0030601085163652897,0.042344869347289205,91.6606515198946,139.99554456793703,0.35047312593087554,232.06000537704676,0.13789536869141666,12.00487424,2026-01-28T17:50:12.962885
28645,0.5840176246745443,0.00861987222785121,3.6594696035900176e-06,0.002779579721391201,0.0594246790278703,90.46257537417114,137.412455372978,0.22377201216295362,228.16818618099205,0.14024742246325406,11.992998912,2026-01-28T17:54:01.131739
28646,0.584177848988584,0.008343365741343423,3.656768344204834e-06,0.003690046491101384,0.039134784834459424,89.1168575764168,134.5007491633296,0.18036146997474134,223.84833009610884,0.14295393665103895,12.005601792,2026-01-28T17:57:44.980745
28647,0.5843380733026237,3.89522059878189e-05,3.6540690622542633e-06,0.002767768921330571,0.03899540496058762,91.50662948167883,139.3530034357682,0.24541417392902076,231.15330936713144,0.13843626157727076,12.006303232,2026-01-28T18:01:36.134637
28648,0.5844982976166633,0.0016592709608049816,3.6513717584651834e-06,0.003253792179748416,0.04834009800106287,88.68313800683245,133.43606933648698,0.19558713701553643,222.37666569114663,0.14389999013855168,11.99281664,2026-01-28T18:05:18.512061
28649,0.584658521930703,0.0027407537535584225,3.648676433563946e-06,0.013791489880532026,0.047937367809936404,89.71506685903296,135.64707928034477,0.2853071999270469,225.71774971601553,0.14176997617715253,12.01152512,2026-01-28T18:09:04.230489
28650,0.5848187462447426,1.7533439400807538e-05,3.645983088276364e-06,0.0028686474543064833,0.04393065278418362,90.60830612364225,138.09098502411507,0.21901270002126694,228.97170182084665,0.13975526122017307,11.992914944,2026-01-28T18:12:53.202927
28651,0.5849789705587823,6.299519654362484e-06,3.6432917233277175e-06,0.002888036658987403,0.04503941419534385,89.65224395575933,135.72886110981926,0.1550955621059984,225.5923699270934,0.14184876913320124,12.013295104,2026-01-28T18:16:38.795892
28652,0.585139194872822,0.00023321220864458425,3.640602339442759e-06,0.0027031688950955868,0.0531985352281481,89.3886478471104,135.2028738032095,0.2574888030067086,224.9129209748935,0.142277286077184,11.992126464,2026-01-28T18:20:23.709414
28653,0.5852994191868616,9.250649470438077e-06,3.6379149373456994e-06,0.003660658374428749,0.05035861930809915,91.73331335815601,140.69957156432793,0.24915310996584594,232.74302178178914,0.13749069576832237,12.005488128,2026-01-28T18:24:16.453120
28654,0.5854596435009013,0.04249466375833855,3.6352295177602237e-06,0.0027890389319509268,0.039954992942512035,91.35398267582059,139.67068628198467,0.2786606459412724,231.35386253893375,0.1383162556649117,12.013079552,2026-01-28T18:28:07.807600
28655,0.5856198678149409,0.006162802010405866,3.6325460814094813e-06,0.002808063291013241,0.0469090819824487,88.89555425592698,134.2963910016697,0.20368320611305535,223.45496170502156,0.14320559165852206,12.0061312,2026-01-28T18:31:51.263163
28656,0.5857800921289805,8.597738223592444e-06,3.6298646290160836e-06,0.00340355490334332,0.045079882023856044,91.44343566754833,139.59942555893213,0.32646493799984455,231.42663373798132,0.1382727626597639,12.009032192,2026-01-28T18:35:42.690409
28657,0.5859403164430202,0.01913311149300334,3.6271851613021075e-06,0.003604881465435028,0.038937944220378995,90.70939934626222,137.80947205913253,0.3709080838598311,228.94027912197635,0.13977444302385436,12.018020352,2026-01-28T18:39:31.631584
28658,0.5861005407570599,0.00010473512545772223,3.6245076789891023e-06,0.003564319107681513,0.04193548229523003,89.48119728686288,135.40308799315244,0.21966942586004734,225.15847052400932,0.14212212370037283,11.992608768,2026-01-28T18:43:16.790646
28659,0.5862607650710996,3.657112798105544e-05,3.621832182798076e-06,0.002681863959878683,0.03870983840897679,90.91966872639023,138.29837922588922,0.16767126182094216,229.43729311297648,0.139471659405618,11.99214592,2026-01-28T18:47:06.228722
28660,0.5864209893851392,1.8326498580911732e-06,3.619158673449503e-06,0.00294332392513752,0.04483165452256799,91.6395047197584,140.2816807758063,0.16667349985800683,232.14333578012884,0.13784586963249434,12.012080128,2026-01-28T18:50:58.372941
28661,0.5865812136991788,0.0036700914241905025,3.6164871516633315e-06,0.00310447602532804,0.05595113220624626,90.26197541225702,137.18339199991897,0.17110231798142195,227.68252086895518,0.1405465816078956,11.993150976,2026-01-28T18:54:46.056086
28662,0.5867414380132185,0.010677264103560624,3.6138176181589557e-06,0.0031851641833782196,0.04382837121374905,92.16295804874972,141.5488042132929,0.173979900078848,233.9433914530091,0.13678522740586865,12.009228288,2026-01-28T18:58:40.000181
28663,0.5869016623272582,9.230172075547216e-07,3.611150073655251e-06,0.002916541649028659,0.04237579391337931,89.4813350609038,135.27220076834783,0.17218352295458317,224.9793133691419,0.1422352994183736,11.99309312,2026-01-28T19:02:24.980097
28664,0.5870618866412978,0.009111731737664996,3.6084845188705527e-06,0.003777311649173498,0.04056404554285109,90.52025769744068,137.55989963863976,0.24454879784025252,228.37594508589245,0.14011983612356707,11.992073216,2026-01-28T19:06:13.356742
28665,0.5872221109553375,0.03310212287423209,3.605820954522657e-06,0.012861446710303426,0.04696668032556772,90.57541475072503,138.64053188404068,0.1535458411090076,229.43854984408244,0.13947089546088032,11.992863744,2026-01-28T19:10:02.796095
28666,0.5873823352693771,0.005420570206218223,3.6031593813288288e-06,0.0027110199443995953,0.05309176375158131,90.70944004040211,138.14800972188823,0.19785193703137338,229.12158177583478,0.13966384027196432,12.00627712,2026-01-28T19:13:51.918315
28667,0.5875425595834168,0.022661970741325366,3.600499800005792e-06,0.003014042740687728,0.04509186837822199,91.1932728884276,139.53249341715127,0.17922808602452278,230.95972980512306,0.13855229232819352,12.001971712,2026-01-28T19:17:42.878646
28668,0.5877027838974564,0.019666897629130098,3.5978422112697355e-06,0.0025881221517920494,0.05603726231493056,90.1628957116045,136.7204295208212,0.16306039900518954,227.11417091987096,0.14089829740870746,12.020738048,2026-01-28T19:21:29.993470
28669,0.5878630082114961,0.016298299823804818,3.5951866158363147e-06,0.0031768770422786474,0.0494990348815918,89.5471284862142,135.67017223266885,0.19830727810040116,225.47739394498058,0.14192110100318267,12.005942784,2026-01-28T19:25:15.471562
28670,0.5880232325255358,0.02032235682575756,3.592533014420648e-06,0.002796042477712035,0.04602577420882881,92.01062673446722,141.14735887176357,0.255671882070601,233.4693017809186,0.13706298753584292,12.015513088,2026-01-28T19:29:08.941568
28671,0.5881834568395754,0.024468351086203377,3.5898814077373097e-06,0.0027896922547370195,0.04790232703089714,91.47629297082312,139.73625638592057,0.22636322397738695,231.49786544893868,0.13823021623954548,12.01517824,2026-01-28T19:33:00.440035
28672,0.588343681153615,0.00948711221103693,3.587231796500348e-06,0.0033734850585460663,0.06036876724101603,91.62765708286315,139.8177755495999,0.21345210308209062,231.7292105979286,0.1380922151222572,12.004509696,2026-01-28T19:36:52.169888
28673,0.5885039054676547,0.03721007830703105,3.5845841814232654e-06,0.002972637303173542,0.05399528448469937,91.01134308986366,138.61935300007463,0.2020463771186769,229.8968388340436,0.1391928665147934,12.019298816,2026-01-28T19:40:42.067352
28674,0.5886641297816944,0.005646911516857145,3.5819385632190264e-06,0.0028776132967323065,0.047443963354453444,90.9247496642638,138.72277215169743,0.19110286189243197,229.89635146781802,0.13919316159517003,12.018116096,2026-01-28T19:44:31.964439
28675,0.5888243540957341,4.000759267430709e-06,3.579294942600066e-06,0.0032381252385675907,0.05528228683397174,89.93256729468703,136.57043779501691,0.1500657598953694,226.71967328013852,0.14114346380722012,11.992630272,2026-01-28T19:48:18.684733
28676,0.5889845784097737,0.010755238307153192,3.5766533202782707e-06,0.002743483753874898,0.04912157985381782,92.37170849274844,141.50848287367262,0.22266802284866571,234.1733879360836,0.13665088198977687,12.023344128,2026-01-28T19:52:12.858960
28677,0.5891448027238133,1.2434537724370642e-05,3.574013696964999e-06,0.00289463484659791,0.042637821519747376,90.01883391058072,136.14354654378258,0.30958690005354583,226.52637192001566,0.141263905516921,12.008334848,2026-01-28T19:55:59.386006
28678,0.589305027037853,0.016677193781919897,3.571376073371066e-06,0.00265546515583992,0.039882512064650655,89.87003244948573,136.26771712326445,0.19648010516539216,226.38804924790747,0.1413502174973831,12.009509888,2026-01-28T19:59:45.774817
28679,0.5894652513518926,0.020174763632336834,3.5687404502067466e-06,0.0030660585034638643,0.04697641893289983,90.58530146209523,138.17870719055645,0.16264233901165426,228.98420345201157,0.13974763113607647,12.007996928,2026-01-28T20:03:34.759928
28680,0.5896254756659323,0.014900896720149603,3.5661068281817778e-06,0.002912410069257021,0.04630398913286626,91.40166136925109,139.88209985988215,0.19603360793553293,231.53861532406881,0.13820588827143057,12.008103424,2026-01-28T20:07:26.299393
28681,0.589785699979972,0.013768389437645023,3.563475208005364e-06,0.013661448378115892,0.05007192655466497,90.35866259527393,137.56241546478122,0.18987351516261697,228.18273599189706,0.14023847974693557,12.014126592,2026-01-28T20:11:14.482790
28682,0.5899459242940116,0.0160516575972256,3.560845590386159e-06,0.0028632276225835085,0.04999399418011308,92.50571634923108,142.0819808447268,0.20006164419464767,234.84909427003004,0.1362577109333295,12.01639168,2026-01-28T20:15:09.332501
28683,0.5901061486080512,0.011430525038345518,3.55821797603229e-06,0.0033199649769812822,0.055330386152490973,91.18254371499643,139.5106021158863,0.1651083710603416,230.92346318787895,0.13857405201811326,11.993092608,2026-01-28T20:19:00.256588
28684,0.5902663729220909,0.015235574658754025,3.5555923656513332e-06,0.0026575960218906403,0.04972817096859217,89.61356586101465,135.32814096403308,0.31003747903741896,225.31175978202373,0.1420254319213439,12.007987712,2026-01-28T20:22:45.569063
28685,0.5904265972361306,0.008417167580407892,3.552968759950336e-06,0.0027466670144349337,0.038982335943728685,91.05993267823942,138.41549076489173,0.22588654700666666,229.75085682515055,0.13928130864100874,11.992802304,2026-01-28T20:26:35.320540
28686,0.5905868215501703,1.3653633989196834e-05,3.550347159635795e-06,0.0029124165885150433,0.056575155816972256,92.17657615151256,141.2321652479004,0.19312518904916942,233.66801499202847,0.13694642803847876,12.011375616,2026-01-28T20:30:28.989182
28687,0.5907470458642099,0.016796987833979315,3.547727565413677e-06,0.002871450036764145,0.04911082237958908,89.67792430566624,136.150414633099,0.25255851401016116,226.1405740501359,0.1415049030206562,11.993168896,2026-01-28T20:34:15.130415
28688,0.5909072701782495,0.028455253447170925,3.545109977989401e-06,0.0027783329132944345,0.04255908913910389,90.731150459731,138.6307004899718,0.18757606693543494,229.60131355398335,0.1393720249447799,12.00984064,2026-01-28T20:38:04.732339
28689,0.5910674944922892,0.0024955806425879246,3.5424943980678505e-06,0.003037023590877652,0.05003593093715608,88.29027873673476,133.00384628260508,0.23794739390723407,221.59336911188439,0.1444086532383689,11.992961536,2026-01-28T20:41:46.326314
28690,0.5912277188063289,3.660339729272266e-05,3.5398808263533647e-06,0.0030560470186173916,0.05218913732096553,90.54644248215482,137.95917965704575,0.21067683305591345,228.78178642410785,0.13987127428351964,12.0106752,2026-01-28T20:45:35.108950
28691,0.5913879431203685,0.0015511324137720273,3.5372692635497434e-06,0.0033894379157572985,0.04853880242444575,90.79463346977718,138.51938710128888,0.2284450780134648,229.60356346610934,0.13937065922203495,12.006940672,2026-01-28T20:49:24.713162
28692,0.5915481674344082,0.010191755851564288,3.534659710360245e-06,0.002666827291250229,0.0540266337338835,89.09732436202466,135.03848874894902,0.19826771295629442,224.4030576159712,0.1426005525056736,11.992214528,2026-01-28T20:53:09.116826
28693,0.5917083917484478,0.0004975271396769898,3.5320521674875922e-06,0.0027602030895650387,0.05866988096386194,91.01997097232379,139.43764973781072,0.1757993260398507,230.70387668907642,0.13870594833188238,12.010105856,2026-01-28T20:56:59.821307
28694,0.5918686160624875,0.012108544924532616,3.5294466356339583e-06,0.0026398110203444958,0.04624505201354623,90.43251034547575,137.85046569514088,0.20368818705901504,228.54207824799232,0.14001797938179514,12.00671488,2026-01-28T21:00:48.364199
28695,0.5920288403765271,0.004801087064751464,3.5268431155009764e-06,0.002251761732622981,0.041650529485195875,91.34469515830278,139.89411313529126,0.16013304004445672,231.45028501097113,0.13825863294349863,12.023657984,2026-01-28T21:04:39.815094
28696,0.5921890646905668,4.39693924381146e-06,3.5242416077897438e-06,0.002652323106303811,0.05555488169193268,89.18091546487994,135.354958323529,0.18365781800821424,224.7850895312149,0.14235819674132033,11.992896512,2026-01-28T21:08:24.600922
28697,0.5923492890046065,8.642119004464988e-05,3.521642113200808e-06,0.012892448343336582,0.03937660716474056,90.0628317007795,136.48929807799868,0.18758262204937637,226.79935006494634,0.14109387875598617,11.996901888,2026-01-28T21:12:11.400867
28698,0.5925095133186461,0.007884886819501169,3.5190446324341804e-06,0.003008743282407522,0.04868234437890351,91.32823789003305,139.47736045299098,0.18294652295298874,231.04698426206596,0.13849996831685055,12.0173312,2026-01-28T21:16:02.448457
28699,0.5926697376326857,0.0036095552432300337,3.5164491661893302e-06,0.0027924233581870794,0.05079986806958914,92.51884110923856,142.19838780676946,0.17557554505765438,234.95371319400147,0.1361970388336769,12.017774592,2026-01-28T21:19:57.402858
28700,0.5928299619467254,0.05737355124634025,3.5138557151651802e-06,0.0031849020160734653,0.04663050384260714,88.72632499039173,133.86280373716727,0.18238304485566914,222.82869405089878,0.1436080758642804,11.992835072,2026-01-28T21:23:40.232159
28701,0.592990186260765,0.023504264244525785,3.51126428006011e-06,0.0037575443275272846,0.049582403153181076,91.30668965610676,139.49246123270132,0.1862326089758426,231.04548420500942,0.1385008675244482,11.99216384,2026-01-28T21:27:31.278271
28702,0.5931504105748048,0.007798472408410362,3.508674861571961e-06,0.002757737413048744,0.04453253513202071,89.12446988862939,134.64864772045985,0.32112419605255127,224.14897708012722,0.1427621951116951,11.992311808,2026-01-28T21:31:15.428168
28703,0.5933106348888444,0.023943570718635065,3.5060874603980276e-06,0.003136010840535164,0.04642622475512326,93.41141421557404,143.9103431235999,0.286057285964489,237.66846624016762,0.13464133675884252,12.00727808,2026-01-28T21:35:13.097336
28704,0.593470859202884,0.026835408402432925,3.5035020772350646e-06,0.0029637711122632027,0.05398512934334576,91.32857402181253,139.4374700973276,0.18317687418311834,231.01387576386333,0.13851981788621914,12.006125568,2026-01-28T21:39:04.111793
28705,0.5936310835169237,0.0006419502935095522,3.5009187127792812e-06,0.0032576920930296183,0.04555458924733102,90.86749620363116,138.4802189846523,0.28867554594762623,229.69225257402286,0.13931684521961563,12.011496448,2026-01-28T21:42:53.804650
28706,0.5937913078309633,0.00608735105447078,3.49833736772634e-06,0.0028194834012538195,0.04893178422935307,91.61616896069609,140.44575398950838,0.1911827609874308,232.31173959514126,0.13774594454747593,12.017420288,2026-01-28T21:46:46.117121
28707,0.593951532145003,0.0006626209120095261,3.4957580427713642e-06,0.002840969478711486,0.04708374664187431,89.95221812534146,136.30297572840936,0.24775598314590752,226.56244305195287,0.14124141481234867,11.9926016,2026-01-28T21:50:32.680200
28708,0.5941117564590427,0.0011506712650621864,3.4931807386089346e-06,0.003080923343077302,0.04394272668287158,91.12310192291625,139.00581667758524,0.20290142809972167,230.38798033306375,0.13889613491875197,11.992589312,2026-01-28T21:54:23.068962
28709,0.5942719807730823,0.008504339262472627,3.4906054559330814e-06,0.00287162559106946,0.04319947911426425,90.7377835707739,138.0592651781626,0.20521122799254954,229.05512264091522,0.1397043629980968,12.005139968,2026-01-28T21:58:12.124754
28710,0.594432205087122,0.023724831153430603,3.4880321954372963e-06,0.0028446947690099478,0.04980843188241124,89.79651815956458,136.16295695770532,0.2096840760204941,226.22971367603168,0.1414491468871549,12.012046336,2026-01-28T22:01:58.354997
28711,0.5945924294011616,0.030203145732447645,3.4854609578145247e-06,0.002809962024912238,0.04906145157292485,90.58659619023092,138.32454395503737,0.21293072891421616,229.18314578407444,0.1396263232644031,11.993545728,2026-01-28T22:05:47.538817
28712,0.5947526537152013,0.0006087694209426786,3.4828917437571623e-06,0.00272671552374959,0.04947907105088234,91.75306433462538,140.49592394265346,0.272435073973611,232.58036972186528,0.13758684810015429,12.019802624,2026-01-28T22:09:40.119768
28713,0.594912878029241,0.0019985221502842876,3.4803245539570693e-06,0.02344561112113297,0.05520304315723479,92.57435352751054,142.88931501540355,0.17850560788065195,235.72857340192422,0.13574934738793437,12.02274304,2026-01-28T22:13:35.849074
28714,0.5950731023432806,0.02605287847714388,3.4777593891055513e-06,0.003569941036403179,0.04601843608543277,90.51398266875185,138.15902980044484,0.21013470808975399,228.942648349097,0.13977299655940761,12.018182144,2026-01-28T22:17:24.792382
28715,0.5952333266573202,0.007144823821536583,3.4751962498933746e-06,0.0035649107303470373,0.048523249570280313,89.7853923146613,136.75609805085696,0.16249637794680893,226.7655172769446,0.14111492957246663,11.992644096,2026-01-28T22:21:11.558519
28716,0.5953935509713599,0.009355372509652682,3.472635137010763e-06,0.0028450412210077047,0.042167176492512226,89.50686762202531,135.71188993239775,0.17402592883445323,225.44765575113706,0.1419398214338656,11.992101376,2026-01-28T22:24:57.006802
28717,0.5955537752853995,3.6577273974103264e-06,3.470076051147386e-06,0.002611665753647685,0.04663522099144757,87.87677526893094,131.85685179010034,0.21721436409279704,220.00773240509443,0.14544943330027713,12.006555136,2026-01-28T22:28:37.015239
28718,0.5957139995994393,0.011352067672442345,3.467518992992369e-06,0.0027287055272608995,0.042348234448581934,91.1308531742543,139.40620024106465,0.19499510899186134,230.78676759591326,0.1386561297830953,12.005104128,2026-01-28T22:32:27.802656
28719,0.5958742239134789,9.390143890897207e-06,3.4649639632342987e-06,0.0028448489028960466,0.054958298336714506,89.86603918974288,136.47947295708582,0.3435779910068959,226.7542736278847,0.14112192678014807,11.993055744,2026-01-28T22:36:14.557536
28720,0.5960344482275185,0.01632831408111457,3.4624109625612074e-06,0.002936654957011342,0.048050136771053076,90.34820219851099,137.6106068782974,0.19829986104741693,228.21586175519042,0.14021812398967579,12.022454272,2026-01-28T22:40:02.773988
28721,0.5961946725415582,0.016589598311883336,3.459859991660584e-06,0.002868205076083541,0.05522571434266865,92.22284578671679,142.1945083718747,0.21604962297715247,234.70076991803944,0.13634382201291806,11.993107456,2026-01-28T22:43:57.475355
28722,0.5963548968555978,0.0018534623716019993,3.457311051219375e-06,0.003035774454474449,0.04745799698866904,90.86295990413055,138.47973912907764,0.18024213705211878,229.58072231686674,0.13938452530798157,12.011988992,2026-01-28T22:47:47.056772
28723,0.5965151211696375,0.007493500190528302,3.454764141923974e-06,0.0028019342571496964,0.03984631295315921,90.67517352569848,138.4660103993956,0.1954359239898622,229.3888185089454,0.13950113265329933,12.00724736,2026-01-28T22:51:36.446351
28724,0.5966753454836772,0.02233639298804313,3.4522192644602266e-06,0.003051948267966509,0.05076669016852975,90.24337361729704,137.1863512932323,0.1918131480924785,227.68381104595028,0.14054578519656755,11.992953856,2026-01-28T22:55:24.130817
28725,0.5968355697977168,0.007774970554923044,3.4496764195134395e-06,0.00362966675311327,0.048018039437010884,91.59508712263778,140.51728599402122,0.19088740111328661,232.36400332604535,0.1377149624810805,12.021680128,2026-01-28T22:59:16.495588
28726,0.5969957941117564,0.017402488039814923,3.4471356077683627e-06,0.012965391855686903,0.05189338931813836,90.83961413125508,138.95228757406585,0.21999827586114407,230.08339812187478,0.1390800042993526,11.992128512,2026-01-28T23:03:06.579644
28727,0.5971560184257961,0.01581582518421243,3.444596829909207e-06,0.0029179982375353575,0.046240453608334064,89.53867438924499,135.83448860887438,0.29415591480210423,225.72465975699015,0.14176563621560198,12.012497408,2026-01-28T23:06:52.305091
28728,0.5973162427398357,0.00515284729426746,3.442060086619629e-06,0.0035447878763079643,0.046342740301042795,90.60632366710342,138.45737023162656,0.20747273601591587,229.32894629682414,0.1395375530072941,12.007819776,2026-01-28T23:10:41.645234
28729,0.5974764670538755,0.02896028060962763,3.4395253785827394e-06,0.013279874576255679,0.04922397737391293,92.28058003075421,141.6566041042097,0.23333187703974545,234.2415213920176,0.13661113456672794,12.01553664,2026-01-28T23:14:35.887523
28730,0.5976366913679151,0.001671619976057137,3.436992706481101e-06,0.0030947509221732616,0.03883858327753842,90.86590318544768,138.81598454201594,0.20569319697096944,229.93728311080486,0.1391683835134273,12.010875904,2026-01-28T23:18:25.825615
28731,0.5977969156819547,3.333101485569756e-05,3.434462070996734e-06,0.0029991210903972387,0.045331996167078614,91.39661269704811,139.50141321402043,0.16961226100102067,231.1254652440548,0.13845293925621696,11.99314432,2026-01-28T23:22:16.951938
28732,0.5979571399959944,0.018858875892123983,3.431933472811097e-06,0.0030464022420346737,0.04089114861562848,89.2986666734796,134.90478146867827,0.22132929507642984,224.47736821812578,0.14255334626386676,12.015419904,2026-01-28T23:26:01.429970
28733,0.598117364310034,1.3028480597476744e-05,3.4294069126051146e-06,0.002971367444843054,0.04447054024785757,89.6376642335672,135.84052681876346,0.20327559299767017,225.73629708006047,0.14175832780959796,11.992587264,2026-01-28T23:29:47.166938
28734,0.5982775886240737,0.0011610963350037196,3.4268823910591537e-06,0.0034625190310180187,0.04803399997763336,90.6434034476988,137.92534942482598,0.17075303616002202,228.799037250923,0.13986072836882493,12.012182528,2026-01-28T23:33:35.966745
28735,0.5984378129381134,0.001086155329080185,3.424359908853031e-06,0.0026786786038428545,0.04548597848042846,89.10786233679391,134.62708967016079,0.20950924302451313,224.00555409514345,0.14285360079245363,12.012557312,2026-01-28T23:37:19.973024
28736,0.598598037252153,0.02759957846048522,3.4218394666660193e-06,0.002646616194397211,0.03700335416942835,92.30015166988596,141.50320223881863,0.17004292807541788,234.0208131368272,0.13673997441112323,12.019595776,2026-01-28T23:41:13.994698
28737,0.5987582615661927,0.005904387228878427,3.4193210651768436e-06,0.0030194346327334642,0.04053820320405066,89.6506495019421,135.57551020616665,0.2097746089566499,225.48883934598416,0.14191389734770882,12.006799872,2026-01-28T23:44:59.484443
28738,0.5989184858802323,0.0015797432168414005,3.4168047050636745e-06,0.0030940454453229904,0.04396925843320787,90.23893692414276,137.22752924449742,0.3671342961024493,227.88980930298567,0.14041874052145584,11.99205888,2026-01-28T23:48:47.375035
28739,0.599078710194272,0.014294028628340172,3.4142903870041306e-06,0.0030345143750309944,0.04414118058048189,90.437008184148,137.42856028932147,0.18985654693096876,228.10894960490987,0.14028384267879346,11.993207808,2026-01-28T23:52:35.484820
28740,0.5992389345083117,0.029874810526082207,3.411778111675288e-06,0.0026962936390191317,0.048670288641005754,92.38663740339689,141.85961746587418,0.1726562341209501,234.4796524241101,0.13647239608714823,11.992781824,2026-01-28T23:56:29.965382
28741,0.5993991588223513,0.004733783245534973,3.409267879753666e-06,0.0029744531493633986,0.04917852790094912,90.51197386928834,137.34074718970805,0.20984417502768338,228.12351290811785,0.14027488702091293,11.992814592,2026-01-29T00:00:18.089493
28742,0.5995593831363909,0.016930449509446,3.4067596919152417e-06,0.0030109474901109934,0.05132651864551008,91.39081058441661,139.8974244222045,0.2472360481042415,231.5965976261068,0.13817128717780777,12.011130368,2026-01-29T00:04:09.686877
28743,0.5997196074504306,0.004128230854490766,3.404253548835431e-06,0.0037198751233518124,0.05571638885885477,91.69569076993503,140.0470025150571,0.1998655719216913,232.0118950579781,0.1379239628726942,12.024169984,2026-01-29T00:08:01.699590
28744,0.5998798317644702,0.012791395313660914,3.4017494511891097e-06,0.0038514425978064537,0.044813614105805755,89.75282058934681,136.31457309355028,0.2467012400738895,226.37047269102186,0.14136119264846664,11.992200192,2026-01-29T00:11:48.070680
28745,0.60004005607851,0.006974057935795308,3.3992473996505925e-06,0.02342918049544096,0.05474801897071302,90.77667709253728,138.26998231350444,0.21150612691417336,229.34382625692524,0.1395284997301458,12.015458816,2026-01-29T00:15:37.415139
28746,0.6002002803925496,0.020648687231812346,3.396747394893656e-06,0.00333086377941072,0.045101662864908576,90.88023260771297,138.64866191381589,0.17047163099050522,229.75612905388698,0.1392781125438213,11.992812544,2026-01-29T00:19:27.171858
28747,0.6003605047065892,0.013576838431651694,3.3942494375915095e-06,0.0027043623849749565,0.04489616001956165,89.73892181832343,136.62833912693895,0.1760372130665928,226.59792733588256,0.14121929699986577,12.01705984,2026-01-29T00:23:13.770439
28748,0.6005207290206289,0.009138901601203564,3.3917535284168277e-06,0.0024818587116897106,0.05047830939292908,91.43912226893008,139.7317877507303,0.16088315309025347,231.39408967993222,0.13829220981513782,11.99281152,2026-01-29T00:27:05.165150
28749,0.6006809533346685,0.010430072876368879,3.389259668041722e-06,0.002826084615662694,0.04715664661489427,91.70878129685298,140.68468448682688,0.20226471195928752,232.6550142019987,0.13754270506380126,12.018509312,2026-01-29T00:30:57.820765
28750,0.6008411776487081,0.021817656723849943,3.3867678571377543e-06,0.002896679099649191,0.04282164410687983,90.54500352870673,137.68014948931523,0.1985900839790702,228.47656579501927,0.14005812757492694,11.992164352,2026-01-29T00:34:46.297923
28751,0.6010014019627479,2.1846620743559697e-06,3.3842780963759404e-06,0.002842761343345046,0.05042868060991168,89.05967411748134,134.75605600280687,0.21026837290264666,224.0864737171214,0.1428020150845679,11.993650176,2026-01-29T00:38:30.385027
28752,0.6011616262767875,0.0034411384626502617,3.3817903864267344e-06,0.003058037953451276,0.04371356195770204,90.27213770267554,137.5721847510431,0.24514621403068304,228.14421434188262,0.1402621587065399,12.018831872,2026-01-29T00:42:18.529865
28753,0.6013218505908272,0.0384784926820112,3.3793047279600473e-06,0.0026937893126159906,0.04016746487468481,89.80628668423742,136.11083470238373,0.19984927214682102,226.16766075300984,0.14148795585300825,12.019177984,2026-01-29T00:46:04.698115
28754,0.6014820749048668,0.0006870223853479018,3.3768211216452344e-06,0.003275597235187888,0.04257158865220845,90.6210773140192,138.02650196570903,0.2195655140094459,228.92173623200506,0.13978576489376698,12.009643008,2026-01-29T00:49:53.620463
28755,0.6016422992189064,0.009664059259632651,3.374339568151096e-06,0.0028724109288305044,0.04796633264049888,92.60847896942869,142.6134328879416,0.20388720091432333,235.48607901996002,0.13588913677265674,12.021161984,2026-01-29T00:53:49.107164
28756,0.6018025235329462,0.007600626951924205,3.3718600681458805e-06,0.00380969257093966,0.046559439273551106,93.75569418817759,145.18627360789105,0.19520580302923918,239.19506853818893,0.1337820223283199,11.992034304,2026-01-29T00:57:48.302819
28757,0.6019627478469858,0.010266918633251798,3.369382622297288e-06,0.0026223212480545044,0.05093992664478719,90.14980408293195,136.62661338970065,0.24221617705188692,227.0817643769551,0.14091840482126997,11.998595072,2026-01-29T01:01:35.385135
28758,0.6021229721610254,0.008517251401545245,3.3669072312724566e-06,0.00265835365280509,0.04908458492718637,91.13533686846495,139.11908645089716,0.22218898800201714,230.53522978001274,0.13880741798351542,12.010679296,2026-01-29T01:05:25.921110
28759,0.6022831964750651,0.011533280568861493,3.3644338957379793e-06,0.0038193638902157545,0.050995539175346494,91.77705052262172,140.2156801542733,0.22171487100422382,232.2781461479608,0.13776586618534511,12.0552064,2026-01-29T01:09:18.200169
28760,0.6024434207891047,0.006452980651592277,3.3619626163598968e-06,0.002835373394191265,0.050525803584605455,91.02111240662634,138.6452783118002,0.35464007989503443,230.0839889331255,0.1390796471687601,12.016935936,2026-01-29T01:13:08.284979
28761,0.6026036451031443,0.011311959795882842,3.3594933938036825e-06,0.004240291891619563,0.04260507947765291,90.5204140690621,137.18746819277294,0.22928925114683807,227.99281201604754,0.14035530206867944,11.992904704,2026-01-29T01:16:56.278407
28762,0.6027638694171841,0.00022193289863636778,3.357026228734269e-06,0.0025946530513465405,0.04650725098326802,91.30377709236927,139.70237569510937,0.17536139488220215,231.23729521897621,0.13838598124795035,12.014019072,2026-01-29T01:20:47.516319
28763,0.6029240937312237,0.026985592007095605,3.354561121816035e-06,0.0031971344724297523,0.047537536127492785,91.90649026702158,140.6813885406591,0.20117722009308636,232.8488913020119,0.13742818280588268,12.018669056,2026-01-29T01:24:40.365950
28764,0.6030843180452634,0.020865901307083767,3.3520980737127953e-06,0.0027528423815965652,0.05040951422415674,91.08701320621185,139.18045801040716,0.18947792798280716,230.5182278759312,0.13881765574400884,11.99294976,2026-01-29T01:28:30.884770
28765,0.603244542359303,0.014108038040561155,3.3496370850878198e-06,0.013121752999722958,0.05439794925041497,89.39363716053776,135.42879041167907,0.19029888091608882,225.08865994401276,0.14216620245533246,11.99233536,2026-01-29T01:32:15.974184
28766,0.6034047666733426,0.019922909568403036,3.34717815660382e-06,0.002542483154684305,0.046472993679344654,90.51382383378223,137.43814443331212,0.2653964750934392,228.27299548196606,0.1401830292384631,12.00859904,2026-01-29T01:36:04.247951
28767,0.6035649909873824,0.011218640764618648,3.3447212889229483e-06,0.0028400025330483913,0.0531987848225981,90.92727654031478,138.51803368376568,0.170195969985798,229.68186201900244,0.139323147760586,12.01868544,2026-01-29T01:39:53.930558
28768,0.603725215301422,0.0061317987061300094,3.3422664827068095e-06,0.0031760812271386385,0.04147557611577213,91.34946175571531,139.3108265029732,0.1722533057909459,230.89006766397506,0.13859409511963533,12.01120768,2026-01-29T01:43:44.821281
28769,0.6038854396154616,0.013387566977364429,3.339813738616453e-06,0.0030062238220125437,0.04205018747597933,89.53895846102387,135.3042538773734,0.16549526620656252,225.06197572499514,0.14218305823059615,12.008289792,2026-01-29T01:47:29.883924
28770,0.6040456639295013,0.013592642130819677,3.337363057312365e-06,0.002989743370562792,0.04455026681534946,91.46391409542412,139.74459024425596,0.1631070119328797,231.43047034996562,0.13827047039920928,12.010630144,2026-01-29T01:51:21.315158
28771,0.6042058882435409,0.003747974870733195,3.334914439454486e-06,0.0026807489339262247,0.05155188427306712,90.81563105643727,138.17707370012067,0.22480746498331428,229.2796130059287,0.13956757681361118,12.016644096,2026-01-29T01:55:10.595587
28772,0.6043661125575807,0.016810639007388772,3.332467885702194e-06,0.003299024188891053,0.045667802449315786,89.29984821542166,134.86275184201077,0.17519808001816273,224.39672101079486,0.14260457931763007,12.0061056,2026-01-29T01:58:54.992830
28773,0.6045263368716203,0.009271469043407699,3.330023396714312e-06,0.0027899648994207382,0.046514121582731605,90.530074641807,137.67266734829172,0.194464772939682,228.4546625080984,0.14007155576816316,11.993019392,2026-01-29T02:02:43.448422
28774,0.6046865611856599,0.001567432926298018,3.3275809731491087e-06,0.0032229742500931025,0.048315795604139566,91.28143890132196,139.9901166560594,0.2032448670361191,231.53634948912077,0.13820724076632981,11.993384448,2026-01-29T02:06:34.985390
28775,0.6048467854996996,0.013835038360276553,3.3251406156642993e-06,0.003105854382738471,0.04902977868914604,90.05390539532527,136.561850622762,0.23446021392010152,226.90989547409117,0.1410251409844477,11.992177664,2026-01-29T02:10:21.895881
28776,0.6050070098137392,0.02452902597863371,3.322702324917036e-06,0.0028837951831519604,0.05081893177703023,90.73485172330402,138.1789983615745,0.22665293794125319,229.2007583018858,0.13961559393207607,12.009862144,2026-01-29T02:14:11.097252
28777,0.6051672341277788,0.0063799549393666055,3.3202661015639223e-06,0.023037167266011238,0.05424531572498381,90.19226496550255,136.94486282812431,0.21082297409884632,227.43467280711047,0.14069974294174356,11.992783872,2026-01-29T02:17:58.532842
28778,0.6053274584418186,0.018466198205720374,3.3178319462609982e-06,0.0031636611092835665,0.05266162473708391,89.28704347694293,135.00320358737372,0.19718938088044524,224.54989334801212,0.14250730438070497,11.992221696,2026-01-29T02:21:43.083355
28779,0.6054876827558582,0.010782138229254556,3.315399859663747e-06,0.0026508562732487917,0.05095595307648182,89.84559471858665,136.4666781986598,0.1966472479980439,226.5716752950102,0.14123565956924686,11.992208384,2026-01-29T02:25:29.655815
28780,0.6056479070698979,0.004668936752340702,3.312969842427101e-06,0.002922075567767024,0.047297633020207286,90.75866901106201,138.03643096168526,0.197568085975945,229.0502253610175,0.13970734999087298,11.992891904,2026-01-29T02:29:18.706584
28781,0.6058081313839375,0.010795353530047791,3.310541895205429e-06,0.002792439889162779,0.041255542542785406,89.91564879124053,136.16334980889224,0.1633424840401858,226.29567602812313,0.14140791623443644,12.016286208,2026-01-29T02:33:05.002970
28782,0.6059683556979771,0.0067211154252149186,3.3081160186525474e-06,0.0030559953302145004,0.046373967779800296,91.63213217328303,140.21047538123094,0.25042144604958594,232.14998200093396,0.13784192324370398,12.013496832,2026-01-29T02:36:57.153603
28783,0.6061285800120169,0.005359954562919711,3.3056922134217097e-06,0.00306036532856524,0.04489158489741385,89.8091791733168,136.15186326066032,0.17871643998660147,226.1946277790703,0.14147108759477334,11.993177088,2026-01-29T02:40:43.348967
28784,0.6062888043260565,0.023022391499826433,3.3032704801656177e-06,0.002924267202615738,0.051033321069553494,91.64857380348258,139.8405169849284,0.21064787078648806,231.76114582899027,0.1380731868818592,12.009714688,2026-01-29T02:44:35.110796
28785,0.6064490286400961,0.0054815439845912195,3.3008508195364078e-06,0.0028869877569377422,0.04906777641735971,90.38811279437505,137.30654667853378,0.1556229218840599,227.91192246205173,0.1404051163902061,12.007922176,2026-01-29T02:48:23.023367
28786,0.6066092529541358,0.01911629309885665,3.2984332321856666e-06,0.004120432306081057,0.04362027067691088,89.29297745344229,134.64238975476474,0.17641198402270675,224.167757286923,0.14275023485666438,11.992008192,2026-01-29T02:52:07.191748
28787,0.6067694772681754,0.005612942965187884,3.2960177187644146e-06,0.003015403635799885,0.041021780809387565,89.15986314718612,134.7791541425977,0.17115393397398293,224.16203637700528,0.1427538780303594,12.001873408,2026-01-29T02:55:51.354312
28788,0.6069297015822152,0.06624732862352367,3.293604279923121e-06,0.003318347968161106,0.05071890843100846,89.78777895937674,136.30674863280728,0.2306275488808751,226.3862576088868,0.14135133615435427,12.007432704,2026-01-29T02:59:37.741215
28789,0.6070899258962548,0.00563354131633087,3.291192916311691e-06,0.013624710496515036,0.04849684797227383,91.08050608239137,139.2546668034047,0.1858044578693807,230.59208407485858,0.13877319392113927,12.008631808,2026-01-29T03:03:28.333895
28790,0.6072501502102944,0.007006907942167295,3.28878362857947e-06,0.003010811284184456,0.05175667116418481,90.85057796537876,138.31914836540818,0.1875344968866557,229.41974133602343,0.13948232969686192,12.006147584,2026-01-29T03:07:17.754234
28791,0.6074103745243341,0.016805170952190362,3.2863764173752507e-06,0.003803454339504242,0.04708954971283674,90.54684272035956,137.08646198781207,0.16540256794542074,227.85705514694564,0.1404389255332169,12.01386752,2026-01-29T03:11:05.611890
28792,0.6075705988383737,3.6262870946046633e-06,3.2839712833472635e-06,0.002991720335558057,0.049561163410544395,91.58923949184828,140.27875671791844,0.19159338693134487,232.1194959951099,0.13786002706413833,12.00676096,2026-01-29T03:14:57.732043
28793,0.6077308231524133,0.0012209361196973134,3.2815682271431783e-06,0.01278050197288394,0.04810347151942551,92.75023237848654,142.64305436890572,0.2730091051198542,235.73714487301186,0.13574441150221755,12.014156288,2026-01-29T03:18:53.469836
28794,0.6078910474664531,0.02964352542609383,3.2791672494101024e-06,0.0028173294849693775,0.05148968892171979,90.13755746465176,136.55399328493513,0.25918190786615014,227.0138068671804,0.14096058932099373,11.992940032,2026-01-29T03:22:40.484341
28795,0.6080512717804927,0.008148410550772311,3.2767683507945934e-06,0.0027313733007758856,0.047970165964215994,91.19773819390684,139.5739455698058,0.2111458550207317,231.0407065039035,0.1385037315900839,12.008156672,2026-01-29T03:26:31.525660
28796,0.6082114960945324,0.01850247731829846,3.2743715319426372e-06,0.0026983963325619698,0.048956020968034863,92.14924059226178,140.91949553904124,0.2040103969629854,233.33319162484258,0.13714294043279618,11.991995392,2026-01-29T03:30:24.859481
28797,0.608371720408572,0.009478196455946719,3.271976793499668e-06,0.00298672029748559,0.04260001494549215,90.66503148316406,137.68494565505534,0.20687440386973321,228.60900156898424,0.13997699032137104,11.992963584,2026-01-29T03:34:13.469301
28798,0.6085319447226116,0.012083311373705996,3.269584136110559e-06,0.003109966404736042,0.04489975026808679,90.74132894049399,138.13662632228807,0.18069963599555194,229.11376928491518,0.13966860263298403,12.00796416,2026-01-29T03:38:02.583950
28799,0.6086921690366514,0.007268787917587893,3.2671935604196186e-06,0.0039055051747709513,0.04134573112241924,90.66410394525155,138.11028487840667,0.16784941405057907,228.9951438610442,0.13974095459167385,11.992699904,2026-01-29T03:41:51.579841
28800,0.608852393350691,5.0364704104133295e-05,3.2648050670705955e-06,0.002974488539621234,0.04686231375671923,91.15215746080503,138.90451576700434,0.20458492683246732,230.31798270298168,0.138938347863472,12.009549824,2026-01-29T03:45:41.898446
28801,0.6090126176647306,0.005771788880324369,3.2624186567066823e-06,0.0031394860707223415,0.049020516220480204,90.9343758423347,138.52412711712532,0.2148702919948846,229.73251981986687,0.1392924259268613,11.992854016,2026-01-29T03:49:31.631583
28802,0.6091728419787703,0.005202383558834622,3.2600343299705037e-06,0.00287971762008965,0.04934257362037897,90.75459426199086,138.21575993136503,0.17962378612719476,229.213340268936,0.1396079301599741,11.992421376,2026-01-29T03:53:20.845683
28803,0.6093330662928099,0.0051008428418675145,3.2576520875041325e-06,0.003102900693193078,0.049768274649977684,89.651430004742,135.69560712925158,0.17683151410892606,225.58374839508906,0.14185419041780864,12.018555392,2026-01-29T03:57:06.430136
28804,0.6094932906068495,0.015060980614094444,3.255271929949071e-06,0.0028273784555494785,0.05037147691473365,90.65085587883368,137.71919109276496,0.23078783694654703,228.66293515707366,0.1399439746455563,12.01594624,2026-01-29T04:00:55.093699
28805,0.6096535149208893,0.017167995254543822,3.2528938579462636e-06,0.01274872780777514,0.05157530168071389,91.76323661394417,140.6117355194874,0.1710299551486969,232.61870075808838,0.13756417646437796,12.005410304,2026-01-29T04:04:47.713198
28806,0.6098137392349289,0.00044441633199188146,3.250517872136095e-06,0.0036229316610842943,0.048545049503445625,90.7411414324306,137.96926942747086,0.1709561760071665,228.94029138796031,0.13977443553512853,12.009995264,2026-01-29T04:08:36.654189
28807,0.6099739635489686,0.0020298350325242964,3.248143973158389e-06,0.002775676315650344,0.047816493548452854,91.10977994604036,138.83012740290724,0.17460343497805297,230.17601654794998,0.13902404116605172,12.022880256,2026-01-29T04:12:26.831010
28808,0.6101341878630082,3.6440466333331756e-06,3.2457721616523996e-06,0.0030341283418238163,0.045671048341318965,90.42005820455961,137.93006985844113,0.1997256448958069,228.6054167461116,0.13997918533811074,11.993312256,2026-01-29T04:16:15.437211
28809,0.6102944121770478,0.002247297553098271,3.2434024382568287e-06,0.01316537894308567,0.04764360259287059,90.63033438567072,137.80759739293717,0.22711170907132328,228.73266243794933,0.1399013138697713,12.009244672,2026-01-29T04:20:04.170647
28810,0.6104546364910876,0.0026122129573007413,3.241034803609811e-06,0.0030168569646775723,0.058060477022081614,90.10944397281855,137.03183673275635,0.21659318800084293,227.42720750300214,0.14070436141453121,12.02699008,2026-01-29T04:23:51.598450
28811,0.6106148608051272,0.011571325285165024,3.238669258348914e-06,0.0028087678365409374,0.046617726562544703,90.16075166407973,136.89712653821334,0.22194012207910419,227.3360004068818,0.14076081193795523,12.001261568,2026-01-29T04:27:38.935048
28812,0.6107750851191668,0.006746773721354238,3.236305803111152e-06,0.002820180729031563,0.052027503959834576,89.71662175818346,135.81598290149122,0.18356748996302485,225.7783348869998,0.1417319337394163,12.014774784,2026-01-29T04:31:24.714031
28813,0.6109353094332065,0.0024609552717884675,3.2339444385329727e-06,0.0029016255866736174,0.04774250090122223,89.81762143480591,136.28931026766077,0.2455077099148184,226.41194626688957,0.14133529845761356,11.992013824,2026-01-29T04:35:11.126581
28814,0.6110955337472461,0.013407675144826214,3.2315851652502567e-06,0.003253373084589839,0.04629791574552655,90.95410411898047,139.2902383254841,0.21421741019003093,230.51617004699074,0.1388188949759004,11.991912448,2026-01-29T04:39:01.643515
28815,0.6112557580612858,0.014168923647476461,3.229227983898329e-06,0.003064311109483242,0.055621062172576785,91.32772395247594,139.77964058658108,0.18080156203359365,231.35299873095937,0.138316772099474,12.013640192,2026-01-29T04:42:52.997384
28816,0.6114159823753255,0.04998047398934968,3.2268728951119447e-06,0.0026665059849619865,0.053309864830225706,90.91306765726767,138.74683093489148,0.1962332900147885,229.921012975974,0.13917823162750198,11.991933952,2026-01-29T04:46:42.918997
28817,0.6115762066893651,9.431272235538302e-05,3.224519899525297e-06,0.0030229873955249786,0.0471197075676173,89.89150972967036,136.4894558484666,0.17147159902378917,226.60894232895225,0.14121243262125047,11.992781824,2026-01-29T04:50:29.528571
28818,0.6117364310034048,0.0011087019808257992,3.22216899777202e-06,0.0029376293532550335,0.051394177600741386,89.97385922400281,136.51191727654077,0.16454035509377718,226.71129102399573,0.14114868234159997,12.014581248,2026-01-29T04:54:16.240456
28819,0.6118966553174444,0.011139731307462597,3.2198201904851752e-06,0.002744443714618683,0.0457487718667835,90.21545083587989,137.34954741084948,0.14963711402378976,227.77192109101452,0.14049141723317704,11.992157184,2026-01-29T04:58:04.012968
28820,0.612056879631484,0.001431354747863267,3.2174734782972677e-06,0.002919861115515232,0.04501890321262181,91.17395386775024,139.3900196372997,0.16137833101674914,230.78174283495173,0.13865914871301346,12.013582848,2026-01-29T05:01:54.795489
28821,0.6122171039455238,0.02461757678925114,3.215128861840237e-06,0.0031541010830551386,0.05499198078177869,89.62031783536077,136.34896865021437,0.16118166991509497,226.19642839604057,0.1414699614265003,12.012063744,2026-01-29T05:05:40.992575
28822,0.6123773282595634,0.009680234602615023,3.212786341745457e-06,0.002980290213599801,0.04768614494241774,91.3204721279908,139.62720375927165,0.1725219760555774,231.1777469140943,0.13842162763136195,12.01316096,2026-01-29T05:09:32.170929
28823,0.6125375525736031,0.0042487466560992004,3.2104459186437346e-06,0.0037649793084710836,0.049957884941250086,91.38779161102138,140.01613233890384,0.15303081297315657,231.61901701707393,0.138157912990543,12.006839808,2026-01-29T05:13:23.790547
28824,0.6126977768876427,1.5947885954048502e-06,3.208107593165319e-06,0.0027736283373087645,0.046381725231185555,89.86104395054281,136.07880912907422,0.16297955415211618,226.16087973001413,0.14149219811225042,11.99233024,2026-01-29T05:17:09.952020
28825,0.6128580012016823,5.257867073282796e-06,3.205771365939884e-06,0.013140866998583078,0.04647733690217137,90.20977056957781,136.84731851075776,0.16621641512028873,227.29061800683849,0.14078891720483253,12.008287744,2026-01-29T05:20:57.243365
28826,0.613018225515722,0.02152575045804328,3.203437237596551e-06,0.003495312761515379,0.04468796099536121,90.47296920907684,137.7976603063289,0.17942827404476702,228.50497061712667,0.14004071733571982,12.007891456,2026-01-29T05:24:45.748929
28827,0.6131784498297617,0.01320385394086232,3.201105208763866e-06,0.0027516770642250776,0.05076465988531709,90.67250713170506,138.28976667905226,0.1707121110521257,229.19310990697704,0.13962025303896738,12.007550464,2026-01-29T05:28:34.942616
28828,0.6133386741438013,3.388727769326749e-05,3.1987752800698123e-06,0.0025178652722388506,0.05112078343518078,89.57298711803742,135.73289828235283,0.18617291701957583,225.55763937882148,0.14187061049285218,11.993220096,2026-01-29T05:32:20.501013
28829,0.613498898457841,0.0008291960923960673,3.1964474521418104e-06,0.002859947271645069,0.049561788560822606,90.5297640087083,137.7083014785312,0.16167703410610557,228.45979131013155,0.14006841123548242,11.99253504,2026-01-29T05:36:08.961500
28830,0.6136591227718806,0.027493266339603473,3.1941217256067157e-06,0.0029427185654640198,0.04409860004670918,91.69360433379188,139.83844436658546,0.15355703211389482,231.74003539886326,0.13808576470147965,11.99281664,2026-01-29T05:40:00.702151
28831,0.6138193470859203,0.0056664103417807254,3.1917981010908107e-06,0.002825516974553466,0.05193970142863691,90.6040919162333,137.59658020548522,0.1919001319911331,228.4563042591326,0.14007054917470413,12.024850944,2026-01-29T05:43:49.159300
28832,0.61397957139996,0.023602792974736442,3.1894765792198215e-06,0.002864459529519081,0.04190161917358637,91.15237842872739,138.76786653115414,0.1861102271359414,230.16048548184335,0.13903342240961852,11.99198976,2026-01-29T05:47:39.320416
28833,0.6141397957139996,0.01721115978730392,3.1871571606189005e-06,0.003009389154613018,0.05015197861939669,91.23518752679229,139.12958331312984,0.1789151979610324,230.6038494349923,0.1387661137418301,12.008764928,2026-01-29T05:51:29.924897
28834,0.6143000200280393,0.024713306621996,3.184839845912634e-06,0.003030863357707858,0.04534131777472794,89.78492524265312,136.06518135685474,0.16779311117716134,226.07258796598762,0.1415474573362002,12.005615104,2026-01-29T05:55:15.998210
28835,0.6144602443420789,0.007305908918125326,3.1825246357250468e-06,0.002541852183640003,0.048394036246463656,90.64863243163563,137.94998660986312,0.1517917481251061,228.8094848759938,0.13985434221550214,12.007744,2026-01-29T05:59:04.808341
28836,0.6146204686561185,0.0019933149867030764,3.1802115306795955e-06,0.0030900125857442617,0.045591739704832435,90.88556971517392,138.86090776184574,0.23168074898421764,230.0337278970983,0.13911003526541404,12.0116992,2026-01-29T06:02:54.842956
28837,0.6147806929701582,0.00460427250794071,3.1779005313991673e-06,0.003152382792904973,0.051315558841452,91.15872015035711,138.8866482307203,0.2055565200280398,230.31401559198275,0.13894074104760615,11.991962624,2026-01-29T06:06:45.157585
28838,0.6149409172841979,0.0027312199285320915,3.1755916385060803e-06,0.0032628607004880905,0.043124721152707934,91.20576169877313,139.04936485597864,0.2385891501326114,230.54689987399615,0.13880039166646518,12.009625088,2026-01-29T06:10:35.705072
28839,0.6151011415982375,0.0038184738814788233,3.1732848526220935e-06,0.00303081376478076,0.05208902223967016,89.30041085067205,135.1620590791572,0.16745285387150943,224.69452449399978,0.14241557542206384,11.99304192,2026-01-29T06:14:20.400360
28840,0.6152613659122772,0.0389899259689761,3.17098017436839e-06,0.0029399311169981956,0.042183501180261374,90.42016532970592,137.7647840862628,0.26028234395198524,228.4980089701712,0.14004498395510034,12.00683776,2026-01-29T06:18:08.899020
28841,0.6154215902263168,0.009055157764081834,3.1686776043655925e-06,0.012772821355611086,0.044741773046553135,90.72705054050311,138.26299207587726,0.21642675413750112,229.2707660428714,0.13957296236370717,12.0319104,2026-01-29T06:21:58.170401
28842,0.6155818145403565,0.004102402814866402,3.166377143233749e-06,0.0023933874908834696,0.04262062767520547,90.66083415574394,137.83125296141952,0.1867571019101888,228.73255590698682,0.13990137902805874,12.0217344,2026-01-29T06:25:46.903552
28843,0.6157420388543962,0.008822226326795857,3.164078791592347e-06,0.0029297410510480404,0.0494554762262851,89.79568658652715,136.55689218034968,0.1624897550791502,226.57711510988884,0.14123226868909577,12.011641856,2026-01-29T06:29:33.481285
28844,0.6159022631684358,8.584584918125415e-05,3.1617825500602973e-06,0.0029818834736943245,0.04103635251522064,91.14501234143972,138.85171670187265,0.1946506469976157,230.24208929901943,0.13898414532905423,12.011199488,2026-01-29T06:33:23.724233
28845,0.6160624874824755,0.005748554693163932,3.159488419255951e-06,0.0027803813572973013,0.04579073959030211,91.18553165299818,139.3850775952451,0.17420312180183828,230.80087443394586,0.13864765494707107,11.99296512,2026-01-29T06:37:14.525737
28846,0.6162227117965151,0.005651064779655268,3.157196399797084e-06,0.0025003415066748857,0.05397951859049499,90.09065662161447,136.94605522346683,0.1999876368790865,227.30239792796783,0.14078162083508158,11.993024,2026-01-29T06:41:01.828718
28847,0.6163829361105547,0.014759378800671463,3.1549064923009096e-06,0.0029098903760313988,0.0533106264192611,89.78093819133937,135.9611453274265,0.1627203249372542,225.96802004799247,0.14161295918424052,12.010619904,2026-01-29T06:44:47.797543
28848,0.6165431604245944,0.0029847672581881923,3.152618697384069e-06,0.002904674503952265,0.04524212935939431,89.55058807996102,135.88854280952364,0.22883872594684362,225.72317324997857,0.14176656981762964,12.005268992,2026-01-29T06:48:33.521509
28849,0.6167033847386341,0.012743941093292577,3.150333015662632e-06,0.002754967426881194,0.0410512697417289,90.01028084009886,136.4403184640687,0.16666241409257054,226.674330919981,0.14117169716625927,11.993166848,2026-01-29T06:52:20.196606
28850,0.6168636090526738,2.3942862803494336e-06,3.1480494477521056e-06,0.003550776280462742,0.05016278778202832,90.4845579166431,137.80455604125746,0.19011115399189293,228.54051273083314,0.14001893851392755,12.005359104,2026-01-29T06:56:08.737924
28851,0.6170238333667134,0.00023712992433333469,3.145767994267421e-06,0.002956456271931529,0.049875569297000766,90.10626968671568,137.14885474997573,0.21410006377846003,227.53032486210577,0.1406405938170814,12.018652672,2026-01-29T06:59:56.268843
28852,0.617184057680753,0.003299472319093333,3.143488655822946e-06,0.002947276458144188,0.04742112453095615,90.80790692125447,138.36054717516527,0.22020339709706604,229.4465427340474,0.13946603691950746,12.011846656,2026-01-29T07:03:45.716037
28853,0.6173442819947927,0.0125507599008996,3.1412114330324777e-06,0.0026063481345772743,0.05147120729088783,90.9837836783845,138.89885504194535,0.18398536695167422,230.12789102597162,0.1390531145848313,11.992603648,2026-01-29T07:07:35.844640
28854,0.6175045063088324,0.031502476210216734,3.138936326509239e-06,0.002858201041817665,0.047829713206738234,91.26670803874731,139.48860258352943,0.19954132405109704,231.02105953311548,0.13851551051090644,12.02210816,2026-01-29T07:11:26.866587
28855,0.617664730622872,0.007296528710756256,3.1366633368658845e-06,0.002880063373595476,0.05073104868642986,91.45159290009178,139.20581733691506,0.25555728492327034,230.97695435816422,0.13854196012291004,12.029010944,2026-01-29T07:15:17.844510
28856,0.6178249549369117,0.042681636487515995,3.134392464714504e-06,0.002911419840529561,0.04573882953263819,89.3773615017999,135.328222660115,0.2233606220688671,224.98556586517952,0.1422313466063672,12.014687744,2026-01-29T07:19:02.830821
28857,0.6179851792509513,4.598882319406528e-06,3.132123710666609e-06,0.0030099910218268633,0.047349618980661035,90.6536454022862,138.0290462616831,0.1654191929847002,228.9081441629678,0.13979406506925357,12.013541888,2026-01-29T07:22:51.739843
28858,0.618145403564991,0.01738535899657556,3.1298570753331467e-06,0.0030837305821478367,0.04589124605990946,92.02453325083479,141.22045114985667,0.1587524029891938,233.46175309992395,0.13706741928860477,11.992534016,2026-01-29T07:26:45.202204
28859,0.6183056278790307,0.029608581609092965,3.1275925593244942e-06,0.0030334091279655695,0.04569983948022127,88.87279213662259,133.99288303451613,0.22669247188605368,223.1491371409502,0.14340185406940417,11.996926464,2026-01-29T07:30:28.352225
28860,0.6184658521930703,0.006974729111298483,3.1253301632504535e-06,0.0028637766372412443,0.04488134104758501,90.04467169707641,136.5529055672232,0.20649133902043104,226.8597183660604,0.14105633309640658,12.01464576,2026-01-29T07:34:15.212564
28861,0.61862607650711,0.014912641524538195,3.123069887720256e-06,0.003586404025554657,0.04343648720532656,91.38477041223086,139.46120216534473,0.22013301285915077,231.12096293410286,0.13845563636356012,12.006314496,2026-01-29T07:38:06.334210
28862,0.6187863008211496,0.009821714938690107,3.1208117333425676e-06,0.0033895373344421387,0.039408860495314,91.04436742584221,138.86451439000666,0.19904131721705198,230.15785747999325,0.13903500992913803,12.010333184,2026-01-29T07:41:56.492902
28863,0.6189465251351892,0.002365669165268258,3.1185557007254743e-06,0.0032404486555606127,0.048942197347059846,89.96570121659897,136.70793635048904,0.17930364003404975,226.91272353683598,0.14102338335736941,12.010304512,2026-01-29T07:45:43.406225
28864,0.6191067494492289,0.0039308971778710955,3.1163017904764993e-06,0.0027571634855121374,0.05104855843819678,90.99261222919449,138.63672971073538,0.16661881492473185,229.85738430498168,0.13921675867302763,12.00732928,2026-01-29T07:49:33.264264
28865,0.6192669737632686,0.0075735376404528765,3.1140500032025937e-06,0.0027762886602431536,0.046037269057706,90.77259747567587,138.3220508391969,0.1763757800217718,229.32893007691018,0.13953756287646804,12.005289984,2026-01-29T07:53:22.593784
28866,0.6194271980773083,0.012143467628095372,3.111800339510126e-06,0.002556969877332449,0.04845097730867565,90.19400264997967,137.21269583399408,0.21617581509053707,227.6805776860565,0.1405477811292453,12.011987968,2026-01-29T07:57:10.275008
28867,0.6195874223913479,0.00034512837350053616,3.1095528000049057e-06,0.0029288940131664276,0.04838620824739337,89.5700041973032,136.2168239171151,0.203373545082286,226.05046057584696,0.14156131298508462,11.992134656,2026-01-29T08:00:56.326153
28868,0.6197476467053875,0.026820576215525804,3.1073073852921653e-06,0.003694324754178524,0.05089847114868462,90.6694586055819,138.47376314969733,0.15973887708969414,229.36557949497364,0.1395152667216192,11.992378368,2026-01-29T08:04:45.692357
28869,0.6199078710194272,0.003522685263496861,3.105064095976563e-06,0.003394318511709571,0.053039619931951165,90.40612060134299,137.90494494582526,0.2158474689349532,228.58993663406,0.13998866472948654,12.013348352,2026-01-29T08:08:34.283165
28870,0.6200680953334669,0.015438130956944907,3.1028229326621887e-06,0.0030765440315008163,0.05195131013169885,91.05061027524062,138.86237426497974,0.1999063070397824,230.17540817381814,0.1390244086189913,11.991827456,2026-01-29T08:12:24.459286
28871,0.6202283196475065,3.619194504089762e-06,3.1005838959525577e-06,0.0030428306199610233,0.049015631433576345,89.85563330096193,136.42771245422773,0.17021477804519236,226.51488687796518,0.14127106805673215,11.993929728,2026-01-29T08:16:10.974966
28872,0.6203885439615462,0.00029935459511198914,3.098346986450611e-06,0.00343940663151443,0.04354168800637126,88.69121020683087,133.5789690890815,0.19945771084167063,222.52322761993855,0.14380521234688728,12.00783104,2026-01-29T08:19:53.498875
28873,0.6205487682755858,0.02866687149017455,3.0961122047587193e-06,0.003415583400055766,0.048105837078765035,89.7733814958483,135.7481673262082,0.2350393310189247,225.81717910803854,0.14170755354573852,11.992088576,2026-01-29T08:23:39.316730
28874,0.6207089925896255,0.011797524288098327,3.0938795514786814e-06,0.002698044991120696,0.045071742264553905,90.00457061245106,137.11066410364583,0.19931955309584737,227.3733371370472,0.14073769775702547,11.992138752,2026-01-29T08:27:26.691131
28875,0.6208692169036651,0.0022623029437873754,3.091649027211719e-06,0.003060621442273259,0.05384246655739844,88.89198180753738,134.40197427384555,0.19459453783929348,223.55503521300852,0.14314148625419976,12.016689152,2026-01-29T08:31:10.246903
28876,0.6210294412177048,0.013377312514935014,3.0894206325584843e-06,0.0029238048009574413,0.05207318835891783,90.76845067483373,138.25029914733022,0.20114536792971194,229.28297434793785,0.1395655307203049,12.007069184,2026-01-29T08:34:59.530602
28877,0.6211896655317445,0.024625526669418196,3.0871943681190536e-06,0.0026968109887093306,0.05100489128381014,90.0094793594908,136.63734429492615,0.2206366180907935,226.9284483161755,0.14101361128338988,12.006004224,2026-01-29T08:38:46.459651
28878,0.6213498898457841,0.013546964798383687,3.084970234492929e-06,0.0029889759607613087,0.04969241376966238,89.91000643093139,136.5510455018375,0.20075891399756074,226.7219126559794,0.14114206970614163,12.018203136,2026-01-29T08:42:33.182164
28879,0.6215101141598237,0.017243003860107464,3.082748232279043e-06,0.002927533583715558,0.04296319792047143,90.9590807473287,138.5177100810688,0.21019721101038158,229.74305325304158,0.13928603954242239,11.992960512,2026-01-29T08:46:22.925840
28880,0.6216703384738634,0.0031446829211860816,3.0805283620757474e-06,0.002755567664280534,0.05000323033891618,90.40488105267286,137.6486880723387,0.17984973406419158,228.29393169097602,0.1401701734381444,12.00957952,2026-01-29T08:50:11.220460
28881,0.621830562787903,0.002066921549964462,3.0783106244808287e-06,0.00326673686504364,0.04415040137246251,88.84006819268689,134.08611175999977,0.1706440239213407,223.1524194739759,0.14339974478175824,11.992190464,2026-01-29T08:53:54.373713
28882,0.6219907871019427,0.02419813350301281,3.076095020091488e-06,0.0030377209186553955,0.05295536038465798,88.01914363983087,132.38724844250828,0.19479341409169137,220.66531709884293,0.14501599263859935,11.992022016,2026-01-29T08:57:35.039711
28883,0.6221510114159824,0.012860583797355218,3.073881549504364e-06,0.003065320197492838,0.04689481412060559,91.57643114589155,140.40364043437876,0.19851592695340514,232.23620777996257,0.1377907446297914,11.992969728,2026-01-29T09:01:27.276788
28884,0.622311235730022,0.008373813744264602,3.0716702133155105e-06,0.0027503427118062973,0.045290647773072124,89.77546434290707,136.37085503782146,0.23201731289736927,226.4335074329283,0.1413218404059686,12.012921856,2026-01-29T09:05:13.710876
28885,0.6224714600440617,0.01191328435239214,3.0694610121204134e-06,0.00280783255584538,0.04576485441066325,90.3170110930223,137.49044106411748,0.196702467976138,228.0603435439989,0.14031374110346523,12.002248192,2026-01-29T09:09:01.771918
28886,0.6226316843581013,0.021271969965129145,3.0672539465139794e-06,0.0035523974802345037,0.053518697852268815,91.61582470405847,140.42735887970775,0.21328731416724622,232.32125755492598,0.13774030123969383,11.993019904,2026-01-29T09:12:54.093783
28887,0.622791908672141,0.000984256677752704,3.065049017090545e-06,0.0028947305399924517,0.048467379761859775,91.7123018479906,141.14966536336578,0.2105612240266055,233.13148947106674,0.13726159461599213,12.025888256,2026-01-29T09:16:47.225963
28888,0.6229521329861807,0.02545873422701117,3.062846224443867e-06,0.0029672437813133,0.049409712199121714,91.52466789493337,139.97331276768818,0.17487458093091846,231.7328603558708,0.13809004019049256,11.991880704,2026-01-29T09:20:38.959548
28889,0.6231123573002203,0.02342520154078187,3.0606455691671243e-06,0.0029650055803358555,0.04801513790152967,90.8373455205001,138.19844623282552,0.2109477650374174,229.3167512419168,0.13954497360832452,11.99278592,2026-01-29T09:24:28.276832
28890,0.6232725816142599,0.012929137225942355,3.058447051852928e-06,0.002675422001630068,0.045560183469206095,89.48596003837883,134.98705637198873,0.1477271330077201,224.6774307009764,0.14242641061081412,11.991983104,2026-01-29T09:28:12.954945
28891,0.6234328059282996,0.006093514272623501,3.056250673093311e-06,0.002607535570859909,0.0468267563264817,90.5164586189203,137.4982292894274,0.22588563011959195,228.29654843104072,0.14016856680453021,12.013277696,2026-01-29T09:32:01.252200
28892,0.6235930302423393,0.031175337353672283,3.0540564334797264e-06,0.0027512372471392155,0.05158653249964118,90.72490709787235,138.68452181410976,0.2045764080248773,229.67589220497757,0.13932676909530034,12.00660224,2026-01-29T09:35:50.928865
28893,0.623753254556379,0.0074599573813936,3.0518643336030515e-06,0.0030708196572959423,0.045141958398744464,90.15824412251823,137.11074137082323,0.24781638686545193,227.5738281570375,0.14061370878692772,11.993249792,2026-01-29T09:39:38.503444
28894,0.6239134788704186,0.0020549220319283634,3.0496743740535954e-06,0.002616831101477146,0.04713384294882417,89.60333690978587,135.669650884578,0.16700231097638607,225.49704194208607,0.14190873514082944,11.993385984,2026-01-29T09:43:24.001113
28895,0.6240737031844582,0.020609981880304495,3.0474865554210792e-06,0.002854046644642949,0.0468402486294508,89.46589476289228,135.57846179045737,0.20596156595274806,225.3079415000975,0.14202783881892664,12.00932352,2026-01-29T09:47:09.309873
28896,0.6242339274984979,0.011722977200273377,3.0453008782946564e-06,0.0032364462967962027,0.05585383460856974,91.71719510643743,140.29308749828488,0.20783293317072093,232.28613398293965,0.13776112870495427,12.01888512,2026-01-29T09:51:01.596903
28897,0.6243941518125375,0.01140334133004739,3.0431173432629034e-06,0.0029941569082438946,0.05238390504382551,89.39110866910778,135.08414690941572,0.22213730891235173,224.76027796487324,0.1423739118395339,12.0062336,2026-01-29T09:54:46.357940
28898,0.6245543761265772,0.01719854771907947,3.0409359509138123e-06,0.003598995041102171,0.04832102614454925,90.29667067574337,137.23101854813285,0.24191160779446363,227.82964414102025,0.14045582224669975,11.992319488,2026-01-29T09:58:34.188434
28899,0.6247146004406169,9.824628052346185e-05,3.0387567018348035e-06,0.003117294516414404,0.050458092940971255,90.56649275915697,137.68343776464462,0.1593601310160011,228.47061438509263,0.14006177593615274,11.993110528,2026-01-29T10:02:22.659677
28900,0.6248748247546565,0.01906246126521527,3.0365795966127237e-06,0.0027801014948636293,0.06341708172112703,90.8510932479985,138.87409000401385,0.19195317290723324,229.9900712131057,0.13913644111336107,11.992290304,2026-01-29T10:06:12.650478
28901,0.6250350490686962,0.00587592541469828,3.034404635833834e-06,0.0027873795479536057,0.05108135659247637,90.72226158902049,138.63137040100992,0.2239998229779303,229.6383687038906,0.13934953544833228,11.992119296,2026-01-29T10:10:02.289544
28902,0.6251952733827358,0.009646770292798479,3.032231820083826e-06,0.0027799734380096197,0.04898776579648256,90.08168563153595,137.58442862331867,0.1885521630756557,227.91302513191476,0.14040443709383693,11.993153536,2026-01-29T10:13:50.203456
28903,0.6253554976967755,0.014555567490604382,3.0300611499478083e-06,0.00309720728546381,0.04374140617437661,90.79726798087358,138.24714763951488,0.1803164400625974,229.27987661887892,0.13956741634675635,12.012626944,2026-01-29T10:17:39.484237
28904,0.6255157220108152,0.04165252786117524,3.0278926260103113e-06,0.0028627468273043633,0.04419688484631479,92.20025237789378,141.51607931382023,0.21003346284851432,233.98249460896477,0.13676236785781307,12.007187968,2026-01-29T10:21:33.467333
28905,0.6256759463248548,0.010536778329397034,3.0257262488552924e-06,0.01311173033900559,0.049765110248699784,89.40843448066153,136.00249405764043,0.20193472900427878,225.68440538691357,0.14179092235078966,12.007884288,2026-01-29T10:25:19.152485
28906,0.6258361706388944,1.3617975236357438e-06,3.0235620190661297e-06,0.002818093402311206,0.049137852154672146,90.17441126424819,137.69104541186243,0.19224513787776232,228.11737381806597,0.1402786620957747,12.003695616,2026-01-29T10:29:07.270580
28907,0.6259963949529341,0.009477948255618429,3.021399937225618e-06,0.0029662512242794037,0.04940165253356099,89.02954712091014,134.83372673671693,0.24554362706840038,224.17197698284872,0.14274754780098273,11.99188736,2026-01-29T10:32:51.443173
28908,0.6261566192669737,0.0029531435972010023,3.0192400039159804e-06,0.002916075522080064,0.0531058453489095,90.10449974192306,136.95321293966845,0.20424155401997268,227.32734181219712,0.14076617332919106,12.01878784,2026-01-29T10:36:38.771122
28909,0.6263168435810135,0.021400732710906922,3.017082219718856e-06,0.0038803769275546074,0.05632052291184664,91.24003051128238,139.9674882881809,0.20073906402103603,231.47529252013192,0.1382436961267341,11.992134656,2026-01-29T10:40:30.247268
28910,0.6264770678950531,0.0001417129042149412,3.0149265852153064e-06,0.0028865335043519735,0.0463267401792109,91.87620867229998,140.67205828730948,0.15425757714547217,232.75918860384263,0.137481146037436,11.992075264,2026-01-29T10:44:23.007127
28911,0.6266372922090927,0.03536905169665605,3.0127731009858164e-06,0.002879652427509427,0.04498626012355089,91.48962269490585,140.12659157905728,0.2476501939818263,231.92074986896478,0.13797816718892122,11.9922176,2026-01-29T10:48:14.928729
28912,0.6267975165231324,0.005370701276881995,3.0106217676102926e-06,0.0027255851309746504,0.04189729690551758,90.24445629492402,137.45827184687369,0.1608399599790573,227.91644537099637,0.1404023301079097,11.992013824,2026-01-29T10:52:02.845928
28913,0.626957740837172,0.0006104524145813528,3.0084725856680583e-06,0.0028645293787121773,0.050217019161209464,91.22494841669686,139.5397498481907,0.20858886279165745,231.0339065778535,0.13850780811351032,12.016654336,2026-01-29T10:55:53.880659
28914,0.6271179651512117,0.006334016273932708,3.0063255557378605e-06,0.0027337234932929277,0.040114742470905185,88.80618374305777,134.130106265191,0.20721317501738667,223.19309345283546,0.1433736120816039,12.006802944,2026-01-29T10:59:37.074641
28915,0.6272781894652514,0.015023154177423947,3.004180678397867e-06,0.0037569000851362944,0.04429298313334584,89.85378570482135,136.03124027722515,0.23671819898299873,226.17761868494563,0.14148172655657162,12.007976448,2026-01-29T11:03:23.252869
28916,0.627438413779291,0.012327432275471395,3.0020379542256602e-06,0.0031275704968720675,0.05083332699723542,91.16089951130562,139.13851023185998,0.22003293503075838,230.57998956204392,0.13878047293167006,12.007929344,2026-01-29T11:07:13.833521
28917,0.6275986380933306,0.0006695961959310992,2.9998973837982525e-06,0.0031961791682988405,0.048429838847368956,90.55303527996875,137.3016409126576,0.21134760999120772,228.12867503194138,0.14027171286345097,12.019326464,2026-01-29T11:11:01.962808
28918,0.6277588624073703,0.015880294142332385,2.9977589676920677e-06,0.003168043214827776,0.047827113419771194,92.59745357464999,141.4693297862541,0.21049411897547543,234.33975129807368,0.13655387027912685,12.01382144,2026-01-29T11:14:56.303733
28919,0.62791908672141,0.004766738304102347,2.9956227064829525e-06,0.003390341065824032,0.05077937920577824,91.08883928810246,138.2817091497127,0.21055541606619954,229.64486048114486,0.1393455962086614,12.008119296,2026-01-29T11:18:45.949356
28920,0.6280793110354497,0.022201102915812676,2.9934886007461784e-06,0.014700868399813771,0.039738379418849945,92.31686358409934,140.50782304047607,0.21745606791228056,233.10673562181182,0.13727617056898872,11.993085952,2026-01-29T11:22:39.056844
28921,0.6282395353494893,0.014548556960097159,2.991356651056427e-06,0.0034530682023614645,0.033068232936784625,92.26293889153749,140.64610052248463,0.16327847796492279,233.11970211495645,0.13726853504737277,12.013643264,2026-01-29T11:26:32.177374
28922,0.6283997596635289,0.019396437894603213,2.9892268579878043e-06,0.002920763101428747,0.046642943285405636,90.5629719006829,137.0356239832472,0.16645891894586384,227.8340369721409,0.14045311414076772,12.019638784,2026-01-29T11:30:20.012118
28923,0.6285599839775686,0.007476830549084212,2.9870992221138375e-06,0.0036593435797840357,0.036109019070863724,91.82187773264013,139.11272686393932,0.2092271358706057,231.1914228508249,0.13841343941486894,11.992998912,2026-01-29T11:34:11.204293
28924,0.6287202082916082,0.00816030375978638,2.984973744007468e-06,0.0040024337358772755,0.04371768166311085,91.87949532875791,139.33959144051187,0.18737118900753558,231.46184634999372,0.13825172703242314,12.012763648,2026-01-29T11:38:02.667050
28925,0.6288804326056479,0.010347374224549455,2.9828504242410618e-06,0.0034401752054691315,0.04872837942093611,90.38942186883651,136.12862988724373,0.20540791004896164,226.7834066718351,0.14110379797894698,12.024827392,2026-01-29T11:41:49.451186
28926,0.6290406569196876,0.052206728223176846,2.9807292633863996e-06,0.0037783535663038492,0.05511008994653821,91.91506699100137,139.91814519953914,0.19466942199505866,232.09365203999914,0.13787537797235877,11.993573376,2026-01-29T11:45:41.545555
28927,0.6292008812337272,0.0006588397872295815,2.978610262014679e-06,0.00395302870310843,0.052910640835762024,91.31348665943369,138.55597265088,0.25848864298313856,230.19300133991055,0.1390137832763549,12.008070656,2026-01-29T11:49:31.739175
28928,0.6293611055477669,0.0005471022664051972,2.9764934206965216e-06,0.0031499711330980062,0.055094918701797724,90.89122222363949,137.41354574845172,0.2044109150301665,228.57724700891413,0.13999643629775652,12.007873024,2026-01-29T11:53:20.317204
28929,0.6295213298618065,0.012861696388775101,2.9743787400019653e-06,0.003244805848225951,0.04408337268978357,92.24493618449196,140.3864394892007,0.19676190405152738,232.8892682241276,0.13740435634502443,12.016898048,2026-01-29T11:57:13.207571
