step,epoch,loss,learning_rate,t_data,t_transfer,t_forward,t_backward,t_optimizer,t_step,throughput,gpu_mem_gb,timestamp
28501,0.00016022431403965552,0.004848766832325602,4.0687162224950775e-06,0.1320979119996082,0.04940773399994214,92.85262989799958,141.42973774700067,0.30736411899988525,234.9456024440001,0.1362017406034543,11.993115648,2026-02-02T11:10:17.113326
28502,0.00032044862807931103,1.4976653650577987e-06,4.065738068080327e-06,0.002501944999494299,0.03612564200147972,89.20791367999936,135.3726699720005,0.18812227299986262,224.81794919799995,0.14233738949294125,12.005097472,2026-02-02T11:14:01.932522
28503,0.0004806729421189666,0.0022103886964570663,4.0627617809700816e-06,0.003145885000776616,0.039325212999301584,90.72139630500033,137.93092402999991,0.1633704369996849,228.8668280429997,0.139819301353658,11.99321088,2026-02-02T11:17:50.800000
28504,0.0006408972561586221,0.0062645430527732415,4.059787361965817e-06,0.0025066000002880173,0.03752739699984886,90.36408426699882,137.30402035600082,0.21553425699994477,227.93073526700027,0.14039352772022995,12.017060352,2026-02-02T11:21:38.731349
28505,0.0008011215701982776,0.008069891028905873,4.056814811868502e-06,0.0028136610003457463,0.03761639100048342,90.10072353899886,137.13448464400062,0.17493095000008907,227.4576011539998,0.14068556002370944,12.013424128,2026-02-02T11:25:26.189544
28506,0.0009613458842379332,0.002064747753114382,4.053844131478607e-06,0.0024765279986240785,0.03756233799867914,91.94961266500104,140.850746428001,0.1944186279997666,233.04320667899992,0.13731359285695752,11.992310272,2026-02-02T11:29:19.233305
28507,0.0011215701982775887,0.011434102766955334,4.050875321596096e-06,0.00248490500052867,0.044527739999466576,90.78366755699972,138.31723892100217,0.15881888399962918,229.31404055300027,0.13954662314976737,12.00757504,2026-02-02T11:33:08.547916
28508,0.0012817945123172441,0.0030807648756248085,4.047908383020427e-06,0.0025411719998373883,0.03972404400155938,90.63090980599918,138.08256470600008,0.18694477699955314,228.9508812569993,0.13976797042366362,12.010785792,2026-02-02T11:36:57.499495
28509,0.0014420188263568996,0.008144153804812149,4.04494331655056e-06,0.002305040999999619,0.04369697499987524,91.94245138399947,140.7573089970001,0.1660111239998514,232.9204929540001,0.13738593626589884,11.992196096,2026-02-02T11:40:50.420571
28510,0.0016022431403965552,0.0045782931982820685,4.0419801229849495e-06,0.002496479998626455,0.04314238400093018,88.9287979640003,134.3265127859977,0.160040953999669,223.4684617969997,0.14319694037662023,12.016030208,2026-02-02T11:44:33.889715
28511,0.0017624674544362107,0.0057924139909424355,4.03901880312154e-06,0.0026443039996593143,0.041564917997675366,90.2802463520029,137.41616082899782,0.17903921800007083,227.92658511399986,0.14039608404607504,11.993252864,2026-02-02T11:48:21.816865
28512,0.0019226917684758663,2.2071497483011626e-06,4.03605935775778e-06,0.0024915169988162233,0.04096663000018452,90.34867573399879,137.20801175299857,0.21090519500012306,227.82090257799973,0.14046121158283123,12.011408384,2026-02-02T11:52:09.638513
28513,0.0020829160825155215,0.005045856149895833,4.0331017876906065e-06,0.0024299460001202533,0.049300761998892995,90.54316537400155,137.49699708199933,0.20475114900000335,228.30403024499992,0.14016397330200364,12.014769664,2026-02-02T11:55:57.943141
28514,0.0022431403965551774,0.007131845564591899,4.030146093716452e-06,0.002546222001001297,0.04324348000045575,89.30219683399991,134.96723385300083,0.1569631849997677,224.47867535000023,0.14255251618046386,12.010253312,2026-02-02T11:59:42.422378
28515,0.002403364710594833,0.0008220039177260219,4.02719227663125e-06,0.002795392998450552,0.04693598499852669,89.93293326599996,136.02354632199877,0.16623698300008982,226.18056203800006,0.14147988541395418,12.007536128,2026-02-02T12:03:28.603511
28516,0.0025635890246344883,0.01437914163585896,4.024240337230418e-06,0.002415951998955279,0.04685459399843239,91.02332191300047,138.7445352320001,0.20956539799954044,230.03571389800072,0.13910883426644352,12.009542656,2026-02-02T12:07:18.639862
28517,0.0027238133386741437,0.0029370592543203067,4.021290276308878e-06,0.0024686089982424164,0.043365625998376345,90.89844563199858,138.81694154499837,0.19291011199948116,229.96191788899978,0.13915347503514067,12.01228288,2026-02-02T12:11:08.602339
28518,0.002884037652713799,0.008342751136306337,4.0183420946610446e-06,0.0026366240017523523,0.04126595400066435,88.29008118100046,132.93381402999876,0.3229802190007831,221.59865213600006,0.14440521046292684,11.992141312,2026-02-02T12:14:50.201612
28519,0.003044261966753455,0.009963942083537347,4.015395793080821e-06,0.002744674000496161,0.042670084001656505,89.87982426699818,136.3289831869988,0.21578785800011246,226.47801395199986,0.1412940684245939,11.993009152,2026-02-02T12:18:36.680184
28520,0.0032044862807931104,0.00017302580845335314,4.012451372361605e-06,0.0025443510021432303,0.03867951299980632,92.10988211100357,141.367531547,0.19055027500053257,233.71855652200065,0.13691681343662476,12.01857792,2026-02-02T12:22:30.399343
28521,0.003364710594832766,0.0052417665802684255,4.0095088332962935e-06,0.0023433740016116644,0.04821532100049808,90.61294701699899,138.2846309939987,0.18376350800008368,229.13894118200005,0.13965325943695925,12.012730368,2026-02-02T12:26:19.538864
28522,0.0035249349088724213,0.004792902547382738,4.006568176677269e-06,0.0028469289982240298,0.044374145000801946,89.02987926900005,134.3483321599997,0.19313390500064997,223.62775122699986,0.1430949415912047,11.992272896,2026-02-02T12:30:03.167153
28523,0.0036851592229120767,0.007856211614865494,4.003629403296418e-06,0.002601085996502661,0.04848638599833066,89.52805992700087,135.81939101599983,0.258165524001015,225.66426035699988,0.14180358001473578,12.006430208,2026-02-02T12:33:48.832246
28524,0.0038453835369517326,0.0032502925197750443,4.0006925139451074e-06,0.002681522997590946,0.048326120002457174,91.40381007700125,139.11024403299598,0.1904778530006297,230.7630807610003,0.138670362236766,12.002371072,2026-02-02T12:37:39.595962
28525,0.004005607850991388,0.010421870734290017,3.997757509414202e-06,0.0026089829952979926,0.044387267997080926,89.32800084500377,134.76239728399742,0.1746136910005589,224.3197490219991,0.14265351196011616,12.011807744,2026-02-02T12:41:23.916356
28526,0.004165832165031043,0.004632332600524425,3.994824390494062e-06,0.002383160997851519,0.04150266299620853,89.60083648100226,135.66118441800063,0.17847213799905148,225.4915870799996,0.14191216805195966,12.006647296,2026-02-02T12:45:09.408544
28527,0.004326056479070699,0.003091240698843478,3.991893157974539e-06,0.002752538001004723,0.04057749600360694,89.47756990499693,135.86421716800032,0.1591959270008374,225.5524710560003,0.14187386132451205,12.014027264,2026-02-02T12:48:54.961588
28528,0.004486280793110355,0.00031801855966762105,3.9889638126449706e-06,0.002473703998475685,0.04304876399692148,91.15251025899852,138.90128227200512,0.1772477729991806,230.28323706099945,0.13895931118739466,12.006524416,2026-02-02T12:52:45.245425
28529,0.00464650510715001,0.008962903085362406,3.986036355294194e-06,0.002486620001945994,0.033991308002441656,89.82307103400308,136.44034199799717,0.20584178699937183,226.51277602799928,0.14127238454772403,12.008953344,2026-02-02T12:56:31.758781
28530,0.004806729421189666,0.0030254386458983262,3.983110786710534e-06,0.0026210230025753845,0.04118540699892037,89.3601403240009,135.36043888800123,0.18528790200070944,224.95717944999888,0.1422492941911757,11.993005056,2026-02-02T13:00:16.716535
28531,0.004966953735229321,0.000575501343634155,3.9801871076818034e-06,0.0025924950004991842,0.04037590400002955,89.25332684300338,134.84168862399565,0.20767786099895602,224.35340694500155,0.14263211081008698,11.992751104,2026-02-02T13:04:01.070517
28532,0.0051271780492689765,0.009864947697995952,3.977265318995314e-06,0.0024439180015178863,0.042713446999187,89.57727669400083,135.59283966600015,0.22201878399937414,225.44609758700062,0.14194080244680687,12.011707392,2026-02-02T13:07:46.517290
28533,0.005287402363308632,2.979287167192979e-06,3.974345421437867e-06,0.0024434389979433035,0.04339800200614263,90.48493535399757,138.03267242899892,0.1479743750005582,228.71768834199975,0.13991047317752991,12.013830656,2026-02-02T13:11:35.235752
28534,0.005447626677348287,0.0002777838906240504,3.971427415795747e-06,0.0024576329997216817,0.04986635299792397,91.26744827800212,139.53892503699717,0.2301291490002768,231.09684689400092,0.13847008485874193,11.99264768,2026-02-02T13:15:26.333111
28535,0.005607850991387943,1.9733961575951753e-06,3.968511302854734e-06,0.0023876460018072976,0.04548240599979181,89.78449136999916,136.08548510900073,0.1888185190000513,226.1129135479987,0.1415222133839212,12.01038848,2026-02-02T13:19:12.446588
28536,0.005768075305427598,0.004245492382986882,3.965597083400102e-06,0.002549455004555057,0.034896912999101914,89.52585076000105,135.65818248599498,0.23263832600059686,225.46245734600052,0.14193050309432215,11.99305728,2026-02-02T13:22:57.909625
28537,0.005928299619467254,0.004466193148880748,3.962684758216609e-06,0.002726942000663257,0.04704487600247376,89.16037322499687,135.28947310200056,0.21269509000012476,224.71924132200002,0.14239991115913045,12.012454912,2026-02-02T13:26:42.629445
28538,0.00608852393350691,0.011981474179068918,3.959774328088508e-06,0.0028999519963690545,0.04153969100116228,89.93967285299732,136.71918820200153,0.2093005599999742,226.9197931029994,0.14101898984843128,12.014032384,2026-02-02T13:30:29.549901
28539,0.006248748247546565,6.4641302346402085e-06,3.956865793799535e-06,0.002675551999345771,0.04654877099892474,90.09261208400312,137.14398445599727,0.20935584800099605,227.50523708299988,0.1406561027354529,12.009245696,2026-02-02T13:34:17.055862
28540,0.006408972561586221,0.009673044506285144,3.9539591561329234e-06,0.002601740996396984,0.04264179300298565,90.49215894499685,137.62627483300275,0.18286283899942646,228.35428129700085,0.1401331291808816,12.015151616,2026-02-02T13:38:05.410724
28541,0.006569196875625876,0.002802403385714136,3.951054415871388e-06,0.0027788160023192177,0.04216104899751372,90.48787047500082,137.922803215999,0.21335679499861726,228.67846867800108,0.1399344686230987,11.99236608,2026-02-02T13:41:54.089778
28542,0.006729421189665532,0.02353042772386793,3.948151573797142e-06,0.0024200379993999377,0.049387656998078455,91.79055036499994,140.10010644599788,0.218454001000282,232.1702359560004,0.1378298982564865,12.03062784,2026-02-02T13:45:46.260538
28543,0.006889645503705188,2.4720270237921227e-05,3.945250630691877e-06,0.002473716001986759,0.04603834000590723,90.01945891399555,136.58462084800158,0.2319456210007047,226.8952598800006,0.14103423763424597,12.0243072,2026-02-02T13:49:33.156376
28544,0.007049869817744843,0.0148674481466049,3.942351587336785e-06,0.002761972998996498,0.045246678000694374,90.81760714700067,138.52520879800431,0.26030307700057165,229.66305894300058,0.1393345544872412,12.01029632,2026-02-02T13:53:22.820265
28545,0.0072100941317844985,0.0035555899072665653,3.939454444512534e-06,0.002782499001114047,0.04310707399963576,90.83063517500159,138.30988304700077,0.22868225099955453,229.4219462359997,0.13948098917739338,12.00615168,2026-02-02T13:57:12.242897
28546,0.0073703184458241535,0.012726977522112826,3.936559202999286e-06,0.004334144996391842,0.047212873003445566,92.35554214999502,141.49062921900804,0.3017494630003057,234.2098309569992,0.13662961912933186,12.010908672,2026-02-02T14:01:06.453816
28547,0.007530542759863809,0.00378831966878046,3.9336658635766936e-06,0.004241068001647363,0.04728438699930848,89.87479479800277,136.10778825099442,0.20945514499908313,226.25206637500014,0.14143517233987066,12.020269056,2026-02-02T14:04:52.706552
28548,0.007690767073903465,0.0017999411708120583,3.930774427023895e-06,0.004130203002205235,0.0464521949961636,90.61003289300243,137.70946862900382,0.35135728899876995,228.73086624699863,0.13990241249488514,12.011199488,2026-02-02T14:08:41.438362
28549,0.00785099138794312,0.01037521314196499,3.927884894119513e-06,0.0029958420054754242,0.04203203799806943,92.02247049100151,140.73619813599362,0.1878715460006788,232.99927072500031,0.13733948565773973,12.005289984,2026-02-02T14:12:34.438317
28550,0.008011215701982776,0.003082518436149151,3.9249972656416624e-06,0.002366476999668521,0.04614093099917227,89.97215347400015,136.3660572480003,0.2382008050008153,226.63236236899866,0.1411978398208557,11.99228928,2026-02-02T14:16:21.071282
28551,0.008171440016022432,0.0022090330863493435,3.922111542367944e-06,0.002422470995952608,0.04875040100341721,90.08032351499423,136.94684276200314,0.17575743199995486,227.26202739600012,0.1408066290997244,11.993345024,2026-02-02T14:20:08.333925
28552,0.008331664330062086,3.254041264000307e-06,3.919227725075441e-06,0.00227805500071554,0.03688550500191923,90.07583522899768,136.503361234998,0.18052612000064983,226.80663418199947,0.14108934738796844,12.01222144,2026-02-02T14:23:55.141175
28553,0.008491888644101742,0.0021071895697599707,3.916345814540731e-06,0.0027132429950142978,0.044038296004146105,89.50140700899829,136.00488355100242,0.17709992999880342,225.73745769800007,0.14175759896618834,11.992300032,2026-02-02T14:27:40.879227
28554,0.008652112958141398,0.00477170096804258,3.91346581153987e-06,0.002470267005264759,0.04250903600041056,90.9341160469994,138.55824351000047,0.20529156100019463,229.74993210799948,0.13928186923231659,12.018161152,2026-02-02T14:31:30.629813
28555,0.008812337272181054,0.004926276573813837,3.910587716848407e-06,0.0026513270022405777,0.04533593700398342,91.3896812210005,139.30015149099927,0.214754606000497,230.96226663599919,0.13855077050500458,12.023220224,2026-02-02T14:35:21.592652
28556,0.00897256158622071,0.006892682985525145,3.907711531241377e-06,0.0027246389981883112,0.04343452799548686,90.46000273500431,137.6109889349973,0.3048150459999306,228.431086908,0.1400860120798178,12.003641344,2026-02-02T14:39:10.024658
28557,0.009132785900260364,0.0020483352903348795,3.9048372554932955e-06,0.0025526849985908484,0.045388750004349276,88.07894550699712,132.30103050300568,0.20286689399836177,220.6404021519993,0.145032367997386,11.992124416,2026-02-02T14:42:50.665722
28558,0.00929301021430002,0.006057050726090196,3.901964890378165e-06,0.002364428997680079,0.0421857889941748,89.82319913100037,136.0740568909987,0.20310346299993398,226.15123962899997,0.14149822947022464,11.992572928,2026-02-02T14:46:36.817720
28559,0.009453234528339675,0.010641259389998936,3.899094436669481e-06,0.0023483149980165763,0.04592488800335559,89.82305288899443,136.07365618999938,0.20940015200176276,226.16215232300056,0.14149140194906792,11.992839168,2026-02-02T14:50:22.980457
28560,0.009613458842379331,0.0013789477831469554,3.8962258951402116e-06,0.0027852909952343907,0.040006069000810385,89.30751430500095,135.22276714500185,0.19964152700049453,224.77910141900065,0.14236198916175144,11.992034304,2026-02-02T14:54:07.760415
28561,0.009773683156418987,0.007628182031560904,3.893359266562821e-06,0.0029912600002717227,0.040503025011275895,90.75736660699113,138.0378602679957,0.19109827000283985,229.03762165800072,0.1397150379415939,12.011766784,2026-02-02T14:57:56.798842
28562,0.009933907470458641,0.001909966741200364,3.8904945517092585e-06,0.002836141997249797,0.043948338010523,91.38312256499557,139.87257275399315,0.18841817199790967,231.4982215889977,0.1382300035842731,11.992220672,2026-02-02T15:01:48.297671
28563,0.010094131784498297,0.002920213657887416,3.887631751350943e-06,0.002884335997805465,0.04364775300200563,89.64701850200436,135.89471535800112,0.17665181100164773,225.7710095020011,0.14173653238555578,12.014964224,2026-02-02T15:05:34.069296
28564,0.010254356098537953,0.006433299822039551,3.884770866258795e-06,0.0024505070032319054,0.04346969900143449,89.14700700800313,134.74920618999022,0.1577744390015141,224.106318260001,0.14278937001175765,11.992773632,2026-02-02T15:09:18.176200
28565,0.010414580412577609,0.007732578399540557,3.881911897203214e-06,0.0026823990119737573,0.043211813008383615,89.91973591200076,136.35547286298606,0.19119330000103218,226.52010582900039,0.14126781321635415,12.014829568,2026-02-02T15:13:04.696926
28566,0.010574804726617265,0.0009706225922609946,3.8790548449540775e-06,0.0030558750113414135,0.04942973300057929,91.409298700004,139.74288412999522,0.24694884099881165,231.45982860000004,0.13825293224121912,11.992876032,2026-02-02T15:16:56.157357
28567,0.010735029040656919,0.0024344733927756934,3.876199710280758e-06,0.0030075060021772515,0.04880050100837252,90.0292465649909,136.5665185550024,0.20071181700041052,226.85625274499762,0.14105848797551218,11.992615936,2026-02-02T15:20:43.014204
28568,0.010895253354696575,0.0041809429161174805,3.873346493952101e-06,0.0028167040036350954,0.03703504700388294,88.47899914400114,133.47399945599318,0.17038559100183193,222.17217373600215,0.14403243872486143,12.002812416,2026-02-02T15:24:25.186954
28569,0.01105547766873623,0.00010003382683310136,3.870495196736438e-06,0.0025409369882254396,0.0469720809996943,90.70050480801001,138.13560666400008,0.19742259299891884,229.08985128600034,0.13968318465600887,11.992168448,2026-02-02T15:28:14.277317
28570,0.011215701982775887,1.7217602331420778e-05,3.867645819401588e-06,0.0028000450038234703,0.04673578899746644,90.31319960600013,137.06945867000104,0.18629711900211987,227.62475525600166,0.140582248903511,11.99222528,2026-02-02T15:32:01.902682
28571,0.011375926296815542,0.0016766623558375215,3.864798362714853e-06,0.0029272899992065504,0.04990569399888045,91.75810047100822,140.17325142799018,0.2227905149993603,232.2141657380016,0.137803823889471,12.011170816,2026-02-02T15:35:54.117440
28572,0.011536150610855197,0.004684667420749911,3.86195282744301e-06,0.002761739986453904,0.04611111200574669,90.19503281799552,136.9822521799979,0.24488776799989864,227.47926880999876,0.1406721595660125,11.99319296,2026-02-02T15:39:41.597345
28573,0.011696374924894852,0.0034258923958563336,3.859109214352329e-06,0.0026694720072555356,0.04228653999598464,90.25870915600171,137.12090831499881,0.19272040599753382,227.62478525199913,0.14058223037782727,11.992643584,2026-02-02T15:43:29.222733
28574,0.011856599238934508,0.006499686331741472,3.856267524208554e-06,0.0023123310020309873,0.04635605400108034,90.2085896299941,136.90817822000463,0.1692346420022659,227.34236022900222,0.14075687420402586,12.01538304,2026-02-02T15:47:16.566025
28575,0.012016823552974164,4.878727053458931e-06,3.853427757776913e-06,0.002635722001286922,0.04530109599363641,90.28851259100702,137.01227947200096,0.18337212900223676,227.5397139309971,0.14063479050388633,11.992183808,2026-02-02T15:51:04.106447
28576,0.01217704786701382,1.3982931976741497e-06,3.850589915822121e-06,0.0023277079963008873,0.045006995991570875,90.40120665399809,137.24576746601088,0.21963323100135312,227.92250417800096,0.14039859782783412,11.992783872,2026-02-02T15:54:52.029749
28577,0.012337272181053474,0.001093178139944584,3.847753999108367e-06,0.002398365002591163,0.0458736329965177,90.63378768799521,137.49431128201104,0.26137472199843614,228.44801625200125,0.1400756308809474,12.01797632,2026-02-02T15:58:40.478591
28578,0.01249749649509313,0.0011264773768231429,3.84492000839933e-06,0.0048295109991158824,0.04398026600756566,88.10969396600558,132.7991494309972,0.21603523999874596,221.18097794500136,0.1446779026718884,11.993453568,2026-02-02T16:02:21.660368
28579,0.012657720809132786,1.3143423944761423e-06,3.842087944458162e-06,0.0026895219962170813,0.04257858599521569,90.0370921439935,136.82892014800018,0.1600593260009191,227.08000287499817,0.14091949795163247,12.011461632,2026-02-02T16:06:08.741043
28580,0.012817945123172442,0.0015028849542790823,3.839257808047505e-06,0.0024699840068933554,0.04140579900922603,90.498271689994,138.02959678999105,0.2033509610009787,228.78333217699765,0.13987032925651804,11.992276992,2026-02-02T16:09:57.524971
28581,0.012978169437212098,0.0058400785309746794,3.836429599929472e-06,0.002525840998714557,0.04260073999103042,89.2057147069936,135.32154147601614,0.2278332819987554,224.80976214999828,0.14234257308919201,12.010085376,2026-02-02T16:13:42.335248
28582,0.013138393751251752,0.0029512759576650893,3.833603320865667e-06,0.002437151000776794,0.03809485599776963,91.25625100899924,139.3457826490012,0.4267913280018547,231.0772850100002,0.13848180706561078,11.992008192,2026-02-02T16:17:33.413250
28583,0.013298618065291408,0.004423161683484,3.8307789716171625e-06,0.0026022700149042066,0.045519633993535535,90.87462710199907,138.4152970349969,0.24657698900045943,229.59454692999861,0.1393761325252926,12.008438272,2026-02-02T16:21:23.008425
28584,0.013458842379331063,0.013692102643141801,3.827956552944525e-06,0.0025929120020009577,0.041110868001851486,90.3087347629953,137.37528387700513,0.17155630600245786,227.90606683200167,0.14040872384318068,12.012779008,2026-02-02T16:25:10.915091
28585,0.01361906669337072,4.58533637370806e-06,3.82513606560779e-06,0.0025466080151090864,0.04690840400871821,90.46913071998642,137.82146541700786,0.21321828399959486,228.5606793629995,0.14000658419980314,11.992154112,2026-02-02T16:28:59.476534
28586,0.013779291007410375,0.008825902056449841,3.82231751036648e-06,0.0025496800044493284,0.04720774399902439,89.88795875199503,136.5361934140019,0.21473864300060086,226.69512514099915,0.1411587478120526,12.014168576,2026-02-02T16:32:46.172237
28587,0.01393951532145003,0.005422148852318287,3.819500887979591e-06,0.0028873680021206383,0.04933249900204828,90.03582440200626,137.10743207699488,0.1782789419994515,227.38038233000043,0.14073333711594319,12.006097408,2026-02-02T16:36:33.553202
28588,0.014099739635489685,0.0008642000413523476,3.816686199205606e-06,0.002407466010481585,0.04088524100370705,91.88295099800234,140.75740650300213,0.22380491299918504,232.91623483399962,0.13738844792337698,12.015083008,2026-02-02T16:40:26.470014
28589,0.014259963949529341,0.002995355843382619,3.8138734448024822e-06,0.002454457997373538,0.04593024999849149,90.29477370599488,136.87731706700652,0.23915676300021005,227.46670857900244,0.14067992718541467,11.994095616,2026-02-02T16:44:13.937357
28590,0.014420188263568997,4.909335264091652e-06,3.8110626255276525e-06,0.0024583590020483825,0.04332968600283493,91.81612919200779,140.4419140999853,0.2023379999991448,232.5144648509995,0.13762584629092353,12.010213376,2026-02-02T16:48:06.452512
28591,0.014580412577608653,0.005876193932095042,3.80825374213804e-06,0.002566748000390362,0.044067026992706815,89.83543000500867,136.25352846900932,0.18668262400024105,226.3302321600022,0.14138632605377208,11.99284736,2026-02-02T16:51:52.783320
28592,0.014740636891648307,4.1930232756115515e-05,3.805446795390033e-06,0.002402745001745643,0.046194053004001034,91.88269691999812,140.32237320600325,0.20185183099965798,232.46437486599825,0.13765550105665042,12.007000576,2026-02-02T16:55:45.248359
28593,0.014900861205687963,0.00220553034418014,3.8026417860395086e-06,0.002483099993696669,0.04550279200702789,91.1045979739938,139.14691284500077,0.2163101460027974,230.52397296399795,0.1388141961486912,11.992787968,2026-02-02T16:59:35.772949
28594,0.015061085519727619,0.0010797390314677413,3.7998387148418204e-06,0.0024699790119484533,0.04076643500229693,89.44738484100162,135.35131460999764,0.15660551299879444,225.00692018900008,0.1422178481138305,12.014085632,2026-02-02T17:03:20.780451
28595,0.015221309833767275,0.020151558033184358,3.7970375825517958e-06,0.002509055997506948,0.04403366500628181,92.83481973299058,142.6118944489972,0.22096423199764104,235.7222419059981,0.13575299361339455,12.007239168,2026-02-02T17:07:16.503282
28596,0.01538153414780693,0.01044103129651397,3.79423838992374e-06,0.002348535999772139,0.04029034101040452,91.79720359899147,140.3637084370057,0.2126875200010545,232.42532192,0.1376786304334529,12.01893632,2026-02-02T17:11:08.929191
28597,0.015541758461846585,0.0031564346766912443,3.7914411377114444e-06,0.00273323599685682,0.04495512699577375,90.85948657199697,138.27456829400398,0.22597859999950742,229.41688185300154,0.13948406822347076,12.006895616,2026-02-02T17:14:58.346857
28598,0.01570198277588624,0.003326620703978378,3.788645826668164e-06,0.0026383370022813324,0.042420260986546054,91.13351505800892,139.14706016101263,0.22432030599884456,230.5588378499997,0.13879320479928436,12.012454912,2026-02-02T17:18:48.906216
28599,0.015862207089925896,0.0027861955366130786,3.7858524575466444e-06,0.002461504998791497,0.04125584599751164,90.38419651499862,137.53114988800007,0.19303011000010883,228.1596735150015,0.1402526551121489,12.013521408,2026-02-02T17:22:37.066575
28600,0.016022431403965552,0.009899245790717437,3.7830610310991063e-06,0.002402864000032423,0.04596709199176985,91.24095993201263,139.36353436898935,0.22032565799963777,230.8796511699984,0.1386003480074481,11.993318912,2026-02-02T17:26:27.946933
28601,0.016182655718005208,0.009945117669075465,3.7802715480772348e-06,0.002384157996857539,0.0470412349968683,90.55270974899759,138.28699415700612,0.21249347800039686,229.10807808200116,0.13967207209754834,12.011362304,2026-02-02T17:30:17.055605
28602,0.016342880032044864,2.531414529549636e-06,3.7774840092322037e-06,0.0024336969945579767,0.04341093399489182,89.72639932101083,136.17669366200425,0.221409510999365,226.17979626899978,0.1414803644174381,11.993536512,2026-02-02T17:34:03.235924
28603,0.01650310434608452,0.00767387210289705,3.7746984153146638e-06,0.002298335992236389,0.04569051300131832,90.8625403469996,138.7763617439996,0.215468612001132,229.91218497000227,0.13918357569510809,12.008001024,2026-02-02T17:37:53.148714
28604,0.016663328660124172,0.013949859548154198,3.771914767074734e-06,0.0026242039966746233,0.04373796100480831,91.59279055900333,140.679813714989,0.22438624799906393,232.55285912099862,0.13760312438622915,12.008718848,2026-02-02T17:41:45.702165
28605,0.016823552974163828,0.013994654618220359,3.769133065262017e-06,0.0026675580120354425,0.04891215300449403,91.70085741100047,140.66589688699605,0.22712212600163184,232.65241359099673,0.1375442425293556,12.007955968,2026-02-02T17:45:38.355174
28606,0.016983777288203484,0.0017187639430082946,3.7663533106255875e-06,0.0024981470087368507,0.04407008000998758,88.94482939598674,134.53686918900712,0.2226584370000637,223.75953402099913,0.14301066607064394,12.0135552,2026-02-02T17:49:22.115206
28607,0.01714400160224314,0.001223812259669721,3.763575503913994e-06,0.0025781870135688223,0.040575441998953465,90.25913265499548,137.19693988299332,0.21541624599922216,227.7218454319991,0.1405223110645994,12.029888512,2026-02-02T17:53:09.837934
28608,0.017304225916282796,5.441439530518011e-06,3.760799645875263e-06,0.0026239010148856323,0.04358462500022142,90.01684259200556,136.4887222859943,0.21274656900277478,226.77247629699923,0.14111059914559587,11.992763392,2026-02-02T17:56:56.611064
28609,0.01746445023032245,0.013296261762435702,3.7580257372569008e-06,0.002768475005723303,0.04066571400107932,91.19501676699656,139.27625616000296,0.21061049699710566,230.73258390500268,0.13868869085770327,12.012559872,2026-02-02T18:00:47.344360
28610,0.017624674544362107,0.008457328767634387,3.7552537788058774e-06,0.0024884129961719736,0.04538691100242431,91.04394794899417,138.91649184699418,0.22278391699728672,230.2384243710003,0.13898635767432121,12.040659968,2026-02-02T18:04:37.583473
28611,0.017784898858401763,0.006589838114915203,3.752483771268652e-06,0.00242366200836841,0.0460433210064366,90.62488129999838,137.93543732500257,0.23033709700030158,228.84714378400167,0.13983132789371117,12.019283456,2026-02-02T18:08:26.431595
28612,0.01794512317244142,0.00013664373891453252,3.749715715391146e-06,0.0024564140003349166,0.04275388400128577,89.7378235140095,136.04858273898935,0.228822526998556,226.0690801439996,0.14154965367053693,11.992270848,2026-02-02T18:12:12.501334
28613,0.018105347486481075,0.0018489279315470064,3.746949611918759e-06,0.00292450000779354,0.04807447799612419,89.73787426500348,135.81120501599798,0.23264524399928632,225.8396855789979,0.14169343141777674,12.006454784,2026-02-02T18:15:58.341642
28614,0.018265571800520727,0.0014466598684448329,3.74418546159637e-06,0.0023068839909683447,0.047134589000052074,90.39721903200189,137.6571949209938,0.22794217000046046,228.33791393100182,0.14014317398760867,12.008693248,2026-02-02T18:19:46.680120
28615,0.018425796114560383,0.0026951034883389013,3.7414232651683227e-06,0.0024481959990225732,0.047816023990890244,90.24824699100645,137.1411568109943,0.2151816300029168,227.6641493979987,0.1405579230837005,12.010662912,2026-02-02T18:23:34.344776
28616,0.01858602042860004,0.0015924118354573302,3.738663023378443e-06,0.0024655229899508413,0.045725197000137996,92.64010436800163,142.43699062999804,0.18126339799709967,235.31493051500001,0.1359879712263314,12.030212096,2026-02-02T18:27:29.660311
28617,0.018746244742639695,0.005507996294835671,3.735904736970029e-06,0.002607921000162605,0.04127408200292848,89.99039217900281,136.6233271329911,0.24136477499996545,226.9065103469984,0.14102724488188448,12.012757504,2026-02-02T18:31:16.567487
28618,0.01890646905667935,1.9268418331996884e-06,3.7331484066858484e-06,0.002307213992025936,0.04786841799796093,90.7000014639998,138.25837708399922,0.21259187900068355,229.23020198899758,0.1395976608768853,12.0065408,2026-02-02T18:35:05.798261
28619,0.019066693370719007,0.0053121320180582465,3.730394033268143e-06,0.002577278995886445,0.03957247200014535,92.00024491399745,140.8827501199994,0.21947024700057227,233.15057574300226,0.13725035804875313,12.013287936,2026-02-02T18:38:58.949535
28620,0.019226917684758663,4.270088065361222e-06,3.7276416174586317e-06,0.0027845590011565946,0.04620095899736043,90.73618660000284,138.51945333800904,0.23549076299968874,229.54764631500075,0.13940460951661182,12.00786176,2026-02-02T18:42:48.497786
28621,0.01938714199879832,0.003632208860904651,3.7248911599984993e-06,0.0024840140031301416,0.04075818399360287,89.0371848720024,134.68393344500146,0.16662031899977592,223.93868952199773,0.14289625463248326,12.012808704,2026-02-02T18:46:32.436970
28622,0.019547366312837974,0.008940871356987845,3.722142661628414e-06,0.0027322969981469214,0.04337157199915964,93.46189044199127,144.40076943200984,0.18361381599970628,238.09966726499988,0.1343974998687616,12.059230208,2026-02-02T18:50:30.537221
28623,0.01970759062687763,0.005025112225267581,3.7193961230885047e-06,0.0023339410072367173,0.046264404994872166,90.64248921401304,138.1682818710069,0.1844505829976697,229.0507102039992,0.13970705426540644,11.992370176,2026-02-02T18:54:19.588518
28624,0.019867814940917283,0.015238951111172128,3.716651545118378e-06,0.0023774150031385943,0.0362578710046364,89.77344292099951,136.32572553499995,0.22171398299906286,226.3677120570028,0.14136291659802577,12.00811776,2026-02-02T18:58:05.956784
28625,0.02002803925495694,0.00664042292380751,3.7139089284571127e-06,0.0028878840057586785,0.038064865992055275,91.04611641799056,139.25951389400143,0.16727676200025599,230.52421753100134,0.13881404887838553,12.013769216,2026-02-02T19:01:56.481812
28626,0.020188263568996594,0.005295774045396051,3.7111682738432617e-06,0.0026366829915787093,0.044815558998379856,90.163670214999,136.94913870399978,0.21552535399678163,227.38434817099915,0.1407308825668825,12.017508352,2026-02-02T19:05:43.866824
28627,0.02034848788303625,0.005485794983705272,3.7084295820148424e-06,0.002455744001053972,0.04226013099469128,92.12373567000395,141.54255849499532,0.19512359999862383,233.91388345200176,0.13680248272465742,12.014260736,2026-02-02T19:09:37.781370
28628,0.020508712197075906,0.005474575936260884,3.705692853709353e-06,0.002340776009077672,0.046487736006383784,89.34571012999004,135.1455331580073,0.22640297099860618,224.77349271099956,0.14236554147932248,12.006592,2026-02-02T19:13:22.555416
28629,0.020668936511115562,1.9866655184053172e-05,3.7029580896637556e-06,0.002521165006328374,0.04732772600254975,90.7781610499951,138.4891846749997,0.21037185800014413,229.53400773699832,0.13941289273642546,11.99264768,2026-02-02T19:17:12.089928
28630,0.020829160825155218,0.0027854841170524836,3.7002252906144837e-06,0.0022932279935048427,0.04456821099665831,92.47482783600208,142.39868638299595,0.24097406299915747,235.16949800300063,0.13607206832406343,12.007639552,2026-02-02T19:21:07.260118
28631,0.020989385139194874,0.006129594143630346,3.697494457297445e-06,0.002378252007474657,0.04789206101122545,90.28387500899407,137.4459864100063,0.21697969099477632,228.00321803800034,0.14034889628034414,12.01917696,2026-02-02T19:24:55.263949
28632,0.02114960945323453,0.0008713517428358131,3.69476559044802e-06,0.00256740899203578,0.04622879499220289,90.05555331598589,136.70974854999076,0.24671607599884737,227.0698489330025,0.14092579948578587,12.008339968,2026-02-02T19:28:42.334417
28633,0.021309833767274185,0.005089089516634893,3.6920386908010534e-06,0.0024594179922132753,0.04857562000688631,90.3049424179917,137.3244684740057,0.22133728299377253,227.9099556930014,0.14040632802853312,12.008520704,2026-02-02T19:32:30.245078
28634,0.021470058081313838,6.4298469344414855e-06,3.6893137590908604e-06,0.002420190008706413,0.04420149201177992,90.50765338199562,137.47046023001167,0.17996591799601447,228.21175102800044,0.1402206497073578,12.00595712,2026-02-02T19:36:18.457436
28635,0.021630282395353494,0.003495868681721026,3.6865907960512333e-06,0.002475328008586075,0.0441801290071453,90.23377477999747,137.07607841998106,0.18307583199930377,227.5508059720014,0.14062793521345465,11.992839168,2026-02-02T19:40:06.008757
28636,0.02179050670939315,0.012611183559092076,3.6838698024154272e-06,0.002547421994677279,0.04722073800076032,91.3116109689945,139.74963049100916,0.15346913599933032,231.27299441800278,0.138364620047956,12.020651008,2026-02-02T19:43:57.282357
28637,0.021950731023432805,0.010040939360681733,3.68115077891617e-06,0.0023156280076364055,0.04811727000196697,91.43108820000634,139.52555137699528,0.21046563400159357,231.2258296880027,0.13839284323545598,12.013799936,2026-02-02T19:47:48.508779
28638,0.02211095533747246,0.00493562703796524,3.678433726285661e-06,0.002439611023874022,0.041943141994124744,88.28698287501174,132.93206437798653,0.207050156997866,221.47819005999918,0.14448375251455275,11.993330688,2026-02-02T19:51:29.987481
28639,0.022271179651512117,0.005102718158603636,3.675718645255564e-06,0.0023850359793868847,0.048601126989524346,91.33668855500582,139.11600903601357,0.22006678600155283,230.73128301300312,0.13868947280198934,11.992246272,2026-02-02T19:55:20.719354
28640,0.022431403965551773,2.6573589648748452e-06,3.673005536557013e-06,0.0030576189965358935,0.04327270899375435,91.51211810699897,139.680884721005,0.2047590170041076,231.45221401099843,0.1382574806498908,12.009356288,2026-02-02T19:59:12.172157
28641,0.02259162827959143,0.00016965888636732984,3.670294400920616e-06,0.002924033979070373,0.041789647002588026,92.16471986499528,141.04722593198676,0.21338188499794342,233.478472736002,0.13705760374826048,12.007025664,2026-02-02T20:03:05.651226
28642,0.022751852593631085,0.00023731139418359248,3.6675852390764402e-06,0.002407118990959134,0.03918253999290755,89.6598968489925,135.94340991300123,0.20098080200114055,225.8518732070006,0.14168578522557107,12.01222144,2026-02-02T20:06:51.503793
28643,0.02291207690767074,4.183042125127656e-06,3.6648780517540325e-06,0.0023771480045979843,0.046935586993640754,91.12038747098268,139.25090104700212,0.21972079999977723,230.64973153100436,0.1387385096335935,12.019620352,2026-02-02T20:10:42.154117
28644,0.023072301221710393,2.7815977293066396e-05,3.6621728396824e-06,0.002478284004610032,0.04107558800751576,89.75824179099436,135.80141721101245,0.18981170000188285,225.80002978300035,0.14171831611693242,12.009417216,2026-02-02T20:14:27.954744
28645,0.02323252553575005,0.005292304446423479,3.6594696035900176e-06,0.0031375839971587993,0.045126855991838966,90.95900802899996,138.79570515901287,0.2315820360017824,230.0412950309983,0.13910545928585547,12.005799424,2026-02-02T20:18:17.996624
28646,0.023392749849789705,0.0018502873885481996,3.656768344204834e-06,0.002628145011840388,0.05213495699717896,90.11862784998812,137.14292750601453,0.2128288120002253,227.539332362001,0.14063502633949007,11.993060352,2026-02-02T20:22:05.536535
28647,0.02355297416382936,4.2772425676851356e-06,3.6540690622542633e-06,0.002315453006303869,0.044477844014181755,90.22521185399091,137.48063708700647,0.20651803699729498,227.96647423299873,0.14037151781929835,12.016607232,2026-02-02T20:25:53.503612
28648,0.023713198477869016,0.018081671035997005,3.6513717584651834e-06,0.002472303000104148,0.042812652987777255,89.23505067302176,134.7813146339904,0.16525586000352632,224.2344815510005,0.14270775742722616,11.993517056,2026-02-02T20:29:37.738772
28649,0.023873422791908672,0.0024553423159565657,3.648676433563946e-06,0.0023950539907673374,0.046701805003976915,90.91051492699626,138.3596883160135,0.15254283000103896,229.48026044500148,0.13944554506756496,12.012493824,2026-02-02T20:33:27.219670
28650,0.024033647105948328,0.0004564104969109195,3.645983088276364e-06,0.002610081988677848,0.047272108975448646,89.01804547302163,134.60092606498802,0.24626644900126848,223.92167167599837,0.14290711461953598,12.013095424,2026-02-02T20:37:11.142007
28651,0.024193871419987984,0.012447019564388206,3.6432917233277175e-06,0.0025619350126362406,0.04115896701114252,90.6956823579967,138.58260329500627,0.22238424800161738,229.55329737099964,0.1394011777068147,12.00867584,2026-02-02T20:41:00.695967
28652,0.02435409573402764,0.00553536837364188,3.640602339442759e-06,0.0024012940120883286,0.044274175008467864,90.65132749298937,137.95512305500597,0.18610334799450357,228.8470962470019,0.13983135694001286,11.9931008,2026-02-02T20:44:49.543624
28653,0.024514320048067296,0.015879913068329365,3.6379149373456994e-06,0.0024705100004212,0.04364973300835118,90.22019846599142,136.63415472798806,0.2105544000005466,227.11709931200312,0.14089648070064448,12.007368192,2026-02-02T20:48:36.661308
28654,0.024674544362106948,0.001444585878755511,3.6352295177602237e-06,0.0025377280253451318,0.041351923006004654,89.6197423600097,135.8844002449987,0.22601298800145742,225.78332129699993,0.14172880359885642,12.0041728,2026-02-02T20:52:22.445175
28655,0.024834768676146604,0.011848363023220898,3.6325460814094813e-06,0.0023605750102433376,0.044541952993313316,92.00060638398281,141.26416840902675,0.26321583399840165,233.58182809099526,0.13699695846003024,12.016474112,2026-02-02T20:56:16.027829
28656,0.02499499299018626,7.421763844384088e-06,3.6298646290160836e-06,0.002568720985436812,0.04378086000360781,90.22143593699002,137.42201973201009,0.2095321079978021,227.9056816979937,0.14040896111753978,11.992967168,2026-02-02T21:00:03.934179
28657,0.025155217304225916,0.005076005810961348,3.6271851613021075e-06,0.002446779988531489,0.04091153199260589,90.27385917999345,137.12465846501436,0.19455462600308238,227.64458480699977,0.14057000313506268,11.99313664,2026-02-02T21:03:51.579356
28658,0.02531544161826557,0.02155362518738002,3.6245076789891023e-06,0.0025881269975798205,0.04469199899904197,91.32614221399854,139.8098715390006,0.17838247300096555,231.36950102500123,0.13830690673677926,12.00849152,2026-02-02T21:07:42.949387
28659,0.025475665932305228,0.007822803663239508,3.621832182798076e-06,0.0024686559991096146,0.041318304000014905,91.22749772998213,139.14533013201435,0.2545685399963986,230.68106750099832,0.13871966324181118,12.014586368,2026-02-02T21:11:33.631209
28660,0.025635890246344883,0.0012282151845735,3.619158673449503e-06,0.002526062002289109,0.04948794800293399,91.8404531139895,140.8786391199974,0.2519316020043334,233.0326851849968,0.13731979260590108,12.006680064,2026-02-02T21:15:26.665094
28661,0.02579611456038454,0.0013205976112713458,3.6164871516633315e-06,0.0025660610117483884,0.048716771001636516,90.59646737501316,137.93405256699043,0.2911412250032299,228.8825962789997,0.13980966888803176,11.99347456,2026-02-02T21:19:15.548576
28662,0.025956338874424195,0.006285818093875406,3.6138176181589557e-06,0.0025450710018048994,0.042205099009152036,90.75030930199136,138.47130093998567,0.1839504890012904,229.4599583179952,0.13945788291154948,11.993238528,2026-02-02T21:23:05.009141
28663,0.02611656318846385,0.0005263817863214726,3.611150073655251e-06,0.002770241000689566,0.04465789198002312,89.12290308401134,135.0256216350026,0.15993367000191938,224.36309811599494,0.1426259499387734,12.008582656,2026-02-02T21:26:49.372856
28664,0.026276787502503503,0.0068488178804435584,3.6084845188705527e-06,0.002524718001950532,0.04660801901627565,91.5537579110096,139.65399259697733,0.219212300995423,231.48361821599974,0.13823872396076198,12.01158656,2026-02-02T21:30:40.857064
28665,0.02643701181654316,0.009734000890058603,3.605820954522657e-06,0.002644560008775443,0.03962712500651833,92.63644048800052,142.70972060799977,0.279674139994313,235.67543982499774,0.135779952394538,12.010950656,2026-02-02T21:34:36.533198
28666,0.026597236130582815,0.0017357607027310706,3.6031593813288288e-06,0.0027095999830635265,0.05005862801044714,90.06567786300002,136.9270811289898,0.17938158699689666,227.2320757589987,0.14082518893124515,12.011242496,2026-02-02T21:38:23.765959
28667,0.02675746044462247,0.002238515316114409,3.600499800005792e-06,0.0023612569930264726,0.03855664198636077,91.12487098602287,139.5013928149856,0.19007294499897398,230.86421736000193,0.1386096137631423,12.004063744,2026-02-02T21:42:14.630778
28668,0.026917684758662127,0.004975635399666611,3.5978422112697355e-06,0.0024402320123044774,0.04661037900223164,91.01908585899946,138.85895174498,0.17033718000311637,230.1048138469996,0.1390670602018666,12.018899456,2026-02-02T21:46:04.736161
28669,0.027077909072701783,0.00525985981787791,3.5951866158363147e-06,0.002582438974059187,0.044611521014303435,91.6147692659797,139.81578637599887,0.2114025050032069,231.69952800299507,0.13810990585870486,12.01493248,2026-02-02T21:49:56.436240
28670,0.02723813338674144,9.884984041086398e-06,3.592533014420648e-06,0.002503381976566743,0.03796826799225528,89.25409166698955,134.8058376720146,0.19917611100390786,224.30934370400064,0.14266012940694664,12.00758016,2026-02-02T21:53:40.746161
28671,0.027398357700781095,0.008186476591228953,3.5898814077373097e-06,0.0025479370160610415,0.041856278003251646,89.46879662898573,135.7912453050085,0.20963805900100851,225.5225259180006,0.14189269949749994,12.010544128,2026-02-02T21:57:26.269328
28672,0.02755858201482075,1.5678735554303103e-06,3.587231796500348e-06,0.0023859209977672435,0.04431886001111707,89.99569516599877,137.13140618000034,0.21473332299501635,227.3949274789993,0.1407243352117224,12.01003008,2026-02-02T22:01:13.664856
28673,0.027718806328860406,0.009266418666525666,3.5845841814232654e-06,0.002642484010721091,0.0448897160240449,91.9920206139941,141.28207611898688,0.15049004899628926,233.47851150199858,0.13705758099167117,12.010126336,2026-02-02T22:05:07.143947
28674,0.02787903064290006,7.404437036395706e-06,3.5819385632190264e-06,0.002373056995566003,0.04851104699628195,90.52529035099724,137.9662741469947,0.18014215199946193,228.7298722120031,0.1399030204954608,11.99212032,2026-02-02T22:08:55.874410
28675,0.028039254956939715,0.002015204619751465,3.579294942600066e-06,0.012961399006599095,0.04692071400495479,91.8103890949933,139.95145271001093,0.2047366080005304,232.03353746800713,0.13791109832306966,12.014483968,2026-02-02T22:12:47.911554
28676,0.02819947927097937,0.008299358813768087,3.5766533202782707e-06,0.0029547679878305644,0.04236809801659547,91.20489738699689,139.55658748101268,0.20803243199770804,231.02152565900178,0.13851523103190586,12.025170432,2026-02-02T22:16:38.935636
28677,0.028359703585019026,0.004921023290393567,3.574013696964999e-06,0.0024858230026438832,0.04473230399162276,92.16512597301335,141.33535370598838,0.19838609900034498,233.75407392099441,0.1368960098244771,12.01204736,2026-02-02T22:20:32.690295
28678,0.028519927899058682,0.012571928814507416,3.571376073371066e-06,0.0024713429957046174,0.0495432229799917,89.905560979023,136.97937869199814,0.20380581299832556,227.14977639300196,0.14087621175833945,11.99298048,2026-02-02T22:24:19.840679
28679,0.028680152213098338,6.678229782508538e-07,3.5687404502067466e-06,0.0026523529886617325,0.041491999007121194,90.58265019799,137.97059447299398,0.17817862299853005,228.7835941270023,0.13987016910939937,12.012749312,2026-02-02T22:28:08.624843
28680,0.028840376527137994,4.0263711131860447e-07,3.5661068281817778e-06,0.002589123003417626,0.05297447300108615,90.4522695070118,137.73157746499783,0.18382769599702442,228.43320782800583,0.14008471143168358,11.992891392,2026-02-02T22:31:57.058636
28681,0.02900060084117765,0.00661832924736494,3.563475208005364e-06,0.0024943210155470297,0.047090249026950914,91.2368337539956,139.27569885198318,0.203204914003436,230.7724551880019,0.1386647291763255,12.00627456,2026-02-02T22:35:47.831715
28682,0.029160825155217306,0.00011016070287706015,3.560845590386159e-06,0.0028088170001865365,0.04878951000137022,91.27067967000039,139.88628782799788,0.20758994000061648,231.4246102670004,0.13827397165357996,12.013890048,2026-02-02T22:39:39.256874
28683,0.029321049469256958,0.00510735118309924,3.55821797603229e-06,0.002538560001994483,0.04249615698790876,92.48321578899777,141.84422273800737,0.2265086400002474,234.6051147399994,0.13639941326711452,11.993035776,2026-02-02T22:43:33.862503
28684,0.029481273783296614,0.004499592874363412,3.5555923656513332e-06,0.0024146720024873503,0.04572168098820839,89.76030694100336,136.10113774300407,0.2099871769969468,226.12711789400055,0.14151332355900956,11.992027136,2026-02-02T22:47:19.990197
28685,0.02964149809733627,0.012837153909676768,3.552968759950336e-06,0.0023688730143476278,0.04380613499961328,91.6564439789945,140.39444149500196,0.23044283100171015,232.33478002600168,0.13773228440622937,11.992236032,2026-02-02T22:51:12.325558
28686,0.029801722411375926,0.01043305390556215,3.550347159635795e-06,0.0024439329936285503,0.04743033499107696,89.25620439301565,135.52791082599288,0.21296722700208193,225.05615978999413,0.14218673254648995,12.00385024,2026-02-02T22:54:57.382353
28687,0.02996194672541558,1.3468149041351296e-05,3.547727565413677e-06,0.002486477002094034,0.045316187002754305,90.80755838900222,138.52986080499977,0.17126529200322693,229.5665085569999,0.13939315539163066,11.992923136,2026-02-02T22:58:46.949686
28688,0.030122171039455237,0.0003471166211337362,3.545109977989401e-06,0.002411415996903088,0.04502590199263068,91.16449844199087,139.59032168902195,0.21780686900456203,231.02692454699718,0.13851199405760314,11.9928576,2026-02-02T23:02:37.977284
28689,0.030282395353494893,0.009139079420176888,3.5424943980678505e-06,0.0024563619954278693,0.047689115985122044,90.87396300599357,138.58438120100618,0.18551348299661186,229.70326688200294,0.13931016495485105,12.00668416,2026-02-02T23:06:27.681199
28690,0.03044261966753455,1.2521545959653935e-05,3.5398808263533647e-06,0.002795298001728952,0.04108908399939537,88.95359598599316,134.52727745401353,0.2277686680026818,223.76089464699908,0.14300979646368767,12.00841472,2026-02-02T23:10:11.442601
28691,0.030602843981574205,0.00605935053126494,3.5372692635497434e-06,0.0023196609981823713,0.040834541992808226,90.64719996400527,138.36000812899874,0.21875711900065653,229.2753463629997,0.13957017406195985,12.00770816,2026-02-02T23:14:00.718566
28692,0.03076306829561386,4.822233747869831e-06,3.534659710360245e-06,0.0025102879808400758,0.038679353980114684,90.41589087001194,137.62758148499415,0.18969800999911968,228.28114701899904,0.14017802353751427,12.02120704,2026-02-02T23:17:49.000400
28693,0.030923292609653513,4.6500058648035747e-07,3.5320521674875922e-06,0.002492764986527618,0.04955965399858542,89.77427422000619,136.47603886399156,0.21722941900225123,226.52977288499824,0.1412617846760715,11.993269248,2026-02-02T23:21:35.530749
28694,0.03108351692369317,0.005556703119040218,3.5294466356339583e-06,0.0027154349809279665,0.04672878201381536,90.1240931299908,136.90776965398982,0.22259092499734834,227.31213331000617,0.14077559140390758,11.99242752,2026-02-02T23:25:22.843457
28695,0.031243741237732825,0.0002507289805020463,3.5268431155009764e-06,0.0026783929861267097,0.044481619996076915,89.92899972999294,136.5999137109975,0.19088855899462942,226.7753754639998,0.14110879514376526,11.993156608,2026-02-02T23:29:09.619422
28696,0.03140396555177248,0.00010208045098414331,3.5242416077897438e-06,0.002740266005275771,0.03877721400203882,90.37529979598912,137.72544728099456,0.2049287789996015,228.35445484799857,0.1401330226787142,12.01298688,2026-02-02T23:32:57.974595
28697,0.03156418986581214,0.0026408323384998766,3.521642113200808e-06,0.002437873015878722,0.044860152986075263,93.4346329930122,142.78321951502585,0.2242828539965558,236.50774377700145,0.1353021236808727,12.013797888,2026-02-02T23:36:54.493313
28698,0.03172441417985179,0.00034009124521139356,3.5190446324341804e-06,0.0027696660108631477,0.0482964610127965,90.79054558899225,138.44995706700865,0.17391216699616052,229.474574423999,0.1394490003100464,11.992579072,2026-02-02T23:40:43.969537
28699,0.03188463849389145,5.4769513750940746e-05,3.5164491661893302e-06,0.0026206570109934546,0.04185104197676992,89.82779270002356,136.03130347097613,0.2100517819999368,226.12385997900128,0.14151536243442706,12.006215168,2026-02-02T23:44:30.093969
28700,0.032044862807931104,9.703137047178956e-07,3.5138557151651802e-06,0.0025833450054051355,0.044819421993452124,90.83822998400137,138.13383844599593,0.23258287900534924,229.26074722400517,0.1395790617777825,12.008584704,2026-02-02T23:48:19.355245
28701,0.03220508712197076,9.203959672632323e-06,3.51126428006011e-06,0.002364095998927951,0.04552441200212343,90.61891874299909,138.23017672100832,0.20662337700196076,229.11132128899771,0.13967009495631016,11.992946688,2026-02-02T23:52:08.467239
28702,0.032365311436010416,0.0005473129694189005,3.508674861571961e-06,0.0026225780020467937,0.04567709999537328,90.41845246899902,137.84230888100137,0.19919296800071606,228.51718167900253,0.14003323410906718,12.016891904,2026-02-02T23:55:56.984998
28703,0.03252553575005007,0.0013904626519551933,3.5060874603980276e-06,0.0031362429799628444,0.0452226390116266,89.19628209300572,135.025849472986,0.2733159670024179,224.55064272299933,0.1425068288024207,12.01361152,2026-02-02T23:59:41.536475
28704,0.03268576006408973,0.0024460543321449535,3.5035020772350646e-06,0.002825874020345509,0.04204123801901005,91.40185473197926,140.78856280600303,0.20812387000478338,232.4497961090019,0.1376641345170049,12.01666048,2026-02-03T00:03:33.986903
28705,0.032845984378129384,0.010222432950956595,3.5009187127792812e-06,0.0028767850089934655,0.050632209982723,91.78674976501497,140.6061315829793,0.21810848400491523,232.6713253830021,0.13753306277567529,12.019230208,2026-02-03T00:07:26.658821
28706,0.03300620869216904,0.002662237901357889,3.49833736772634e-06,0.002928801994130481,0.04494480400899192,90.8321216909826,138.8995237730196,0.21863813499658136,230.0052618109985,0.1391272519073727,12.009726976,2026-02-03T00:11:16.664680
28707,0.033166433006208695,0.007424313938004801,3.4957580427713642e-06,0.0027294099927530624,0.042859161003434565,92.53247619799367,141.99586449901108,0.1799630090026767,234.76154256500013,0.13630852673043725,11.992332288,2026-02-03T00:15:11.426797
28708,0.033326657320248344,0.004044820294454965,3.4931807386089346e-06,0.003175555990310386,0.046621155001048464,89.35319306899328,135.23572306702408,0.22005270600493532,224.8690218089978,0.14230506159794915,11.99245824,2026-02-03T00:18:56.296410
28709,0.033486881634288,0.004190341573867995,3.4906054559330814e-06,0.0024815659926389344,0.04439232500590151,90.96163407498534,138.61962102401594,0.15025761500146473,229.7858236480024,0.1392601140139055,12.009616384,2026-02-03T00:22:46.082824
28710,0.033647105948327656,0.003966083959460298,3.4880321954372963e-06,0.0023554220169899054,0.0470493849934428,89.5465581400058,135.9973703949945,0.24417985800391762,225.84538878699823,0.1416898532747117,12.010230784,2026-02-03T00:26:31.928797
28711,0.03380733026236731,5.022008586763604e-07,3.4854609578145247e-06,0.002822350972564891,0.042567360993416514,90.14508745601051,137.18088271700253,0.16784712800290436,227.54759795100108,0.14062991782005413,11.992029184,2026-02-03T00:30:19.477225
28712,0.03396755457640697,0.0006733752118153191,3.4828917437571623e-06,0.002838774998963345,0.04813571198610589,91.56270360402414,139.57159374598268,0.21087817999796243,231.40244683000492,0.13828721536167743,11.993283584,2026-02-03T00:34:10.880280
28713,0.034127778890446624,0.005798431520973146,3.4803245539570693e-06,0.0029295299973455258,0.04674011201859685,88.86192993498844,134.07342846900428,0.2556649780017324,223.2482670190002,0.1433381787338871,12.01253632,2026-02-03T00:37:54.129587
28714,0.03428800320448628,0.007034066566649955,3.4777593891055513e-06,0.0024291289810207672,0.043863197017344646,91.54165820100025,139.73083843698987,0.1503712180056027,231.47640523700102,0.13824303158344048,12.0153088,2026-02-03T00:41:45.606897
28715,0.034448227518525935,0.0027454738749965735,3.4751962498933746e-06,0.0033480950150988065,0.04626390799967339,90.77617564001412,138.419468554981,0.2527751609959523,229.5101988890019,0.13942735510188012,12.011940864,2026-02-03T00:45:35.118066
28716,0.03460845183256559,0.002257074008642168,3.472635137010763e-06,0.002669341003638692,0.0481824169983156,91.4734713650032,140.19112502799544,0.19235479900089558,231.91501349899772,0.13798158005039332,12.009409536,2026-02-03T00:49:27.033744
28717,0.03476867614660525,0.006284819271125119,3.470076051147386e-06,0.003233919997001067,0.0396487850084668,89.91323961099988,136.25749920701492,0.21800047499709763,226.440263339995,0.1413176240302844,12.002530816,2026-02-03T00:53:13.474600
28718,0.0349289004606449,0.005357603746431128,3.467518992992369e-06,0.0030455839878413826,0.04473484899062896,90.45355789099267,137.87525498901232,0.20933363799849758,228.5958101080032,0.13998506790164336,12.006697472,2026-02-03T00:57:02.070987
28719,0.03508912477468456,0.0026793952492703,3.4649639632342987e-06,0.0026348949977546,0.05087754301348468,90.87935745598952,138.84895145700284,0.2015373410031316,229.99046328999975,0.1391362039201188,11.993051136,2026-02-03T01:00:52.062041
28720,0.035249349088724215,0.004208110218165917,3.4624109625612074e-06,0.0035901610244764015,0.05154212600609753,89.88213050100603,136.75241754300805,0.24069376300030854,226.9366753649956,0.14100849917067182,12.003097088,2026-02-03T01:04:38.999554
28721,0.03540957340276387,0.0009409407972755801,3.459859991660584e-06,0.0027611109981080517,0.0475749720208114,89.85056585099665,136.68152487001498,0.2616710750007769,226.8526713070023,0.1410607149372909,12.013603328,2026-02-03T01:08:25.852950
28722,0.035569797716803526,1.3827637033614337e-05,3.457311051219375e-06,0.002614372002426535,0.046490658991388045,89.6461311640087,135.72367142698204,0.2051158949980163,225.6321273040012,0.14182377475387362,12.008324608,2026-02-03T01:12:11.485854
28723,0.03573002203084318,1.4045691481001654e-06,3.454764141923974e-06,0.0025740810087881982,0.046837885020067915,88.74812142098381,133.77384902702033,0.17913486999896122,222.75739331600198,0.14365404229077613,12.00911872,2026-02-03T01:15:54.244059
28724,0.03589024634488284,0.0008245584788952875,3.4522192644602266e-06,0.0025963370062527247,0.04213430301024346,90.38380650400359,137.79932779299997,0.21817977199680172,228.45327752300363,0.1400724049440605,12.008098304,2026-02-03T01:19:42.698051
28725,0.036050470658922494,0.0030429590668616946,3.4496764195134395e-06,0.002644962994963862,0.05068009102251381,89.71299358098622,136.1443831219949,0.15347897999890847,226.07208798499778,0.14154777038253183,12.010953728,2026-02-03T01:23:28.770654
28726,0.03621069497296215,0.002490728366844941,3.4471356077683627e-06,0.0024721930094528943,0.04957204499078216,90.06700758002262,136.7246581799991,0.19434111399459653,227.0454762330046,0.14094092747815912,12.006952448,2026-02-03T01:27:15.816725
28727,0.036370919287001806,0.0016943339590189677,3.444596829909207e-06,0.0031178270000964403,0.04424296799697913,91.96707225700811,140.9820529369972,0.2028216649996466,233.20677629700367,0.13721728205378544,12.011537408,2026-02-03T01:31:09.024061
28728,0.036531143601041455,9.565237358177825e-06,3.442060086619629e-06,0.003337317997647915,0.05283493900060421,90.14959431901661,137.1284132209912,0.29539822100196034,227.6387040289992,0.14057363459565064,12.022798336,2026-02-03T01:34:56.663533
28729,0.03669136791508111,0.001203316214693828,3.4395253785827394e-06,0.002671666006790474,0.048485678009456024,89.81880460600223,136.1769573799902,0.21017544099595398,226.2642442869983,0.14142756006738091,11.992730624,2026-02-03T01:38:42.928512
28730,0.036851592229120766,0.0034500300475586165,3.436992706481101e-06,0.0024967850258690305,0.04486125301627908,90.15042184098274,136.73402787700616,0.17499462800333276,227.11300683499576,0.14089901959357587,12.028745728,2026-02-03T01:42:30.042460
28731,0.03701181654316042,0.003601666110708557,3.434462070996734e-06,0.002737122013058979,0.047171574988169596,89.79933632800385,136.1089756969959,0.17205239900067681,226.1372869859988,0.14150695989370946,12.00946944,2026-02-03T01:46:16.180430
28732,0.03717204085720008,0.0012791175772992602,3.431933472811097e-06,0.0028114260057918727,0.04611337401001947,89.49417688199173,135.71019183499448,0.23175445000379113,225.4946652590006,0.14191023083958623,11.993014272,2026-02-03T01:50:01.675707
28733,0.037332265171239734,0.0014062857046210908,3.4294069126051146e-06,0.002775585016934201,0.04754821299138712,91.28875829600292,139.20709201799036,0.24307176699949196,230.79707359299937,0.13864993824155072,12.008497664,2026-02-03T01:53:52.473585
28734,0.03749248948527939,0.0007371169049346094,3.4268823910591537e-06,0.002568751988292206,0.0485366529901512,89.61561893601902,135.61286790698068,0.21257465000235243,225.50036161999742,0.14190664604753447,12.006007296,2026-02-03T01:57:37.974639
28735,0.037652713799319046,0.0368587841134318,3.424359908853031e-06,0.00373829499585554,0.04691561999061378,90.92634485299641,138.62057766399084,0.2120129159957287,229.81789432899677,0.13924068051111052,12.020862976,2026-02-03T02:01:27.793094
28736,0.0378129381133587,2.188626782473335e-06,3.4218394666660193e-06,0.0028278080135351047,0.04746454999258276,89.38394863300346,135.69065444200533,0.2783827349994681,225.4103201830003,0.1419633314660157,11.992220672,2026-02-03T02:05:13.203982
28737,0.03797316242739836,0.0022653120047300135,3.4193210651768436e-06,0.0025727510001161136,0.043330653992597945,91.44684190799308,139.7500466929996,0.19146355699922424,231.44046275500295,0.13826450059372028,12.008487424,2026-02-03T02:09:04.645028
28738,0.03813338674143801,0.004228004737295787,3.4168047050636745e-06,0.0028053930000169203,0.048500619021069724,91.1748467279831,139.20936463202816,0.19608312199852662,230.63881661400228,0.1387450753944653,12.021421056,2026-02-03T02:12:55.284419
28739,0.03829361105547767,0.010526086028000314,3.4142903870041306e-06,0.002611818003060762,0.04365734000020893,91.64181542600272,140.1738064050005,0.21670306799933314,232.08556054999644,0.1378801848945983,12.014998016,2026-02-03T02:16:47.370663
28740,0.038453835369517325,0.0028462071162831393,3.411778111675288e-06,0.0029915759951109067,0.04387658199266298,91.21104290800577,139.56497253997804,0.21180998899944825,231.04173741400155,0.13850311358531509,11.992587264,2026-02-03T02:20:38.412986
28741,0.03861405968355698,0.0006625840677196848,3.409267879753666e-06,0.0030547589776688255,0.045315554991248064,91.36484029598796,139.52844650699262,0.21167310800228734,231.16273108300084,0.1384306192009392,11.992077312,2026-02-03T02:24:29.576305
28742,0.03877428399759664,0.00045812774019848845,3.4067596919152417e-06,0.0025714609946589917,0.046148439003445674,91.5433049679923,140.10800441299943,0.262283452997508,231.96939966299396,0.1379492297108572,12.016914432,2026-02-03T02:28:21.546533
28743,0.03893450831163629,0.001842480891690812,3.404253548835431e-06,0.002434079986414872,0.04342514400195796,90.23285720799322,137.38056786400557,0.17005281200545141,227.83733753299748,0.1404510794696478,11.99339008,2026-02-03T02:32:09.384527
28744,0.03909473262567595,0.0045773740559011955,3.4017494511891097e-06,0.0029316190048120916,0.047927920015354175,89.87290295498678,136.450519152997,0.2600326609972399,226.64414797399513,0.1411904974650907,11.992081408,2026-02-03T02:35:56.029434
28745,0.039254956939715605,0.0009377295449595202,3.3992473996505925e-06,0.002880018000723794,0.04498592400341295,90.22381996800686,137.0371330229973,0.16994797700317577,227.48525271499966,0.14066845924333635,12.010067968,2026-02-03T02:39:43.515357
28746,0.03941518125375526,5.102263309630928e-07,3.396747394893656e-06,0.0031065649891388603,0.04441769299592124,90.85505422000278,138.49081775999366,0.2400535119959386,229.64059975000418,0.13934818161438553,11.99216384,2026-02-03T02:43:33.156562
28747,0.039575405567794916,0.005209959262700181,3.3942494375915095e-06,0.002711776993237436,0.04329004098690348,89.48450221802341,135.83763839997118,0.2331383269993239,225.60790004599403,0.14183900472224711,12.013818368,2026-02-03T02:47:18.765052
28748,0.039735629881834565,0.014519364508116084,3.3917535284168277e-06,0.002767330013739411,0.04850091000116663,90.7618715090066,138.32156529999338,0.21253965200594394,229.35385176000273,0.13952240066796434,11.99289344,2026-02-03T02:51:08.119957
28749,0.03989585419587422,0.004071654125715973,3.389259668041722e-06,0.002818319982907269,0.044917581995832734,91.40383619000204,139.7860671009912,0.20701916499820072,231.45206254599907,0.13825757112724057,12.012848128,2026-02-03T02:54:59.572780
28750,0.04005607850991388,0.00552490825594365,3.3867678571377543e-06,0.002812433012877591,0.046419493010034785,90.9252506499979,138.71401863799838,0.18799450300139142,229.88420177999797,0.13920051814010428,11.992022016,2026-02-03T02:58:49.457572
28751,0.04021630282395353,0.0095432340544237,3.3842780963759404e-06,0.0024368010053876787,0.04484208201029105,90.9444457369973,139.02101257798495,0.17933402700145962,230.19935565299966,0.13900994600626293,11.992383488,2026-02-03T03:02:39.657437
28752,0.04037652713799319,0.006609369144625177,3.3817903864267344e-06,0.0022264790241024457,0.043370477003918495,90.68085102398618,138.32239734000177,0.20882483800232876,229.2643498000034,0.13957686848354267,12.008253952,2026-02-03T03:06:28.922497
28753,0.040536751452032845,3.1626524732430994e-07,3.3793047279600473e-06,0.0025106219909503125,0.040293279009347316,88.7711943649847,133.88537512401672,0.29953726600069785,223.0071196380013,0.14349317659429142,11.992452608,2026-02-03T03:10:11.930499
28754,0.0406969757660725,0.0016271834648220462,3.3768211216452344e-06,0.002528720986447297,0.04077126901393058,92.01378430597833,141.1293744860086,0.19729207999625942,233.39264693500445,0.13710800413053034,12.010708992,2026-02-03T03:14:05.324056
28755,0.040857200080112156,0.0052406382605614255,3.374339568151096e-06,0.003097923006862402,0.04220353699201951,88.7585222090056,133.95502153498092,0.19409403100144118,222.9594906860002,0.14352382982909864,12.017362944,2026-02-03T03:17:48.284199
28756,0.04101742439415181,0.0029919020438642363,3.3718600681458805e-06,0.002973554997879546,0.04666687797725899,91.46980773000541,139.5444310810053,0.18357443899731152,231.25655280700448,0.1383744573357264,12.008582656,2026-02-03T03:21:39.541318
28757,0.04117764870819147,0.007731732301807348,3.369382622297288e-06,0.002713083988055587,0.04901632399560185,91.37672798903077,139.6333304219952,0.15562908099673223,231.22538313800032,0.13839311050422914,12.00882176,2026-02-03T03:25:30.767290
28758,0.041337873022231124,0.003931242168732474,3.3669072312724566e-06,0.004033673001686111,0.0521920209939708,90.42019283500122,137.73542672798794,0.17832598899985896,228.40303923899774,0.14010321450458305,12.0112896,2026-02-03T03:29:19.171111
28759,0.04149809733627078,0.007707010418804394,3.3644338957379793e-06,0.003418242988118436,0.051510315999621525,90.30419135300326,136.69523640700936,0.2825584460006212,227.34511836599995,0.14075516655028245,11.993146368,2026-02-03T03:33:06.517054
28760,0.041658321650310436,0.006005158118619569,3.3619626163598968e-06,0.002751116975559853,0.04313123400788754,90.26722207899729,137.93747399299173,0.19720792799489573,228.45610845000192,0.14007066922880404,12.0097024,2026-02-03T03:36:54.973771
28761,0.04181854596435009,0.0034713086931743575,3.3594933938036825e-06,0.0029357629900914617,0.05069768500106875,89.16573861100915,134.86971192299097,0.1696589409984881,224.26741017199674,0.14268680400535386,11.9921408,2026-02-03T03:40:39.241694
28762,0.04197877027838975,0.0022757120670990894,3.357026228734269e-06,0.003185732006386388,0.045497848019294906,89.87798046898388,136.19128519200603,0.21171535000030417,226.33838990599907,0.1413812301717352,11.992441856,2026-02-03T03:44:25.580684
28763,0.0421389945924294,0.00021215426996662456,3.354561121816035e-06,0.002884593981434591,0.0466516009910265,90.80784569802199,138.45071688997996,0.20910660500521772,229.52490188299998,0.13941842361101175,11.993156608,2026-02-03T03:48:15.106254
28764,0.04229921890646906,0.006632283111026371,3.3520980737127953e-06,0.002655921023688279,0.0426630010115332,90.60089570398122,137.36173547698854,0.259416056003829,228.27546759899997,0.14018151112152266,11.99200768,2026-02-03T03:52:03.382319
28765,0.042459443220508715,0.0027638627856272358,3.3496370850878198e-06,0.002539966990298126,0.044417964985768776,89.59230834698974,135.58626469601586,0.1604133759974502,225.39335961300094,0.14197401403015514,11.992177664,2026-02-03T03:55:48.776248
28766,0.04261966753454837,0.00678415413493294,3.34717815660382e-06,0.002977088988700416,0.05016989598516375,90.2576739040087,137.1650108039903,0.19746827399649192,227.68257517099846,0.14054654808769076,12.011984896,2026-02-03T03:59:36.459407
28767,0.04277989184858803,0.0025266261267180568,3.3447212889229483e-06,0.0024419969995506108,0.04368755700852489,89.28799357100797,135.58889065999392,0.23025464900274528,225.1608599520041,0.14212061548717306,12.005531648,2026-02-03T04:03:21.620854
28768,0.042940116162627676,0.00466594168273593,3.3422664827068095e-06,0.002778386973659508,0.04570917400997132,91.08731430998887,139.13909724800033,0.21216490399820032,230.49569223300205,0.1388312279938492,12.015686144,2026-02-03T04:07:12.117101
28769,0.04310034047666733,0.011128860068120972,3.339813738616453e-06,0.003606499987654388,0.04678579000028549,90.39529081599903,137.09438990100898,0.29422421399794985,227.8437630079934,0.1404471185760628,12.007614976,2026-02-03T04:10:59.961754
28770,0.04326056479070699,1.096292904456675e-06,3.337363057312365e-06,0.003931863990146667,0.053251463010383304,90.75196123300702,138.26332636699954,0.27263925600709626,229.35667876599473,0.1395206809418817,12.007192064,2026-02-03T04:14:49.319313
28771,0.04342078910474664,0.0007435322251767573,3.334914439454486e-06,0.002591983000456821,0.03801185200427426,89.64877347300353,135.66782269699615,0.18936021999979857,225.55516043899843,0.14187216970659566,12.00672512,2026-02-03T04:18:34.875152
28772,0.0435810134187863,0.0021910665011808383,3.332467885702194e-06,0.0029484339902410284,0.05029149200709071,92.64346354499139,141.91070962601225,0.19042560499656247,234.80606944100145,0.13628267819559273,12.031661568,2026-02-03T04:22:29.681742
28773,0.043741237732825955,0.0015870526981776045,3.330023396714312e-06,0.0023115660005714744,0.044899316984810866,90.9152008360179,138.5916012900052,0.23302878099639202,229.79428593000193,0.1392549856951081,12.014989824,2026-02-03T04:26:19.476825
28774,0.04390146204686561,0.005327211221095585,3.3275809731491087e-06,0.0025030979959410615,0.04486902598000597,92.22650643600355,141.7215164090012,0.20681432000128552,234.21009617599339,0.13662946441025375,12.006631936,2026-02-03T04:30:13.687539
28775,0.04406168636090527,0.006581777753777551,3.3251406156642993e-06,0.0027493980014696717,0.047291085007600486,92.21506250197126,141.4449573699967,0.21570774300198536,233.93212887299887,0.13679181288249942,12.018426368,2026-02-03T04:34:07.620529
28776,0.04422191067494492,0.008207118970554372,3.322702324917036e-06,0.002783194009680301,0.04145682099624537,89.67440460399666,136.11327237897785,0.1589106399915181,225.99712512300175,0.14159472153720362,12.023033856,2026-02-03T04:37:53.618313
28777,0.04438213498898458,0.005824414795415844,3.3202661015639223e-06,0.0028179180080769584,0.048852079969947226,91.93786231701961,140.53790492199187,0.18257587199332193,232.71701981200022,0.13750605789748901,11.993443328,2026-02-03T04:41:46.335967
28778,0.044542359303024234,0.0037346614542554946,3.3178319462609982e-06,0.0024810240283841267,0.03930341101658996,90.15495241200551,136.80511095598922,0.1962539029918844,227.20467140000255,0.1408421746032799,12.008952832,2026-02-03T04:45:33.541254
28779,0.04470258361706389,0.010440467584326374,3.315399859663747e-06,0.0024760950182098895,0.04038977903837804,94.58866763697006,135.18311951399664,0.1595745149970753,229.9812416079949,0.13914178293960291,12.008627712,2026-02-03T04:49:23.523080
28780,0.044862807931103546,0.0046696494864759686,3.312969842427101e-06,0.0026411510334583,0.04084340804547537,91.50367320796067,139.5711364030285,0.18591621500672773,231.31349120198865,0.13834039611661392,12.014252544,2026-02-03T04:53:14.837479
28781,0.0450230322451432,0.0026725922208310493,3.310541895205429e-06,0.0032483210234204307,0.0429480299790157,90.76950551698974,138.31689188700693,0.15538897400256246,229.2946846059931,0.13955840299999528,12.003170304,2026-02-03T04:57:04.132939
28782,0.04518325655918286,0.0015310336535883096,3.3081160186525474e-06,0.0029366230010055006,0.043322289013303816,90.83637578795606,139.19048744304746,0.18869796799845062,230.26977156598878,0.13896743711681545,12.022675456,2026-02-03T05:00:54.403286
28783,0.045343480873222514,0.004382953732976702,3.3056922134217097e-06,0.002751476989942603,0.038639594975393265,91.78860998799792,140.5336626799981,0.16201053500117268,232.53360904099827,0.13761451573375805,12.011256832,2026-02-03T05:04:46.937483
28784,0.04550370518726217,0.004347771363467867,3.3032704801656177e-06,0.002943051978945732,0.04115809898939915,88.4956677040027,133.95151699401322,0.16633622100926004,222.66513910199865,0.14371356077136713,11.993398272,2026-02-03T05:08:29.603191
28785,0.045663929501301825,0.001983724355081762,3.3008508195364078e-06,0.0026780399784911424,0.046142723978846334,90.0414087890531,136.89139337795496,0.15340920300513972,227.14209617600136,0.14088097511966588,12.007806464,2026-02-03T05:12:16.745851
28786,0.04582415381534148,0.0020451705038571077,3.2984332321856666e-06,0.00250272401899565,0.03930389402376022,90.56080720099271,137.75187820695282,0.204143995011691,228.56565423500433,0.1400035368704108,11.992751104,2026-02-03T05:16:05.312169
28787,0.04598437812938113,0.012521850647056354,3.2960177187644146e-06,0.0025887390511343256,0.052613025982282124,92.36419210906024,142.25374920100148,0.23181458200269844,234.91255863799597,0.13622089932327763,12.00406528,2026-02-03T05:20:00.225310
28788,0.046144602443420786,7.061348725301286e-06,3.293604279923121e-06,0.002850836972356774,0.04730221898353193,89.69902730197646,136.1182801900286,0.239154745999258,226.11483451699314,0.14152101107543705,12.01719296,2026-02-03T05:23:46.340836
28789,0.04630482675746044,0.004207380670074201,3.291192916311691e-06,0.0026660019939299673,0.040960788959637284,91.2202425080468,139.7642772009567,0.23332487299921922,231.26791655199486,0.13836765806988016,12.03694848,2026-02-03T05:27:37.609322
28790,0.0464650510715001,0.0036814864706009587,3.28878362857947e-06,0.002854822014342062,0.04033679101848975,92.00715963498806,141.53190582900424,0.2516478939942317,233.84095560999413,0.13684514723490274,12.014373376,2026-02-03T05:31:31.450887
28791,0.046625275385539754,0.008731688669566307,3.2863764173752507e-06,0.0025562420050846413,0.039901107986224815,90.52513155699125,137.6656865839759,0.20784933400864247,228.4493843819946,0.14007479200071812,12.008055296,2026-02-03T05:35:19.900912
28792,0.04678549969957941,0.0034344837573563325,3.2839712833472635e-06,0.002804274030495435,0.051448276004521176,92.2193028889742,141.3953442970378,0.20611312599794473,233.88294767899788,0.13682057763321717,12.0029568,2026-02-03T05:39:13.784453
28793,0.046945724013619065,0.003188114947318521,3.2815682271431783e-06,0.002667135006049648,0.04348057197057642,90.33404717801022,137.5894044740271,0.22345093099283986,228.20134843699634,0.14022704168566655,12.009498624,2026-02-03T05:43:01.986463
28794,0.04710594832765872,0.0016778965483128516,3.2791672494101024e-06,0.003094735977356322,0.0532243159977952,90.05734180402942,136.99276454698702,0.19164468000235502,227.30540009700053,0.14077976144141005,12.013106688,2026-02-03T05:46:49.292413
28795,0.04726617264169838,0.0034982149199533907,3.2767683507945934e-06,0.0026168339827563614,0.04720432500471361,89.6308868569904,136.00206901802449,0.22884768899530172,225.9192610099999,0.14164352280960932,12.020939776,2026-02-03T05:50:35.212477
28796,0.04742639695573803,0.0012998904790115784,3.2743715319426372e-06,0.002983586979098618,0.043423310009529814,89.00222138299432,134.89163128301152,0.2030216749990359,224.14960623900697,0.1427617943967251,12.00518144,2026-02-03T05:54:19.362768
28797,0.04758662126977769,0.00021688598907898538,3.271976793499668e-06,0.0025265760050388053,0.04929744702531025,90.58806241798447,138.03584733200842,0.2033707200025674,228.8872911040089,0.1398068011799696,12.019208704,2026-02-03T05:58:08.250734
28798,0.047746845583817345,0.002623332262013278,3.269584136110559e-06,0.00268518301891163,0.04941041201527696,90.4206577840232,137.76329540299776,0.1755467869952554,228.41812090500025,0.14009396396929863,12.01541376,2026-02-03T06:01:56.669531
28799,0.047907069897857,9.001073165926243e-06,3.2671935604196186e-06,0.0025961299834307283,0.04758903899346478,90.7363712729857,138.14350669502164,0.16407295598764904,229.10148820400354,0.13967608962673164,12.01464064,2026-02-03T06:05:45.771628
28800,0.048067294211896656,0.00013588885869575407,3.2648050670705955e-06,0.0025597760250093415,0.04483212099876255,90.26094927200757,137.23075576698466,0.21444783499464393,227.76325208299386,0.1404967645454045,12.013537792,2026-02-03T06:09:33.535492
28801,0.04822751852593631,7.131290002959645e-07,3.2624186567066823e-06,0.002993610978592187,0.043027297972003,90.23156334200758,137.58247963800386,0.15750908899644855,228.02614672599884,0.14033478379324585,11.992448,2026-02-03T06:13:21.562234
28802,0.04838774283997597,0.002240155333443239,3.2600343299705037e-06,0.0025781319855013862,0.0389801300043473,91.21885835600551,139.87538989300083,0.16286841599503532,231.30479432399443,0.13834559760649318,12.00774912,2026-02-03T06:17:12.867616
28803,0.048547967154015624,0.005325205542265898,3.2576520875041325e-06,0.002895914964028634,0.04666874703252688,89.93183719199442,137.06573794303404,0.15485414300928824,227.20902552201005,0.14083947557312204,12.01544448,2026-02-03T06:21:00.077271
28804,0.04870819146805528,0.004122869186702793,3.255271929949071e-06,0.0027022679714718834,0.045751147976261564,89.91525602401816,136.40321622401825,0.20636201000888832,226.5824414259987,0.14122894871556552,11.992211968,2026-02-03T06:24:46.660240
28805,0.048868415782094936,0.0004695912088026333,3.2528938579462636e-06,0.0023248449724633247,0.04597537599329371,90.05891520697332,136.80289262100996,0.21755767699505668,227.13426771100785,0.14088583075766842,12.008623616,2026-02-03T06:28:33.795025
28806,0.04902864009613459,0.002883148830115978,3.250517872136095e-06,0.0029432460432872176,0.05283368204254657,91.031513170994,139.13427523897553,0.21594320799340494,230.4449994500028,0.13886176778135167,12.02009088,2026-02-03T06:32:24.240627
28807,0.04918886441017424,0.0026766706810432694,3.248143973158389e-06,0.002500958988093771,0.04481512198981363,92.40357911301544,141.96076725899184,0.18011819699313492,234.59959499300749,0.136402622523512,12.009126912,2026-02-03T06:36:18.840819
28808,0.049349088724213896,3.623084279702482e-05,3.2457721616523996e-06,0.0029156480013625696,0.045650010972167365,89.918491015982,136.2705533450353,0.17374502700113226,226.41874806399574,0.14133105263419005,11.992067072,2026-02-03T06:40:05.260186
28809,0.04950931303825355,0.00020074681190740407,3.2434024382568287e-06,0.0031775530806044117,0.052949656019336544,90.2963507920067,137.21930997898744,0.185722303998773,227.7653247940034,0.14049548599613043,12.011923456,2026-02-03T06:43:53.026025
28810,0.04966953735229321,0.0008883981616580883,3.241034803609811e-06,0.0028949209809070453,0.045268475980265066,93.14635278400965,143.0639999670093,0.16965901799267158,236.43457462600782,0.13534399548212267,12.00642816,2026-02-03T06:47:49.461175
28811,0.049829761666332864,0.004895125466475747,3.238669258348914e-06,0.002915227960329503,0.041629444021964446,90.74688210300519,137.80143549400964,0.17492244100139942,228.77580683400447,0.13987493014599492,12.015727104,2026-02-03T06:51:38.237574
28812,0.04998998598037252,0.0018092371496751802,3.236305803111152e-06,0.0026300380122847855,0.04408230802800972,90.21638510197226,136.89259716997913,0.20699948800029233,227.3703243630007,0.14073956260409534,11.993027584,2026-02-03T06:55:25.608574
28813,0.050150210294412176,1.8954853045816122e-05,3.2339444385329727e-06,0.002683830010937527,0.040474833018379286,90.1907004169916,137.0056645859877,0.16065314400475472,227.4072547370015,0.14071670684828538,11.99277568,2026-02-03T06:59:13.016669
28814,0.05031043460845183,0.008309566245155331,3.2315851652502567e-06,0.002675123017979786,0.04499252501409501,89.94730698598141,136.99869754003885,0.22155096899950877,227.2233363389969,0.14083060532241665,11.992147456,2026-02-03T07:03:00.240561
28815,0.05047065892249149,0.007862691696690849,3.229227983898329e-06,0.0028050609689671546,0.045046475002891384,90.79414976900443,138.85945408398402,0.17267431599611882,229.88281743098923,0.1392013564024044,11.992936448,2026-02-03T07:06:50.124176
28816,0.05063088323653114,3.239521083386876e-06,3.2268728951119447e-06,0.002467983023962006,0.04891071900783572,90.18507900496479,137.15168599302706,0.22490892600035295,227.6231912860094,0.1405832148262603,12.007986688,2026-02-03T07:10:37.747984
28817,0.0507911075505708,0.0009585100119333667,3.224519899525297e-06,0.0026226399786537513,0.043278082986944355,90.79928683697653,139.01795516800485,0.20343141400371678,230.07339641000726,0.13908605036183197,12.009203712,2026-02-03T07:14:27.821957
28818,0.050951331864610455,0.008877429136883386,3.22216899777202e-06,0.002451597960316576,0.0405407790094614,90.39077267302491,137.3711764629843,0.15088198299054056,227.96374167798785,0.1403732004241353,11.992024064,2026-02-03T07:18:15.786275
28819,0.05111155617865011,0.00446221553408499,3.2198201904851752e-06,0.002482251060428098,0.0479075309849577,92.65950409699872,142.56080232195382,0.23513646199717186,235.51275436399737,0.13587374529424556,12.057004544,2026-02-03T07:22:11.299860
28820,0.05127178049268977,0.001912395562195801,3.2174734782972677e-06,0.0025971919967560098,0.042088611982762814,92.20323252100206,140.9275001809874,0.20820964399899822,233.3921036690008,0.1371083232763639,12.009065984,2026-02-03T07:26:04.692683
28821,0.05143200480672942,0.0043560806140852115,3.215128861840237e-06,0.002493101026630029,0.04926368402084336,89.76874334696913,136.50980564099154,0.18824868800584227,226.52631819200178,0.141263939022207,12.008713728,2026-02-03T07:29:51.219516
28822,0.05159222912076908,0.006294888878318972,3.212786341745457e-06,0.002558672000304796,0.03823596301663201,91.34090201099752,139.26713923396892,0.18219810200389475,230.8384077439987,0.13862511144804035,11.991901184,2026-02-03T07:33:42.058554
28823,0.051752453434808735,0.0014115280365292193,3.2104459186437346e-06,0.002290606003953144,0.04337997396942228,88.96973303602135,134.24062877600954,0.20939809299306944,223.47279135599092,0.14319416608093544,12.00336128,2026-02-03T07:37:25.532310
28824,0.05191267774884839,0.0022226429652625335,3.208107593165319e-06,0.0025858209846774116,0.0506059260078473,90.6813586680073,138.12529634599923,0.2193210520053981,229.09090452000964,0.1396825424695331,11.991890944,2026-02-03T07:41:14.623891
28825,0.052072902062888046,0.009235516633841812,3.205771365939884e-06,0.0030674440058646724,0.046388853021198884,90.47505472798366,137.87679112600745,0.2578314419952221,228.66552486199362,0.1399423897385185,11.991943168,2026-02-03T07:45:03.289973
28826,0.0522331263769277,0.0031854588735513722,3.203437237596551e-06,0.0024045090103754774,0.04588080703979358,92.09439274400938,141.1168721019494,0.17851961000997107,233.44467492999684,0.13707744676376044,11.99211776,2026-02-03T07:48:56.735464
28827,0.05239335069096735,0.015731307935578087,3.201105208763866e-06,0.003013954992638901,0.04583093799010385,89.02530273502634,134.5257961259922,0.22780222599976696,223.83511778200045,0.1429623747921706,11.99308288,2026-02-03T07:52:40.571158
28828,0.05255357500500701,2.9375937932840657e-05,3.1987752800698123e-06,0.0028447849908843637,0.044556559005286545,92.35684271402715,142.35412744397763,0.2215352789935423,234.98800401799963,0.13617716416514974,11.992116224,2026-02-03T07:56:35.559897
28829,0.05271379931904666,0.004741165837651273,3.1964474521418104e-06,0.0030212340061552823,0.04890423401957378,91.38943756101071,140.07527886195749,0.21943760399881285,231.7445630650036,0.13808306687662875,12.017795584,2026-02-03T08:00:27.305147
28830,0.05287402363308632,0.002119542269281016,3.1941217256067157e-06,0.0026986400043824688,0.043478502993821166,90.71291356498841,138.10989777102077,0.23425131700059865,229.11082454500138,0.13967039778041845,12.008882176,2026-02-03T08:04:16.416574
28831,0.053034247947125975,0.010261396540137468,3.1917981010908107e-06,0.002485120974597521,0.05332249503408093,89.26789929400547,135.14358637596888,0.20400146600150038,224.67886686199927,0.1424255002125092,12.005169664,2026-02-03T08:08:01.096066
28832,0.05319447226116563,0.00792953658393536,3.1894765792198215e-06,0.002429277010378428,0.048143345993594266,92.0986835470103,141.31740725501732,0.20133445601095445,233.6751323889912,0.13694225685397568,12.020721664,2026-02-03T08:11:54.771798
28833,0.053354696575205286,0.01659954084775528,3.1871571606189005e-06,0.0026459329965291545,0.05053603500709869,89.93010911300371,136.47044900899346,0.2009278110053856,226.66428195900517,0.1411779558889105,12.010999808,2026-02-03T08:15:41.436765
28834,0.05351492088924494,0.010012046055526636,3.184839845912634e-06,0.002506432982045226,0.04592009898624383,93.22005368903046,142.95261226798175,0.2350488780066371,236.46276347100502,0.13532786105633005,12.0186752,2026-02-03T08:19:37.900342
28835,0.0536751452032846,0.003528494503980184,3.1825246357250468e-06,0.0027418560057412833,0.04397315897222143,89.41783954999119,135.03228925002622,0.32176152399915736,224.82712139099021,0.14233158260452813,11.993277952,2026-02-03T08:23:22.728030
28836,0.053835369517324254,1.3359001780344215e-06,3.1802115306795955e-06,0.002550881006754935,0.03643663199909497,92.09050809599285,141.38923373102443,0.19624613400083035,233.7212610610004,0.1369152290841359,12.012529664,2026-02-03T08:27:16.449877
28837,0.05399559383136391,0.003939992270729498,3.1779005313991673e-06,0.002428858948405832,0.0422310719586676,89.66027983403183,135.82349152199458,0.1962707899947418,225.7309533830121,0.14176168363451494,12.00591104,2026-02-03T08:31:02.181424
28838,0.054155818145403566,0.0010032384536540206,3.1755916385060803e-06,0.0027970020018983632,0.04787281001335941,90.99248562398134,139.18450264997955,0.18452425800205674,230.41861013000016,0.1388776713041793,11.992174592,2026-02-03T08:34:52.600660
28839,0.05431604245944322,0.009390732481622699,3.1732848526220935e-06,0.002633783020428382,0.047721020979224704,93.31635774899041,143.98943803801376,0.21382407301280182,237.57630543100822,0.13469356694450638,12.020415488,2026-02-03T08:38:50.177572
28840,0.05447626677348288,0.006345557750940145,3.17098017436839e-06,0.00254910699732136,0.04954487600480206,90.38118142496387,137.15519151903572,0.1616034079925157,227.75764639300178,0.140500222525057,12.017352704,2026-02-03T08:42:37.935797
28841,0.05463649108752253,0.003890392028813139,3.1686776043655925e-06,0.0029060859960736707,0.04653350696025882,89.86771109703113,136.61717100998794,0.16357460399740376,226.70583160601382,0.1411520814145265,12.004476928,2026-02-03T08:46:24.642204
28842,0.05479671540156219,0.0011463118321231036,3.166377143233749e-06,0.0027925489703193307,0.05079673799627926,91.4050507840002,139.5483853249898,0.293058569994173,231.30664125899784,0.13834449294592055,12.007448064,2026-02-03T08:50:15.949457
28843,0.054956939715601845,4.268778412142016e-06,3.164078791592347e-06,0.0026765439979499206,0.046413567004492506,91.26055215498491,139.00009562197374,0.16669765999540687,230.48516052099876,0.13883757170164793,12.012978688,2026-02-03T08:54:06.435200
28844,0.0551171640296415,0.003356758985694208,3.1617825500602973e-06,0.0025739200063981116,0.050420788043993525,90.89348817995051,138.30711927202356,0.1519324270047946,229.41298322899092,0.13948643860342844,12.014160384,2026-02-03T08:57:55.848773
28845,0.05527738834368116,0.004684189432958341,3.159488419255951e-06,0.002994755996041931,0.03980500198667869,91.71349500800716,139.91186110698618,0.2026776379934745,231.87726180900063,0.13800404468446192,12.01724416,2026-02-03T09:01:47.726623
28846,0.05543761265772081,0.014918574006517638,3.157196399797084e-06,0.0028292920032981783,0.042664723994676024,90.89616086099704,138.6540515969973,0.21087215100124013,229.81384421300027,0.13924313441422256,11.992314368,2026-02-03T09:05:37.541280
28847,0.05559783697176046,0.006293233651295083,3.1549064923009096e-06,0.002697311036172323,0.04971790895797312,90.93348752800375,137.26520937900932,0.2068867100024363,228.46487331899698,0.14006529553153493,11.99209984,2026-02-03T09:09:26.006777
28848,0.05575806128580012,0.0010312171986446295,3.152618697384069e-06,0.002878845974919386,0.0411059749458218,90.57785715900536,139.60162852401845,0.22500430399668403,230.4572397890006,0.1388543923779448,11.9923968,2026-02-03T09:13:16.464530
28849,0.05591828559983977,0.003655684791238123,3.150333015662632e-06,0.002839326989487745,0.047286834989790805,92.52018505601154,142.52760776497598,0.17706264001026284,235.2823618429975,0.13600679519425007,12.007173632,2026-02-03T09:17:11.747508
28850,0.05607850991387943,1.4993264651153027e-05,3.1480494477521056e-06,0.002735983012826182,0.04160973998659756,91.25859258401033,140.07588316497277,0.21056485100416467,231.5964519029949,0.1381713741167474,12.029201408,2026-02-03T09:21:03.344577
28851,0.056238734227919085,0.004378938334308025,3.145767994267421e-06,0.0024503659951733425,0.04574955999851227,91.46450254498632,140.42158239198034,0.16435847101092804,232.10559414800082,0.13786828412069801,12.006745088,2026-02-03T09:24:55.450764
28852,0.05639895854195874,0.007899929836480357,3.143488655822946e-06,0.0026971039915224537,0.04859087798104156,92.19485481998709,141.4647599520249,0.20282419100112747,233.92151088100218,0.13679802203517175,12.015324672,2026-02-03T09:28:49.372848
28853,0.0565591828559984,0.006217760644879,3.1412114330324777e-06,0.0027023699949495494,0.04376283104647882,90.48933474600199,137.6942284359684,0.152562521994696,228.3900878840068,0.14011115936104873,12.005844992,2026-02-03T09:32:37.763526
28854,0.05671940717003805,0.001283307740505002,3.138936326509239e-06,0.0027531689847819507,0.045716910011833534,90.74196469601884,139.26094339393603,0.22805618299753405,230.28659725599573,0.13895728358184706,12.00956928,2026-02-03T09:36:28.050665
28855,0.05687963148407771,0.0031734311235058765,3.1366633368658845e-06,0.0026510529860388488,0.04999758598569315,89.9503192690172,136.26619178900728,0.1953544270072598,226.47227629399276,0.14129764809914092,12.032158208,2026-02-03T09:40:14.523576
28856,0.057039855798117364,0.002842531489740896,3.134392464714504e-06,0.002586221002275124,0.044133681964012794,88.28541289502755,132.7630561350088,0.19883942799060605,221.30197581600805,0.14459879936456155,11.992114176,2026-02-03T09:43:55.826149
28857,0.05720008011215702,0.015422947238449058,3.132123710666609e-06,0.0024796630314085633,0.04599759099073708,90.6633886339987,137.88517880703148,0.17643278800824191,228.78067275699868,0.13987195515413609,12.007745024,2026-02-03T09:47:44.607405
28858,0.057360304426196676,0.01143586950452935,3.1298570753331467e-06,0.002587137001683004,0.0459210390545195,91.36389630696794,140.0676257390005,0.2192198959965026,231.7066382560006,0.13810566775667804,12.011546624,2026-02-03T09:51:36.314822
28859,0.05752052874023633,0.004448435139811746,3.1275925593244942e-06,0.002873522986192256,0.047355836984934285,90.5111297310068,137.9716213109932,0.19080198199662846,228.73081452099723,0.1399024441329152,12.01146368,2026-02-03T09:55:25.046281
28860,0.05768075305427599,0.004063646458566161,3.1253301632504535e-06,0.0024235839664470404,0.04198462098429445,91.68424590300128,140.00960880803177,0.19084999000187963,231.93814380800177,0.13796781967216903,12.00538368,2026-02-03T09:59:16.985018
28861,0.057840977368315644,0.0019620486242528656,3.123069887720256e-06,0.0029124510183464736,0.04834315997140948,90.0205734600022,137.24938155301788,0.2132691739971051,227.54093692399329,0.14063403461632545,12.009756672,2026-02-03T10:03:04.526606
28862,0.0580012016823553,4.0903324300956e-06,3.1208117333425676e-06,0.002364318977924995,0.04360207403078675,91.98870208497101,141.32329841204046,0.17108379901037551,233.5366474379989,0.13702346227478326,12.022013952,2026-02-03T10:06:58.063886
28863,0.058161425996394955,0.005392686668024282,3.1185557007254743e-06,0.0027793119807029143,0.04071153898257762,90.80603476903343,138.2981666609994,0.2098821989930002,229.36550905600598,0.1395153095672563,12.000548864,2026-02-03T10:10:47.430132
28864,0.05832165031043461,0.0008997842025468827,3.1163017904764993e-06,0.002471799001796171,0.044617574982112274,90.67850426203222,138.43147552598384,0.15151986399723683,229.31645121499605,0.13954515618244215,11.992798208,2026-02-03T10:14:36.747157
28865,0.05848187462447427,0.0030104886476829407,3.1140500032025937e-06,0.00298604198906105,0.042881524001131766,90.88956385497295,138.5997864019737,0.2124036099994555,229.7559455360024,0.13927822379240953,12.018235904,2026-02-03T10:18:26.503771
28866,0.058642098938513916,0.0035143267912096654,3.111800339510126e-06,0.0030496629915433004,0.04473790495831054,90.11669797105424,137.2320486039971,0.19488207399263047,227.59823608999432,0.14059862918861515,11.99199744,2026-02-03T10:22:14.102652
28867,0.05880232325255357,0.0044669009964275475,3.1095528000049057e-06,0.002436381982988678,0.05085294201853685,91.2868388560164,140.0021855529776,0.21248472800652962,231.56267424499674,0.13819152894280157,12.027274752,2026-02-03T10:26:05.665999
28868,0.05896254756659323,0.006839129090835172,3.1073073852921653e-06,0.0026112949853995815,0.05190865400072653,92.15126183202665,141.11003980399983,0.18143419800617266,233.50562323500344,0.1370416675909973,12.03112192,2026-02-03T10:29:59.172243
28869,0.059122771880632884,0.0014243280062880004,3.105064095976563e-06,0.002624587024911307,0.05374868898070417,89.87091301300097,137.15009036599076,0.19732599800045136,227.28184952599986,0.1407943488084796,11.9918848,2026-02-03T10:33:46.454840
28870,0.05928299619467254,0.0011966244553951455,3.1028229326621887e-06,0.0026350669795647264,0.0461176440003328,89.29752812998777,134.94953317799082,0.17110847600270063,224.4739588730008,0.1425555113860866,11.992933376,2026-02-03T10:37:30.929462
28871,0.059443220508712195,0.003898310027521834,3.1005838959525577e-06,0.002706222963752225,0.04710992000764236,88.00128723398666,132.70614475602633,0.18288286800088827,220.94763954301015,0.14483069412366728,12.00495104,2026-02-03T10:41:11.877666
28872,0.05960344482275185,1.535832046428709e-06,3.098346986450611e-06,0.0025929600233212113,0.0451818270230433,89.37696674298786,135.15678955400654,0.1926213219994679,224.7815651689889,0.1423604287831285,11.992767488,2026-02-03T10:44:56.659824
28873,0.05976366913679151,0.00336511268898132,3.0961122047587193e-06,0.002628474001539871,0.05155086099694017,90.43759916599083,137.7041005739884,0.21029039300628938,228.41446146000817,0.14009620842506376,12.01446656,2026-02-03T10:48:45.074861
28874,0.05992389345083116,0.005107975035846479,3.0938795514786814e-06,0.0027844589785672724,0.04455825101467781,90.43434088397771,137.71774210000876,0.18867398699512705,228.39542833599262,0.14010788321439072,12.008093184,2026-02-03T10:52:33.470799
28875,0.06008411776487082,7.007231315192541e-07,3.091649027211719e-06,0.002908245995058678,0.05003592999128159,90.77614298701519,138.78628214102355,0.1754431720037246,229.7973284299951,0.1392531419691783,12.022257664,2026-02-03T10:56:23.268711
28876,0.060244342078910475,0.0016961579000733806,3.0894206325584843e-06,0.002712371016968973,0.050132984993979335,90.27954243398563,137.46454003901454,0.17362990099354647,227.98160381100024,0.14036220232281735,12.017913856,2026-02-03T11:00:11.251057
28877,0.06040456639295013,0.0008164425004650866,3.0871943681190536e-06,0.0029614140366902575,0.04142257997591514,90.47933609101165,138.07341668398294,0.15428665299259592,228.7578027940035,0.13988593879272399,11.99325952,2026-02-03T11:04:00.009542
28878,0.060564790706989786,0.002939767111925562,3.084970234492929e-06,0.0025240180257242173,0.046708510009921156,90.1529299540125,137.14427554700524,0.21265414799563587,227.56586745100503,0.14061862773374662,12.00645888,2026-02-03T11:07:47.576218
28879,0.06072501502102944,0.0015799363211889128,3.082748232279043e-06,0.002558944033808075,0.04851195499941241,91.57979612599593,140.99165665904002,0.21001811799942516,232.8424356290052,0.13743199307099913,12.0130176,2026-02-03T11:11:40.419230
28880,0.0608852393350691,1.1515387619009942e-05,3.0805283620757474e-06,0.00245828898914624,0.04685275402152911,91.97268445498776,140.82267248503922,0.1931179399980465,233.0442117079947,0.1373130006768678,11.991962624,2026-02-03T11:15:33.464016
28881,0.061045463649108754,0.0004333634502291517,3.0783106244808287e-06,0.0030541480518877506,0.04844747600145638,88.94783006700163,135.11773829605954,0.16188883800350595,224.2876671569975,0.14267391696397,12.026893824,2026-02-03T11:19:17.752256
28882,0.06120568796314841,2.9513442756368136e-07,3.076095020091488e-06,0.0033473969815531746,0.043668986996635795,93.15456806596194,142.1241817830305,0.16610335600853432,235.50054620299488,0.13588078888113023,12.026506752,2026-02-03T11:23:13.253421
28883,0.061365912277188066,0.00039313265247775675,3.073881549504364e-06,0.0026877999625867233,0.04831466395989992,90.52848568100308,138.5947354700329,0.1998019269958604,229.38070462600444,0.1395060672264245,12.013453824,2026-02-03T11:27:02.634745
28884,0.06152613659122772,0.005111137710616109,3.0716702133155105e-06,0.0027354379708413035,0.04381812206702307,90.09234551497502,137.36908917898836,0.23121300101047382,227.74607045300945,0.14050736390906257,11.992187904,2026-02-03T11:30:50.381342
28885,0.06168636090526738,0.004019847564411094,3.0694610121204134e-06,0.0026193099765805528,0.04674708801030647,90.7171616639971,138.71516932500526,0.25440206099301577,229.74439230600547,0.1392852277211535,12.003923968,2026-02-03T11:34:40.126380
28886,0.061846585219307026,0.001699399793194445,3.0672539465139794e-06,0.0024129560188157484,0.03708316903794184,90.99221139399742,139.2534773449879,0.20686040399596095,230.50009601400234,0.13882857557706213,12.009227776,2026-02-03T11:38:30.627068
28887,0.06200680953334668,0.003001070793043681,3.065049017090545e-06,0.002595210025901906,0.04253744601737708,91.08785393198195,139.63945849300944,0.15139189700130373,230.9315482230013,0.1385692004675727,12.007949824,2026-02-03T11:42:21.559208
28888,0.06216703384738634,0.0018651513729084357,3.062846224443867e-06,0.00273852601822,0.04877612403652165,90.41325993098144,137.2607389170007,0.21903406400815584,227.95288647299458,0.14037988505046203,12.008973312,2026-02-03T11:46:09.512775
28889,0.062327258161425994,0.003029571917089413,3.0606455691671243e-06,0.0023506050201831385,0.041903464996721596,90.82719614003145,138.48944581397518,0.1860911250114441,229.5537083879899,0.13940092810835297,12.00798976,2026-02-03T11:49:59.067084
28890,0.06248748247546565,0.0006554801054634574,3.058447051852928e-06,0.002556206949520856,0.038037863982026465,90.96612507899408,138.70904522201454,0.1785984589951113,229.90452023100806,0.1391882159073967,11.992840192,2026-02-03T11:53:48.972181
28891,0.0626477067895053,0.0013673540925407401,3.056250673093311e-06,0.00234245001047384,0.04512404698471073,89.07948643004056,134.80207610296202,0.1883315989980474,224.127355086006,0.14277596765339248,12.021573632,2026-02-03T11:57:33.100132
28892,0.06280793110354496,0.001925285136747057,3.0540564334797264e-06,0.002546210031141527,0.04229933202441316,90.50283592299093,137.74583634597366,0.1987719600001583,228.4997087649972,0.1400439421693562,12.008625664,2026-02-03T12:01:21.600423
28893,0.06296815541758462,0.001859539971277968,3.0518643336030515e-06,0.002440543015836738,0.042297990032238886,89.07048811097047,134.88954590098,0.20720525999786332,224.22017195601074,0.14271686494950156,11.992130048,2026-02-03T12:05:05.821148
28894,0.06312837973162427,0.0018016118607113718,3.0496743740535954e-06,0.0026911680470220745,0.04498649301240221,91.30302127798495,139.42785681798705,0.1623876279918477,230.9499517820077,0.1385581583935753,12.023952896,2026-02-03T12:08:56.771607
28895,0.06328860404566393,7.636492367346648e-07,3.0474865554210792e-06,0.0026397599576739594,0.040332012038561516,90.1153239490086,136.89752467398648,0.20603189698886126,227.26851407998765,0.14080261020555415,11.992927232,2026-02-03T12:12:44.040965
28896,0.06344882835970359,0.000904071060118028,3.0453008782946564e-06,0.002557486994192004,0.04886252200230956,90.80975669101463,138.79078971597482,0.22435730799043085,229.884066366998,0.13920060013604274,11.993112576,2026-02-03T12:16:33.925669
28897,0.06360905267374324,0.0045755058997203335,3.0431173432629034e-06,0.0025656960060587153,0.04463470201881137,88.8186538029986,134.26109005097533,0.180651097005466,223.31452750500466,0.14329564832848976,11.992896512,2026-02-03T12:20:17.240887
28898,0.0637692769877829,0.0006785009213079451,3.0409359509138123e-06,0.002591151016531512,0.045253444972331636,90.46721814105695,137.92393980199995,0.20332311499805655,228.6490359659947,0.13995248160486068,12.010338304,2026-02-03T12:24:05.890508
28899,0.06392950130182255,0.0018150054350041245,3.0387567018348035e-06,0.002550718010752462,0.039683904018602334,89.51933277798526,135.64530495399958,0.19832496999879368,225.41356878100487,0.14196128552974924,11.992022016,2026-02-03T12:27:51.304689
28900,0.06408972561586221,0.01852458877672092,3.0365795966127237e-06,0.0026053439505631104,0.043965689023025334,90.68500609797775,138.42346497499966,0.22357326600467786,229.38677730799827,0.1395023740057759,12.012536832,2026-02-03T12:31:40.692054
28901,0.06424994992990186,0.0018308208883417443,3.034404635833834e-06,0.002402238969807513,0.045559184974990785,90.17071833599766,137.2449143260019,0.21547714200278278,227.68558110500453,0.1405446925742837,12.025389568,2026-02-03T12:35:28.378195
28902,0.06441017424394152,0.0026913095062348624,3.032231820083826e-06,0.0025987530243583024,0.046450947964331135,89.45223340101074,135.69394316297257,0.16681738098850474,225.3699483659875,0.1419887621753096,12.026316288,2026-02-03T12:39:13.748868
28903,0.06457039855798118,0.0006421969547276696,3.0300611499478083e-06,0.002436193040921353,0.04438234596455004,91.18672752205748,140.01594398997258,0.2206806470057927,231.47830680599145,0.13824189593204564,12.003598336,2026-02-03T12:43:05.228091
28904,0.06473062287202083,0.0014156562800620165,3.0278926260103113e-06,0.0028340640565147623,0.0461241320008412,90.53779013300664,138.1433383949916,0.2107223810016876,228.94745298399357,0.1397700633177047,12.009029632,2026-02-03T12:46:54.176065
28905,0.06489084718606049,0.0013967478438225989,3.0257262488552924e-06,0.0025591530284145847,0.0424309250083752,90.90243767002539,138.42141553100373,0.16129328399256337,229.53826833899075,0.13941030500736024,12.032215552,2026-02-03T12:50:43.714924
28906,0.06505107150010014,0.005188882724883825,3.0235620190661297e-06,0.0028011829999741167,0.039883582983748056,89.58180604601512,135.7946840559598,0.19946664800227154,225.62610722599493,0.14182755884693649,11.993156608,2026-02-03T12:54:29.341627
28907,0.0652112958141398,0.004742111968135454,3.021399937225618e-06,0.002364255065913312,0.04596411398961209,88.41389462500229,133.11728156999743,0.23526051100634504,221.82418384900666,0.14425839168997937,12.005955072,2026-02-03T12:58:11.166430
28908,0.06537152012817946,0.007049845926644149,3.0192400039159804e-06,0.002569635005784221,0.042977420016541146,90.70111960398208,138.6213299400406,0.15316783799789846,229.52752934899763,0.13941682764921787,12.00567552,2026-02-03T13:02:00.694563
28909,0.06553174444221911,0.0019550229087714754,3.017082219718856e-06,0.030069044994888827,0.05027629903634079,94.79534016299294,146.3538801829709,0.26223169900185894,241.52481930999784,0.1324915596310949,11.992830976,2026-02-03T13:06:02.237105
28910,0.06569196875625877,0.002888225784524856,3.0149265852153064e-06,0.0032404550001956522,0.048912467987975106,90.6345611600409,138.08723065097,0.23119073499401566,229.01334277400747,0.13972984985236386,12.005833216,2026-02-03T13:09:51.258769
28911,0.06585219307029842,0.0010191382668236493,3.0127731009858164e-06,0.0024392169871134683,0.043717062973883,90.79436217200418,138.4676616560173,0.15540862799389288,229.47185723599978,0.139450651532792,12.008326656,2026-02-03T13:13:40.741416
28912,0.06601241738433808,0.005042194461782223,3.0106217676102926e-06,0.002573600970208645,0.04210752200742718,88.56207160600752,133.5906743150117,0.17950749798910692,222.3841716589959,0.14389513318901503,12.009356288,2026-02-03T13:17:23.126228
28913,0.06617264169837773,0.004893981704309436,3.0084725856680583e-06,0.0027396030054660514,0.04387650500575546,90.7213044440141,138.52057608799078,0.2302644599985797,229.5259791599965,0.13941776925257618,12.006080512,2026-02-03T13:21:12.663516
28914,0.06633286601241739,0.002993551125584304,3.0063255557378605e-06,0.0028328819607850164,0.047363885983941145,92.76160198904108,142.6062889110035,0.14647137399879284,235.57306762199732,0.1358389578359929,12.014047232,2026-02-03T13:25:08.237198
28915,0.06649309032645705,0.003535588296090353,3.004180678397867e-06,0.0026313759881304577,0.046374935016501695,90.04011955302849,136.6495613379957,0.16608452999207657,226.92176143800316,0.14101776663999083,12.016949248,2026-02-03T13:28:55.159596
28916,0.06665331464049669,0.002992312326353108,3.0020379542256602e-06,0.0025095849559875205,0.04931952402694151,91.0726209370041,139.0127303069894,0.15215458199963905,230.30603495999821,0.13894555566274272,12.004436992,2026-02-03T13:32:45.466187
28917,0.06681353895453634,0.00017389889412378068,2.9998973837982525e-06,0.0030008350004209206,0.047346209990791976,89.69132534500386,136.0405102969671,0.2095980449958006,225.99882674500986,0.14159365542240177,12.01213952,2026-02-03T13:36:31.465615
28918,0.066973763268576,0.002428208193220316,2.9977589676920677e-06,0.0028692490013781935,0.04746692803746555,92.16700099498848,141.04401219901047,0.2227384739962872,233.4930737889954,0.13704903310715752,12.006747648,2026-02-03T13:40:24.959295
28919,0.06713398758261566,1.0977962539016062e-06,2.9956227064829525e-06,0.002679006996913813,0.0402802780008642,89.91402497301169,136.36714912198659,0.15654415701283142,226.48770009100554,0.14128802573889004,12.013605376,2026-02-03T13:44:11.457404
28920,0.06729421189665531,0.003374047973867089,2.9934886007461784e-06,0.002764287986792624,0.04946047900011763,90.76584347101743,138.05370310695434,0.18218951800372452,229.0618840179959,0.13970023924838568,12.007716352,2026-02-03T13:48:00.519871
28921,0.06745443621069497,0.0013859724469584833,2.991356651056427e-06,0.0028499859909061342,0.05042141398007516,92.15479032801522,140.3996622459963,0.18473059100506362,232.80199646299297,0.13745586586963326,12.006460416,2026-02-03T13:51:53.332800
28922,0.06761466052473462,0.008749850847109109,2.9892268579878043e-06,0.0026618400297593325,0.04430825499002822,92.3248966599931,142.0057460310054,0.18263259800733067,234.5668244989938,0.13642167884716053,12.012619776,2026-02-03T13:55:47.900884
28923,0.06777488483877428,0.0013915692496806464,2.9870992221138375e-06,0.003184816989232786,0.04452312196372077,92.44678433901572,141.36052937999193,0.19736061099683866,234.05962393298978,0.13671730075564617,12.009872384,2026-02-03T13:59:41.961082
28924,0.06793510915281394,0.0033655751768542075,2.984973744007468e-06,0.0025875659921439365,0.0449426920094993,90.77695946399763,138.39162991599005,0.2255613769957563,229.45010190200992,0.13946387356003911,11.99268352,2026-02-03T14:03:31.411787
28925,0.06809533346685359,0.00140783882243678,2.9828504242410618e-06,0.0030154610140016302,0.044781429998693056,90.23568883197731,137.26516466704197,0.2092668440018315,227.76871301299252,0.14049339602746333,12.008027648,2026-02-03T14:07:19.181090
28926,0.06825555778089325,3.1931549449026875e-06,2.9807292633863996e-06,0.0030969089857535437,0.05224065498623531,90.55159030102368,137.79702918499243,0.2684477139991941,228.68000007799128,0.13993353152477875,11.99207168,2026-02-03T14:11:07.861758
28927,0.0684157820949329,0.005741927521138557,2.978610262014679e-06,0.002709384949412197,0.04614524902717676,89.8713313529588,136.63130934401124,0.15910788701148704,226.71882112900494,0.14114399431263683,11.993050112,2026-02-03T14:14:54.581246
28928,0.06857600640897256,0.001284271639900858,2.9764934206965216e-06,0.002395155024714768,0.04356968397041783,90.2572031950549,137.32415892198333,0.201930995011935,227.8359773800039,0.14045191794546005,12.018653696,2026-02-03T14:18:42.417826
28929,0.06873623072301221,1.8001606911788315e-06,2.9743787400019653e-06,0.00249137899663765,0.04069723901920952,89.25471113796812,135.2989113539952,0.17961989299510606,224.78264498501085,0.14235974490883782,12.005861888,2026-02-03T14:22:27.201058
28930,0.06889645503705187,0.00032323261580025076,2.9722662205004637e-06,0.002617506033857353,0.04679992303135805,90.2608379029698,137.6125435350259,0.21418431300844532,228.144775511013,0.14026181370283142,12.007978496,2026-02-03T14:26:15.346448
28931,0.06905667935109153,0.0009957823789261688,2.9701558627608924e-06,0.0030373640038305894,0.05290909302129876,91.23910921499191,139.18372093897779,0.27252610499272123,230.75954258498678,0.13867248843334257,11.993156608,2026-02-03T14:30:06.106583
28932,0.06921690366513118,0.0014426430382497024,2.9680476673515407e-06,0.0032132700143847615,0.04926916997646913,90.87935705001291,138.58489953100798,0.20302044499840122,229.73020773100143,0.13929382781680083,11.992134656,2026-02-03T14:33:55.837406
28933,0.06937712797917084,0.001710273897474135,2.965941634840116e-06,0.0037608879792969674,0.050352276986814104,90.3287514050171,136.89180181499978,0.22828418400604278,227.51065417499922,0.14065275367449773,11.992776704,2026-02-03T14:37:43.348911
28934,0.0695373522932105,0.00036488996779793226,2.963837765793747e-06,0.00323691799712833,0.05492769798729569,88.94854898299673,134.20237892201112,0.21746952600369696,223.43308626500948,0.14321961234535088,11.993283584,2026-02-03T14:41:26.782589
28935,0.06969757660725015,0.0018102629258618386,2.961736060778979e-06,0.0031030050304252654,0.04725327501364518,89.76465766399633,136.24993479801924,0.1456675980007276,226.21816030600166,0.14145637095056435,12.016116224,2026-02-03T14:45:13.011895
28936,0.0698578009212898,0.00012775177746693345,2.959636520361772e-06,0.002658550991327502,0.04523023100045975,90.19136442600575,137.65735066100024,0.18846533900068607,228.09242873098992,0.14029400352319674,11.992324096,2026-02-03T14:49:01.105329
28937,0.07001802523532946,8.664104527156269e-06,2.957539145107502e-06,0.0026440890214871615,0.0433324400219135,90.77705805694859,138.52148862103058,0.20727537100901827,229.5588646059914,0.13939779696560153,12.018866688,2026-02-03T14:52:50.664810
28938,0.07017824954936912,0.008463585747864322,2.9554439355809684e-06,0.0031220780074363574,0.050800376004190184,90.52174211300735,138.55541981798888,0.21141484500549268,229.3508633320016,0.1395242186364816,12.005310976,2026-02-03T14:56:40.016428
28939,0.07033847386340877,0.0013352070939944838,2.9533508923463786e-06,0.0030707209807587788,0.05626844697690103,90.10947882803157,136.26588078195346,0.1813221850025002,226.62354691700602,0.14120333228973345,12.009260032,2026-02-03T15:00:26.641152
28940,0.07049869817744843,0.004207536908710008,2.951260015967367e-06,0.0025323790177935734,0.046869474012055434,90.35154455898737,137.49035980502958,0.18119032599497586,228.08035348200065,0.14030143110298773,11.992958976,2026-02-03T15:04:14.722383
28941,0.07065892249148809,0.0003553728055294414,2.9491713070069726e-06,0.002687341009732336,0.04364935104968026,91.02766008298204,138.72830736501783,0.21962257899576798,230.0303172290005,0.1391120978550982,11.991970816,2026-02-03T15:08:04.753384
28942,0.07081914680552774,0.0021420294442253685,2.947084766027662e-06,0.002847807962098159,0.04735510300088208,90.0754032489931,136.46728326703305,0.18487445700156968,226.78614493799978,0.14110209426042478,12.008116736,2026-02-03T15:11:51.540113
28943,0.0709793711195674,0.0033393054207468964,2.9450003935913097e-06,0.00260886199248489,0.05194911899161525,89.9623592349817,136.63831326003128,0.15709613800572697,226.82038702699356,0.1410807926899081,11.993396224,2026-02-03T15:15:38.361056
28944,0.07113959543360705,0.0002739160433979926,2.9429181902592128e-06,0.002451168984407559,0.04348343900346663,90.48532434899244,138.08304102098919,0.1869542930071475,228.8084294089931,0.13985498734751714,12.016990208,2026-02-03T15:19:27.170158
28945,0.07129981974764671,0.010154887930969192,2.9408381565920762e-06,0.0026520059764152393,0.045723473027464934,89.07238795199373,134.40636236200226,0.16628780199971516,223.69954291199974,0.14304901826548813,11.993383424,2026-02-03T15:23:10.870283
28946,0.07146004406168636,0.004126437843491093,2.9387602931500294e-06,0.0024817960074869916,0.0469855630362872,90.40253647801,137.313257073969,0.18796656699851155,227.96278622699901,0.14037378876451917,12.007732736,2026-02-03T15:26:58.833666
28947,0.07162026837572602,0.003779279179251027,2.9366846004926126e-06,0.0027943900058744475,0.045896565992734395,90.87015025901201,138.45006616898172,0.1769389810069697,229.5532215359999,0.13940122375926478,12.01143808,2026-02-03T15:30:48.387465
28948,0.07178049268976568,0.012330624039740279,2.9346110791787797e-06,0.0024428330070804805,0.04986548201122787,90.89216844599287,138.2620260099793,0.2418626450089505,229.4552690959972,0.1394607329178924,12.030189568,2026-02-03T15:34:37.843752
28949,0.07194071700380533,2.8190911853798184e-06,2.9325397297669044e-06,0.003117542015388608,0.052069853016291745,90.6042419400037,137.90630263800267,0.22855437600810546,228.80316395800037,0.13985820583265182,11.992211456,2026-02-03T15:38:26.647732
28950,0.07210094131784499,0.005135436308388197,2.930470552814775e-06,0.0029745629872195423,0.05265799397602677,90.75597563599877,137.4032707240258,0.1879508660058491,228.41208317299606,0.14009766714383343,12.007228928,2026-02-03T15:42:15.060389
28951,0.07226116563188464,0.0024607901447417646,2.92840354887959e-06,0.002626832007081248,0.048962253975332715,90.34358083702682,136.90718858902983,0.22982382201007567,227.5396203679993,0.14063484833211234,11.992910848,2026-02-03T15:46:02.600792
28952,0.0724213899459243,0.019490225897331293,2.92633871851797e-06,0.002990102002513595,0.05108705899328925,89.4255831049959,135.50386929602246,0.20678020600462332,225.1971379030001,0.14209772068143897,11.9921536,2026-02-03T15:49:47.798642
28953,0.07258161425996396,1.748251264599432e-05,2.9242760622859434e-06,0.0024751479795668274,0.04411190799146425,90.19500575802522,137.12738974197418,0.17977914500806946,227.55570972200076,0.1406249047281372,12.006278656,2026-02-03T15:53:35.354953
28954,0.07274183857400361,0.006823305799055213,2.922215580738955e-06,0.0027100840088678524,0.046357661034562625,89.21022324600199,135.00530352997885,0.15923541400115937,224.43145370599814,0.14258251003408606,12.01084928,2026-02-03T15:57:19.787016
28955,0.07290206288804325,0.0037662767493436,2.9201572744318693e-06,0.002617691017803736,0.04501136201724876,90.14680580497952,136.76805742498254,0.1872906829958083,227.15693057799945,0.14087177493804037,12.01042944,2026-02-03T16:01:06.944535
28956,0.07306228720208291,2.206098559165426e-06,2.918101143918956e-06,0.012273432977963239,0.04930552301811986,89.16487943401444,135.04168115297216,0.2199370909947902,224.49700966800447,0.1425408741404749,11.992052736,2026-02-03T16:04:51.442128
28957,0.07322251151612257,0.003124674806955774,2.9160471897539073e-06,0.002412906978861429,0.04965192799863871,89.28500139000244,135.18278446902696,0.21371188100602012,224.74233787000412,0.14238527686096022,11.992768512,2026-02-03T16:08:36.185298
28958,0.07338273583016222,1.3172436556629918e-05,2.913995412489825e-06,0.0025542530202073976,0.04942067599040456,90.55020578402036,137.86401198402746,0.19724806299200282,228.67049484699965,0.1399393481936127,12.011798016,2026-02-03T16:12:24.856406
28959,0.07354296014420188,0.00014790054694335808,2.9119458126792253e-06,0.0026175359962508082,0.04749249998712912,90.43328557097993,137.0000445270125,0.19910925200383645,227.68988678099413,0.14054203483696898,11.992097792,2026-02-03T16:16:12.546880
28960,0.07370318445824153,0.01383754208914878,2.9098983908740357e-06,0.0029795180016662925,0.05375914498290513,90.78513749604463,137.95492262295738,0.3007593209913466,229.10522253300587,0.1396738129589776,12.010089472,2026-02-03T16:20:01.652685
28961,0.07386340877228119,0.03234916208924332,2.907853147625605e-06,0.0030185779905878007,0.05319976998725906,90.504589254022,137.68002915594843,0.20041365500946995,228.4479583700013,0.1400756663719963,12.004811776,2026-02-03T16:23:50.101356
28962,0.07402363308632084,0.005477918377059687,2.905810083484684e-06,0.0031847600039327517,0.05401934699330013,90.66427435702644,137.51864092698088,0.20399272500071675,228.45086255199567,0.14007388565983972,11.99270656,2026-02-03T16:27:38.552826
28963,0.0741838574003605,0.003860858160215752,2.9037691990014453e-06,0.0032102699915412813,0.049365845959982835,92.6053800740192,142.2861997250002,0.19282125600147992,235.1456729460042,0.13608585520239647,12.026658304,2026-02-03T16:31:33.699088
28964,0.07434408171440016,0.0002888637593319032,2.901730494725476e-06,0.002738581024459563,0.05006056300771888,89.28511343001446,135.1384653180139,0.17546078500163276,224.65850514899648,0.1424384088142008,11.993667584,2026-02-03T16:35:18.358206
28965,0.07450430602843981,0.0033360155767443445,2.8996939712057657e-06,0.0024730110017117113,0.04794126200431492,90.5502853919752,138.59217049497238,0.1761280170030659,229.3775481460034,0.13950798697887973,12.0123392,2026-02-03T16:39:07.736348
28966,0.07466453034247947,0.0013512579034209438,2.8976596289907244e-06,0.002937190976808779,0.041591000990592875,91.63162440501037,140.06270858898642,0.17511845400440507,231.92047989099228,0.1379783278089141,12.009998336,2026-02-03T16:42:59.657522
28967,0.07482475465651912,0.0006206226501364043,2.8956274686281765e-06,0.0027739229844883084,0.04521564193419181,89.90542007501062,136.37532644702878,0.1536314039985882,226.48977120200288,0.14128673374595654,12.017015808,2026-02-03T16:46:46.147900
28968,0.07498497897055878,3.949847981576937e-06,2.8935974906653526e-06,0.002389567976933904,0.042803788994206116,89.42607546201907,135.23972312493424,0.19628910400206223,224.9147343779914,0.1422761389488198,12.013685248,2026-02-03T16:50:31.063205
28969,0.07514520328459844,0.005613055285940138,2.891569695648901e-06,0.0024462880101054907,0.04446432301483583,90.06190977200458,136.61800368600234,0.16909489101090003,226.9079412150022,0.14102635557245227,12.016492544,2026-02-03T16:54:17.971971
28970,0.07530542759863809,0.0001469160624392174,2.88954408412488e-06,0.00249403397901915,0.04671173999668099,89.40466562005167,135.72490420097893,0.18172585700813215,225.36689154300257,0.1419906880771528,11.992902656,2026-02-03T16:58:03.339536
28971,0.07546565191267775,0.00148255405990394,2.887520656638757e-06,0.00293714196595829,0.040604056004667655,90.72293854597956,137.93157091097964,0.20290408900473267,228.90878931400948,0.1397936710770134,11.998929408,2026-02-03T17:01:52.248905
28972,0.0756258762267174,0.0001742009420215851,2.885499413735415e-06,0.0025844409683486447,0.044520677998661995,89.26542903501831,135.54694504500367,0.16794721700716764,225.03454522500397,0.14220038958020578,12.012796416,2026-02-03T17:05:37.284030
28973,0.07578610054075706,0.0022418298410586956,2.883480355959151e-06,0.0026736319850897416,0.04592572196270339,89.50302603600721,135.05414144501265,0.1537383400136605,224.76658807900094,0.14236991482360645,12.009655296,2026-02-03T17:09:22.051190
28974,0.07594632485479672,0.0011154256725408596,2.881463483853666e-06,0.002844244008883834,0.04508899396751076,90.42532770401158,138.33234424097463,0.28957812300359365,229.10479609399044,0.13967407293766113,11.992166912,2026-02-03T17:13:11.156674
28975,0.07610654916883637,0.00041336268417957456,2.8794487979620806e-06,0.002551109981141053,0.046574338994105347,91.36858865999966,140.86698868301755,0.27665931500087027,232.56909779300622,0.13759351652333882,12.01300736,2026-02-03T17:17:03.726608
28976,0.07626677348287603,0.0011700232194149507,2.8774362988269218e-06,0.0030458189867204055,0.055072572009521537,90.18115629497333,137.2931224790227,0.22202753998863045,227.76241838300484,0.14049727881879467,11.993029632,2026-02-03T17:20:51.489710
28977,0.07642699779691568,0.00047918128851875963,2.8754259869901265e-06,0.0031199130171444267,0.04403155996988062,88.91738950897707,134.28841314006422,0.21627465600613505,223.47580112500873,0.14319223754387492,11.992101888,2026-02-03T17:24:34.966023
28978,0.07658722211095534,0.006785907551633663,2.8734178629930475e-06,0.0027208590181544423,0.04721065300691407,92.13416370197956,141.5580856409797,0.22193505900213495,233.97185993099993,0.13676858409142467,12.022523904,2026-02-03T17:28:28.938461
28979,0.076747446424995,0.01220652607692907,2.8714119273764442e-06,0.003312781991553493,0.05013823995250277,89.8221846420347,136.30278811797325,0.17338752099021804,226.35905775299761,0.1413683212753002,11.992184832,2026-02-03T17:32:15.298083
28980,0.07690767073903465,0.0003502862583655286,2.869408180680492e-06,0.002484957003616728,0.05060743096692022,89.28810230598901,135.3992950740212,0.23181498899066355,224.97979499599023,0.1422349949273015,11.99342592,2026-02-03T17:36:00.278462
28981,0.0770678950530743,0.004740258222224902,2.8674066234447675e-06,0.0029614019877044484,0.04400625600828789,91.12499690697587,139.27612737799063,0.19108319000224583,230.64547098700132,0.13874107244795392,11.992644608,2026-02-03T17:39:50.924513
28982,0.07722811936711396,0.0011978024274919008,2.8654072562082682e-06,0.002662348953890614,0.048582549003185704,90.56867407097889,138.1278049260145,0.20676627400098369,228.9634515029902,0.1397602970689935,12.028650496,2026-02-03T17:43:39.888575
28983,0.07738834368115362,0.005400735454324845,2.8634100795093944e-06,0.0026372420106781647,0.04502531999605708,90.059931522017,137.3708908509725,0.2038359610014595,227.68860705499537,0.14054282475482313,12.010725376,2026-02-03T17:47:27.577790
28984,0.07754856799519327,0.00208375800616567,2.8614150938859616e-06,0.0025513520085951313,0.04946311698586214,89.11525630300457,134.8802189859707,0.1954622460034443,224.2508784110105,0.1426973228677834,11.992568832,2026-02-03T17:51:11.829281
28985,0.07770879230923293,0.0013211192148272488,2.85942229987519e-06,0.0029399820050457492,0.0437534869852243,90.34511275599652,137.27336196498072,0.18498442599957343,227.85866582099698,0.1404379328067286,12.0169088,2026-02-03T17:54:59.688530
28986,0.07786901662327259,0.000378470830476374,2.8574316980137155e-06,0.002765772005659528,0.04978734304313548,89.4393815829535,136.46241600699432,0.31031061899557244,226.27384390799853,0.1414215600324136,12.01309952,2026-02-03T17:58:45.963203
28987,0.07802924093731224,0.0026862851262827725,2.8554432888375793e-06,0.0028674220229731873,0.051514310005586594,89.96888384599879,136.9023501220072,0.4162760850013001,227.35091849599849,0.14075157563334506,11.993283072,2026-02-03T18:02:33.315112
28988,0.0781894652513519,0.003189735426310847,2.8534570728822314e-06,0.0029812750435667112,0.040582007030025125,91.40563704099623,140.53373660701618,0.19725555498735048,232.18826917700062,0.1378191935080317,11.992910848,2026-02-03T18:06:25.503978
28989,0.07834968956539155,0.0008478191996621476,2.8514730506825366e-06,0.0027632269921014085,0.0406785310478881,90.81850033899536,138.96135657597915,0.1985404830047628,230.02862072500284,0.13911312383277608,12.01005056,2026-02-03T18:10:15.533195
28990,0.07850991387943121,0.00048339214888848403,2.8494912227727652e-06,0.002957924996735528,0.05617240800347645,90.76571484500892,138.5732060940063,0.1982004150049761,229.60649558399746,0.1393688794326525,12.00701696,2026-02-03T18:14:05.140248
28991,0.07867013819347086,0.0018264487061627754,2.8475115896865967e-06,0.0026868029817705974,0.050763846971676685,93.66261261102045,144.58908046800934,0.17052381800021976,238.48382617101015,0.13418100721452567,11.992497152,2026-02-03T18:18:03.624666
28992,0.07883036250751052,0.00591945017489226,2.8455341519571176e-06,0.002517862056265585,0.045467351024854,90.41815067293646,137.81553322703985,0.2941065869963495,228.58228816700284,0.13999334881371348,12.009083904,2026-02-03T18:21:52.207562
28993,0.07899058682155018,0.0009579485203405902,2.843558910116829e-06,0.0025076300371438265,0.05466362902370747,89.73951742397912,135.6816093060479,0.18759850598871708,225.67400760899181,0.14179745527204873,12.011199488,2026-02-03T18:25:37.882149
28994,0.07915081113558983,2.8115346822232823e-05,2.841585864697636e-06,0.0026283000188414007,0.04559716404764913,90.7982962969545,138.22292728497996,0.21352748900244478,229.2907841970009,0.13956077699357686,11.992914944,2026-02-03T18:29:27.173523
28995,0.07931103544962947,0.0011652781797304446,2.8396150162308514e-06,0.002533603008487262,0.050273635977646336,90.1589149759966,136.91358486303943,0.21030177400098182,227.3434115370037,0.14075622329962045,11.992003584,2026-02-03T18:33:14.517537
28996,0.07947125976366913,0.0013993171519235403,2.8376463652472033e-06,0.0029394660086836666,0.05149345703830477,90.24892611899122,137.15617605499574,0.21447251900099218,227.68205809000938,0.14054686727818255,11.99331072,2026-02-03T18:37:02.200097
28997,0.07963148407770879,2.0557156240608165e-06,2.8356799122768178e-06,0.0026275280106347054,0.04816697898786515,91.10100368197891,139.33661985304207,0.19776649100822397,230.69389030699676,0.13871195269807918,12.014494208,2026-02-03T18:40:52.894681
28998,0.07979170839174844,0.005706795607193449,2.83371565784924e-06,0.0024118029832607135,0.04067931302415673,90.84143436801969,138.952173706959,0.2229461109964177,230.06737578599132,0.13908969009915775,11.992027136,2026-02-03T18:44:42.962662
28999,0.0799519327057881,0.003367592097234251,2.8317536024934117e-06,0.002605160989332944,0.040219433984020725,91.8937225810223,140.59555416097282,0.2241873500024667,232.76444372200058,0.13747804212837084,12.008928768,2026-02-03T18:48:35.727694
29000,0.08011215701982775,0.005334091101544036,2.8297937467376937e-06,0.002863661022274755,0.047992877051001415,90.66189820195723,138.4009474820341,0.1530948979925597,229.27358291500423,0.13957124756000766,11.9926016,2026-02-03T18:52:25.001874
29001,0.08027238133386741,0.00035630960551813473,2.8278360911098466e-06,0.021712264031521045,0.05144491900864523,91.80404561902105,138.82897842099192,0.15906489800545387,1577.9111864680017,0.020279975371509242,12.011068416,2026-02-03T19:18:42.913747
29002,0.08043260564790707,0.0010501418073083357,2.825880636137039e-06,0.002526513038901612,0.04958994104526937,90.4907226459618,136.96263590702438,0.1573137770028552,227.67025523599295,0.14055415349198871,12.014510592,2026-02-03T19:22:30.586210
29003,0.08059282996194672,0.010559191172040627,2.8239273823458526e-06,0.012576824999996461,0.045887687971116975,92.31867518104264,141.6429423080117,0.15839463300653733,234.18477896899276,0.13664423512442267,12.010315776,2026-02-03T19:26:24.771513
29004,0.08075305427598638,0.0029175163823453865,2.821976330262269e-06,0.0024826619919622317,0.043488187962793745,90.99696920804854,138.40657212299993,0.17484412000339944,229.63177296800131,0.13935353799867725,12.01657856,2026-02-03T19:30:14.403797
29005,0.08091327859002603,5.2880669889621146e-05,2.8200274804116854e-06,0.0027459810225991532,0.04250465103541501,90.20485778899456,137.5266014100198,0.18163515999913216,227.96483928999805,0.1403725245509999,12.01007616,2026-02-03T19:34:02.369234
29006,0.08107350290406569,0.0021724175602619855,2.8180808333188977e-06,0.002765643992461264,0.04618365201167762,91.41732439199404,139.59312020099605,0.17623553199518938,231.24261558201397,0.13838279730342645,12.013799936,2026-02-03T19:37:53.612434
29007,0.08123372721810534,0.016597672328395596,2.816136389508111e-06,0.003525266016367823,0.0468589980591787,91.33282132794557,139.64089010302268,0.16584951100230683,231.19904949099873,0.13840887352456807,12.007548416,2026-02-03T19:41:44.812264
29008,0.081393951532145,5.37653907244362e-05,2.8141941495029414e-06,0.012535234040115029,0.04215496995311696,88.67542642002809,134.00290580894216,0.17645193000498693,222.91610417199263,0.14355176409915255,12.018481664,2026-02-03T19:45:27.728980
29009,0.08155417584618466,5.79818628221318e-06,2.8122541138264035e-06,0.0026200790307484567,0.04735929200251121,90.10369808596442,137.1276249950315,0.17931241300539114,227.46798048699566,0.14067914056075,12.009253888,2026-02-03T19:49:15.197538
29010,0.08171440016022431,0.0005463694031597743,2.810316283000929e-06,0.002776503999484703,0.043921499003772624,89.1990926060098,134.50636093397043,0.19933246499567758,223.95961559600255,0.14288290286104227,12.009409536,2026-02-03T19:52:59.157744
29011,0.08187462447426397,0.0026354282272755825,2.80838065754835e-06,0.0026956910005537793,0.04121435500564985,91.48522511398187,139.7318923180137,0.18190721899736673,231.44918384500488,0.13825929073670665,12.007233024,2026-02-03T19:56:50.607445
29012,0.08203484878830362,0.001585541507613808,2.8064472379898966e-06,0.0033009409671649337,0.050028266035951674,89.92117749300087,136.09630656099762,0.24979015800636262,226.32769594099955,0.1413879104232208,12.014565888,2026-02-03T20:00:36.935966
29013,0.08219507310234328,0.004274807945267245,2.8045160248462216e-06,0.0024459709966322407,0.044762719015125185,90.65531485601969,138.20855233502516,0.19377807300770655,229.1127684480016,0.13966921274953986,12.00744192,2026-02-03T20:04:26.049422
29014,0.08235529741638294,0.00022264984240583097,2.8025870186373705e-06,0.0027482920268084854,0.05427612300263718,89.20382012700429,135.04024709197984,0.18775087098765653,224.49688357199193,0.14254095420321594,12.010702848,2026-02-03T20:08:10.546878
29015,0.08251552173042259,0.006790234185554134,2.800660219882801e-06,0.0027225010271649808,0.04113759704341646,91.03923738798767,138.9760629080265,0.27802100000553764,230.34814215599908,0.1389201566832199,11.992899584,2026-02-03T20:12:00.895756
29016,0.08267574604446225,1.695175990246156e-06,2.7987356291013746e-06,0.00263152300613001,0.044782877041143365,90.03395872196415,136.61548617597145,0.16215200399165042,226.86630933199194,0.1410522350992707,12.026574336,2026-02-03T20:15:47.762714
29017,0.0828359703585019,2.5990547032339606e-06,2.796813246811355e-06,0.002792354003759101,0.048895618005190045,89.38885043097252,135.57739843100717,0.21761456900276244,225.24478821600496,0.14206766004864307,12.0078976,2026-02-03T20:19:33.008091
29018,0.08299619467254156,0.0028687453460864987,2.7948930735304183e-06,0.0028516179881989956,0.04664923199743498,89.109596202994,134.93376370202168,0.24755461899621878,224.3469954309985,0.1426361870303813,11.992406528,2026-02-03T20:23:17.355711
29019,0.08315641898658122,0.0030098201565085247,2.7929751097756374e-06,0.0034324970038142055,0.04988099096226506,90.42080760002136,137.6414828729903,0.22385491900786292,228.3469587760046,0.14013762290300605,12.0143488,2026-02-03T20:27:05.703248
29020,0.08331664330062087,0.002798218976977296,2.7910593560634985e-06,0.002728888997808099,0.04339071098365821,89.94194215799507,136.46653297501325,0.2256902739900397,226.68737107999914,0.14116357628368734,12.008899072,2026-02-03T20:30:52.391248
29021,0.08347686761466053,0.0027006269321847576,2.7891458129098848e-06,0.0028277730016270652,0.051553141020121984,91.7894757759932,140.77460154502478,0.18947756399575155,232.8157299799932,0.1374477575151382,11.99264768,2026-02-03T20:34:45.207561
29022,0.08363709192870018,0.005251671426815374,2.787234480830092e-06,0.002872030992875807,0.0445035079610534,90.94820137998613,139.1828046110022,0.22069846499653067,230.40555076100281,0.13888554287996843,11.9930112,2026-02-03T20:38:35.613715
29023,0.08379731624273984,0.0021992092177645084,2.785325360338815e-06,0.0025915180158335716,0.05151571701571811,90.86238677997608,138.8749015470239,0.2974696710007265,230.09800694600563,0.13907117416931414,11.992216064,2026-02-03T20:42:25.712692
29024,0.0839575405567795,0.0013340802046171163,2.7834184519501495e-06,0.013017589008086361,0.04644303202803712,89.8008495249378,136.195628357018,0.1868030629993882,226.25122201399063,0.14143570017058837,11.993119744,2026-02-03T20:46:11.964552
29025,0.08411776487081915,0.007094519440493663,2.7815137561776096e-06,0.0024134340055752546,0.041905526974005625,89.06307992700022,134.64300941200054,0.23856705400976352,223.9964759930008,0.1428593903459441,11.992902656,2026-02-03T20:49:55.961553
29026,0.0842779891848588,0.0029233305866780412,2.7796112735340955e-06,0.002255611034343019,0.047845356981270015,90.92834116000449,138.7275885300187,0.16540715598966926,229.8774470960052,0.1392046083869882,12.019450368,2026-02-03T20:53:45.839597
29027,0.08443821349889846,0.0005119360172392007,2.7777110045319276e-06,0.0027388939925003797,0.05064817497623153,90.27796415201738,137.03087128998595,0.1879066370020155,227.55669912399026,0.14062429330003579,12.015047168,2026-02-03T20:57:33.396893
29028,0.08459843781293812,0.002271066239294406,2.775812949682821e-06,0.002958918033982627,0.04643550096079707,90.35912374401232,137.52407994701935,0.24460242199711502,228.18370075699931,0.14023788681592952,12.006024704,2026-02-03T21:01:21.581135
29029,0.08475866212697777,0.0007067963385960496,2.773917109497894e-06,0.002765493030892685,0.04562326896120794,89.98057804100972,136.39010490600776,0.23498212099366356,226.66424495799583,0.14117797893501052,12.002949632,2026-02-03T21:05:08.245953
29030,0.08491888644101743,1.151676881860908e-06,2.7720234844876737e-06,0.003164020992699079,0.05057944395230152,90.04670695202367,137.0681901009957,0.15669418199104257,227.33211487499648,0.14076321780403045,11.992022016,2026-02-03T21:08:55.578649
29031,0.08507911075505709,1.2201646693021928e-06,2.7701320751620873e-06,0.0029171220085117966,0.047793807010748424,89.47861581401958,135.5642846529663,0.20619980999617837,225.3084522709978,0.14202751684393472,11.992863744,2026-02-03T21:12:40.887708
29032,0.08523933506909674,0.0045580642211100475,2.7682428820304673e-06,0.0028982909716432914,0.04236995098472107,91.02521783401608,138.83698429798824,0.22052988300856669,230.13569914000982,0.13904839674844127,12.00357376,2026-02-03T21:16:31.024249
29033,0.0853995593831364,0.002025336052717819,2.7663559056015475e-06,0.0027893940423382446,0.050812768007745035,91.43518273395603,141.1050904070289,0.16431112299324013,232.76472566800658,0.13747787560234428,11.993407488,2026-02-03T21:20:23.789555
29034,0.08555978369717605,0.005196788536983021,2.7644711463834638e-06,0.0026918080111499876,0.04540246000397019,93.29756397400342,143.42104445400764,0.17916992399841547,236.95266432699282,0.1350480700054094,12.010834944,2026-02-03T21:24:20.742812
29035,0.0857200080112157,0.007657858952514918,2.762588604883761e-06,0.0032814270234666765,0.03915169795800466,90.20938121603103,137.75665778495022,0.20098585801315494,228.21991486600018,0.14021563376179888,12.009793536,2026-02-03T21:28:08.963473
29036,0.08588023232525535,0.008222286531659018,2.7607082816093766e-06,0.0031219229713315144,0.052875025983667,91.17975407802442,139.17633775695867,0.24229666500468738,230.66195029499067,0.13873116029356208,11.992579072,2026-02-03T21:31:59.626265
29037,0.08604045663929501,6.942876004778498e-06,2.7588301770666626e-06,0.003362722971360199,0.05573058899608441,90.16416848800145,136.7697889230185,0.23861361799936276,227.23855784100306,0.14082117182943105,11.993232384,2026-02-03T21:35:46.865436
29038,0.08620068095333466,0.0015390547057125836,2.7569542917613644e-06,0.0028057130111847073,0.055336809004074894,90.65687715304375,137.87201797097805,0.17582515299727675,228.77014189699548,0.13987839380896178,12.01013248,2026-02-03T21:39:35.636336
29039,0.08636090526737432,0.0012453805530867612,2.755080626198632e-06,0.00339803597307764,0.05715881499054376,92.40245455499098,141.3492381870019,0.15028550200804602,233.9705263289943,0.1367693636548206,12.012024832,2026-02-03T21:43:29.607594
29040,0.08652112958141397,0.002005213187032062,2.753209180883023e-06,0.013235135993454605,0.05127964200801216,89.42677965099574,135.22568335704273,0.18910197699733544,224.91443672899914,0.14227632723530775,11.992982528,2026-02-03T21:47:14.522615
29041,0.08668135389545363,0.004157316548321077,2.7513399563184847e-06,0.003320771997096017,0.050480081990826875,90.94011345705076,138.74719665794692,0.22390066699881572,229.97279778000666,0.13914689175809128,12.003454976,2026-02-03T21:51:04.496223
29042,0.08684157820949329,0.00367204987894465,2.749472953008384e-06,0.013071199020487256,0.058168403993477114,91.79731001603068,140.6127160559845,0.21140492500853725,232.70153830001072,0.13751520610381168,12.007735808,2026-02-03T21:54:57.198336
29043,0.08700180252353294,0.004000063806094634,2.7476081714554736e-06,0.0028991540166316554,0.0482800869649509,90.83355104000657,137.97273313500045,0.2021078590041725,229.066963063,0.13969714170960165,12.007101952,2026-02-03T21:58:46.266081
29044,0.0871620268375726,0.0002553698556555517,2.7457456121619177e-06,0.002990306034917012,0.04623245699622203,90.55283243699523,137.3795465969888,0.19047877799312118,228.1797998379916,0.14024028429650698,12.033901568,2026-02-03T22:02:34.446470
29045,0.08732225115161225,0.0008699708614572366,2.743885275629278e-06,0.003541700978530571,0.060978805006016046,92.58260889300436,140.10458892000315,0.23589395300950855,232.9954429299978,0.13734174195679108,12.012743168,2026-02-03T22:06:27.442697
29046,0.08748247546565191,0.0021313366451147786,2.7420271623585146e-06,0.004541066984529607,0.05888440099079162,89.39080417799414,137.05979718102026,0.24398125200241338,226.76633313301136,0.1411144218715667,11.992767488,2026-02-03T22:10:14.209879
29047,0.08764269977969157,0.003566195857722665,2.740171272849999e-06,0.0030293379677459598,0.05499243800295517,89.5543815959827,137.3784242390102,0.23848853399977088,227.23634127499827,0.14082254546280537,11.993252352,2026-02-03T22:14:01.446829
29048,0.08780292409373122,0.0011572133824859776,2.738317607603493e-06,0.0031382009474327788,0.05466305995651055,91.21590554903378,139.90765251299308,0.1591610340110492,231.347357947001,0.138320144582463,12.013040128,2026-02-03T22:17:52.794870
29049,0.08796314840777088,0.0020537663757749236,2.736466167118166e-06,0.0027674270095303655,0.04840160997991916,92.03889608403551,141.26359186197806,0.18567273100779857,233.54793049799628,0.1370168424604154,12.0088832,2026-02-03T22:21:46.343404
29050,0.08812337272181053,0.001293575746277087,2.7346169518925866e-06,0.013094830006593838,0.04955853296269197,89.71324052398268,135.73049078903568,0.19635714299511164,225.70939330599504,0.14177522490886094,12.010063872,2026-02-03T22:25:32.053509
29051,0.08828359703585019,4.643947368876411e-07,2.7327699624247214e-06,0.0031340850109700114,0.058039316994836554,89.78580922201218,135.97143136200611,0.19480593099433463,226.0203117249912,0.14158019584954737,11.992986624,2026-02-03T22:29:18.074439
29052,0.08844382134988985,0.0019194421820984964,2.7309251992119425e-06,0.0028895399591419846,0.05925766802101862,88.95689644099912,134.1421457039396,0.18303975100570824,223.35081370800617,0.14327236811339603,11.993156608,2026-02-03T22:33:01.425849
29053,0.0886040456639295,0.0011745955011166487,2.7290826627510165e-06,0.0026071690226672217,0.06388111900014337,92.78068020600767,142.49880661700445,0.19691076000162866,235.54967957900953,0.13585244546794792,12.011328512,2026-02-03T22:36:56.976334
29054,0.08876426997796916,1.1761859861181279e-05,2.7272423535381214e-06,0.0028390559600666165,0.05123792700760532,90.67553147196304,138.01249996603292,0.18376754398923367,228.9331609889923,0.13977878897823212,11.992134656,2026-02-03T22:40:45.910096
29055,0.08892449429200881,0.004956633900577323,2.725404272068822e-06,0.0031564700038870797,0.046212568020564504,91.3807081989944,139.5662764540175,0.17253219900885597,231.17680250400736,0.13842219311535506,11.999715328,2026-02-03T22:44:37.087535
29056,0.08908471860604847,0.02174829958517055,2.723568418838087e-06,0.013125083962222561,0.047170104866381735,90.0069980090775,136.6127146689978,0.1959346540097613,226.88297233902267,0.14104187577454516,12.009033216,2026-02-03T22:48:23.971070
29057,0.08924494292008812,2.0875706154832585e-06,2.721734794340294e-06,0.0028452259430196136,0.0438195800234098,90.4478727330279,137.43219887296436,0.21158596602617763,228.14619932702044,0.1402609383561626,11.993330688,2026-02-03T22:52:12.117831
29058,0.08940516723412778,7.111157530825807e-06,2.7199033990692087e-06,0.002591358934296295,0.05039485095767304,90.59253450506367,138.00871268700575,0.20775989099638537,228.87010637301137,0.13981729858527944,11.992593408,2026-02-03T22:56:00.988544
29059,0.08956539154816744,0.0004348620236858114,2.718074233518005e-06,0.002793277060845867,0.05264042207272723,90.68481489294209,137.91323078604182,0.18076104199280962,228.84222436600248,0.13983433384575167,12.020415488,2026-02-03T22:59:49.831280
29060,0.08972561586220709,0.0003388944098525748,2.7162472981792523e-06,0.0028375360125210136,0.047202711954014376,89.50589942303486,135.32365575802396,0.20508505500038154,225.0930716660223,0.1421634160623096,11.992026112,2026-02-03T23:03:34.924942
29061,0.08988584017624675,0.0005990249921792312,2.7144225935449157e-06,0.002666027983650565,0.045657286973437294,93.49787910794839,144.0226516420662,0.23270863498328254,237.81271260499489,0.1345596694536333,12.005500416,2026-02-03T23:07:32.738507
29062,0.0900460644902864,4.828564206249553e-07,2.7126001201063692e-06,0.0030703850206919014,0.051762267044978216,91.50972960199579,141.22298712894553,0.26849634799873456,233.0656662209949,0.13730036053297237,12.007005696,2026-02-03T23:11:25.805061
29063,0.09020628880432606,4.290182648070129e-05,2.710779878354377e-06,0.003106739022769034,0.0412906420242507,91.63848014795803,140.91208268905757,0.2038735359965358,232.80572179402225,0.1374536663162961,12.014449152,2026-02-03T23:15:18.611613
29064,0.09036651311836572,3.054061240037598e-05,2.7089618687791085e-06,0.003603066987125203,0.05219277591095306,89.64013477702974,136.60285707499133,0.20092895298148505,226.506555156986,0.14127626451173392,11.992169472,2026-02-03T23:19:05.118768
29065,0.09052673743240537,0.003805344035142877,2.7071460918701276e-06,0.002770067978417501,0.045181536028394476,91.05848176201107,139.55374051997205,0.22773492900887504,230.89610739899217,0.13859046980252243,12.016128512,2026-02-03T23:22:56.015476
29066,0.09068696174644503,0.0034281039854682227,2.7053325481164006e-06,0.003060373099287972,0.052904039970599115,91.00408424503985,139.45764437204343,0.1912282220146153,230.71582633501384,0.13869876422579694,12.005779968,2026-02-03T23:26:46.732017
29067,0.09084718606048468,0.004759322427238977,2.70352123800629e-06,0.0025355509715154767,0.04828946097404696,91.0616221850214,138.51934070698917,0.16760782699566334,229.80671710599563,0.13924745282898054,11.9923968,2026-02-03T23:30:36.539381
29068,0.09100741037452434,0.010766294553186562,2.701712162027556e-06,0.0030685930978506804,0.03983860500738956,90.31697747093858,137.09257478802465,0.16698989100405015,227.62661944399588,0.14058109758060666,12.009300992,2026-02-03T23:34:24.166678
29069,0.091167634688564,0.006132026142853131,2.699905320667361e-06,0.002768977894447744,0.04457928307238035,91.06979262494133,139.0010145860142,0.23960022197570652,230.3645675430016,0.13891025143884872,12.010835968,2026-02-03T23:38:14.531818
29070,0.09132785900260365,0.0012826293955932044,2.69810071441226e-06,0.0025844489864539355,0.04721779501414858,88.88319851903361,134.23699877105537,0.23233135501504876,223.40862803300843,0.14323529167938862,11.991981056,2026-02-03T23:41:57.941036
29071,0.0914880833166433,0.00027926402038636056,2.6962983437482146e-06,0.002573535981355235,0.05258915605372749,90.02650659697247,136.67869137402158,0.21995013798004948,226.98863763699774,0.14097621948449546,12.020826112,2026-02-03T23:45:44.930267
29072,0.09164830763068296,0.003632752943740103,2.694498209160578e-06,0.012634896993404254,0.04773059592116624,90.08720067003742,136.89099200000055,0.21339051201357506,227.26114772300934,0.1408071741281632,12.017268736,2026-02-03T23:49:32.192024
29073,0.09180853194472262,0.0003059082773479993,2.6927003111340955e-06,0.003362344083143398,0.05182051603333093,91.22634107398335,138.50692120703752,0.21873628400499,230.01507200402557,0.13912131809971112,11.9927552,2026-02-03T23:53:22.207820
29074,0.09196875625876226,4.927261963771912e-06,2.6909046501529264e-06,0.002747009973973036,0.04653325100662187,90.76620433299104,138.11594270696514,0.20137246997910552,229.14070575399091,0.13965218399194296,11.992712192,2026-02-03T23:57:11.349081
29075,0.09212898057280192,0.005882031735835902,2.6891112267006132e-06,0.0030925619357731193,0.05105329302023165,90.9911243809911,138.7974458259996,0.23960398099734448,230.09000401000958,0.139076011309939,12.016158208,2026-02-04T00:01:01.439861
29076,0.09228920488684157,0.003579828815663433,2.687320041260104e-06,0.0028431859391275793,0.04480432404670864,89.80538715785951,136.44471286813496,0.20867378599359654,226.51570054798503,0.14127056059507506,12.0165376,2026-02-04T00:04:47.956156
29077,0.09244942920088123,0.010581837854096054,2.6855310943137388e-06,0.0026712820399552584,0.04828706703847274,89.78073868699721,136.28566608700203,0.24073974299244583,226.36577571299858,0.14136412582338287,11.99213312,2026-02-04T00:08:34.332978
29078,0.09260965351492088,0.007644769777357396,2.6837443863432572e-06,0.0028177269850857556,0.043354316032491624,90.63530845698551,138.06042493198765,0.23299516597762704,228.9818629459769,0.13974905954691128,12.014105088,2026-02-04T00:12:23.315560
29079,0.09276987782896054,0.00021345529823424414,2.6819599178297976e-06,0.002784368029097095,0.05105113206082024,91.33688213097048,139.92038603298715,0.1562763869878836,231.47513688501203,0.13824378907656235,11.993393664,2026-02-04T00:16:14.791268
29080,0.0929301021430002,0.0006101078478621957,2.6801776892538914e-06,0.0025860010646283627,0.04888521204702556,92.01538869104115,141.3494928269938,0.2452962459938135,233.66950822100625,0.13694555290343735,12.009426944,2026-02-04T00:20:08.461373
29081,0.09309032645703985,0.003914788224531396,2.6783977010954717e-06,0.002592477045254782,0.060500197985675186,90.85703198896954,139.06170797799132,0.21057805698364973,230.1997883330041,0.13900968472529265,12.017915904,2026-02-04T00:23:58.661801
29082,0.09325055077107951,0.001990186624797552,2.676619953833864e-06,0.002361741993809119,0.04604819996166043,89.61888799603912,136.20430891902652,0.15296489698812366,226.0336263749923,0.1415718559808957,11.99226624,2026-02-04T00:27:44.696074
29083,0.09341077508511916,5.33033888774348e-05,2.6748444479477902e-06,0.002428944018902257,0.046202258963603526,92.53196562698577,142.22234962310176,0.2265341189922765,235.03650761101744,0.13614906180004857,12.027403776,2026-02-04T00:31:39.733272
29084,0.09357099939915882,0.00018415061117771359,2.6730711839153754e-06,0.0026755540748126805,0.04797146798227914,90.57001167998533,137.59596903898637,0.19530992800719105,228.42382630502107,0.14009046480672055,12.010290176,2026-02-04T00:35:28.157874
29085,0.09373122371319847,0.003605856498525739,2.6713001622141296e-06,0.0026884669496212155,0.04187680399627425,90.41815083308029,138.23170103592565,0.1915013229881879,228.89756597200176,0.1398005254626175,12.013496832,2026-02-04T00:39:17.056076
29086,0.09389144802723813,2.5543749761602896e-05,2.669531383320971e-06,0.0026462070818524808,0.05190064193448052,89.89260518114315,136.5890154739609,0.15753337999922223,226.7004070589901,0.14115545893869183,11.992968192,2026-02-04T00:43:03.757060
29087,0.09405167234127779,0.006495380894723901,2.6677648477122054e-06,0.0025473609275650233,0.042915227968478575,89.76266173299518,136.94214324993663,0.20908376199076883,226.96598404701217,0.14099029039246577,12.01704448,2026-02-04T00:46:50.723584
29088,0.09421189665531744,0.004032767098277823,2.66600055586354e-06,0.0025253449857700616,0.04097806103527546,90.05226014502114,137.14591783998185,0.19635373097844422,227.44530006300192,0.1406931688240472,12.010566656,2026-02-04T00:50:38.169488
29089,0.0943721209693571,0.006045065555920548,2.664238508250072e-06,0.0028395849221851677,0.05120559799252078,91.78984254805255,140.59536014893092,0.16887967099319212,232.6160195840057,0.13756576205381973,11.992933376,2026-02-04T00:54:30.786079
29090,0.09453234528339675,0.0005650381878479216,2.662478705346298e-06,0.0027603740454651415,0.04708391000167467,89.20509355596732,135.03869230402051,0.2029444680083543,224.504772943008,0.14253594514056683,12.012800512,2026-02-04T00:58:15.291429
29091,0.09469256959743641,2.62797293926198e-07,2.660721147626111e-06,0.00268276606220752,0.0458722359908279,89.24373468806152,135.44469681388,0.22871411498636007,224.97578088598675,0.142237532742322,12.02804992,2026-02-04T01:02:00.267819
29092,0.09485279391147607,0.00487446448598039,2.6589658355627955e-06,0.002878875966416672,0.043828115944052115,90.75383487495128,138.6712884020526,0.23031833200366236,229.7110552729864,0.13930544162087238,11.992617984,2026-02-04T01:05:49.979520
29093,0.09501301822551572,0.00037434958003557117,2.6572127696290374e-06,0.0026689989608712494,0.04532839101739228,89.37772340897936,135.50308492200566,0.19386923001729883,225.13090926100267,0.14213952275607436,11.992982528,2026-02-04T01:09:35.110997
29094,0.09517324253955538,1.221884081692437e-05,2.655461950296911e-06,0.003034214983927086,0.04877627998939715,90.1496288930066,137.36146237593493,0.15924209798686206,227.729749377002,0.1405174338774011,12.019333632,2026-02-04T01:13:22.841323
29095,0.09533346685359503,0.0027766227212593364,2.6537133780378883e-06,0.0027470620116218925,0.04955712993978523,89.68314035705407,136.33562909203465,0.17272136398241855,226.25084574200446,0.14143593538867846,12.015555072,2026-02-04T01:17:09.092763
29096,0.09549369116763469,1.2929787840842977e-05,2.6519670533228386e-06,0.002870180003810674,0.046594372048275545,89.8908920759277,136.44120178403682,0.17636594700161368,226.5665639259969,0.14123884586276425,11.993324544,2026-02-04T01:20:55.659862
29097,0.09565391548167435,0.003049716198674446,2.6502229766220224e-06,0.002747990016359836,0.046721598017029464,91.17111618196941,139.24256480607437,0.1937128640129231,230.66379099301412,0.13873005321831874,12.008982016,2026-02-04T01:24:46.324230
29098,0.095814139795714,0.0007396588625319112,2.6484811484050985e-06,0.002416512987110764,0.04359497898258269,90.66655866196379,138.19231514108833,0.18290802001138218,229.09453953898628,0.13968032614131504,11.992515584,2026-02-04T01:28:35.419388
29099,0.09597436410975366,0.0029886199804258773,2.6467415691411156e-06,0.0032705819758120924,0.04587020695907995,91.38456181500806,139.4544433610863,0.1741786979837343,231.0699801320152,0.13848618492855594,12.00952832,2026-02-04T01:32:26.490170
29100,0.09613458842379331,0.0011043487226860549,2.645004239298519e-06,0.00355968507938087,0.05153728197910823,92.17888029801543,144.18191356398165,0.15542205501697026,236.57837204699172,0.13526173049176202,12.011509248,2026-02-04T01:36:23.069273
29101,0.09629481273783297,0.0015188789284863446,2.6432691593451526e-06,0.00318291800795123,0.05063825301476754,91.97164853697177,142.09613736602478,0.19582737001474015,234.3258906409901,0.13656194760410445,12.02043904,2026-02-04T01:40:17.396027
29102,0.09645503705187262,0.004287493730283032,2.6415363297482426e-06,0.002901684056269005,0.051315816992428154,89.68429788702633,137.47298923600465,0.21010985900647938,227.42828893999103,0.1407036923557187,11.993331712,2026-02-04T01:44:04.825108
29103,0.09661526136591228,0.0038464259406887358,2.6398057509744254e-06,0.003018914023414254,0.04203600296750665,92.56986864298233,141.1065822110104,0.20348834700416774,233.93416377797257,0.13679062298216207,12.010288128,2026-02-04T01:47:58.759946
29104,0.09677548567995194,0.002252093868287286,2.63807742348972e-06,0.002804388030199334,0.04978055498213507,91.12930260706344,138.96473092393717,0.23274227901129052,230.38748200499685,0.13889643535105764,12.013341184,2026-02-04T01:51:49.148117
29105,0.09693570999399159,0.00048030591650860543,2.63635134775954e-06,0.0025810259394347668,0.05206303598242812,90.3884799160005,137.76431051609688,0.21369493001839146,228.4282298219914,0.14008776421783256,12.013475328,2026-02-04T01:55:37.577015
29106,0.09709593430803125,0.003983191037418177,2.634627524248697e-06,0.0028896189760416746,0.049959339085035026,90.43579910093104,138.1943000620231,0.20759975901455618,228.8978716089914,0.13980033879329,12.009624576,2026-02-04T01:59:26.475493
29107,0.0972561586220709,4.013174924155649e-05,2.632905953421391e-06,0.0030371239117812365,0.05293073796201497,90.06755476302351,136.63714358501602,0.18497335398569703,226.95589275402017,0.14099655933887695,12.005707264,2026-02-04T02:03:13.431993
29108,0.09741638293611056,0.0015311793978289856,2.6311866357412214e-06,0.002626030909596011,0.05810539907542989,91.31614169094246,139.29946743699838,0.20101097601582296,230.88404502501362,0.1385977103638026,11.992680448,2026-02-04T02:07:04.316641
29109,0.09757660725015022,0.0019999960742761447,2.6294695716711735e-06,0.0024882970028556883,0.052038124966202304,90.66976662405068,138.1770956129767,0.23108101400430314,229.1394809630001,0.13965293045752838,11.992421376,2026-02-04T02:10:53.456716
29110,0.09773683156418987,0.00020197806088884107,2.6277547616736353e-06,0.002647032932145521,0.05734707193914801,90.90949112008093,138.3227315469412,0.23954474899801426,229.5390530549921,0.1394098284109134,12.007770624,2026-02-04T02:14:42.996539
29111,0.09789705587822953,0.0009661133748291029,2.6260422062103784e-06,0.0031172630260698497,0.05206012609414756,90.71653627490741,137.77614777203416,0.2220004959963262,228.7782474750129,0.13987343793904633,12.012824576,2026-02-04T02:18:31.775542
29112,0.09805728019226918,0.004529498025790835,2.6243319057425705e-06,0.002613310032756999,0.05277335588471033,89.9250160100637,136.2422406669648,0.17435341599048115,226.405542419001,0.14133929610600562,11.992163328,2026-02-04T02:22:18.181670
29113,0.09821750450630884,0.0019628667209143913,2.6226238607307767e-06,0.0026510229508858174,0.051828838943038136,89.17904054003884,134.6931451500277,0.18516836399794556,224.11873692899826,0.14278145789362418,11.993045504,2026-02-04T02:26:02.301022
29114,0.09837772882034848,0.0005891880363182445,2.620918071634945e-06,0.0026190869975835085,0.04756842594360933,90.4828795370413,137.13655559701147,0.23146164600620978,227.90730839199387,0.14040795894513808,12.011460608,2026-02-04T02:29:50.208925
29115,0.09853795313438814,0.005810005019460718,2.61921453891443e-06,0.002885504945879802,0.05299915000796318,89.84519552296842,135.83326599106658,0.19018019799841568,225.9334082090063,0.1416346535630422,11.992004096,2026-02-04T02:33:36.143033
29116,0.09869817744842779,0.0010824054958051832,2.6175132630279634e-06,0.0025485560472588986,0.046410989976720884,89.4763617470162,135.14468002595822,0.25880118599161506,224.93698381699505,0.1422620658327786,11.992142848,2026-02-04T02:37:21.080617
29117,0.09885840176246745,0.0016772791219408223,2.6158142444336762e-06,0.0025593269674573094,0.05471423504059203,91.00980696594343,136.77524089699727,0.2566496579966042,228.10531915799947,0.140286075388864,12.015739392,2026-02-04T02:41:09.186476
29118,0.0990186260765071,3.3268346687265193e-05,2.6141174835890963e-06,0.0032875969482120126,0.052897586981998757,90.77490189805394,139.23978533700574,0.20551569599774666,230.283579622017,0.13895910447685494,12.014176768,2026-02-04T02:44:59.470655
29119,0.09917885039054676,0.006085875832657184,2.6124229809511347e-06,0.002665213047293946,0.04663572899880819,91.73746775105246,139.04836924394476,0.1854941250057891,231.02765262397588,0.13851155754105196,11.992695808,2026-02-04T02:48:50.498889
29120,0.09933907470458642,0.0007351774229382713,2.610730736976102e-06,0.0027439680125098675,0.04839079198427498,92.18791562199476,142.23390211098013,0.20658062101574615,234.6869664300175,0.13635184129214198,12.024995328,2026-02-04T02:52:45.186455
29121,0.09949929901862607,3.693104497770605e-07,2.6090407521196946e-06,0.002795646956656128,0.04779064003378153,91.15615666008671,139.09224586596247,0.20674143798532896,230.5132513139979,0.1388206526852142,12.00853248,2026-02-04T02:56:35.700294
29122,0.09965952333266573,6.176806397295564e-05,2.6073530268370014e-06,0.0027253909793216735,0.04252320897649042,89.36137878606678,136.24512563092867,0.2374577899754513,225.89748836998479,0.14165717481368806,11.992538112,2026-02-04T03:00:21.598454
29123,0.09981974764670538,0.0019158900629305808,2.605667561582508e-06,0.002645839034812525,0.040407346008578315,91.98499786300818,141.42557224503253,0.2090472140116617,233.66966537598637,0.13694546080044395,11.99207936,2026-02-04T03:04:15.268728
29124,0.09997997196074504,0.0031107797535314674,2.6039843568100845e-06,0.002726895996602252,0.05203342597815208,91.66595891397446,140.35901617800118,0.17544108201400377,232.2647372079955,0.13777381958477694,12.00947712,2026-02-04T03:08:07.534186
29125,0.1001401962747847,0.00024428163069545317,2.602303412972999e-06,0.0027258579793851823,0.04883110601804219,91.10836470909999,139.08145864793914,0.15760690698516555,230.4075102970237,0.13888436170656093,12.009245696,2026-02-04T03:11:57.942354
29126,0.10030042058882435,0.002241279119466366,2.600624730523905e-06,0.002916855039075017,0.048909942037425935,89.7596724909672,136.46187849601847,0.18184021901106462,226.46157936099917,0.1413043223062101,11.993119744,2026-02-04T03:15:44.404560
29127,0.10046064490286401,2.0217248746234873e-06,2.598948309914849e-06,0.0025894469872582704,0.047396804962772876,90.54573644703487,137.443992098968,0.16154152300441638,228.207322569011,0.14022337074798746,11.992989696,2026-02-04T03:19:32.612547
29128,0.10062086921690366,5.833598697435605e-07,2.59727415159727e-06,0.00284392898902297,0.05582736700307578,89.0558649978775,134.9300146290625,0.19280695301131345,224.24400320998393,0.14270169789126952,12.011506688,2026-02-04T03:23:16.857121
29129,0.10078109353094332,9.268910541582187e-05,2.595602256021995e-06,0.0027106119960080832,0.04786815604893491,90.5747119479638,137.74747884302633,0.2227201130008325,228.6039334939851,0.13998009356580896,12.024531456,2026-02-04T03:27:05.461963
29130,0.10094131784498298,0.004427832924378983,2.5939326236392457e-06,0.002499489957699552,0.04790715596755035,89.17582749700523,135.10682076402009,0.22214084200095385,224.5614256609988,0.14249998594285587,11.993412608,2026-02-04T03:30:50.024017
29131,0.10110154215902263,0.002395179951198756,2.5922652548986275e-06,0.002632580028148368,0.0410733200260438,89.16671125803259,134.77752462786157,0.1981816180050373,224.19263099797536,0.14273439701186694,12.00868352,2026-02-04T03:34:34.217234
29132,0.10126176647306229,0.005715170311488826,2.590600150249147e-06,0.0029049769800622016,0.05030449299374595,92.12681267398875,140.83203881696681,0.18469172102049924,233.20624461700208,0.13721759489139776,12.007420416,2026-02-04T03:38:27.424052
29133,0.10142199078710194,0.0036287373822796454,2.588937310139191e-06,0.0026404820673633367,0.05045357902417891,91.574757194001,139.92035535999457,0.19012183402082883,231.74650443601422,0.13808191013657892,12.006477824,2026-02-04T03:42:19.171193
29134,0.1015822151011416,2.238896730677453e-06,2.5872767350165398e-06,0.002614193013869226,0.04135742093785666,91.02117937698495,138.9398021850502,0.20548955199774355,230.21820837599807,0.13899856238884808,12.008714752,2026-02-04T03:46:09.389991
29135,0.10174243941518125,0.0004918885539173523,2.5856184253283655e-06,0.002388587949099019,0.04660366091411561,87.89941708903643,132.13970549806254,0.2223584729945287,220.31921202901867,0.1452438019603357,11.993202688,2026-02-04T03:49:49.709793
29136,0.10190266372922091,0.002935678071899872,2.583962381521227e-06,0.012854984059231356,0.04957745605497621,91.19849354604958,140.08295092295157,0.2171841400268022,231.56897314099479,0.13818777000196933,12.007654912,2026-02-04T03:53:41.279307
29137,0.10206288804326057,0.0006698172493586618,2.582308604041078e-06,0.0025422839971724898,0.045477728970581666,90.18827993090963,138.1674391431152,0.2133120670041535,228.62628065000172,0.13996641116245076,11.992409088,2026-02-04T03:57:29.906221
29138,0.10222311235730022,0.0012750352002370846,2.5806570933332573e-06,0.0028272309864405543,0.051232935016741976,91.50893030400039,140.3591115049785,0.1706244460074231,232.09930394002004,0.1378720205394048,11.993781248,2026-02-04T04:01:22.006269
29139,0.10238333667133988,0.002383082687599458,2.579007849842492e-06,0.002823679940775037,0.03975024007377215,91.44564318904304,140.50326093193144,0.18149899900890887,232.18010833798326,0.1378240376794802,12.014787072,2026-02-04T04:05:14.187092
29140,0.10254356098537953,0.0037243669772357713,2.5773608740129065e-06,0.00289396705920808,0.048275877023115754,90.07842126398464,137.943377648975,0.29474444198422134,228.37741800499498,0.1401189324213312,11.992034816,2026-02-04T04:09:02.575920
29141,0.10270378529941919,0.0001397302977723669,2.575716166288005e-06,0.0026671030500438064,0.05300885494216345,90.41616593298386,137.38911413706955,0.1889168880006764,228.0578010250174,0.14031530540141302,11.99187968,2026-02-04T04:12:50.634309
29142,0.10286400961345885,0.001669781126373504,2.5740737271106883e-06,0.0026656149711925536,0.04466869798488915,88.56821916796616,133.47664664301556,0.16346155499923043,222.26596300501842,0.14397166155070487,11.997000192,2026-02-04T04:16:32.900870
29143,0.1030242339274985,0.0013993910805965015,2.5724335569232425e-06,0.0025702239654492587,0.043412074068328366,89.84301101785968,136.95124293401022,0.19328706501983106,227.0416316470073,0.1409433140867837,11.992034304,2026-02-04T04:20:19.943073
29144,0.10318445824153816,0.002193360718178994,2.5707956561673427e-06,0.003114244929747656,0.05291843003942631,89.70564829092473,136.14278848303366,0.18843252101214603,226.099111189018,0.1415308526942776,11.991950336,2026-02-04T04:24:06.042784
29145,0.10334468255557781,0.00043575504241299967,2.5691600252840555e-06,0.002789935009786859,0.05037561000790447,88.80099734800751,134.02423612002167,0.19594086200231686,223.08080827302183,0.14344577755355886,12.01533184,2026-02-04T04:27:49.124159
29146,0.10350490686961747,0.005483682104994614,2.567526664713831e-06,0.002627592970384285,0.04629884086898528,91.46724754013121,140.06076375793782,0.19451699699857272,231.77920593199087,0.13806242829820337,12.01450752,2026-02-04T04:31:40.903949
29147,0.10366513118365712,0.00042165093895984995,2.565895574896517e-06,0.002768084086710587,0.04523614194476977,90.41846675498527,138.206665884034,0.21176481997827068,228.8923546129954,0.1398037084030381,12.036517376,2026-02-04T04:35:29.796866
29148,0.10382535549769678,0.004738785997143502,2.5642667562713426e-06,0.0023935550707392395,0.04733314301120117,92.06427805498242,140.6233189739578,0.2571587529964745,233.00167027799762,0.1373380712757138,12.020389888,2026-02-04T04:39:22.799307
29149,0.10398557981173644,0.003102087662072428,2.5626402092769216e-06,0.0028695560758933425,0.04864774999441579,91.62864999700105,140.1171153280011,0.14783243401325308,231.9547602230159,0.13795793614769183,12.006948352,2026-02-04T04:43:14.754734
29150,0.10414580412577609,0.0003338041578473394,2.561015934351269e-06,0.002971829002490267,0.044587018026504666,90.9597468189022,136.1928067531262,0.15488369300146587,227.36282015100005,0.14074420777657323,11.99196672,2026-02-04T04:47:02.118141
29151,0.10430602843981575,0.0035022316360828754,2.5593939319317753e-06,0.012824537116102874,0.04591398304910399,93.07860099495156,143.12954645301215,0.1685511629912071,236.442247561994,0.1353396033490578,11.99256576,2026-02-04T04:50:58.561026
29152,0.1044662527538554,0.0013999380238676196,2.5577742024552274e-06,0.013507069059414789,0.044169198925374076,90.91463067609584,138.72539648297243,0.16609438401064835,229.87275734200375,0.13920744837279928,11.992773632,2026-02-04T04:54:48.434380
29153,0.10462647706789505,0.0028048227927595093,2.5561567463577945e-06,0.0027210349799133837,0.04667955596232787,91.31933974300046,139.65031200798694,0.1718847579904832,231.19942708700546,0.13840864747453588,12.00703232,2026-02-04T04:58:39.634418
29154,0.1047867013819347,3.476352390813231e-05,2.5545415640750372e-06,0.002836773986928165,0.047277569014113396,91.52219767399947,140.55540480598575,0.16868129099020734,232.30445301698637,0.13775026515595945,12.009542656,2026-02-04T05:02:31.939452
29155,0.10494692569597436,0.007438314071992469,2.5529286560419035e-06,0.0031919650791678578,0.049334004026604816,91.87548227602383,140.52189044290571,0.19276189198717475,232.65161248701042,0.13754471614413008,12.015104512,2026-02-04T05:06:24.592118
29156,0.10510715001001401,0.0013182219541876816,2.551318022692726e-06,0.0027024289884138852,0.04581633603083901,91.89819065202028,141.10410032700747,0.17553776301792823,233.23832084299647,0.13719872396757943,12.011694592,2026-02-04T05:10:17.831227
29157,0.10526737432405367,0.0014431714581166766,2.549709664461228e-06,0.0028440628957469016,0.04380588489584625,90.46873338802834,137.70741592600825,0.14884137699846178,228.37939477397595,0.14011771960281258,12.010917888,2026-02-04T05:14:06.211400
29158,0.10542759863809333,0.00034382144633315903,2.5481035817805184e-06,0.0027719539939425886,0.04274261405225843,91.02283151698066,138.9176618909696,0.20452697499422356,230.19790220502182,0.13901082370203247,12.0130688,2026-02-04T05:17:56.409886
29159,0.10558782295213298,0.0016878078365754057,2.546499775083095e-06,0.0028543519729282707,0.046030739933485165,91.18002312807948,139.48666937995586,0.2120636129984632,230.9340877950017,0.1385676766281734,12.00910336,2026-02-04T05:21:47.344551
29160,0.10574804726617264,0.00868655202251345,2.5448982448008417e-06,0.002662619051989168,0.04026680995593779,90.44109220296377,137.54010677503538,0.2156664729991462,228.24953135399846,0.1401974401006341,11.992486912,2026-02-04T05:25:35.594684
29161,0.1059082715802123,0.0008968552417205622,2.5432989913650247e-06,0.0028056310256943107,0.04732250198139809,90.66524914899492,138.30788352593663,0.2173056340252515,229.2491883809853,0.13958609941431832,12.008643072,2026-02-04T05:29:24.844465
29162,0.10606849589425195,0.0057137107725977465,2.541702015206311e-06,0.002861138025764376,0.05320373407448642,89.3408735730045,135.5326854759478,0.22196616599103436,225.1591804359923,0.14212167559872993,11.993539584,2026-02-04T05:33:10.004158
29163,0.1062287202082916,0.0014226333789861823,2.540107316754735e-06,0.002514481049729511,0.04739322091336362,92.04575894610025,141.2860039640218,0.18803909301641397,233.57603156901314,0.13700035823472398,12.0113408,2026-02-04T05:37:03.580803
29164,0.10638894452233126,0.00027678171510103766,2.5385148964397344e-06,0.0028115520253777504,0.05045615098788403,89.99556068793754,136.6499737209524,0.2137950210017152,226.9209848960163,0.1410182492142082,11.992928256,2026-02-04T05:40:50.502365
29165,0.10654916883637092,0.0005036807369541152,2.536924754690125e-06,0.0025840789021458477,0.04380497193778865,92.28390022000531,138.33035509899491,0.2075025610101875,230.8768511590024,0.13860202891437542,12.013904384,2026-02-04T05:44:41.379808
29166,0.10670939315041057,0.0015802479982625073,2.53533689193411e-06,0.0027286890253890306,0.042615444981493056,91.64865750394529,141.49083841202082,0.16580071998760104,233.35927522100974,0.13712761136103746,12.0261248,2026-02-04T05:48:34.749808
29167,0.10686961746445023,0.003907799130932865,2.5337513085992802e-06,0.012519068026449531,0.05053705908358097,90.36780050990637,138.60586643402348,0.18264806899242103,229.22575132199563,0.1396003713171357,11.993208832,2026-02-04T05:52:23.976125
29168,0.10702984177848988,0.005454702817740298,2.532168005112612e-06,0.002618257945869118,0.04296694800723344,91.91050000497489,141.46997046103934,0.18280928500462323,233.61646914700395,0.13697664431296533,12.008410624,2026-02-04T05:56:17.593254
29169,0.10719006609252954,0.003041095395149185,2.530586981900469e-06,0.002458927017869428,0.05523436499061063,91.0293351750297,139.4346814719902,0.21745058099622838,230.747960683977,0.1386794488026956,12.005718528,2026-02-04T06:00:08.341852
29170,0.1073502904065692,0.0012818544026318435,2.5290082393885994e-06,0.002658801997313276,0.04563582895207219,90.97621162707219,139.86441387198283,0.20250055400538258,231.09841357299592,0.13846914613237843,11.992146944,2026-02-04T06:03:59.440855
29171,0.10751051472060885,0.0019794271916206974,2.5274317780021354e-06,0.0027517609705682844,0.0497733810916543,91.65444246702828,140.4166974700056,0.17261103799683042,232.3067382129957,0.13774891010978801,11.992138752,2026-02-04T06:07:51.748185
29172,0.10767073903464851,0.004238184721957472,2.5258575981655996e-06,0.0026176010142080486,0.047893341979943216,92.73724008703721,141.536321698979,0.2393871840031352,234.56977204800933,0.13641996460418,11.99314944,2026-02-04T06:11:46.318493
29173,0.10783096334868816,5.446852511248323e-07,2.5242857003028955e-06,0.002880594984162599,0.047833848104346544,90.39455860789167,137.88712250397657,0.18990186002338305,228.52964323398191,0.1400255981988146,11.991911424,2026-02-04T06:15:34.848712
29174,0.10799118766272782,0.003645450989845589,2.522716084837318e-06,0.0031819069699849933,0.04567592992680147,89.91537237606826,134.7023146209831,0.17124245900777169,224.84620073798578,0.14231950504375981,12.004451328,2026-02-04T06:19:19.706765
29175,0.10815141197676748,0.0019718641695525285,2.521148752191537e-06,0.012428747984813526,0.0439063991070725,91.28783315085457,138.71324311802164,0.3198010770138353,230.38796103699133,0.1388961465519548,11.992146432,2026-02-04T06:23:10.096123
29176,0.10831163629080713,3.154628748980315e-05,2.519583702787622e-06,0.0024334050249308348,0.04532223008573055,92.07379384501837,140.27095266300603,0.16149244201369584,232.56182455300586,0.13759781968302587,12.018210304,2026-02-04T06:27:02.658500
29177,0.10847186060484679,0.00020804215737380005,2.5180209370470183e-06,0.002665553940460086,0.04558612999971956,92.0985425390536,140.48339989694068,0.2277424790081568,232.86490701101138,0.1374187309317794,12.014309376,2026-02-04T06:30:55.523969
29178,0.10863208491888644,3.642990623076159e-05,2.5164604553905514e-06,0.0029364799265749753,0.047697761037852615,89.78899586800253,136.6757768340176,0.1856853399949614,226.70759397099027,0.14115098413551488,12.018192896,2026-02-04T06:34:42.232158
29179,0.1087923092329261,0.0004727806924400557,2.5149022582384463e-06,0.012600063026184216,0.04251134299556725,88.98861217705416,134.84034340491053,0.2605697480030358,224.15368365499307,0.14275919752116548,11.992372224,2026-02-04T06:38:26.386431
29180,0.10895253354696575,0.0020067093237319256,2.5133463460103003e-06,0.002998572017531842,0.049345708888722584,90.94486369713559,138.86864988491288,0.21625267100171186,230.08955228401464,0.13907628435253896,12.014807552,2026-02-04T06:42:16.476734
29181,0.10911275786100541,7.682510401174625e-06,2.5117927191251023e-06,0.0032266179914586246,0.05340161905041896,90.24800792700262,138.131508834922,0.21689513899036683,228.6596638750052,0.13994597673113224,12.011922432,2026-02-04T06:46:05.136969
29182,0.10927298217504507,0.004015383254442728,2.5102413780012224e-06,0.0026659589784685522,0.04201282508438453,91.1771632549644,139.8463807219523,0.20113662298535928,231.28071268700296,0.13836000256236788,12.017888256,2026-02-04T06:49:56.418244
29183,0.10943320648908472,0.00869380843897627,2.5086923230564145e-06,0.012877219007350504,0.04309700304293074,91.75324993897812,140.20822053798474,0.20005269601824693,232.22392704497906,0.13779803143972316,12.006455808,2026-02-04T06:53:48.642712
29184,0.10959343080312438,0.00035170001854423205,2.50714555470782e-06,0.013205283030401915,0.04589567793300375,90.17206342099234,136.87147907307371,0.1898688770015724,227.29944708399125,0.1407834484884401,11.996865536,2026-02-04T06:57:35.942743
29185,0.10975365511716403,0.0019068503720869323,2.505601073371963e-06,0.0028614749026019126,0.04916394906467758,89.9288354999153,136.34639542605146,0.21767899600672536,226.55470260200673,0.14124624045529108,11.993214976,2026-02-04T07:01:22.498036
29186,0.10991387943120369,0.0024474268743013283,2.5040588794647533e-06,0.002748339989921078,0.05631946795620024,89.96726180106634,136.95087742697797,0.22468463800032623,227.20992448399193,0.14083891833807005,12.003569664,2026-02-04T07:05:09.708525
29187,0.11007410374524335,1.640927462265296e-05,2.5025189734014808e-06,0.002547409967519343,0.04632736096391454,87.98803563401452,132.46064997898065,0.21519455898669548,220.71901973799686,0.1449807091295775,12.004950016,2026-02-04T07:08:50.428131
29188,0.110234328059283,0.000920851818857038,2.5009813555968208e-06,0.002714131900575012,0.04385745199397206,89.80482477601618,136.2563810199499,0.19093631900614128,226.30713431700133,0.1414007565275241,12.005376,2026-02-04T07:12:36.735859
29189,0.11039455237332266,0.0007092024427799437,2.4994460264648373e-06,0.002621521009132266,0.046476183051709086,91.32907995596179,139.44679856605944,0.218428922991734,231.05034037100268,0.13849795654322294,12.014715392,2026-02-04T07:16:27.786722
29190,0.11055477668736231,0.00011035371980894215,2.4979129864189685e-06,0.0028338910487946123,0.04419349497766234,89.45975819096202,135.62789108400466,0.23229813601938076,225.37496710199048,0.1419856003152241,11.993529344,2026-02-04T07:20:13.162273
29191,0.11071500100140197,0.0046439550386025985,2.4963822358720488e-06,0.002766837103990838,0.0451636369980406,89.56918824496097,135.8740557320707,0.20897918398259208,225.7083389259933,0.14177588720145765,12.019341824,2026-02-04T07:23:58.881644
29192,0.11087522531544163,0.003255634629048876,2.4948537752362842e-06,0.0029646340699400753,0.048085711983731017,91.09321699602879,139.1767590669915,0.17956188597599976,230.50762501300778,0.1388240410623909,11.992278016,2026-02-04T07:27:49.389862
29193,0.11103544962948127,0.00034082740224627983,2.493327604923267e-06,0.002943454950582236,0.04949008300900459,90.59467485593632,138.04717385408003,0.20628585500526242,228.90878724699724,0.1397936723393294,12.024055296,2026-02-04T07:31:38.299181
29194,0.11119567394352092,0.00046902591008457506,2.4918037253439804e-06,0.01281811500666663,0.04422110298764892,91.44344698396162,139.55227623396786,0.2345003749942407,231.29634485699353,0.13835065149769243,12.013644288,2026-02-04T07:35:29.596062
29195,0.11135589825756058,0.004375806253059,2.49028213690878e-06,0.0033581610186956823,0.04847406598855741,89.89968499398674,136.27840649095015,0.20871041298960336,226.44762092700694,0.14131303243108423,12.017733632,2026-02-04T07:39:16.044282
29196,0.11151612257160023,3.081265926851984e-07,2.4887628400274118e-06,0.0027357279614079744,0.05116909695789218,88.34428187200683,132.36704458409804,0.2148432270041667,220.98832791298628,0.1448040278968939,11.993243648,2026-02-04T07:42:57.033212
29197,0.11167634688563989,0.0027166407568977036,2.4872458351090017e-06,0.0026140770060010254,0.04303605196764693,90.90733109699795,138.64578279299894,0.19597930100280792,229.80563864400028,0.13924810630766238,12.024724992,2026-02-04T07:46:46.839576
29198,0.11183657119967955,0.004344723155129238,2.4857311225620595e-06,0.012678426981437951,0.04502406599931419,91.08075759300846,139.7728747340443,0.15728026101714931,231.07485398298013,0.1384832639658704,12.014571008,2026-02-04T07:50:37.915070
29199,0.1119967955137192,0.001172134775985878,2.4842187027944756e-06,0.0024357920337934047,0.0449197459674906,92.13876114200684,141.5147377999965,0.17601195798488334,233.88428065599874,0.1368197978515118,12.007405056,2026-02-04T07:54:31.799910
29200,0.11215701982775886,3.698174744215521e-07,2.4827085762135253e-06,0.0023747509985696524,0.042433468042872846,90.36379294988001,136.90179128211457,0.1470298689964693,227.46365651898668,0.14068181479940695,11.992022016,2026-02-04T07:58:19.264162
29201,0.11231724414179851,0.00014735888206285352,2.4812007432258663e-06,0.002335067983949557,0.05131659394828603,90.08217594603775,136.69440563197713,0.20838397199986503,227.04734105902025,0.1409397698768104,11.991981056,2026-02-04T08:02:06.312083
29202,0.11247746845583817,0.0015222403813144325,2.4796952042375365e-06,0.002640720020281151,0.03849344505579211,90.36124178589671,137.29483897497994,0.1741558130015619,227.8785148129973,0.14042570018617148,11.9950464,2026-02-04T08:05:54.191183
29203,0.11263769276987783,0.0017491078435583063,2.478191959653959e-06,0.0029767510131932795,0.04943813499994576,89.05362921391497,134.60760874813423,0.23370516902650706,223.95527993497672,0.14288566900182437,12.00640768,2026-02-04T08:09:38.147062
29204,0.11279791708391748,0.00465621493079027,2.476691009879938e-06,0.002994577051140368,0.05201227401266806,90.91862386497087,138.57568389902008,0.23699248099001125,229.79604623900377,0.1392539189587178,11.993293824,2026-02-04T08:13:27.943687
29205,0.11295814139795714,0.001135651894963674,2.4751923553196558e-06,0.0031251070322468877,0.0507677239656914,90.77998505398864,138.6846063650155,0.20727790598175488,229.73220134401345,0.13929261902680098,11.992580096,2026-02-04T08:17:17.676476
29206,0.1131183657119968,0.0015714051428559195,2.473695996376684e-06,0.01283847400918603,0.0431099149864167,91.17067731707357,138.91754141499405,0.20329346499056555,230.35475922198384,0.13891616612601806,12.000902144,2026-02-04T08:21:08.031827
29207,0.11327859002603645,0.004635226129003467,2.4722019334539694e-06,0.002534852974349633,0.044232197978999466,90.70355925004696,137.73177622599178,0.17678228500881232,228.66745593299856,0.13994120794074108,12.007219712,2026-02-04T08:24:56.699860
29208,0.1134388143400761,0.004605493795196924,2.4707101669538465e-06,0.0027952830714639276,0.03980121898348443,90.63452539400896,138.04379853303544,0.19167994600138627,228.9190247070219,0.1397874206434116,12.01088,2026-02-04T08:28:45.619486
29209,0.11359903865411576,0.0010499913773609482,2.4692206972780276e-06,0.0029497959767468274,0.04969915800029412,91.43885268899612,139.5548428329348,0.19334731402341276,231.24615862898645,0.13838067706603985,12.011962368,2026-02-04T08:32:36.866223
29210,0.11375926296815542,0.007187640370731607,2.4677335248276013e-06,0.0029604040028061718,0.05775598299806006,89.03775136001059,134.56998434104025,0.16200017399387434,223.8387653089885,0.1429600451728144,11.992008192,2026-02-04T08:36:20.705586
29211,0.11391948728219507,0.0014948298222225986,2.466248650003051e-06,0.0028161920490674675,0.05640113103436306,92.2020262319711,140.23222685905057,0.18618016198161058,232.68653543799883,0.13752407263172584,11.991966208,2026-02-04T08:40:13.392727
29212,0.11407971159623473,0.0009998295070037244,2.464766073204229e-06,0.002588641014881432,0.055856847000541165,92.97819386300398,140.85057497795788,0.18003612299798988,234.0743553630018,0.13670869647541908,12.006548992,2026-02-04T08:44:07.467796
29213,0.11423993591027438,0.008493328890788465,2.4632857948303766e-06,0.0030769939767196774,0.05703808707767166,91.14094038089388,139.94131538603688,0.15678868698887527,231.30689059200813,0.13834434382001773,12.025250304,2026-02-04T08:47:58.775255
29214,0.11440016022431404,0.010022935628517082,2.4618078152801116e-06,0.013023422012338415,0.043800751998787746,92.34278654202353,141.73550999900908,0.18369860900565982,234.32903689102386,0.13656011403692064,12.015360512,2026-02-04T08:51:53.105035
29215,0.1145603845383537,0.000674625887469027,2.4603321349514326e-06,0.002698640979360789,0.04747009900165722,91.5131159760349,140.09103917193715,0.1550014039967209,231.81869112700224,0.13803891241223837,12.004789248,2026-02-04T08:55:44.924385
29216,0.11472060885239335,6.583755528399848e-05,2.458858754241724e-06,0.013064040947938338,0.05170868194545619,90.02387128799455,137.003186952963,0.1959602560091298,227.2964592819917,0.14078529908070286,12.014007808,2026-02-04T08:59:32.221541
29217,0.11488083316643301,0.003470540613532247,2.4573876735477445e-06,0.0034872299584094435,0.046351769036846235,89.7307176978793,136.2476287240279,0.16207895500701852,226.19775296599255,0.14146913300598085,12.014119424,2026-02-04T09:03:18.419875
29218,0.11504105748047266,2.230155840488024e-05,2.4559188932656396e-06,0.00293757495819591,0.04958992000319995,92.26473685604287,141.64684172003763,0.22845904101268388,234.20026062900433,0.13663520234373722,12.009849856,2026-02-04T09:07:12.620655
29219,0.11520128179451232,0.003097059824844095,2.4544524137909293e-06,0.004017185041448101,0.04762435294105671,88.92654730795766,134.5174838550447,0.23023877901141532,223.73262391099706,0.1430278671059161,11.992941568,2026-02-04T09:10:56.353905
29220,0.11536150610855198,0.008820695774373277,2.4529882355185187e-06,0.0026592840149533004,0.048932301957393065,91.04277061403263,139.17778147102217,0.1568953660025727,230.43596787098795,0.13886721025215795,11.993208832,2026-02-04T09:14:46.790613
29221,0.11552173042259163,0.0007666553240368579,2.4515263588426918e-06,0.002815731044393033,0.042540009977528825,89.11041858501267,135.04436638896004,0.22278061998076737,224.43130121799186,0.14258260691060268,12.009188352,2026-02-04T09:18:31.222502
29222,0.11568195473663129,0.00031382011464131665,2.45006678415711e-06,0.002639522950630635,0.04740896902512759,89.57021065702429,135.98378590703942,0.16642456699628383,225.77744819800137,0.14173249035898738,12.013805568,2026-02-04T09:22:17.000555
29223,0.11584217905067094,4.0316536997764274e-07,2.4486095118548214e-06,0.0029245340556371957,0.04528312603360973,89.15469086097437,134.85976905806456,0.14864878897788003,224.21864130700123,0.14271783921919964,12.022329344,2026-02-04T09:26:01.219795
29224,0.1160024033647106,0.003937168787753187,2.447154542328247e-06,0.0025547709374222904,0.045710198901360855,89.80271524901036,136.60377776206587,0.19312658900162205,226.6548815429851,0.14118381118533818,12.007816704,2026-02-04T09:29:47.875280
29225,0.11616262767875025,0.004003557738572638,2.4457018759691923e-06,0.0030333329341374338,0.045651546912267804,90.08873158201459,136.71704672198393,0.3220929380040616,227.1847957650025,0.14085449641225312,11.991936512,2026-02-04T09:33:35.071017
29226,0.11632285199278991,0.0035795356402625877,2.4442515131688414e-06,0.0027950959629379213,0.047152915940387174,90.34906814212445,137.88969335495494,0.22440455798641779,228.52118396299193,0.14003078158908133,12.009980928,2026-02-04T09:37:23.592821
29227,0.11648307630682957,0.002804808379962831,2.442803454317755e-06,0.002465194935211912,0.04484880605014041,92.14275489692227,141.15174208406825,0.17472329299198464,233.52550650099874,0.13702999933269877,12.011587584,2026-02-04T09:41:17.119046
29228,0.11664330062086922,0.001980649689574232,2.4413576998058786e-06,0.0028977409820072353,0.05283923199749552,91.18097203006619,139.58073101495393,0.15011136399698444,230.975594204996,0.13854277595926123,11.992008704,2026-02-04T09:45:08.095344
29229,0.11680352493490888,0.002181540198262333,2.4399142500225336e-06,0.002539290930144489,0.05066871797316708,90.77270377904642,138.10469206795096,0.1906439870072063,229.1303606920119,0.1396584891821174,12.016019968,2026-02-04T09:48:57.226279
29230,0.11696374924894853,0.002819993104665741,2.4384731053564223e-06,0.012604451039806008,0.047015051008202136,89.51575043602497,135.62905973396846,0.15811291200225241,225.3696135499922,0.14198897311816022,12.011259904,2026-02-04T09:52:42.596494
29231,0.11712397356298819,0.005170541102897719,2.437034266195627e-06,0.0023789280676282942,0.043514606048120186,91.00239971996052,138.3694722619548,0.27396760700503364,229.69842048597638,0.13931310425338198,12.011261952,2026-02-04T09:56:32.295529
29232,0.11728419787702783,0.004792483683333515,2.4355977329276043e-06,0.013328907953109592,0.051050049922196195,90.35871905903332,137.89949391502887,0.21969121100846678,228.5498498119996,0.1400132182380454,12.007132672,2026-02-04T10:00:20.845948
29233,0.11744442219106749,0.0006143922444041827,2.434163505939197e-06,0.002808335004374385,0.04918882600031793,94.29573615200934,146.5878493259952,0.20003262697719038,241.14195447901147,0.13270191854062133,12.009870336,2026-02-04T10:04:21.988575
29234,0.11760464650510714,0.006528091613027254,2.4327315856166206e-06,0.002730924083152786,0.04909844801295549,92.34954337103409,141.45719208402443,0.16583154699765146,234.03385238099145,0.13673235591535768,12.000730112,2026-02-04T10:08:16.022948
29235,0.1177648708191468,0.006441643766405214,2.4313019723454754e-06,0.0027286280237603933,0.04747145701549016,90.04160010494525,136.9657300770923,0.1755430780176539,227.2428987220046,0.1408184818094003,12.013259264,2026-02-04T10:12:03.266434
29236,0.11792509513318646,0.00011336491019697803,2.429874666510736e-06,0.0028293510258663446,0.05770188203314319,89.92861510999501,136.32563269202365,0.16393617499852553,226.48580802898505,0.1412892060587952,12.009266688,2026-02-04T10:15:49.752830
29237,0.11808531944722611,0.00038859038183058914,2.428449668496753e-06,0.0026646440383046865,0.047584218002157286,90.27023654000368,137.24706293898635,0.20333125902106985,227.7785586619866,0.140487323249273,12.00331008,2026-02-04T10:19:37.531903
29238,0.11824554376126577,0.008038837187856807,2.427026978687267e-06,0.0027094270335510373,0.04384353605564684,90.39788109794608,137.33701006602496,0.18470418799552135,227.97291608998785,0.14036755132512593,12.011465728,2026-02-04T10:23:25.505447
29239,0.11840576807530542,6.306840836245442e-07,2.4256065974653817e-06,0.002801812021061778,0.04498644603881985,91.23513191603706,137.74235623292043,0.17092798801604658,229.20312079400173,0.13961415485594664,12.001719808,2026-02-04T10:27:14.709204
29240,0.11856599238934508,8.132079868961029e-05,2.4241885252135927e-06,0.0033837979717645794,0.0450373699713964,93.57474173605442,143.54723506400478,0.17715201200917363,237.35653967101825,0.13481827820860867,11.992292352,2026-02-04T10:31:12.066308
29241,0.11872621670338473,5.7483231783894695e-05,2.4227727623137643e-06,0.012119631952373311,0.04737056701560505,90.69365911497152,139.27278082206612,0.1660070329962764,230.19982109000557,0.13900966494447603,11.99333888,2026-02-04T10:35:02.266732
29242,0.11888644101742439,0.001273752446056875,2.4213593091471456e-06,0.002735745976679027,0.04738905598060228,90.40959445206681,138.78154900093796,0.18286166701000184,229.4319179969898,0.13947492693854327,12.008095232,2026-02-04T10:38:51.699241
29243,0.11904666533146405,9.851731848087297e-07,2.4199481660943594e-06,0.002619613049319014,0.040772189997369424,89.75382018304663,138.42453697088058,0.19909145598649047,228.42811120901024,0.14008783695943713,11.993043968,2026-02-04T10:42:40.127947
29244,0.1192068896455037,7.126382831934563e-05,2.418539333535406e-06,0.002422399033093825,0.04111716494662687,90.46600890805712,137.60762797901407,0.21692016598535702,228.3402301230235,0.14014175243127008,11.993029632,2026-02-04T10:46:28.468792
29245,0.11936711395954336,8.326161449190295e-07,2.417132811849668e-06,0.012615723069757223,0.047231638891389593,90.33699034203892,139.27169509304804,0.21878557099262252,229.89379403897328,0.1391947100345611,11.99696128,2026-02-04T10:50:18.363165
29246,0.11952733827358301,0.009018515575201391,2.4157286014159003e-06,0.0028059040778316557,0.053176099027041346,91.90349998895545,142.39274805804598,0.20525150999310426,234.56548954598838,0.1364224552466664,12.0117504,2026-02-04T10:54:12.929250
29247,0.11968756258762267,0.003269829705767169,2.4143267026122418e-06,0.002704145066672936,0.04223870701389387,90.39480748702772,137.84527305400115,0.183890815009363,228.4753557340009,0.14005886935681383,12.013671936,2026-02-04T10:58:01.405198
29248,0.11984778690166233,0.001168493180126351,2.412927115816202e-06,0.0026081099349539727,0.04171435799798928,90.84352195297834,138.9768760240404,0.17690887398202904,230.04916808599955,0.1391006986299442,12.004366336,2026-02-04T11:01:51.454941
29249,0.12000801121570198,0.0006614333494563418,2.4115298414046707e-06,0.0025597760104574263,0.053473164938623086,89.8730197789846,136.27251675198204,0.18610981598612852,226.39602346799802,0.14134523879799207,12.008420864,2026-02-04T11:05:37.851561
29250,0.12016823552974164,0.0005289158643249081,2.4101348797539186e-06,0.0027763999823946506,0.044725381972966716,91.00412852098816,139.3141728080227,0.20907575500314124,230.58121253998252,0.13877973685497572,11.99281664,2026-02-04T11:09:28.433358
29251,0.1203284598437813,0.0013832321342253096,2.4087422312395857e-06,0.002611409028759226,0.044733538990840316,89.26392868490075,135.56083314408897,0.14840736499172635,225.0269386410073,0.14220519637895723,12.02187264,2026-02-04T11:13:13.460879
29252,0.12048868415782095,0.00036964271688599837,2.407351896236699e-06,0.0026720940077211708,0.04183966503478587,89.85653545096284,136.21077508997405,0.1968743199831806,226.31698380300077,0.14139460265984558,12.00259328,2026-02-04T11:16:59.778589
29253,0.1206489084718606,0.008744179351102055,2.4059638751196547e-06,0.0027360310778021812,0.04306014609755948,91.96204454789404,140.72215408401098,0.19253260901314206,232.92942347200005,0.13738066888679976,11.992196096,2026-02-04T11:20:52.708682
29254,0.12080913278590026,0.0028668169158909684,2.404578168262225e-06,0.0025306390307378024,0.041939156013540924,90.71994583396008,138.37817245605402,0.20013013400603086,229.35032466199482,0.13952454633391087,11.99293952,2026-02-04T11:24:42.059520
29255,0.12096935709993992,0.000688836987919661,2.4031947760375683e-06,0.0024233899894170463,0.042773340916028246,92.35834005809738,141.6814476569707,0.16712232201825827,234.25889519200427,0.13660100280833315,11.993084928,2026-02-04T11:28:36.318994
29256,0.12112958141397957,0.0017139957655141203,2.401813698818211e-06,0.0025315349630545825,0.046510371001204476,88.34477585711284,133.35573401494185,0.19898993000970222,221.95493293000618,0.14417341204167447,12.00737024,2026-02-04T11:32:18.274531
29257,0.12128980572801923,0.0009040510605959895,2.400434936976058e-06,0.002604734938358888,0.03850968898041174,90.28457652399084,137.8791860860656,0.26249811198795214,228.4756857570028,0.14005866704798456,11.992157696,2026-02-04T11:36:06.750844
29258,0.12145003004205888,0.0021584095300215544,2.3990584908823936e-06,0.0024647829704917967,0.04990156993153505,90.60313632400357,137.63203621801222,0.239169687993126,228.53373281701352,0.14002309245796257,12.024114688,2026-02-04T11:39:55.285109
29259,0.12161025435609854,1.1549783544673176e-05,2.3976843609078744e-06,0.0027600979956332594,0.046702012012246996,91.61649698394467,140.26273857199703,0.21919232397340238,232.1542035949824,0.13783941666560295,12.022964224,2026-02-04T11:43:47.440280
29260,0.1217704786701382,0.0014508532993215972,2.3963125474225366e-06,0.0027620000182650983,0.04000283300410956,89.66640076192562,136.10147222707747,0.2986377259949222,226.11798947601346,0.14151903647363073,12.013055488,2026-02-04T11:47:33.559091
29261,0.12193070298417785,0.00643151702440381,2.39494305079579e-06,0.0027464029262773693,0.05084359197644517,91.22419322203496,139.46134546399117,0.2380700439971406,230.9844794740202,0.1385374466408648,12.003848192,2026-02-04T11:51:24.544188
29262,0.12209092729821751,4.2318260908835725e-06,2.393575871396423e-06,0.002535840932978317,0.054142158041941,89.44559182401281,135.43841632994008,0.17860073101473972,225.12722083600238,0.14214185153252049,12.001836544,2026-02-04T11:55:09.671978
29263,0.12225115161225716,0.013969405904099563,2.392211009592599e-06,0.0029956030193716288,0.04858210403472185,89.84013282702654,136.5691680549644,0.1883611560042482,226.659022879001,0.14118123158539683,12.009411584,2026-02-04T11:58:56.331778
29264,0.12241137592629682,0.0028558772166119573,2.390848465751857e-06,0.013151475024642423,0.05177145198103972,91.91450262698345,140.89392000506632,0.15432022500317544,233.03852871299023,0.13731634926090328,12.010161152,2026-02-04T12:02:49.371155
29265,0.12257160024033648,0.0014791222025070105,2.389488240241111e-06,0.0025302070134785026,0.04331779803032987,91.38475911397836,140.22767249203753,0.189140614005737,231.85678127600113,0.13801623495284945,11.992254464,2026-02-04T12:06:41.228584
29266,0.12273182455437613,0.0016816294002663934,2.388130333426651e-06,0.002527871052734554,0.040566615032730624,92.35555627493886,142.58476266107755,0.15000683802645653,235.1401870189875,0.13608903014700763,12.02307072,2026-02-04T12:10:36.369375
29267,0.12289204886841579,0.0007596501116275967,2.3867747456741467e-06,0.0024972159299068153,0.049319642945192754,90.8376067179779,138.01344605101622,0.1873468249978032,229.09660455599078,0.13967906709930858,12.012306432,2026-02-04T12:14:25.466603
29268,0.12305227318245544,0.0035956700424102372,2.385421477348635e-06,0.0026286089268978685,0.04924570594448596,91.61144083409454,140.60910593695007,0.18950539801153354,232.47144396501244,0.13765131516461043,12.006989312,2026-02-04T12:18:17.938643
29269,0.1232124974964951,0.001207242155303767,2.384070528814538e-06,0.00350462002097629,0.04645900506875478,89.92070341992076,135.3884844260465,0.20222913598991,225.56774694100022,0.14186425335165476,11.993762816,2026-02-04T12:22:03.507159
29270,0.12337272181053476,0.0033991878809183085,2.382721900435646e-06,0.0027472198999021202,0.046258403948741034,89.36899404396536,135.77111280607642,0.20703329099342227,225.4040713539871,0.14196726708518684,12.011101184,2026-02-04T12:25:48.911816
29271,0.12353294612457441,0.0015589941232554416,2.3813755925751245e-06,0.0028769059281330556,0.04355373603175394,91.0675059579662,139.72773364101886,0.19845548999728635,231.04768308601342,0.13849954941156964,12.008894976,2026-02-04T12:29:39.960075
29272,0.12369317043861405,0.004814133324172909,2.3800316055955203e-06,0.0028290210757404566,0.04401044704718515,89.91139006995945,136.96595298702596,0.16154635799466632,227.09292988901143,0.1409114762649791,12.007305728,2026-02-04T12:33:27.053608
29273,0.12385339475265371,3.272618882377287e-05,2.3786899398587472e-06,0.0025688771274872124,0.04890689204330556,89.76963391897152,136.51660687397816,0.18729667499428615,226.53235138198943,0.1412601767684833,12.00146944,2026-02-04T12:37:13.586545
29274,0.12401361906669336,0.0002679179647913088,2.377350595726102e-06,0.0026683509349823,0.04473917500581592,92.74932413906208,142.81162330191,0.18021064301137812,235.79786605597474,0.13570945545539287,12.021055488,2026-02-04T12:41:09.385233
29275,0.12417384338073302,0.0001829416460862321,2.3760135735582504e-06,0.0023702489270363003,0.042582041962305084,90.38432581105735,137.42501966893906,0.1618663229746744,228.02440001102514,0.14033585878727356,11.992148992,2026-02-04T12:44:57.410289
29276,0.12433406769477268,0.0005799853101300378,2.374678873715233e-06,0.0025378049758728594,0.043922451994149014,90.49357792601222,138.58727412999724,0.18248808200587519,229.31676798401168,0.13954496342034217,11.992876032,2026-02-04T12:48:46.727683
29277,0.12449429200881233,0.0014041401424460531,2.3733464965564696e-06,0.002597548969788477,0.047559690923662856,89.89044023604947,136.82750183102326,0.17588712999713607,226.95094185101334,0.14099963515906916,12.007695872,2026-02-04T12:52:33.679229
29278,0.12465451632285199,4.254409137871562e-06,2.372016442440749e-06,0.0024000509874895215,0.046573349041864276,89.65771081196726,136.22660876699956,0.1645375159860123,226.10443442000542,0.14152752059943094,11.99336448,2026-02-04T12:56:19.784262
29279,0.12481474063689164,0.007877512485173543,2.370688711726239e-06,0.0026626510079950094,0.05118989699985832,90.86420936105424,138.11483623096137,0.19678175600711256,229.23769189300947,0.13959309978978127,12.005135872,2026-02-04T13:00:09.022503
29280,0.1249749649509313,0.0017727281231763592,2.3693633047704807e-06,0.0024852569913491607,0.040225926000857726,93.3483332300093,139.63077625996084,0.19064711101236753,233.2204819500039,0.13720921821463317,11.993179136,2026-02-04T13:04:02.243582
29281,0.12513518926497097,4.4058764805399164e-06,2.368040221930384e-06,0.0028419449809007347,0.04857944103423506,91.51738113904139,139.3378366449615,0.2345400819904171,231.14819712599274,0.13843932333401524,11.993455616,2026-02-04T13:07:53.402431
29282,0.1252954135790106,0.0011948267653132394,2.3667194635622432e-06,0.0026115239597857,0.04623750704922713,90.34965643598116,137.51762409802177,0.16664039800525643,228.09087541000918,0.1402949589389658,12.012452864,2026-02-04T13:11:41.493899
29283,0.12545563789305028,3.710794888789337e-05,2.3654010300217158e-06,0.0037133059231564403,0.04057147997082211,90.00085750699509,136.59903979301453,0.2252227290009614,226.88044588299817,0.1410434463642686,11.992712192,2026-02-04T13:15:28.375374
29284,0.12561586220708992,0.0074078671041530875,2.364084921663843e-06,0.003721609973581508,0.052732289012055844,92.03232246090192,140.889772389055,0.17325808500754647,233.15906947100302,0.13724535816943506,11.991880704,2026-02-04T13:19:21.535153
29285,0.1257760865211296,2.1079602210427595e-06,2.3627711388430317e-06,0.003062946954742074,0.0502443760051392,89.90318885093438,136.06903443596093,0.1721404559793882,226.2071757040103,0.1414632400603934,12.015846912,2026-02-04T13:23:07.743132
29286,0.12593631083516924,0.0008729373498521653,2.361459681913069e-06,0.002538640081183985,0.05074544801027514,90.58927593799308,138.0244589749782,0.16186608900898136,228.83611311999266,0.13983806823016812,12.011723776,2026-02-04T13:26:56.579929
29287,0.1260965351492089,0.008662447500440873,2.360150551227112e-06,0.0025953548902180046,0.0487294259655755,91.12030199504807,139.53890419894014,0.2444249399995897,230.9628365880053,0.13855042860026023,12.016230912,2026-02-04T13:30:47.543338
29288,0.12625675946324855,0.002681238766034433,2.35884374713769e-06,0.002351207018364221,0.043872347014257684,89.76491772502777,136.46601496299263,0.21803002600790933,226.50472520300536,0.1412774058965875,11.991952896,2026-02-04T13:34:34.048662
29289,0.12641698377728822,0.0023326229092992534,2.3575392699967108e-06,0.002905559987993911,0.042214339977363124,90.45104662101949,137.76738775495323,0.19222186898696236,228.4622536750103,0.14006690157893786,12.01623296,2026-02-04T13:38:22.511562
29290,0.12657720809132786,0.00650876324154126,2.3562371201554504e-06,0.002439351927023381,0.04821124303271063,90.26713023197954,137.50363512596232,0.2054337119916454,228.03541202101042,0.14032908185791612,12.006567424,2026-02-04T13:42:10.547555
29291,0.12673743240536753,0.00022264905422897385,2.3549372979645636e-06,0.002970365952933207,0.05110057402634993,88.80726280595991,134.25835436602938,0.18736095901113003,223.317098909989,0.14329399833775397,12.016766976,2026-02-04T13:45:53.865324
29292,0.12689765671940717,0.008296643551840788,2.3536398037740724e-06,0.0025413709809072316,0.039489569986471906,89.96307819196954,137.0112356620375,0.16217290799249895,227.18551324302098,0.14085405157752956,12.013281792,2026-02-04T13:49:41.051466
29293,0.1270578810334468,0.005894983492498618,2.352344637933374e-06,0.0027879860426764935,0.04029776994138956,90.89185036800336,138.68969639306306,0.1736901570111513,229.80585706199054,0.13924797395989758,11.99224064,2026-02-04T13:53:30.857895
29294,0.12721810534748648,0.006250966005903358,2.3510518007912426e-06,0.0033703210938256234,0.04456880391808227,93.68110552508733,141.49642612898606,0.19522382100694813,235.42709585101693,0.13592318201236384,12.006419456,2026-02-04T13:57:26.285529
29295,0.12737832966152612,0.004963069449915203,2.3497612926958195e-06,0.002876335958717391,0.040183059027185664,92.41830721704173,141.7464488930127,0.22852618599426933,234.4426297559985,0.13649394750990776,12.014410752,2026-02-04T14:01:20.728765
29296,0.1275385539755658,0.005376013345976816,2.348473113994623e-06,0.0027900660352315754,0.05384608588065021,91.1657571210526,141.39085093402537,0.23161138498107903,232.85323783700005,0.137425617514498,12.011674624,2026-02-04T14:05:13.582621
29297,0.12769877828960544,7.447748985267566e-05,2.3471872650345416e-06,0.002436334965750575,0.04960199893685058,90.56276821202482,137.15304160007508,0.19202738799504004,227.97099405300105,0.1403687347722856,11.992740864,2026-02-04T14:09:01.554439
29298,0.1278590026036451,0.0013376151259789637,2.345903746161835e-06,0.0023566389572806656,0.042574772058287635,91.0002204189077,138.25899895306793,0.19254044801346026,229.50347803899786,0.13943143813516617,12.016214528,2026-02-04T14:12:51.058622
29299,0.12801922691768475,0.0011498167656935898,2.344622557722143e-06,0.0026499360392335802,0.04573798301862553,91.45105487998808,139.80025604201364,0.16608816798543558,231.47482923499774,0.13824397281448247,12.028150784,2026-02-04T14:16:42.534127
29300,0.12817945123172442,8.808453331177191e-07,2.3433437000604678e-06,0.0025332951336167753,0.04767765090218745,89.51518462307286,135.89462891692529,0.18496390999644063,225.65358171000844,0.14181029061228811,12.011011072,2026-02-04T14:20:28.188523
29301,0.12833967554576406,0.00541871106109082,2.3420671735211915e-06,0.0025284619769081473,0.043073798064142466,90.69511443891679,138.15545043206657,0.2238560050027445,229.12729866200243,0.13966035556158177,12.009897984,2026-02-04T14:24:17.316672
29302,0.12849989985980373,0.003034037995306438,2.3407929784480654e-06,0.00242057500872761,0.04459084203699604,91.29860052204458,139.44120249597472,0.19824690799578093,230.99115982599324,0.13853344008535112,11.993032704,2026-02-04T14:28:08.308463
29303,0.12866012417384337,0.00015908615989213004,2.339521115184212e-06,0.002536799991503358,0.052825322054559365,89.25575418790686,134.89495770205394,0.194659043016145,224.40883008899982,0.14259688438867982,11.9933184,2026-02-04T14:31:52.717861
29304,0.12882034848788304,0.014042652966300473,2.3382515840721293e-06,0.002707185019971803,0.04629800299881026,89.23221942191594,134.8866312931059,0.15984546899562702,224.33728952301317,0.14264235815649964,12.007696896,2026-02-04T14:35:37.055800
29305,0.12898057280192268,1.6247976278638276e-05,2.336984385453682e-06,0.0024598650343250483,0.04440142496605404,90.76457790500717,138.2650123820349,0.16367560002254322,229.2492092209868,0.13958608672518175,11.992916992,2026-02-04T14:39:26.305732
29306,0.12914079711596235,0.004667946398812184,2.335719519670114e-06,0.002768317877780646,0.04210515704471618,91.19603148495662,139.37591465297737,0.19838413799880072,230.8228822950041,0.13863443555436708,12.016544768,2026-02-04T14:43:17.129199
29307,0.129301021430002,0.006581348940088549,2.3344569870620327e-06,0.0026914039626717567,0.04247392708202824,89.28827533894219,135.0778452710074,0.17890805102069862,224.59870432398748,0.14247633394108744,12.011008,2026-02-04T14:47:01.728505
29308,0.12946124574404166,0.00466687594419124,2.3331967879694244e-06,0.0025498860341031104,0.043681976007064804,89.61258779099444,135.81295914103976,0.19894191299681552,225.6782292049902,0.14179480277175277,11.992585216,2026-02-04T14:50:47.407304
29309,0.1296214700580813,0.0016555489784757516,2.3319389227316425e-06,0.00275344101828523,0.046971710020443425,91.69774381391471,139.8680838260916,0.1678398080111947,231.7907744749973,0.1380555376825481,12.012991488,2026-02-04T14:54:39.198845
29310,0.12978169437212098,0.002674728481539379,2.3306833916874117e-06,0.002669548033736646,0.04305462594493292,92.02149318702868,141.0338478400081,0.2136597890057601,233.32268050298444,0.13714911868411647,11.993039872,2026-02-04T14:58:32.522170
29311,0.12994191868616062,5.350585457897239e-05,2.329430195174834e-06,0.0031455229327548295,0.039334639062872157,90.05725766095566,136.37711426400347,0.1638422090036329,226.64747936901404,0.1411884221659465,12.016613376,2026-02-04T15:02:19.170300
29312,0.1301021430002003,0.013754305108749865,2.3281793335313733e-06,0.0024764780537225306,0.046579877962358296,92.28571007904247,141.39259040998877,0.1631042250082828,233.8979049170157,0.13681182826906138,12.008929792,2026-02-04T15:06:13.069029
29313,0.13026236731423993,6.618616916753695e-07,2.326930807093875e-06,0.003050077968509868,0.04541281799902208,90.02175027699559,136.67968459700933,0.21355980998487212,226.97205005801516,0.1409865223133009,11.993025536,2026-02-04T15:10:00.041684
29314,0.1304225916282796,1.8562612678074686e-06,2.3256846161985497e-06,0.0026802359789144248,0.042840395035455,91.28000028600218,139.24964880303014,0.1870122859836556,230.76896299797227,0.13866682756762735,11.992886272,2026-02-04T15:13:50.811241
29315,0.13058281594231924,0.011731052581314905,2.3244407611809767e-06,0.002503804018488154,0.051499149965820834,91.74744695305708,140.33085604195367,0.19404806502279826,232.33429779601283,0.13773257028153318,12.007157248,2026-02-04T15:17:43.146132
29316,0.1307430402563589,0.009961197316145753,2.3231992423761128e-06,0.0029521399992518127,0.043177730054594576,91.8229527619551,140.67194424194167,0.19829421400208957,232.7483929389855,0.1374875228822256,11.99246336,2026-02-04T15:21:35.895101
29317,0.13090326457039855,0.003392945648250212,2.321960060118281e-06,0.0026703489711508155,0.04265429399674758,90.70082394289784,138.3607665320451,0.229065109975636,229.34392921201652,0.1395284370942196,11.9922432,2026-02-04T15:25:25.239628
29318,0.13106348888443822,3.727855532043023e-07,2.3207232147411778e-06,0.002721053024288267,0.04921999300131574,90.36495543987257,137.92478803812992,0.19910034799249843,228.54938744698302,0.14001350149067057,11.992508416,2026-02-04T15:29:13.789633
29319,0.13122371319847786,0.0025093020315529735,2.319488706577869e-06,0.002517087064916268,0.03887475896044634,90.03511669201544,136.27456848006113,0.19419052300509065,226.5543087059923,0.14124648603142462,11.992757248,2026-02-04T15:33:00.344532
29320,0.13138393751251753,0.0009528078017209118,2.318256535960789e-06,0.002454575034789741,0.040612229029648006,91.01314276497578,138.98149872702197,0.22361112898215652,230.26761859300314,0.13896873644470106,12.01800192,2026-02-04T15:36:50.612694
29321,0.13154416182655718,0.0021791201597194387,2.317026703221748e-06,0.002274268917972222,0.047134546970482916,90.37292619902291,137.44163037103135,0.19126355700427666,228.06260539899813,0.1403123495147994,12.00691968,2026-02-04T15:40:38.675888
29322,0.13170438614059685,0.003749169911134942,2.3157992086919226e-06,0.002413226990029216,0.04050190802081488,89.2245313230087,135.3497840919881,0.1874226899817586,224.81311243900564,0.14234045182165236,12.018923008,2026-02-04T15:44:23.489587
29323,0.1318646104546365,0.0014427362957323275,2.3145740527018597e-06,0.0024691169965080917,0.04343347699614242,92.42062596106553,141.85068510196288,0.25616511100088246,234.58062842002255,0.13641365109954087,12.010486784,2026-02-04T15:48:18.071162
29324,0.13202483476867616,0.0036094091162413022,2.31335123558148e-06,0.002875168080208823,0.04446375189581886,90.04321792305564,136.77431008199346,0.27828638697974384,227.1527614040242,0.1408743605061589,11.991995392,2026-02-04T15:52:05.224725
29325,0.1321850590827158,1.400070885448912e-06,2.3121307576600677e-06,0.002473101980285719,0.03478972494485788,91.7071869840438,140.48304593298235,0.1719464159978088,232.4079599439865,0.13768891567961974,12.016312832,2026-02-04T15:55:57.633361
29326,0.13234528339675547,0.00013065760763453227,2.310912619266285e-06,0.0024835340154822916,0.042452451976714656,91.48519330305862,138.7279718919017,0.20490720099769533,230.47086109299562,0.13884618579651123,12.008123904,2026-02-04T15:59:48.115079
29327,0.1325055077107951,0.006626565400079887,2.309696820728158e-06,0.003328178048832342,0.05005992006044835,92.56414905199199,142.71338269097032,0.1879416159936227,235.52593045198591,0.135866144074202,12.015053824,2026-02-04T16:03:43.641826
29328,0.13266573202483478,0.00824991751566273,2.308483362373089e-06,0.013093457033392042,0.044108547997893766,92.80725633798284,142.4617865490727,0.17540021098102443,235.5100633080001,0.13587529785574554,12.019462656,2026-02-04T16:07:39.152414
29329,0.13282595633887442,0.0016218830794967332,2.3072722445278396e-06,0.0027501090662553906,0.04267289099516347,90.07308825399377,136.64330197501113,0.21104228499461897,226.98172534900368,0.1409805126416996,12.016313344,2026-02-04T16:11:26.134740
29330,0.1329861806529141,0.0038153334887232604,2.3060634675185535e-06,0.002531995967729017,0.04583951708627865,91.06696855794871,139.21806772093987,0.16873443700023927,230.51015215800726,0.13882251909696816,11.992817664,2026-02-04T16:15:16.645478
29331,0.13314640496695374,0.0027824670011563635,2.3048570316707373e-06,0.003088257013587281,0.0407910400244873,90.63363179002772,138.1005471998942,0.1671762689948082,228.95489227000508,0.13976552185774044,11.99319552,2026-02-04T16:19:05.601320
29332,0.13330662928099338,5.330653238821981e-07,2.3036529373092656e-06,0.002889433002565056,0.03989095101132989,91.01983983104583,138.92800298001384,0.1698115130129736,230.16903522901703,0.1390282579416478,12.013953536,2026-02-04T16:22:55.771112
29333,0.13346685359503305,0.0036238076506265315,2.3024511847583866e-06,0.0024258889607153833,0.041533713025273755,89.77646276692394,136.41435375309084,0.14877768600126728,226.3905070280016,0.14134868294650718,12.01572096,2026-02-04T16:26:42.162212
29334,0.1336270779090727,0.002382382738506106,2.301251774341716e-06,0.002564978029113263,0.04078389910864644,90.11716565489769,136.85222036400228,0.1890918200078886,227.21068412202294,0.1408384474684935,12.014866944,2026-02-04T16:30:29.373469
29335,0.13378730222311236,0.005568391929018812,2.3000547063822406e-06,0.002791202045045793,0.049731614999473095,91.81256682300591,140.12700664196745,0.22039810600108467,232.22184247898986,0.1377992683995485,11.992220672,2026-02-04T16:34:21.595869
29336,0.133947526537152,0.000831110407651714,2.2988599812023127e-06,0.002665375970536843,0.04442452802322805,90.02847990006558,137.1865662849159,0.20872028497979045,227.47978700499516,0.14067183911728087,11.992896512,2026-02-04T16:38:09.076246
29337,0.13410775085119167,1.0363701609783504e-05,2.2976675991236566e-06,0.0026225439505651593,0.04276347201084718,90.13202855386771,136.96636708415463,0.22073245301726274,227.37226634300896,0.14073836055152603,12.007107584,2026-02-04T16:41:56.449105
29338,0.1342679751652313,0.0036446871007624893,2.2964775604673655e-06,0.002516045991797,0.04076255703694187,90.739788922976,138.3747441570158,0.16575739299878478,229.33068346898654,0.13953649601505466,12.009649152,2026-02-04T16:45:45.780316
29339,0.13442819947927098,0.0035588512195521282,2.2952898655538997e-06,0.002778574969852343,0.0412040300143417,90.69968897697981,138.31798715901095,0.22082445098203607,229.28915806100122,0.1395617667691316,12.01521408,2026-02-04T16:49:35.070075
29340,0.13458842379331062,0.011844162779092393,2.294104514703092e-06,0.0023411670117639005,0.036679458018625155,93.54310968503705,142.58250338895596,0.17816730099730194,236.35486087799654,0.13538964200325038,12.008304128,2026-02-04T16:53:31.436736
29341,0.1347486481073503,0.00042904458692261116,2.2929215082341383e-06,0.003189937968272716,0.03599823502008803,92.04885635105893,140.6731808509503,0.18869404200813733,232.95768432199839,0.1373640027936104,12.009171968,2026-02-04T16:57:24.396777
29342,0.13490887242138994,0.00010362978319999883,2.2917408464656087e-06,0.0030175110732670873,0.04224273405270651,89.33261131803738,136.0643420209817,0.16647117302636616,225.61506035597995,0.14183450319987398,12.003846144,2026-02-04T17:01:10.012439
29343,0.1350690967354296,0.00014861906020202653,2.2905625297154405e-06,0.0024491770018357784,0.04004116394207813,91.25632083497476,140.0669169370376,0.15922083699842915,231.53351433901116,0.13820893312726049,12.014639616,2026-02-04T17:05:01.546533
29344,0.13522932104946925,0.012047601427828791,2.289386558300935e-06,0.002571115008322522,0.04820261604618281,91.25813999402453,139.98724046396092,0.21389067699783482,231.51657957900898,0.13821904270609464,12.019323392,2026-02-04T17:08:53.063716
29345,0.13538954536350892,0.0023789238218601128,2.28821293253877e-06,0.00253240906749852,0.041127311007585377,88.48207996599376,133.2191025270149,0.16010796400951222,221.91158137499588,0.14420157705029826,11.992136704,2026-02-04T17:12:34.975875
29346,0.13554976967754856,0.00035636254392423794,2.2870416527449864e-06,0.0027854550280608237,0.0465350890008267,89.86693352097063,136.4850235210033,0.19368421600665897,226.60528050200082,0.1412147145428831,11.993084928,2026-02-04T17:16:21.581795
29347,0.13570999399158823,0.0005488263901880508,2.2858727192349913e-06,0.0027110060036648065,0.05760914599522948,90.89582575196982,138.17271372902906,0.2349836859793868,229.37039385997923,0.1395123383688944,11.993821184,2026-02-04T17:20:10.952977
29348,0.13587021830562787,2.221310544836541e-06,2.2847061323235667e-06,0.002790029044263065,0.05387597094522789,92.07152695898549,140.65829676095746,0.17424239200772718,232.96759695999208,0.13735815803386345,12.009182208,2026-02-04T17:24:03.921237
29349,0.13603044261966754,0.002574233155812067,2.283541892324857e-06,0.0028073249850422144,0.046926257957238704,90.70405990301515,137.67736822998268,0.21844966898788698,228.65852707700105,0.13994667248610396,11.993086976,2026-02-04T17:27:52.580360
29350,0.13619066693370718,0.003330529145329386,2.282379999552377e-06,0.002618285972857848,0.04843278098269366,88.97544118703809,133.98688247299287,0.23238923598546535,223.2532039360085,0.14333500902039562,12.001750528,2026-02-04T17:31:35.834276
29351,0.13635089124774685,0.0004852594330246873,2.2812204543190076e-06,0.002764439966995269,0.04504828393692151,89.0546895719308,134.24911282904213,0.17068580200430006,223.5288567750249,0.14315825017709924,12.010902528,2026-02-04T17:35:19.363790
29352,0.1365111155617865,0.0005210341546288966,2.2800632569370007e-06,0.003151590994093567,0.0460712680069264,90.36341505497694,137.3357164230256,0.16848697999375872,227.92332632199395,0.14039809139496615,12.0091904,2026-02-04T17:39:07.287895
29353,0.13667133987582616,0.003004555555112809,2.278908407717974e-06,0.0028180209919810295,0.05120547499973327,90.42407990305219,137.63042900300934,0.15032490898738615,228.26708838701597,0.14018665689442503,12.009597952,2026-02-04T17:42:55.555637
29354,0.1368315641898658,7.356327786922634e-07,2.2777559069729117e-06,0.002862692082999274,0.04600053603644483,91.25932504696539,139.4629248760175,0.20288393800728954,230.98227007198147,0.13853877178550447,12.018038784,2026-02-04T17:46:46.538536
29355,0.13699178850390548,0.0037795239602931296,2.2766057550121695e-06,0.0025878569576889277,0.04524879000382498,89.54107495606877,135.99715489396476,0.1925822600023821,225.78660043497803,0.14172674524684803,12.00781312,2026-02-04T17:50:32.325728
29356,0.13715201281794512,0.007535265242069933,2.2754579521454644e-06,0.0027236470486968756,0.042964338965248317,92.65255686012097,138.41769043900422,0.21292228798847646,231.33707234199392,0.13832629451060593,12.005693952,2026-02-04T17:54:23.663580
29357,0.1373122371319848,0.0030469004930731014,2.2743124986818884e-06,0.0026888789143413305,0.04356113894027658,91.80930764603545,142.08078300303896,0.1731383389851544,234.11738094099564,0.1366835724514829,12.018855424,2026-02-04T17:58:17.781530
29358,0.13747246144602443,0.004470954767032964,2.2731693949298938e-06,0.0025964319647755474,0.03968754198285751,90.13964590796968,137.5341917250189,0.17601481100427918,227.90413215200533,0.14040991577395773,11.992413184,2026-02-04T18:02:05.686617
29359,0.1376326857600641,0.0066393696015496495,2.272028641197302e-06,0.002789628109894693,0.0408900409238413,90.84057052701246,138.16773381698295,0.21325931200408377,229.27305882499786,0.13957156660270897,11.993214976,2026-02-04T18:05:54.960360
29360,0.13779291007410374,0.0015290489502273186,2.2708902377913085e-06,0.002513431041734293,0.04824728806852363,94.57311879599001,146.57531811497756,0.17835752898827195,241.3877853669983,0.13256677404512504,12.00344832,2026-02-04T18:09:56.348803
29361,0.1379531343881434,0.001875152741288133,2.2697541850184645e-06,0.00262689299415797,0.04461584595264867,89.29816804197617,135.29969600701588,0.25024939997820184,224.9018786509987,0.14228427166523316,12.007007744,2026-02-04T18:13:41.251374
29362,0.13811335870218305,0.0017356420522274263,2.2686204831846977e-06,0.0027445560263004154,0.05092622400843538,91.00101367401658,138.22720366096473,0.19655897800112143,229.48630423401482,0.1394418726067789,12.029292544,2026-02-04T18:17:30.738297
29363,0.13827358301622272,0.008282948669537937,2.267489132595298e-06,0.0032514059566892684,0.04382712199003436,91.57387725103763,140.40242680095253,0.17416953900828958,232.20490940700984,0.1378093171316643,12.010660864,2026-02-04T18:21:22.943804
29364,0.13843380733026237,0.003963133776957006,2.266360133554921e-06,0.0025099500780925155,0.049225599999772385,90.87740164602292,139.42285625601653,0.17551872500916943,230.53452379797818,0.13880784306320304,12.012878848,2026-02-04T18:25:13.478910
29365,0.13859403164430203,0.0023453137360891496,2.2652334863675933e-06,0.0026279499870724976,0.04661883701919578,91.36437083096826,139.3779556650552,0.2227338959928602,231.02184923601453,0.13851503702279017,12.00471808,2026-02-04T18:29:04.501341
29366,0.13875425595834168,0.003717291207389728,2.264109191336704e-06,0.002647102053742856,0.0491127249551937,90.7541354400164,137.59344050803338,0.2080018859996926,228.61347105301684,0.13997425371569205,12.021067264,2026-02-04T18:32:53.115425
29367,0.13891448027238135,1.4272218619826305e-05,2.2629872487650144e-06,0.0024457419640384614,0.04686654798570089,91.69393986699288,140.29608501307666,0.16874156999983825,232.2152148509922,0.13780320131277252,12.012579328,2026-02-04T18:36:45.331203
29368,0.139074704586421,0.004260234887953462,2.2618676589546456e-06,0.0027005750744137913,0.048859057074878365,90.06412437491235,135.71997805705178,0.20204685899079777,226.04781509999884,0.1415629697010956,11.99209984,2026-02-04T18:40:31.379525
29369,0.13923492890046066,0.001173764431487978,2.260750422207088e-06,0.002865475951693952,0.042752566980198026,91.45459257494076,139.92306761204964,0.18962725400342606,231.61939297497156,0.1381576887366157,11.992832,2026-02-04T18:44:22.999443
29370,0.1393951532145003,0.004073505869078176,2.2596355388232007e-06,0.0024067179765552282,0.0438766130246222,90.42762936992222,137.76510032999795,0.1638133079977706,228.41024668700993,0.14009879357054209,12.022550528,2026-02-04T18:48:11.410201
29371,0.13955537752853994,0.004125257590120501,2.258523009103205e-06,0.002550559991504997,0.04753694502869621,90.75289424601942,138.08507365200785,0.18269053398398682,229.0788162710087,0.13968991337087588,11.99279104,2026-02-04T18:52:00.489613
29372,0.1397156018425796,0.009687165822116484,2.2574128333466923e-06,0.0028747689502779394,0.04690484199090861,90.87210416104062,138.23987796503934,0.21311870697536506,229.3839671179885,0.13950408305363435,12.008062464,2026-02-04T18:55:49.874100
29373,0.13987582615661925,0.0018185004897741663,2.256305011852615e-06,0.0026112159248441458,0.04538108402630314,89.2106101649988,134.86708965100115,0.17947612499119714,224.31240003899438,0.14265818561273086,11.993029632,2026-02-04T18:59:34.187075
29374,0.14003605047065892,0.0002200765684456929,2.255199544919299e-06,0.002536158077418804,0.05149999904097058,91.59481972496724,140.2607514570118,0.15524596799514256,232.0730512260052,0.13788761698503582,11.99209984,2026-02-04T19:03:26.260702
29375,0.14019627478469857,0.0004047073224122677,2.254096432844431e-06,0.002973135036882013,0.04061179395648651,91.9510453819239,141.14684340704116,0.19351008097874,233.34232059301576,0.13713757503857532,12.019153408,2026-02-04T19:07:19.603626
29376,0.14035649909873824,0.010145891725850564,2.25299567592506e-06,0.0028117609617765993,0.042430187022546306,91.40974044403993,139.2128050250176,0.18358805199386552,230.85845891700592,0.13861307118706906,12.01241088,2026-02-04T19:11:10.462610
29377,0.14051672341277788,0.0009895270498009312,2.25189727445761e-06,0.0025748000480234623,0.04857950008590706,92.14861483394634,141.77755498109036,0.21364674498909153,234.1974042840011,0.1366368687895233,12.02603264,2026-02-04T19:15:04.660615
29378,0.14067694772681755,0.003314029519541073,2.2508012287378634e-06,0.0025894859281834215,0.041792196047026664,92.0523476729577,140.95189255601144,0.15406756900483742,233.21024028901593,0.13721524389470466,11.99271424,2026-02-04T19:18:57.871422
29379,0.1408371720408572,7.832262740592455e-07,2.2497075390609726e-06,0.0026980300317518413,0.04174073998001404,89.68246477103094,135.91561157698743,0.16482732401345856,225.8154552070191,0.14170863535741432,12.016989184,2026-02-04T19:22:43.687474
29380,0.14099739635489686,0.006315049419845398,2.2486162057214516e-06,0.0026593559596221894,0.04786101504578255,90.30801617098041,137.58846169500612,0.20707467701868154,228.16028026299318,0.14025228213742816,12.010074624,2026-02-04T19:26:31.848321
29381,0.1411576206689365,0.007216415310532853,2.247527229013183e-06,0.002686432038899511,0.042889881937298924,91.29173377910047,139.5496265469119,0.1901724880153779,231.08448558300734,0.1384774919842265,12.011097088,2026-02-04T19:30:22.933429
29382,0.14131784498297617,0.0025507720719439853,2.2464406092294147e-06,0.0031424820190295577,0.05103386504924856,91.03220970593975,139.23425164306536,0.17329143499955535,230.50253605699982,0.1388271059720006,12.031126528,2026-02-04T19:34:13.436547
29383,0.1414780692970158,0.00019706324314983092,2.2453563466627562e-06,0.003029872023034841,0.04865402905852534,91.6224397069891,140.35471486896859,0.16908547500497662,232.2054446170223,0.1378089994951573,12.013597184,2026-02-04T19:38:05.642587
29384,0.14163829361105548,9.068141039847433e-06,2.2442744416051887e-06,0.002717900963034481,0.04759717400884256,90.73552276799455,138.0949816199718,0.15850055500050075,229.04735876701307,0.13970909846880353,12.009445376,2026-02-04T19:41:54.690522
29385,0.14179851792509512,2.009108355238709e-06,2.243194894348053e-06,0.0028282840503379703,0.047758016968145967,91.46225203105132,139.95635284902528,0.19157903900486417,231.6687158170098,0.13812827462330357,12.016056832,2026-02-04T19:45:46.359807
29386,0.1419587422391348,5.208247154886436e-06,2.2421177051820548e-06,0.0029780360346194357,0.04725435614818707,90.65296669283998,138.39218604404596,0.20975220401305705,229.31259976301226,0.1395474999327165,12.015202816,2026-02-04T19:49:35.672986
29387,0.14211896655317444,0.00346906368502653,2.241042874397271e-06,0.002661416947375983,0.04688041398185305,91.65143799796351,140.32236168699455,0.1728252379980404,232.20472223198158,0.13780942821666972,11.992306688,2026-02-04T19:53:27.878308
29388,0.1422791908672141,0.0059741517044527015,2.2399704022831336e-06,0.0026034300099126995,0.046081522974418476,90.13147412403487,136.89071428705938,0.21281783099402674,227.29056658199988,0.14078894905854056,11.993208832,2026-02-04T19:57:15.169482
29389,0.14243941518125375,0.0006734501749185995,2.238900289128452e-06,0.00277877994813025,0.047550507879350334,90.36275472008856,137.48486419499386,0.16166710999095812,228.0699493199936,0.14030783141492434,11.991975936,2026-02-04T20:01:03.239937
29390,0.14259963949529342,2.0836725922457333e-06,2.237832535221389e-06,0.002798047033138573,0.047117226029513404,89.45689261204097,135.46232367493212,0.2780104039993603,225.25601902400376,0.1420605768434095,11.992228352,2026-02-04T20:04:48.496809
29391,0.14275986380933306,0.008108069679927665,2.236767140849475e-06,0.0026491789903957397,0.04663292903569527,88.89919556200039,134.1925753169926,0.16314908699132502,223.31195395099348,0.1432972997362358,11.993070592,2026-02-04T20:08:31.809346
29392,0.14292008812337273,2.036034008057186e-06,2.2357041062996107e-06,0.013665024016518146,0.04840286396211013,89.72555784499855,135.84075227202266,0.21084993600379676,225.84687363999547,0.1416889217205134,12.007050752,2026-02-04T20:12:17.656828
29393,0.14308031243741237,0.011936467743557166,2.2346434318580552e-06,0.0025677859666757286,0.04444149098708294,91.976608154946,139.91914369200822,0.20066751999547705,232.15186107097543,0.1378408075316557,12.011897856,2026-02-04T20:16:09.809269
29394,0.14324053675145204,0.00015096084904842044,2.233585117810435e-06,0.0027600010798778385,0.05017374292947352,91.05848693897133,137.85995883707074,0.15531981500680558,229.13413635699544,0.1396561878939914,12.007056896,2026-02-04T20:19:58.943995
29395,0.14340076106549168,0.004873376896501025,2.232529164441737e-06,0.00243067296105437,0.046807687991531566,91.25273090903647,139.53978333988925,0.17726906199823134,231.02646413398907,0.13851227009837658,12.016990208,2026-02-04T20:23:49.971034
29396,0.14356098537953135,0.0034712967818126828,2.2314755720363204e-06,0.0024325739650521427,0.04764772701309994,90.55378196702804,138.14367236895487,0.15391515698865987,228.90864675299963,0.13979375813849929,11.993142272,2026-02-04T20:27:38.880166
29397,0.143721209693571,0.002914757426164094,2.2304243408778993e-06,0.0023655170225538313,0.041326968028442934,90.16005277799559,137.03495975298574,0.16987491701729596,227.4145128490054,0.14071221576455317,11.99200768,2026-02-04T20:31:26.295249
29398,0.14388143400761066,3.7465908597766884e-07,2.2293754712495578e-06,0.0035687880299519747,0.047558995051076636,91.90632865499356,140.9511016489705,0.18492559299920686,233.10139202899882,0.13727931747408467,12.0122624,2026-02-04T20:35:19.397289
29399,0.1440416583216503,0.0018131281299567092,2.228328963433744e-06,0.0025825419870670885,0.045725169009529054,89.72332051297417,136.00670447104494,0.22061458497773856,226.00679628300713,0.14158866249282787,12.005691904,2026-02-04T20:39:05.404577
29400,0.14420188263568998,0.001645247892976709,2.227284817712265e-06,0.0029577609966509044,0.048909277975326404,89.13925345501048,135.1619095079659,0.23712809701100923,224.59647674000007,0.1424777470442878,11.992630272,2026-02-04T20:42:50.001650
29401,0.14436210694972962,0.011795498140873661,2.2262430343662986e-06,0.0028053098649252206,0.0444871089712251,91.54948572005378,140.17613093889668,0.18762180101475678,231.967685014999,0.13795024939758693,12.016841216,2026-02-04T20:46:41.969903
29402,0.1445223312637693,6.392599249949171e-07,2.225203613676382e-06,0.002691470959689468,0.04155300903948955,91.74667024592054,140.65434911305783,0.274960300012026,232.72785301500699,0.13749965715507437,11.992742912,2026-02-04T20:50:34.698676
29403,0.14468255557780893,0.008406274045893891,2.224166555922417e-06,0.002520446985727176,0.04840711993165314,89.88239756203257,136.59347746003186,0.1668929110164754,226.70041320100427,0.1411554551143546,11.992853504,2026-02-04T20:54:21.399923
29404,0.1448427798918486,0.005484367105754728,2.2231318613836706e-06,0.0026478749641682953,0.04896797297988087,90.24065291200532,136.24612430401612,0.22976952799945138,226.77439118002076,0.14110940760765786,11.993039872,2026-02-04T20:58:08.174890
29405,0.14500300420588824,0.0001606912722569298,2.2220995303387688e-06,0.0028098119946662337,0.050608750054379925,91.66318602097454,140.26317550201202,0.16642200300702825,232.15298117199563,0.13784014247179577,12.01222144,2026-02-04T21:02:00.328457
29406,0.1451632285199279,0.0012246904165769124,2.2210695630657103e-06,0.002722467004787177,0.045670486986637115,91.88886950994493,140.273834887048,0.2276997239969205,232.44695093401242,0.13766581954040874,12.021927936,2026-02-04T21:05:52.776382
29407,0.14532345283396755,0.0036405134937127492,2.2200419598418484e-06,0.0026212339871563017,0.04608815797837451,90.37990694108885,137.927184533939,0.23257309399195947,228.5958029179892,0.1399850723045877,12.029795328,2026-02-04T21:09:41.372942
29408,0.14548367714800722,6.463471500961493e-06,2.2190167209439013e-06,0.0027134410047437996,0.04253022401826456,89.27381029506796,135.7115285639302,0.18917009999859147,225.22799628801295,0.1420782519375594,12.003625984,2026-02-04T21:13:26.601538
29409,0.14564390146204687,0.000364933061676731,2.2179938466479566e-06,0.0028292649367358536,0.05030343099497259,90.47068880498409,136.81665121298283,0.18080699400161393,227.52956201398047,0.14064106534883486,11.992650752,2026-02-04T21:17:14.131702
29410,0.1458041257760865,0.00022400978475811684,2.2169733372294556e-06,0.0022854348935652524,0.04609958108630963,90.7242275699682,138.11188502397272,0.2091475790075492,229.1013282900094,0.13967618712141464,12.007890432,2026-02-04T21:21:03.233852
29411,0.14596435009012618,0.004719592283533469,2.2159551929632125e-06,0.0027087529888376594,0.04397081513889134,90.82208470196929,138.638319072983,0.3687398040201515,229.88305227900855,0.13920121419460565,11.991937536,2026-02-04T21:24:53.117770
29412,0.14612457440416582,2.5796491431862023e-07,2.2149394141233985e-06,0.0031255940557457507,0.04837083909660578,89.90572189298109,136.5372992240009,0.20243070099968463,226.70376088900957,0.1411533707006593,11.992034304,2026-02-04T21:28:39.822314
29413,0.1462847987182055,4.382455213836067e-06,2.213926000983547e-06,0.0027646910748444498,0.04634485801216215,89.9673652430647,136.7317632570048,0.17604888099594973,226.93062760299654,0.14101225708493767,12.01268224,2026-02-04T21:32:26.753575
29414,0.14644502303224513,0.00018632533246698557,2.2129149538165605e-06,0.0027431298804003745,0.04716366497450508,91.74994563197833,140.46463831403526,0.21475455001927912,232.48622299398994,0.13764256474168468,12.012585472,2026-02-04T21:36:19.240383
29415,0.1466052473462848,1.6144856155531073e-05,2.2119062728946966e-06,0.0026781249907799065,0.04997413992532529,89.4338594750152,135.72197913797572,0.16624157701153308,225.38267440602067,0.141980744901238,11.992865792,2026-02-04T21:40:04.623651
29416,0.14676547166032444,0.002902108271281456,2.2108999584895833e-06,0.0026460400549694896,0.0470080099767074,90.82612863005488,138.63558935199399,0.18498514502425678,229.70500006599468,0.13930911382340977,12.010503168,2026-02-04T21:43:54.329171
29417,0.1469256959743641,0.0015948883215930465,2.2098960108722037e-06,0.0025352110678795725,0.05112017196370289,90.0230229650042,137.0677167540416,0.18907325502368622,227.34027403700748,0.14075816586194004,12.008485376,2026-02-04T21:47:41.670012
29418,0.14708592028840375,0.003607749540908256,2.208894430312913e-06,0.0025983640807680786,0.04453734992421232,90.67620169595466,137.73316770908423,0.20892571500735357,228.67471364801168,0.13993676646407047,12.00858368,2026-02-04T21:51:30.345323
29419,0.14724614460244342,0.0013295057066322613,2.20789521708142e-06,0.0026473900070413947,0.04041480598971248,90.83279592098552,139.1819388109434,0.16770093998638913,230.23255826800596,0.13898989891234184,12.017391616,2026-02-04T21:55:20.578481
29420,0.14740636891648307,0.0015532147980810151,2.2068983714467977e-06,0.0025892440462484956,0.048900434077950194,90.96970004492323,138.37286978698103,0.1646173020126298,229.5664691060083,0.1393931793463407,11.992902656,2026-02-04T21:59:10.145535
29421,0.14756659323052274,0.003198159622078034,2.2059038936774883e-06,0.0028988640406168997,0.04780134197790176,92.40194317701389,139.95302597002592,0.30170849701971747,232.71514147898415,0.13750716776153488,12.010822656,2026-02-04T22:03:02.861290
29422,0.14772681754456238,0.004643295511423506,2.204911784041287e-06,0.0025599209184292704,0.04553240505629219,90.51524725498166,138.43282785496558,0.19317838599090464,229.19601092199446,0.1396184858160163,11.992976384,2026-02-04T22:06:52.057903
29423,0.14788704185860205,5.45595511356467e-05,2.203922042805358e-06,0.002443515113554895,0.048511746019357815,89.64572261594003,136.5120092210418,0.1896516909764614,226.40550417400664,0.14133931998139948,12.010940416,2026-02-04T22:10:38.463997
29424,0.1480472661726417,0.004740702969173172,2.2029346702362255e-06,0.013141831004759297,0.04427569801919162,91.9724545420031,140.81614690102288,0.27148817700799555,233.12556010499247,0.13726508575716964,12.01061376,2026-02-04T22:14:31.590119
29425,0.14820749048668136,0.006018257702486096,2.201949666599775e-06,0.0026133419887628406,0.04572570096934214,91.10220461699646,138.6328883850074,0.188151709997328,229.9779433119984,0.13914377848221454,12.031024128,2026-02-04T22:18:21.568652
29426,0.148367714800721,0.003867536581669384,2.2009670321612543e-06,0.0026721559988800436,0.05126851494424045,89.79485368495807,136.31046838805196,0.18732435500714928,226.35437390999869,0.14137124654248387,12.010363904,2026-02-04T22:22:07.923622
29427,0.14852793911476067,0.002418715723175202,2.199986767185275e-06,0.0030287830450106412,0.04408770604641177,90.48721633604146,137.70726681794622,0.17355537999537773,228.42561309598386,0.14008936899100577,12.009966592,2026-02-04T22:25:56.349963
29428,0.1486881634288003,2.5397391771431188e-05,2.1990088719358098e-06,0.002662365062860772,0.047339784912765026,90.24636390805244,137.32142754696542,0.2137723880005069,227.83777434800868,0.14045081019410724,11.992495104,2026-02-04T22:29:44.188559
29429,0.14884838774283998,2.3969880955654332e-06,2.1980333466761928e-06,0.0024516899429727346,0.04647811598260887,91.79508072001045,138.24132448498858,0.2004058669845108,230.29311336798128,0.13895335180460985,12.006413824,2026-02-04T22:33:34.482594
29430,0.14900861205687962,0.0034555106011850967,2.197060191669117e-06,0.0035387930693104863,0.05018245705286972,91.22075131890597,138.88119987904793,0.19956577001721598,230.3617756839958,0.13891193495528856,12.009719808,2026-02-04T22:37:24.845486
29431,0.1491688363709193,0.005371468852962025,2.1960894071766435e-06,0.002849736949428916,0.04917456803377718,92.22623600499355,141.43265858094674,0.18793359701521695,233.9054658850073,0.13680740584203302,12.015348224,2026-02-04T22:41:18.751548
29432,0.14932906068495894,0.0005539133435692456,2.1951209934601907e-06,0.0027319880318827927,0.047481952991802245,90.05315995001001,138.11300767801004,0.25135285101714544,228.47989659101586,0.14005608579769588,12.003994624,2026-02-04T22:45:07.232344
29433,0.1494892849989986,0.0025967914563667094,2.1941549507805387e-06,0.002964516985230148,0.04049776098690927,92.5707219299511,142.41232529107947,0.22201356801087968,235.2568695259979,0.13602153282271626,12.014178816,2026-02-04T22:49:02.489942
29434,0.14964950931303825,0.0028345563096441317,2.193191279397831e-06,0.0032222930167336017,0.052099114982411265,92.3574878849322,141.9566946280247,0.16868644699570723,234.5510242629971,0.13643086872270094,12.032808448,2026-02-04T22:52:57.041713
29435,0.14980973362707792,0.00023034480127437362,2.192229979571571e-06,0.0026067039580084383,0.04591903093387373,90.10275363503024,138.99696701802895,0.17208459597895853,229.32857441302622,0.13953777928417782,12.012998656,2026-02-04T22:56:46.370940
29436,0.14996995794111756,0.00030662195052189034,2.1912710515606255e-06,0.0026258731086272746,0.04429871396860108,91.7550643060531,141.5375774439308,0.1656148880138062,233.51546899799723,0.13703588947366246,12.008354304,2026-02-04T23:00:39.887136
29437,0.15013018225515723,0.00047172720728450024,2.1903144956232174e-06,0.002500942937331274,0.04899999903864227,91.98899268597597,141.49710641402635,0.21487525600241497,233.7596450370038,0.13689274722732594,12.013521408,2026-02-04T23:04:33.647459
29438,0.15029040656919687,0.004630082946438296,2.189360312016938e-06,0.002811667014611885,0.046476652030833066,91.24354675298673,141.53336123996996,0.20474768002168275,233.03751833498245,0.13731694462177216,11.993089024,2026-02-04T23:08:26.685691
29439,0.15045063088323654,0.00010422451528535603,2.1884085009987344e-06,0.002751223015366122,0.054434719058917835,90.21991370394244,136.378611549997,0.20298162999097258,226.86697973299306,0.14105181828427307,12.018898432,2026-02-04T23:12:13.553262
29440,0.15061085519727618,0.0037390416060287812,2.187459062824918e-06,0.0027460359560791403,0.047404493001522496,90.57255210904987,138.17553442006465,0.18576513198786415,228.99438773898873,0.13974141600567994,11.991917568,2026-02-04T23:16:02.548231
29441,0.15077107951131585,0.017233146848390835,2.186511997751159e-06,0.0027864410367328674,0.04597264001495205,92.34925406999537,140.7289368250058,0.2042201970180031,233.33838863199344,0.13713988592965035,12.0077696,2026-02-04T23:19:55.887296
29442,0.1509313038253555,0.0006457787664477799,2.1855673060324884e-06,0.002608025970403105,0.045970125938765705,92.12978652797756,141.23081456910586,0.2767286929883994,233.69585740801995,0.13693011230460017,12.007347712,2026-02-04T23:23:49.583923
29443,0.15109152813939516,0.0007183049156975763,2.184624987923302e-06,0.0028305570303928107,0.05140130704967305,91.73748631199123,141.82888273108983,0.2065244069963228,233.83524080901407,0.13684849165287338,11.992102912,2026-02-04T23:27:43.420080
29444,0.1512517524534348,0.0016877540150903592,2.1836850436773502e-06,0.002654878975590691,0.04916843201499432,91.46668744200724,141.38179578696145,0.18343750599888153,233.09196314000292,0.13728487061040245,11.992034304,2026-02-04T23:31:36.512686
29445,0.15141197676747448,3.6054595842216486e-07,2.182747473547749e-06,0.002622572996187955,0.0430228250043001,89.9643172910146,137.66451342895743,0.1830138170043938,227.86390380800003,0.14043470451100257,11.992804352,2026-02-04T23:35:24.377198
29446,0.15157220108151412,0.0014474305581235747,2.1818122777869753e-06,0.002752522996161133,0.041458054969552904,91.78251635908964,141.8551364899904,0.19101720402250066,233.8823466990143,0.13682092920497818,12.026844672,2026-02-04T23:39:18.260163
29447,0.1517324253955538,0.0007255996449822,2.180879456646861e-06,0.002384139079367742,0.04475126095348969,90.17626553401351,136.62651493601152,0.2006319050269667,227.0580120870145,0.14093314614124594,11.993342976,2026-02-04T23:43:05.319023
29448,0.15189264970959343,0.0023718382070270216,2.1799490103786066e-06,0.002897065016441047,0.04466327794943936,90.52139663303387,138.49927874002606,0.14972180500626564,229.22558068300714,0.1396004752377631,12.00599808,2026-02-04T23:46:54.545252
29449,0.1520528740236331,0.0002482087290527346,2.179020939232764e-06,0.0025676850345917046,0.044274330051848665,94.97008577003726,147.0146710749832,0.1531120580038987,242.1930658929923,0.13212599577123524,12.01161728,2026-02-04T23:50:56.739043
29450,0.15221309833767274,0.0010116237751469637,2.1780952434592563e-06,0.002683812053874135,0.05027269304264337,91.23337178202928,139.7879153160029,0.17792065301910043,231.2585107810155,0.1383732857741249,12.014107136,2026-02-04T23:54:47.998134
29451,0.15237332265171238,0.001100710496920565,2.177171923307358e-06,0.0028066260274499655,0.046493425994412974,90.45618831401225,137.55814026098233,0.21238010699744336,228.28345569601515,0.14017660588865258,12.007261696,2026-02-04T23:58:36.282317
29452,0.15253354696575205,0.0017064465569482934,2.1762509790257053e-06,0.0029498269432224333,0.05229477907414548,89.38958908099448,134.95339062993298,0.22465508201275952,224.62998888400034,0.14245649104548058,12.010665984,2026-02-05T00:02:20.913081
29453,0.1526937712797917,0.0028341026919496137,2.175332410862299e-06,0.00252062501385808,0.04553858595318161,90.54155102797085,137.70363392302534,0.22299102201941423,228.52262349199736,0.14002989949535832,11.99313408,2026-02-05T00:06:09.436287
29454,0.15285399559383137,0.0016120094746057134,2.1744162190644956e-06,0.0026382719806861132,0.04077144505572505,90.7832130069728,138.23424514199723,0.15544454799965024,229.22375207502046,0.13960158888563617,12.013181952,2026-02-05T00:09:58.670898
29455,0.153014219907871,0.007739586434102552,2.173502403879015e-06,0.0028271498740650713,0.0466448730439879,90.0090815499716,136.83063706802204,0.21179050498176366,227.107327937003,0.14090254282273287,12.004706304,2026-02-05T00:13:45.779052
29456,0.15317444422191068,0.003036896917460119,2.1725909655519338e-06,0.0026100949617102742,0.04504842704045586,92.51254452901776,142.05094436294166,0.22652821699739434,234.8446917720139,0.1362602652780649,12.023184384,2026-02-05T00:17:40.624605
29457,0.15333466853595032,0.0011318409011074615,2.1716819043286915e-06,0.002958195051178336,0.05241413999465294,90.70978491799906,138.09950815909542,0.18266687900177203,229.05527195500326,0.13970427192911863,12.016228864,2026-02-05T00:21:29.680641
29458,0.15349489284999,5.145788238092308e-05,2.170775220454085e-06,0.003080340917222202,0.054128913034219295,89.86082539800555,136.6993770429399,0.24763274600263685,226.87340048400802,0.14104782637246907,12.0066944,2026-02-05T00:25:16.554829
29459,0.15365511716402963,0.0004971632032368944,2.1698709141722733e-06,0.0025052560085896403,0.04728026391239837,89.29938573506661,134.9965925149736,0.23784866099595092,224.59215776098426,0.14248048693692625,11.993129984,2026-02-05T00:29:01.147871
29460,0.1538153414780693,0.006216713133497809,2.1689689857267733e-06,0.002487468038452789,0.046425870998064056,91.79044062798494,140.86729210903286,0.19567284299409948,232.9110922840191,0.1373914813854301,12.010407936,2026-02-05T00:32:54.059553
29461,0.15397556579210894,0.0007427749980761789,2.1680694353604627e-06,0.0025847610377240926,0.04459445900283754,91.13589257892454,139.0364114580152,0.17281846000696532,230.39926029602066,0.1388893347959793,12.028419072,2026-02-05T00:36:44.459340
29462,0.1541357901061486,7.546393970159215e-06,2.167172263315578e-06,0.0025914510479196906,0.036017439037095755,90.72874276002403,138.12645625704317,0.17994676498346962,229.08158156101126,0.13968822714574042,11.992097792,2026-02-05T00:40:33.541521
29463,0.15429601442018825,0.006065775692572384,2.1662774698337166e-06,0.0026342379569541663,0.05027484206948429,89.55715573689668,135.68926870106952,0.1665750240208581,225.47305871799472,0.141923829755746,12.007853568,2026-02-05T00:44:19.015164
29464,0.15445623873422792,3.5782146801111026e-07,2.165385055155833e-06,0.0026830039569176733,0.0508202220662497,89.14426858798834,134.87575290497625,0.17576801200630143,224.258470604982,0.14269249189862757,12.010112,2026-02-05T00:48:03.274210
29465,0.15461646304826757,1.899554384676705e-06,2.1644950195222454e-06,0.0024239019548986107,0.04497800598619506,89.94843222395866,136.29966522101313,0.20140838099177927,226.50571333701373,0.14127678957213669,12.007276032,2026-02-05T00:51:49.780504
29466,0.15477668736230724,0.0010097211963917552,2.1636073631726245e-06,0.0025715199881233275,0.04771071003051475,91.31562819003011,138.72251162605244,0.2148020769818686,230.31271595397266,0.13894152508016583,12.012340224,2026-02-05T00:55:40.104153
29467,0.15493691167634688,0.001631709789918112,2.1627220863460074e-06,0.0025026080838870257,0.041430408047745004,91.26780852701631,140.54339984297985,0.1667223219992593,232.02864420900005,0.13791400673434082,11.992902656,2026-02-05T00:59:32.133875
29468,0.15509713599038655,0.0033170921753749028,2.161839189280787e-06,0.0026704939955379814,0.04670121998060495,90.77995071795885,138.36895467501017,0.20545693399617448,229.41300543601392,0.139486425101236,12.031665664,2026-02-05T01:03:21.547494
29469,0.1552573603044262,0.0007750878673449257,2.1609586722147145e-06,0.0024837419914547354,0.043844285974046215,89.29548851301661,135.3775556559558,0.1638749380072113,224.8910306339967,0.1422911349989721,12.017750016,2026-02-05T01:07:06.439094
29470,0.15541758461846586,0.001963711818798952,2.160080535384903e-06,0.003301650081994012,0.05318534199614078,90.92475700896466,139.01169142799336,0.21589815599145368,230.21812805201625,0.13899861088597598,11.992634368,2026-02-05T01:10:56.657803
29471,0.1555778089325055,0.003679788620048363,2.1592047790278213e-06,0.0025666870933491737,0.04457203106721863,89.29750842796057,135.30358388499008,0.22332923198700882,224.88227754901163,0.14229667339181856,12.010253312,2026-02-05T01:14:41.540679
29472,0.15573803324654517,0.00019923191541870722,2.158331403379301e-06,0.002433084009680897,0.04889395897043869,91.86473172507249,141.0471912959474,0.15835216001141816,233.13022198399995,0.1372623408825828,12.029816832,2026-02-05T01:18:34.671509
29473,0.1558982575605848,0.0035130608599118762,2.15746040867453e-06,0.002677774988114834,0.04288928597816266,91.97986167902127,140.9450193469238,0.21588738000718877,233.19424137900933,0.1372246579107868,12.001925632,2026-02-05T01:22:27.866343
29474,0.15605848187462448,0.0002835505882745615,2.1565917951480535e-06,0.002885981957660988,0.046918398002162576,91.48038133000955,140.51217155402992,0.235117396019632,232.28726479801117,0.13776045805966192,11.993125888,2026-02-05T01:26:20.154198
29475,0.15621870618866412,0.0006085127673736146,2.1557255630337793e-06,0.0028512660355772823,0.05080231596366502,91.88197589004994,141.04063170193695,0.17402982301427983,233.1583344989922,0.13724579080032123,12.015839744,2026-02-05T01:30:13.313210
29476,0.1563789305027038,0.00016333743878105267,2.154861712564972e-06,0.0028955849702470005,0.04651514597935602,90.56905437103705,137.75187352707144,0.20774266301305033,228.58574845298426,0.13999122962200677,11.993562112,2026-02-05T01:34:01.899547
29477,0.15653915481674344,0.010629800324814642,2.1540002439742566e-06,0.0026311029214411974,0.04531081096502021,90.43668629700551,137.5003509389935,0.1832422029983718,228.17474878201028,0.140243388765913,12.015979008,2026-02-05T01:37:50.074877
29478,0.1566993791307831,0.006128861265943364,2.1531411574936104e-06,0.0024689400161150843,0.046791763976216316,88.36485833401093,133.01898691998213,0.19663349899929017,221.63651450298494,0.14438054158972544,11.992138752,2026-02-05T01:41:31.711977
29479,0.15685960344482275,0.004288797679594225,2.1522844533543803e-06,0.0026752639678306878,0.04446360297151841,90.51381179902819,137.73410041601164,0.1770192410040181,228.48082764999708,0.1400555150693862,12.016416768,2026-02-05T01:45:20.193362
29480,0.15701982775886242,0.0015865260767093936,2.1514301317872616e-06,0.002551950979977846,0.04233104706509039,90.43846061400836,137.59548001395888,0.21476347598945722,228.30161077700905,0.1401654587152941,12.004860928,2026-02-05T01:49:08.495582
29481,0.15718005207290206,0.0037776751874813996,2.1505781930223106e-06,0.002595212950836867,0.04419901198707521,91.54850821901346,140.33566482699825,0.18456076298025437,232.1216840039997,0.1378587275777674,12.006393344,2026-02-05T01:53:00.617852
29482,0.15734027638694173,0.0006627720364553724,2.1497286372889458e-06,0.0025099959748331457,0.0474451070476789,90.85810934894835,137.60196497602738,0.1607563280267641,228.6790904100053,0.1399340881696979,12.009413632,2026-02-05T01:56:49.297686
29483,0.15750050070098137,0.002548500649665719,2.1488814648159396e-06,0.002967358974274248,0.043526498950086534,92.44755463799811,144.04270522901788,0.23161116300616413,236.77528712098137,0.13514923955577113,12.008679936,2026-02-05T02:00:46.073876
29484,0.15766072501502104,2.2331022371258058e-05,2.1480366758314253e-06,0.002722510980674997,0.04644920106511563,90.08843015291495,137.7991552700114,0.19076381900231354,228.13625037801103,0.14026705509088322,11.992704,2026-02-05T02:04:34.210722
29485,0.15782094932906068,0.0024171967880515233,2.1471942705628933e-06,0.0028922560159116983,0.049006213957909495,90.07339588011382,136.28082762786653,0.24655938000069,226.66224931299803,0.14117922193479684,11.992728576,2026-02-05T02:08:20.873734
29486,0.15798117364310035,0.000269118709154359,2.146354249237192e-06,0.002343790023587644,0.04213398200226948,89.7240977769543,136.11271693196613,0.16165805401396938,226.05082961602602,0.14156108187860125,11.992430592,2026-02-05T02:12:06.925509
29487,0.15814139795714,0.004981230477357768,2.1455166120805276e-06,0.002577134990133345,0.0459302410017699,90.49373748499784,137.31242576695513,0.1875801130081527,228.04849510997883,0.140321031211224,12.014852608,2026-02-05T02:15:54.974679
29488,0.15830162227117967,0.0014497210845565434,2.144681359318464e-06,0.0030083840538281947,0.05296570310019888,92.08944720998988,140.90390085597755,0.15855020200251602,233.21608483299497,0.13721180519308976,12.005172736,2026-02-05T02:19:48.191356
29489,0.1584618465852193,0.005247110016358025,2.143848491175925e-06,0.002887121052481234,0.049369857006240636,89.94457403098932,135.8160618529655,0.1853158349986188,226.0046469559893,0.14159000901530788,12.028804096,2026-02-05T02:23:34.206819
29490,0.15862207089925895,0.0015979033261466213,2.1430180078771906e-06,0.0035282449680380523,0.053771972976392135,91.97370164102176,140.94181162994937,0.19881550600985065,233.18145951299812,0.13723217989471517,12.015899136,2026-02-05T02:27:27.388864
29491,0.15878229521329862,0.0017442478969061925,2.142189909645898e-06,0.0031588340061716735,0.05690128798596561,90.76911050299532,137.72663414297858,0.2439582170045469,228.80784083899925,0.13985534710113723,11.9928064,2026-02-05T02:31:16.197293
29492,0.15894251952733826,0.014029203106282084,2.1413641967050445e-06,0.003111429017735645,0.05584879496018402,90.68687845996465,137.8770311390399,0.24846947501646355,228.8779920740053,0.1398124813575485,12.010167296,2026-02-05T02:35:05.075886
29493,0.15910274384137793,0.001151946611422483,2.1405408692769823e-06,0.0028733380313497037,0.05272612706176005,90.09781358102919,136.70072821190115,0.18890026299050078,227.0503957249748,0.1409378737166416,12.023709696,2026-02-05T02:38:52.126855
29494,0.15926296815541757,0.003025087159748807,2.1397199275834227e-06,0.0032909860310610384,0.05114407595829107,91.68050507098087,140.09979829908116,0.22360646098968573,232.06581150900456,0.137891918641184,12.011145216,2026-02-05T02:42:44.193261
29495,0.15942319246945724,0.005004508842297195,2.1389013718454354e-06,0.0028530120325740427,0.05203826996148564,91.44668363410165,139.6665992559865,0.2020768880029209,231.37671092999517,0.13830259697002026,12.008218112,2026-02-05T02:46:35.570577
29496,0.15958341678349688,0.00011541228968592332,2.138085202283445e-06,0.00239800097187981,0.04774518602062017,91.90186916699167,139.60838056897046,0.23569003198645078,231.80332389698015,0.13804806359990632,11.99312128,2026-02-05T02:50:27.374516
29497,0.15974364109753655,0.0022925059080722843,2.1372714191172366e-06,0.0025217439979314804,0.04746907201479189,90.49887253800989,139.628256520984,0.23591544199734926,230.4217464760004,0.13887578099462483,12.012246016,2026-02-05T02:54:17.796869
29498,0.1599038654115762,0.0008204967467160262,2.136460022565951e-06,0.002566319948527962,0.05021034594392404,92.79180544006522,142.2628393219493,0.21431569301057607,235.32934929599287,0.13597963915563713,12.007525888,2026-02-05T02:58:13.126811
29499,0.16006408972561587,0.00019550688886327272,2.135651012848086e-06,0.0029309448727872223,0.04462940999655984,91.5868670300406,140.38580366197857,0.21109933499246836,232.23965907498496,0.1377886969325421,12.042817536,2026-02-05T03:02:05.367007
29500,0.1602243140396555,0.002556202506464267,2.134844390181496e-06,0.01232053796411492,0.04440071599674411,91.29289068002254,139.46242722598254,0.20444653200684115,231.0249165930145,0.13851319793515113,12.00734976,2026-02-05T03:05:56.392529
29501,0.16038453835369518,0.00401088618394585,2.1340401547833966e-06,0.08112273394363001,0.05948278505820781,93.91100606991677,139.62967084205593,0.23384750800323673,1585.5806410450023,0.020181881117638953,12.020219904,2026-02-05T03:32:21.981856
29502,0.16054476266773482,0.00278874115964145,2.133238306870356e-06,0.002869682968594134,0.041791309020482004,91.97500529504032,139.76334986300208,0.1931102710077539,231.98474024402094,0.13794010746715377,12.012831232,2026-02-05T03:36:13.972555
29503,0.1607049869817745,0.00568437236261321,2.1324388466583002e-06,0.0026281269965693355,0.05234653904335573,90.42772487693583,136.5460905880318,0.305580184009159,227.34277941900655,0.14075661466697412,12.016300032,2026-02-05T03:40:01.315942
29504,0.16086521129581413,0.002980719343165017,2.131641774362515e-06,0.013217498926678672,0.06208987705758773,90.6613346329541,137.60629257003893,0.1747308599879034,228.52522496398888,0.14002830543123884,11.99337472,2026-02-05T03:43:49.841757
29505,0.1610254356098538,0.0013014677437124256,2.13084709019764e-06,0.0026886539708357304,0.052258773997891694,92.53476806497201,141.41270161699504,0.17157244301051833,234.18189439500566,0.1366459182622551,12.006818304,2026-02-05T03:47:44.024233
29506,0.16118565992389344,7.345653222357029e-05,2.1300547943776736e-06,0.002599213970825076,0.046709974005352706,91.69794116404955,140.13712954107905,0.20716760700452141,232.09858153900132,0.1378724496626137,11.992402944,2026-02-05T03:51:36.133641
29507,0.1613458842379331,0.0020038130869819426,2.129264887115972e-06,0.013113111985148862,0.051749097066931427,91.7232609349594,140.35702644105186,0.15945320800528862,232.31238597101765,0.13774556128915222,12.047229952,2026-02-05T03:55:28.446646
29508,0.16150610855197275,0.008253575722678264,2.128477368625244e-06,0.01263293405645527,0.04515096789691597,91.01357647110126,138.6485619529849,0.18512260800343938,229.91148650602554,0.13918399853050117,12.005863936,2026-02-05T03:59:18.358744
29509,0.16166633286601242,0.00424072192295144,2.12769223911756e-06,0.002616509940708056,0.04503385201678611,91.57909368304536,140.18958425696474,0.1820707430015318,232.00544252400869,0.1379277988131185,12.02775552,2026-02-05T04:03:10.364777
29510,0.16182655718005207,1.4678290814473804e-06,2.1269094988043428e-06,0.00248412397922948,0.04476740400423296,90.51367584205582,138.19970861793263,0.19971275099669583,228.96828564902535,0.1397573463473072,12.010150912,2026-02-05T04:06:59.333682
29511,0.16198678149409174,0.0022978195853715633,2.126129147896377e-06,0.00263348501175642,0.04304427595343441,91.20677801498096,139.0724809091189,0.18237957102246583,230.5143393210019,0.13881999746418602,11.992019968,2026-02-05T04:10:49.848705
29512,0.16214700580813138,0.0006330321350018764,2.125351186603799e-06,0.002585645910585299,0.043072210130048916,90.99422945088008,139.08399977104273,0.19828892400255427,230.32977004500572,0.13893123756320036,12.016705536,2026-02-05T04:14:40.179065
29513,0.16230723012217105,0.0010202275985999876,2.1245756151361022e-06,0.002572107972810045,0.04082139392266981,90.1702128930192,136.77629609504947,0.2579522510059178,227.25659240401,0.1408099965835594,12.02336768,2026-02-05T04:18:27.436684
29514,0.1624674544362107,0.006272320269039344,2.12380243370214e-06,0.002695177012355998,0.05032738207955845,93.59391918894835,144.10395872412482,0.2122770320274867,237.97163795001688,0.13446980604773254,12.033034752,2026-02-05T04:22:25.408989
29515,0.16262767875025036,0.0004010700520159505,2.123031642510118e-06,0.002455849025864154,0.050253397988853976,90.96094102895586,138.89668958302354,0.16263504402013496,230.0811266840028,0.13908137734369375,11.992564736,2026-02-05T04:26:15.490802
29516,0.16278790306429,0.001290726614005866,2.1222632417676015e-06,0.012866648932686076,0.046658230014145374,89.89755683898693,136.12147849806934,0.17258314200444147,226.25900069298223,0.14143083767713524,12.01422592,2026-02-05T04:30:01.750314
29517,0.16294812737832967,0.001618002655547901,2.1214972316815097e-06,0.0025037910090759397,0.047117027977947146,90.20782270407653,136.73758290795377,0.1985241360089276,227.2017283809837,0.1408439989784793,11.99211264,2026-02-05T04:33:48.952634
29518,0.1631083516923693,0.0024845014035443924,2.120733612458118e-06,0.0027877119719050825,0.04938007099553943,90.41234218204045,137.64394318897394,0.1874528560147155,228.30585954798153,0.14016285023676658,12.007227904,2026-02-05T04:37:37.259080
29519,0.16326857600640898,0.0013927151605832577,2.1199723843030614e-06,0.0027611819677986205,0.04892988401115872,89.66664290404879,135.92740191097255,0.19469911899068393,225.84905232299934,0.14168755489943352,12.019803648,2026-02-05T04:41:23.108678
29520,0.16342880032044863,0.0023953529848315114,2.1192135474213274e-06,0.0027452619979158044,0.04307631999836303,90.81101485493127,138.55479487002594,0.19249306901474483,229.6121252659941,0.13936546235495886,12.012632576,2026-02-05T04:45:12.721491
29521,0.1635890246344883,2.027206638999246e-06,2.11845710201726e-06,0.002630315924761817,0.04272291300003417,89.94022943999153,136.65625111496774,0.1988808370078914,226.8489811309846,0.14106300958664178,12.014163456,2026-02-05T04:48:59.571144
29522,0.16374924894852794,0.0014354658008750576,2.1177030482945596e-06,0.0028168019780423492,0.05031590603175573,90.86111352292937,138.80518510204274,0.22298734000651166,229.9494289770082,0.13916103267731778,12.006557184,2026-02-05T04:52:49.521268
29523,0.1639094732625676,0.004331114391197932,2.116951386456284e-06,0.002518979017622769,0.046089085983112454,89.92800566993537,136.35018886707257,0.21509577499818988,226.54885937800282,0.14124988352559809,11.993219072,2026-02-05T04:56:36.070993
29524,0.16406969757660725,0.006650564800246617,2.1162021167048456e-06,0.0029919100052211434,0.04873110697371885,89.70575892704073,136.13003164096153,0.1859587719955016,226.08173069101758,0.141541733169647,12.007568896,2026-02-05T05:00:22.153252
29525,0.16422992189064692,0.0027202511335562285,2.1154552392420116e-06,0.002944580977782607,0.04843515405082144,90.79020740301348,138.39264075396932,0.20623911899747327,229.4476619909983,0.13946535659733775,11.992913408,2026-02-05T05:04:11.601549
29526,0.16439014620468656,0.0017862750498571778,2.114710754268909e-06,0.002738802053499967,0.04739264995441772,91.13909097400028,139.10213079903042,0.20534456698806025,230.50447111899848,0.1388259405323202,11.992416768,2026-02-05T05:08:02.106645
29527,0.16455037051872623,0.001548125825778679,2.1139686619860134e-06,0.002855313883628696,0.05194438903708942,91.25705578588531,139.4134194670478,0.19465680999564938,230.92785949801328,0.1385714139019909,12.009827328,2026-02-05T05:11:53.035159
29528,0.16471059483276587,0.007364330201416802,2.113228962593164e-06,0.002693010988878086,0.05614533703192137,89.2385752350965,134.71509817391052,0.23262861699913628,224.25275997299468,0.1426961255854936,12.005213696,2026-02-05T05:15:37.288508
29529,0.16487081914680551,0.0016902774978766466,2.112491656289551e-06,0.002536127925850451,0.044779710966395214,90.44640117097879,137.6418590650428,0.37756298697786406,228.52237905201036,0.14003004927896792,11.992113664,2026-02-05T05:19:25.811651
29530,0.16503104346084518,0.0037689720226277146,2.11175674327372e-06,0.0024815840006340295,0.052325333934277296,90.01475428105914,136.64835802497691,0.17582791100721806,226.901122012001,0.14103059392675674,11.992914944,2026-02-05T05:23:12.713356
29531,0.16519126777488483,0.0039105891932877945,2.1110242237435747e-06,0.0026903830002993345,0.03986766203888692,90.84746426800848,138.45800153090386,0.22291251900605857,229.57866501799435,0.139385774359703,11.993187328,2026-02-05T05:27:02.292627
29532,0.1653514920889245,0.0038649647203854443,2.110294097896372e-06,0.013307246001204476,0.04495428199879825,89.39563650995842,135.41825206199428,0.19744007600820623,225.08046526298858,0.1421713784117629,11.992067072,2026-02-05T05:30:47.373695
29533,0.16551171640296414,0.008586514630197328,2.1095663659287263e-06,0.0025185739796143025,0.0448224549763836,91.39604534205864,139.4007235559693,0.1772314579866361,231.0300666700059,0.13851011022607512,11.992521728,2026-02-05T05:34:38.414532
29534,0.1656719407170038,0.0008805343658202514,2.1088410280366043e-06,0.0024080630391836166,0.038313088967697695,90.59707170297042,138.09706513001584,0.2404297800094355,228.98209629999474,0.13974891712964344,12.018338304,2026-02-05T05:38:27.397654
29535,0.16583216503104345,0.0009386215572395606,2.108118084415331e-06,0.0027438390243332833,0.043414829939138144,90.79075295999064,138.0565555981011,0.21124784799758345,229.11199683198356,0.13966968313521708,11.992813568,2026-02-05T05:42:16.510306
29536,0.16599238934508312,0.0016320855755553865,2.1073975352595864e-06,0.01299215413746424,0.057760083000175655,90.06844383393764,137.5931110829988,0.1950630799983628,227.93378782598302,0.14039164752717806,12.007689728,2026-02-05T05:46:04.444707
29537,0.16615261365912276,4.810218903195107e-07,2.1066793807634027e-06,0.002513984014512971,0.04537973497644998,88.50299152795924,133.2076147190237,0.20464508698205464,221.97046578201116,0.14416332320276337,11.993570304,2026-02-05T05:49:46.415766
29538,0.16631283797316243,0.002084681016270018,2.1059636211201706e-06,0.0026678880385588855,0.03894166700774804,89.55442081397632,135.64928042900283,0.22405235300539061,225.47583981300704,0.14192207921938968,12.018807296,2026-02-05T05:53:31.892204
29539,0.16647306228720207,0.0014068341888657798,2.1052502565226354e-06,0.002691167959710583,0.0517851039476227,89.15754934895085,134.63041178806452,0.22841844099457376,224.07851717597805,0.14280708567376446,12.013896704,2026-02-05T05:57:15.971403
29540,0.16663328660124174,0.005688724643762466,2.104539287162893e-06,0.0028799120627809316,0.04808910988504067,92.05301499902271,141.45926087597036,0.18958212999859825,233.76064713601954,0.13689216038737262,12.009974784,2026-02-05T06:01:09.732661
29541,0.16679351091528138,0.0013663819319221782,2.1038307132324042e-06,0.002583029039669782,0.04783741102437489,89.91527643598965,136.41118263301905,0.23626081401016563,226.62148281099508,0.1412046183930778,11.992375296,2026-02-05T06:04:56.354754
29542,0.16695373522932105,4.090907585063697e-05,2.1031245349219726e-06,0.0027342489920556545,0.050699453975539654,91.19916054897476,139.50423491102993,0.16695994100882672,230.93145055501373,0.13856925907273418,12.031658496,2026-02-05T06:08:47.286920
29543,0.1671139595433607,0.00642431175446001,2.1024207524217672e-06,0.0032654170354362577,0.05438353997305967,91.16863867096254,139.231904532091,0.18024935299763456,230.64717849498265,0.13874004533160203,11.992849408,2026-02-05T06:12:37.934672
29544,0.16727418385740037,0.004422416528011119,2.1017193659213033e-06,0.0026097270019818097,0.045002560975262895,91.31887198300683,140.00176445796387,0.20558089099358767,231.58213112701196,0.13817991847760264,12.013025792,2026-02-05T06:16:29.517387
29545,0.16743440817144,5.518931570414054e-06,2.1010203756094578e-06,0.002630909060826525,0.04770161097985692,88.48632930204622,133.22136791501543,0.19944396198843606,221.9662235470023,0.14416607846294174,11.9920128,2026-02-05T06:20:11.484653
29546,0.16759463248547968,0.004049896691568744,2.1003237816744583e-06,0.0026373419968876988,0.052999279083451256,89.2503750808828,135.22251962005976,0.2357080850051716,224.77341885701753,0.14236558825648232,12.005473792,2026-02-05T06:23:56.258827
29547,0.16775485679951932,0.002273731391284173,2.0996295843038887e-06,0.0024063320306595415,0.0524138740147464,90.89285225703497,138.8932009159471,0.2275463400001172,230.0783098799875,0.13908308008995593,12.029697024,2026-02-05T06:27:46.337753
29548,0.167915081113559,0.005312470682944159,2.0989377836846867e-06,0.012655471015023068,0.05052935593994334,90.63751458306797,137.9190911789192,0.1927360180125106,228.82082338398322,0.13984741216624738,12.01088,2026-02-05T06:31:35.159165
29549,0.16807530542759863,3.1524182046993587e-06,2.098248380003145e-06,0.002970079018268734,0.04719087595003657,90.33928459801245,137.61970418106648,0.23993586297729053,228.25782906301902,0.140192343593898,12.005805568,2026-02-05T06:35:23.417822
29550,0.1682355297416383,0.001020039117799243,2.097561373444912e-06,0.002638781879795715,0.05632969303405844,91.44116311898688,139.59774426196236,0.23888610399444588,231.34391031600535,0.13832220591538133,11.992925184,2026-02-05T06:39:14.762327
29551,0.16839575405567794,0.0012819686920808593,2.096876764194988e-06,0.002897053025662899,0.04635052403318696,89.22836977199768,135.08564391499385,0.2431022429955192,224.6138104579877,0.14246675186513233,12.006401536,2026-02-05T06:42:59.376746
29552,0.1685559783697176,5.350232874512528e-07,2.0961945524377293e-06,0.013075632974505424,0.04823000499163754,91.28551285801223,139.10284803400282,0.21019391698064283,230.66913899200154,0.13872683680112752,11.993260032,2026-02-05T06:46:50.046409
29553,0.16871620268375725,0.0072571253409554615,2.095514738356847e-06,0.0028215200291015208,0.044329008989734575,91.39314663104597,139.56169842695817,0.17818164400523528,231.18806949298596,0.13841544708677475,12.035362816,2026-02-05T06:50:41.235033
29554,0.16887642699779692,0.002431971098620922,2.0948373221354045e-06,0.002772746083792299,0.051207127020461485,90.24049396102782,137.2016799149569,0.25041177301318385,227.7559958769998,0.14050124071061418,12.008049152,2026-02-05T06:54:28.991994
29555,0.16903665131183657,0.002544923444260494,2.094162303955824e-06,0.0030025100568309426,0.03980868196231313,90.05060031398898,136.83086060205824,0.20559007200063206,227.13851761701517,0.14088319469424435,11.992620032,2026-02-05T06:58:16.131190
29556,0.16919687562587624,0.003834085304986523,2.093489683999878e-06,0.002783387986710295,0.04417019305401482,90.45315223297803,138.19206106098136,0.1942266049736645,228.89414340999792,0.1398026158436095,12.004289536,2026-02-05T07:02:05.026019
29557,0.16935709993991588,0.00023577148521347624,2.0928194624486913e-06,0.002881196007365361,0.05262377197504975,89.62213548706495,135.57036983498256,0.22169921101885848,225.47769326000707,0.14192091260708242,12.00614144,2026-02-05T07:05:50.504253
29558,0.16951732425395555,0.0007454006211928821,2.092151639482748e-06,0.0026731350226327777,0.04652886604890227,90.03740239201579,136.92765381201752,0.22481298499042168,227.2488780640124,0.1408147766123893,12.013161984,2026-02-05T07:09:37.753730
29559,0.1696775485679952,0.0005429364806519565,2.091486215281884e-06,0.0026550730399321765,0.04603676500846632,92.59486995098996,142.24578096397454,0.16871369298314676,235.0645065360004,0.13613284485847787,11.992912896,2026-02-05T07:13:32.818828
29560,0.16983777288203486,0.0008031827020964499,2.0908231900252886e-06,0.002543581009376794,0.05223521401057951,90.09561416806537,136.91850500190048,0.22826991899637505,227.30533409200143,0.14077980232108436,12.005986816,2026-02-05T07:17:20.124770
29561,0.1699979971960745,3.5369851048017154e-07,2.0901625638915066e-06,0.002502758929040283,0.04740924504585564,90.83893206593348,138.12043990101665,0.25158113799989223,229.2708874369855,0.13957288846275834,11.99230464,2026-02-05T07:21:09.396390
29562,0.17015822151011417,0.005390520788363329,2.0895043370584347e-06,0.0029411440482363105,0.04459679595311172,91.61315205003484,139.80234198304242,0.4039560579985846,231.8738650449959,0.13800606633175452,11.992146432,2026-02-05T07:25:01.270991
29563,0.1703184458241538,0.004780677090129082,2.0888485097033252e-06,0.002506097051082179,0.04600356696755625,90.89379860501504,138.67424230201868,0.1756186679995153,229.80482917299378,0.13924859679911625,12.022181888,2026-02-05T07:28:51.076637
29564,0.17047867013819348,0.006498503553177937,2.088195082002783e-06,0.013074063055682927,0.04097780000302009,90.27964493993204,137.17568500703783,0.15421656498801894,227.6708647919877,0.14055377717845854,12.017209344,2026-02-05T07:32:38.748178
29565,0.17063889445223313,0.005948259906116915,2.0875440541327684e-06,0.002349407965084538,0.0447775780048687,91.01585450494895,139.21426192703075,0.17463696602499112,230.4591898760118,0.13885321742741594,12.006995456,2026-02-05T07:36:29.208189
29566,0.1707991187662728,0.0027214419505781073,2.0868954262685933e-06,0.0028049300599377602,0.04081477803993039,89.32083135392168,135.08738496204023,0.16040144200087525,224.61879810399842,0.14246358840004128,11.992065024,2026-02-05T07:40:13.827601
29567,0.17095934308031244,0.00015291217386881328,2.0862491985849266e-06,0.0027279708883725107,0.04797579700243659,90.53237729496323,138.78337047999958,0.18207496500690468,229.55784637201577,0.1393984152828372,12.004041728,2026-02-05T07:44:03.386101
29568,0.1711195673943521,0.0024477253374939334,2.085605371255787e-06,0.013532622077036649,0.042558716057101265,91.49679675893276,139.83174858105485,0.16494029699242674,231.55883451199043,0.13819382044930356,12.01367296,2026-02-05T07:47:54.945621
29569,0.17127979170839175,0.00485904536725279,2.084963944454549e-06,0.0025201959651894867,0.04625740306801163,90.68982427491574,138.21941201091977,0.16873303198372014,229.1373547600233,0.13965422631990215,12.014375424,2026-02-05T07:51:44.083735
29570,0.1714400160224314,0.0006667876746329071,2.0843249183539417e-06,0.002814970997860655,0.04924710406339727,89.53000001396867,135.949723155034,0.2201901770022232,225.7615311050031,0.14174248306774906,12.014078464,2026-02-05T07:55:29.846145
29571,0.17160024033647106,6.470884134834876e-05,2.0836882931260434e-06,0.0024085580080281943,0.05030292802257463,90.83514923899202,138.53149788200972,0.2566603659943212,229.68338354601292,0.13932222482080153,11.99279616,2026-02-05T07:59:19.530251
29572,0.1717604646505107,0.0007065825716503493,2.0830540689422914e-06,0.002947261993540451,0.04878052507410757,88.60191331990063,133.69133460702142,0.2077146130031906,222.55966746501508,0.14378166702208156,12.007430656,2026-02-05T08:03:02.090555
29573,0.17192068896455037,0.0038154323962200642,2.0824222459734732e-06,0.0025275650259573013,0.0465010549814906,91.00419305812102,138.99318356791628,0.1797681809985079,230.2331122129981,0.13898956450015534,12.03149056,2026-02-05T08:06:52.324362
29574,0.17208091327859001,0.0008520947451633454,2.08179282438973e-06,0.0026106520381290466,0.03947861003689468,90.39019200293114,138.01587972408743,0.15725279500475153,228.61259166299715,0.13997479214605948,12.00210688,2026-02-05T08:10:40.937564
29575,0.17224113759262968,0.005738712517615596,2.081165804360557e-06,0.002316959056770429,0.0418051250744611,91.0901685039862,139.4100983319804,0.18161328599671833,230.73419016701519,0.13868772537280688,11.992912896,2026-02-05T08:14:31.672351
29576,0.17240136190666933,4.35073749471826e-07,2.0805411860548013e-06,0.0025186130369547755,0.04867548294714652,91.53309248312144,139.19202509592287,0.22037367400480434,231.00283450999996,0.13852643872478,11.992886272,2026-02-05T08:18:22.675791
29577,0.172561586220709,0.0016277152980528342,2.079918969640667e-06,0.0029452120361384004,0.05597190107800998,89.24368562598829,134.68594689201564,0.18968659100937657,224.18649416600238,0.14273830419197822,11.99288832,2026-02-05T08:22:06.862851
29578,0.17272181053474864,0.0003865767737478709,2.0792991552857056e-06,0.0027912869991268963,0.054461526044178754,91.13914163596928,138.72112562696566,0.17424850701354444,230.09882252500392,0.13907068123533178,11.992221696,2026-02-05T08:25:56.962252
29579,0.1728820348487883,0.005283021694389323,2.078681743156826e-06,0.003024103003554046,0.05380656701163389,91.00030777600477,138.55494485705276,0.16823921099421568,229.7893520159996,0.13925797570364326,12.01553664,2026-02-05T08:29:46.752212
29580,0.17304225916282795,0.01863501779879606,2.0780667334202905e-06,0.0027977299760095775,0.04511353897396475,91.4080591139791,140.24899305801955,0.23425668801064603,231.94617929600645,0.13796303994799608,12.00206592,2026-02-05T08:33:38.698987
29581,0.17320248347686762,0.0026233641829489507,2.0774541262417104e-06,0.002736288937740028,0.038350075017660856,89.93992237793282,136.779462174105,0.23915959100122564,227.00662837398704,0.14096504683238104,11.992022016,2026-02-05T08:37:25.706202
29582,0.17336270779090726,1.4712605362454667e-05,2.076843921786054e-06,0.0027741749945562333,0.047859695012448356,91.85316716402303,142.29588297297596,0.15539599198382348,234.36241390102077,0.13654066566115286,11.991913984,2026-02-05T08:41:20.069217
29583,0.17352293210494693,0.0033213831910705593,2.0762361202176416e-06,0.002762913965852931,0.04769610398216173,91.50352956796996,140.40354200606816,0.2301278920203913,232.19547179798246,0.13781491840564847,12.013487616,2026-02-05T08:45:12.265286
29584,0.17368315641898657,0.0030222695227797303,2.0756307217001456e-06,0.013828596012899652,0.047502834000624716,90.5456196469313,138.37305851108977,0.21325868798885494,229.20211897001718,0.1396147650981623,11.99207168,2026-02-05T08:49:01.468022
29585,0.17384338073302624,0.0028075874573795234,2.0750277263965927e-06,0.002863926987629384,0.05279438503202982,90.61335015000077,137.7067107980256,0.28401508697425015,228.6671321100148,0.13994140611604983,12.02211328,2026-02-05T08:52:50.135707
29586,0.17400360504706588,0.00046055778953224547,2.0744271344693595e-06,0.002815142972394824,0.04501418411382474,89.58380396297434,135.86931285998435,0.2782419419963844,225.79039625800215,0.14172436264045,12.003416064,2026-02-05T08:56:35.926854
29587,0.17416382936110555,0.0025159675518776625,2.073828946080179e-06,0.0029045220580883324,0.049833091063192114,90.65305648595677,137.98865530299372,0.23910601600073278,228.94222594902385,0.13977325444160354,12.011472896,2026-02-05T09:00:24.869983
29588,0.1743240536751452,2.9273100894400272e-06,2.073233161390135e-06,0.002566711977124214,0.04635384099674411,90.8368967299757,138.4443910609989,0.17312069397303276,229.51176285199472,0.1394264050014545,11.993170944,2026-02-05T09:04:14.382552
29589,0.17448427798918487,7.99392924211162e-06,2.0726397805596657e-06,0.002326186920981854,0.04523064798559062,91.36131935493904,139.57212631506263,0.17609645400079899,231.16478485197877,0.13842938932281787,11.994029568,2026-02-05T09:08:05.547927
29590,0.1746445023032245,0.0019492318110088114,2.072048803748558e-06,0.0026826239773072302,0.05253440703381784,90.95106549904449,138.5878300179611,0.19781523599522188,229.80043235601624,0.13925126106997174,11.991990272,2026-02-05T09:11:55.348950
29591,0.17480472661726418,0.0033140807266409666,2.0714602311159557e-06,0.002481854025973007,0.04512567198253237,91.24825037707342,139.53847238700837,0.15987402098835446,231.00105277699186,0.13852750719232765,12.012520448,2026-02-05T09:15:46.350642
29592,0.17496495093130382,0.001950403948230317,2.0708740628203536e-06,0.002520925016142428,0.04297836893238127,89.90917630403419,136.33862749798573,0.18752809800207615,226.48774963300093,0.14128799483350674,12.015446528,2026-02-05T09:19:32.838991
29593,0.1751251752453435,0.0009606847880934133,2.0702902990195986e-06,0.0028041759796906263,0.04829205200076103,91.95539942695177,140.63563340899418,0.22460704197874293,232.87667707097717,0.13741178551017758,12.010636288,2026-02-05T09:23:25.716279
29594,0.17528539955938313,0.0003576942803351635,2.0697089398708915e-06,0.002399672957835719,0.05015630499110557,90.74527645291528,138.60227536506136,0.20320568600436673,229.61036136900657,0.13936653297876586,12.009198592,2026-02-05T09:27:15.327240
29595,0.1754456238734228,8.204099824782318e-05,2.0691299855307835e-06,0.002854696969734505,0.05008740903576836,88.9817933079903,134.82227519905427,0.2498313839896582,224.11534827400465,0.14278361676897125,11.992873984,2026-02-05T09:30:59.443214
29596,0.17560584818746244,2.4893746031651176e-05,2.068553436155179e-06,0.00267075898591429,0.050400069972965866,89.49209703999804,135.77291904503363,0.21231818801607005,225.54016341399984,0.1418816033278341,12.0096512,2026-02-05T09:34:44.983952
29597,0.1757660725015021,0.001059989518561899,2.067979291899336e-06,0.002440146985463798,0.051647937099915,89.28603487092187,135.21002278392552,0.21556990101817064,224.77179823999177,0.1423666147202025,12.005848576,2026-02-05T09:38:29.756353
29598,0.17592629681554176,6.10827383238366e-05,2.0674075529178624e-06,0.002716980001423508,0.048222499986877665,91.96104202902643,140.5931619220064,0.22150408101151697,232.83502567998949,0.13743636682902288,12.005234688,2026-02-05T09:42:22.592100
29599,0.17608652112958142,5.185048603806308e-07,2.0668382193647223e-06,0.002856979117495939,0.04603517890791409,89.95112703106133,136.58320912200725,0.16162464700755663,226.75235849100864,0.1411231186875125,11.992513536,2026-02-05T09:46:09.345046
29600,0.17624674544362107,0.00010339630016886758,2.0662712913932293e-06,0.02338955897721462,0.05212429701350629,89.16353885698481,134.931421522022,0.21423302000039257,224.39447427299456,0.14260600713843485,11.99337984,2026-02-05T09:49:53.740179
29601,0.17640696975766074,0.011093232517574325,2.0657067691560458e-06,0.0027807220176327974,0.04765677495743148,88.8919712290226,134.35769375995733,0.23465901799499989,223.54241235100199,0.1431495690838042,11.992278528,2026-02-05T09:53:37.283384
29602,0.17656719407170038,0.0015529992047991215,2.0651446528051956e-06,0.002646558074047789,0.047220596024999395,91.94959946497693,140.7067635070125,0.22517637198325247,232.93956529998104,0.13737468754520168,12.00634624,2026-02-05T09:57:30.223570
29603,0.17672741838574005,0.00012162762795453474,2.0645849424920456e-06,0.002551760961068794,0.04720931395422667,89.41001996505656,135.37085487900185,0.22389100198051892,225.0608534940111,0.14218376720432868,12.017533952,2026-02-05T10:01:15.285036
29604,0.1768876426997797,0.00015231379553404256,2.06402763836732e-06,0.0029749839450232685,0.045528099028160796,89.89882986794692,136.9759011210699,0.15925891199731268,227.09021076597855,0.14091316350477434,12.013889024,2026-02-05T10:05:02.375825
29605,0.17704786701381936,0.00042035546378382804,2.0634727405810917e-06,0.0027326149865984917,0.04844533704454079,90.14368559495779,137.29536571205244,0.2151127310062293,227.7118006380042,0.14052850976691686,12.00246016,2026-02-05T10:08:50.088212
29606,0.177208091327859,0.002452732146510428,2.0629202492827894e-06,0.0025150850124191493,0.04862398997647688,90.60876208700938,138.47279393405188,0.26986999801010825,229.4092554569943,0.13948870517998263,12.01338624,2026-02-05T10:12:39.498289
29607,0.17736831564189867,0.0008773641039900859,2.06237016462119e-06,0.002985311992233619,0.05075654591200873,91.082221381017,139.40112329105614,0.21876310699735768,230.76488682898344,0.1386692769412304,12.005539328,2026-02-05T10:16:30.263842
29608,0.1775285399559383,0.00023978305200067496,2.061822486744424e-06,0.0027415180520620197,0.04979533699224703,91.55781237699557,140.09809596493142,0.21074818400666118,231.92667167299078,0.13797464418029065,12.004052992,2026-02-05T10:20:22.191342
29609,0.17768876426997796,0.0012196394423855672,2.061277215799975e-06,0.00262359602493234,0.05542354893987067,90.70334126605303,138.29368367500138,0.22129626100650057,229.2846243380045,0.13956452637149608,12.001506816,2026-02-05T10:24:11.476601
29610,0.17784898858401763,0.0064137237287145155,2.0607343519346765e-06,0.002889980998588726,0.04348141798982397,90.33671362802852,137.27037116599968,0.2216229360201396,227.88398734800285,0.14042232792395645,12.024354304,2026-02-05T10:27:59.361222
29611,0.17800921289805727,0.0005716641304220893,2.0601938952947143e-06,0.0025940930063370615,0.03649171904544346,89.684959559032,136.46069096398423,0.18862802800140344,226.38048678301857,0.14135493944171698,12.007527936,2026-02-05T10:31:45.742296
29612,0.17816943721209694,2.5443722204698815e-06,2.0596558460256275e-06,0.013148278900189325,0.044984994077822194,91.35283555195201,139.60960555099882,0.18981135499780066,231.21985540000605,0.1383964190473201,12.006876672,2026-02-05T10:35:36.962775
29613,0.17832966152613658,4.789539341132354e-06,2.0591202042723024e-06,0.002636040037032217,0.04557540506357327,90.34187696696608,137.9223195000086,0.23507188801886514,228.5559859959758,0.14000945921654148,12.007392768,2026-02-05T10:39:25.519497
29614,0.17848988584017625,0.0030350802356373663,2.058586970178984e-06,0.0028080988849978894,0.05099641400738619,90.96522424800787,138.89909185201395,0.21508261101553217,230.1403579300095,0.13904558195625938,11.993060352,2026-02-05T10:43:15.660464
29615,0.1786501101542159,0.0030112229010130775,2.058056143889263e-06,0.002703251055208966,0.04794587803189643,91.37903757195454,139.60821071709506,0.20202883801539429,231.24674487899756,0.13838032624737856,12.006560256,2026-02-05T10:47:06.907837
29616,0.17881033446825556,0.0005604786425285058,2.0575277255460854e-06,0.002855010039638728,0.054541501944186166,92.15380932902917,141.1926360480138,0.19812411000020802,233.61132161100977,0.13697966254085814,12.012550144,2026-02-05T10:51:00.519888
29617,0.1789705587822952,0.006366160041774371,2.0570017152917448e-06,0.0027223520155530423,0.05174297801568173,89.38967481991858,135.0733019541076,0.23279196600196883,224.75666923000244,0.1423761978215344,11.992036352,2026-02-05T10:54:45.277160
29618,0.17913078309633487,0.001088435969328394,2.05647811326789e-06,0.0027199198957532644,0.04523190806503408,89.66301621799357,136.06423768008244,0.20596544101135805,225.98914146999596,0.14159972373826893,12.007167488,2026-02-05T10:58:31.266902
29619,0.17929100741037451,0.0026047013212722736,2.0559569196155206e-06,0.002385051950113848,0.04763864996493794,91.22622704898822,139.4456183790171,0.21356431700405665,230.94224040201516,0.13856278498162858,12.009038848,2026-02-05T11:02:22.209744
29620,0.17945123172441418,0.00010919246221874346,2.0554381344749863e-06,0.002673694951226935,0.056939500995213166,91.53335473194602,140.51625356811564,0.20429686800343916,232.3222397750069,0.13773971889643663,12.01033216,2026-02-05T11:06:14.532681
29621,0.17961145603845383,0.0024970215081374647,2.0549217579859913e-06,0.002475452027283609,0.04802442091749981,90.56929933285573,136.40132407820784,0.21239808399695903,227.24236967298202,0.14081880965266416,11.993050112,2026-02-05T11:10:01.775644
29622,0.1797716803524935,0.0012634062770233712,2.0544077902875853e-06,0.0028312020003795624,0.04561646789079532,90.52966379205463,137.5242420071154,0.21697208000114188,228.32699552801205,0.14014987551515395,12.007609856,2026-02-05T11:13:50.103223
29623,0.17993190466653314,0.0046897340146956346,2.0538962315181757e-06,0.0026612940127961338,0.053320131031796336,93.2102937590098,144.8802608071128,0.22165270004188642,238.37541537202196,0.13424203141946922,12.010704896,2026-02-05T11:17:48.479324
29624,0.1800921289805728,0.0011329461082807413,2.053387081815517e-06,0.002796993067022413,0.05752244096947834,90.25037335895468,138.2832192479982,0.21577789797447622,228.81849318702007,0.13984883631693817,11.992966144,2026-02-05T11:21:37.298424
29625,0.18025235329461245,0.0014386723441086602,2.0528803413167166e-06,0.0026733558624982834,0.047545732057187706,91.57332187209977,140.9125366238295,0.22521153598790988,232.76890770799946,0.13747540560762048,12.004534272,2026-02-05T11:25:30.067838
29626,0.18041257760865212,0.003673556880599449,2.0523760101582347e-06,0.0026584789156913757,0.04544776602415368,91.43311850907048,138.9252183669596,0.19730951997917145,230.6103212229791,0.138762219445759,12.003327488,2026-02-05T11:29:20.678784
29627,0.18057280192269176,0.0026087099126193003,2.051874088475878e-06,0.00308272207621485,0.041774398006964475,90.7152612998616,138.62486872292357,0.21757144399452955,229.61035468400223,0.13936653703636107,12.004409344,2026-02-05T11:33:10.289778
29628,0.18073302623673143,0.0031310984401695663,2.0513745764048102e-06,0.0023651030496694148,0.050379023887217045,92.20377399999416,141.6523687010631,0.2650253039901145,234.1816637769807,0.13664605282877615,11.991709184,2026-02-05T11:37:04.472098
29629,0.18089325055077107,0.001405737427482734,2.050877474079541e-06,0.002687133150175214,0.05315914307720959,90.16576774290297,137.081541905005,0.18786785000702366,227.50126561900834,0.1406585581532093,12.01378816,2026-02-05T11:40:51.974047
29630,0.18105347486481074,0.0029890456440151425,2.0503827816339347e-06,0.002782944997306913,0.04496770503465086,90.62338040414033,137.6490104238037,0.2060179109685123,228.5341560599627,0.14002283313660935,11.992111104,2026-02-05T11:44:40.508904
29631,0.18121369917885038,0.00403396988886684,2.049890499201206e-06,0.0025429169763810933,0.04315178899560124,90.86105407302966,139.09535897598835,0.20146577199921012,230.21211770997616,0.13900223984001556,11.992372224,2026-02-05T11:48:30.721626
29632,0.18137392349289005,0.0036911949398170663,2.049400626913917e-06,0.0026779299951158464,0.053756245761178434,89.4407720360905,135.70906262408243,0.20480595098342746,225.42121088900603,0.14195647283500892,12.009729024,2026-02-05T11:52:16.143710
29633,0.1815341478069297,0.0008239287479123725,2.0489131649039877e-06,0.002654840820468962,0.04537248605629429,90.03729169711005,136.6888886638917,0.22293260600417852,227.00482186296722,0.14096616863635164,11.993218048,2026-02-05T11:56:03.149065
29634,0.18169437212096937,0.001583615793885329,2.0484281133026834e-06,0.0029346030205488205,0.04464630497386679,89.52343730814755,135.94231061980827,0.21283779601799324,225.73359615594381,0.14176002396157902,12.015589888,2026-02-05T11:59:48.883288
29635,0.181854596435009,0.004148675181933292,2.0479454722406214e-06,0.0026683819596655667,0.04462430207058787,90.63732652988983,138.34727687906707,0.16741480701602995,229.2064951719949,0.13961209945637637,12.005755392,2026-02-05T12:03:38.090410
29636,0.18201482074904868,0.0034738242049683343,2.0474652418477715e-06,0.002634477859828621,0.05114563601091504,89.25886044302024,135.164713335922,0.19297100196126848,224.67692838201765,0.14242672903908707,12.004846592,2026-02-05T12:07:22.767948
29637,0.18217504506308832,0.01848214788805924,2.0469874222534534e-06,0.0027575670392252505,0.04488679493078962,90.85940227797255,139.26598270400427,0.22754478798015043,230.40774218301522,0.13888422193114533,12.026839552,2026-02-05T12:11:13.176282
29638,0.182335269377128,0.000985574153935076,2.046512013586336e-06,0.0026015540934167802,0.04805057792691514,89.82240120804636,136.33480932802195,0.28164103301241994,226.49862075399142,0.1412812135167763,12.005019648,2026-02-05T12:14:59.675772
29639,0.18249549369116763,0.00014069396283200586,2.0460390159744434e-06,0.002669642854016274,0.042911897879093885,90.34875235817162,137.86670581286307,0.20216987800085917,228.46995800704462,0.14006217832373968,12.013480448,2026-02-05T12:18:48.146311
29640,0.1826557180052073,2.9300153652211947e-05,2.045568429545144e-06,0.0030351640889421105,0.056176435260567814,89.84869340894511,136.15084196598036,0.2330909629818052,226.3012119139894,0.1414044570479909,12.008494592,2026-02-05T12:22:34.448359
29641,0.18281594231924694,0.00111577327945378,2.045100254425163e-06,0.002630242030136287,0.051601228886283934,89.58600156806642,136.04472723498475,0.15713582996977493,225.8528065860155,0.14168519968253251,12.016943104,2026-02-05T12:26:20.301779
29642,0.1829761666332866,0.0002294741776898146,2.0446344907405734e-06,0.0026594589580781758,0.05410345399286598,90.94140718894778,138.35835203510942,0.19393615605076775,229.55687663896242,0.13939900415324208,12.008354304,2026-02-05T12:30:09.859303
29643,0.18313639094732626,0.0036573671969137855,2.0441711386167988e-06,0.002602274005766958,0.047296159085817635,91.75206063897349,140.5250692651025,0.19846100901486352,232.53452796296915,0.1376139719134354,12.02297344,2026-02-05T12:34:02.394703
29644,0.18329661526136592,0.006331450473313627,2.0437101981786134e-06,0.002872737997677177,0.04783821490127593,91.69116102409316,140.24710135097848,0.1716396189876832,232.16693684196798,0.13783185683231824,11.992810496,2026-02-05T12:37:54.562440
29645,0.18345683957540557,0.0013232689026327904,2.043251669550143e-06,0.0025177288916893303,0.037747643946204334,89.74454128998332,135.6643496080651,0.19373706501210108,225.65101137099555,0.14181190594084425,12.008274432,2026-02-05T12:41:40.214050
29646,0.18361706388944524,0.004128452217532885,2.042795552854863e-06,0.0024085109471343458,0.04974395188037306,91.21107441902859,139.2851278008893,0.20759145502233878,230.76408060500398,0.13866976141219312,12.011741184,2026-02-05T12:45:30.978730
29647,0.18377728820348488,0.0027076309690254874,2.0423418482155988e-06,0.0025776780676096678,0.04708270606352016,91.23304062196985,139.17043106100755,0.20188822702039033,230.66309797996655,0.13873047002420497,12.016300544,2026-02-05T12:49:21.642616
29648,0.18393751251752452,0.0006068018756075766,2.041890555754529e-06,0.012448296998627484,0.05095681804232299,89.48612804303411,135.59911159309559,0.184671223978512,225.34038112894632,0.1420073927259787,11.99315456,2026-02-05T12:53:06.983598
29649,0.1840977368315642,0.009529521657206885,2.041441675593179e-06,0.0028792499215342104,0.045059141935780644,91.21433115005493,139.22948469012044,0.17086294601904228,230.67378006398212,0.1387240456679738,12.02822656,2026-02-05T12:56:57.658013
29650,0.18425796114560383,0.0019675159854406488,2.040995207852426e-06,0.0027016200474463403,0.04398367687826976,90.38775231596082,137.59604605298955,0.18235538201406598,228.21980060701026,0.14021570396121472,11.992173568,2026-02-05T13:00:45.878387
29651,0.1844181854596435,2.5685023399280027e-06,2.0405511526524994e-06,0.0025926181115210056,0.04788600001484156,91.89576368196867,139.3622284809826,0.15846700803376734,231.47449975297786,0.13824416959168018,11.9920384,2026-02-05T13:04:37.353510
29652,0.18457840977368314,0.0009644702171991426,2.0401095101129753e-06,0.0024807467707432806,0.03757041291100904,89.58939906314481,136.91915367089678,0.1788660419988446,226.73460921196966,0.1411341661126107,12.01347328,2026-02-05T13:08:24.088741
29653,0.18473863408772281,0.0058773475488203,2.0396702803527845e-06,0.0025743310106918216,0.04564471694175154,91.76337493897881,141.18382063799072,0.19118509098188952,233.1968024179805,0.1372231508674094,12.01407232,2026-02-05T13:12:17.286056
29654,0.18489885840176246,0.0008215447041290957,2.0392334634902045e-06,0.0024309889995492995,0.047644878970459104,89.8213330678409,136.7700858761673,0.17819786199834198,226.82797762396513,0.1410760715463836,12.011111424,2026-02-05T13:16:04.115009
29655,0.18505908271580213,0.001264805127763502,2.038799059642864e-06,0.0030766561394557357,0.038422583253122866,89.672177975066,135.96419807086932,0.1744489340344444,225.8608215560089,0.1416801717958183,11.99253248,2026-02-05T13:19:49.976501
29656,0.18521930702984177,0.0007406224347228374,2.0383670689277427e-06,0.0028920629993081093,0.050158418773207814,88.87736776802922,134.2048891421873,0.18353359500179067,223.3263257839717,0.14328807805199947,11.992902656,2026-02-05T13:23:33.303435
29657,0.18537953134388144,0.0030445458903778366,2.0379374914611694e-06,0.0024272139999084175,0.04173001495655626,90.24491057201521,137.11337671702495,0.16014451999217272,227.57356672501191,0.1406138703211834,11.992957952,2026-02-05T13:27:20.877641
29658,0.18553975565792108,0.0011902781206090118,2.037510327358824e-06,0.0025226870784536004,0.04051750001963228,90.61248603410786,138.16456515790196,0.23253857099916786,229.0596519410028,0.13970160056054745,11.992208384,2026-02-05T13:31:09.937892
29659,0.18569997997196075,0.0012731277539086427,2.0370855767357355e-06,0.0027155790012329817,0.048598513938486576,90.8080594271305,138.0623482989031,0.2277441379847005,229.1559716949705,0.1396428806254074,12.006091264,2026-02-05T13:34:59.094463
29660,0.1858602042860004,7.838445088559354e-07,2.036663239706285e-06,0.003157345054205507,0.049009693088009953,90.62551376997726,138.04327776189893,0.2257195920101367,228.95474246196682,0.13976561330812237,11.992912896,2026-02-05T13:38:48.049824
29661,0.18602042860004006,9.083533435205737e-06,2.036243316384201e-06,0.003614867979194969,0.051510561956092715,90.68643883703044,137.7462410190492,0.17582798196235672,228.67322941694874,0.13993767474046193,12.015018496,2026-02-05T13:42:36.723623
29662,0.1861806529140797,0.009354424812217488,2.035825806882563e-06,0.0025337908882647753,0.046001607028301805,89.98329150513746,136.97054379689507,0.22812425199663267,227.2378747809562,0.1408215951273356,12.003912704,2026-02-05T13:46:23.962170
29663,0.18634087722811937,0.002596156749866685,2.0354107113138033e-06,0.0026726731448434293,0.04903997102519497,90.30403078102972,137.02383806888247,0.17804252594942227,227.56386293197284,0.14061986638698418,12.008877056,2026-02-05T13:50:11.526639
29664,0.18650110154215901,0.000777154087105103,2.034998029789698e-06,0.012702543986961246,0.04471879807533696,90.04596688190941,136.39763256907463,0.18408751400420442,226.69531332299812,0.14115863063479406,12.012156928,2026-02-05T13:53:58.222701
29665,0.18666132585619868,6.042374706094478e-05,2.034587762421379e-06,0.002885171037632972,0.044912281970027834,89.77337012602948,136.0355352429906,0.2184968499932438,226.08351807895815,0.14154061415845545,11.992797184,2026-02-05T13:57:44.306884
29666,0.18682155017023833,0.0006322766412054648,2.0341799093193257e-06,0.002587923896498978,0.04860652383649722,90.2245109770447,136.90254828007892,0.2061231280094944,227.39450405200478,0.1407245972518388,11.992290304,2026-02-05T14:01:31.701988
29667,0.186981774484278,0.002290895371878321,2.0337744705933667e-06,0.002471713989507407,0.051207232754677534,88.74121998017654,134.29815882304683,0.2167442929930985,223.31688841199502,0.14329413340635272,12.009393152,2026-02-05T14:05:15.019486
29668,0.18714199879831764,0.0021552409669207684,2.0333714463526823e-06,0.002593169978354126,0.0423406109912321,90.31603162398096,137.48359809396788,0.21974056999897584,228.07201922300737,0.14030655802942055,12.021516288,2026-02-05T14:09:03.092091
29669,0.1873022231123573,0.00034491436268524467,2.0329708367058e-06,0.0025402880273759365,0.04273894696962088,92.31935425201664,140.77498578396626,0.17766186594963074,233.32537186099216,0.13714753669851465,12.014194176,2026-02-05T14:12:56.418073
29670,0.18746244742639695,0.0010673443588382625,2.0325726417606e-06,0.002712448942475021,0.039556341886054724,90.60908697498962,137.78451348707313,0.18745315202977508,228.62970455700997,0.13996431505697302,12.013429248,2026-02-05T14:16:45.048364
29671,0.18762267174043662,0.000546777969775647,2.0321768616243107e-06,0.002646016131620854,0.039493433956522495,90.89218888996402,138.94820278312545,0.16521582700079307,230.0572838250082,0.1390957915696363,12.014656,2026-02-05T14:20:35.106241
29672,0.18778289605447626,0.0032034966459608682,2.03178349640351e-06,0.0025714071234688163,0.04521546501200646,91.33184971706942,139.3288689358742,0.1835510419914499,230.90014439099468,0.13858804672643604,12.0288512,2026-02-05T14:24:26.006997
29673,0.18794312036851593,0.0005042308828002717,2.0313925462041265e-06,0.0026147349271923304,0.04611527582164854,91.48994295921875,140.80850967072183,0.15766744199208915,232.51138508401345,0.13762766923622868,12.016533504,2026-02-05T14:28:18.519004
29674,0.18810334468255557,7.012722098531654e-05,2.0310040111314374e-06,0.0025616640923544765,0.044208390172570944,92.33563783299178,142.65636411699234,0.1653216650011018,235.21251457399921,0.13604718293988824,12.013244928,2026-02-05T14:32:13.732126
29675,0.18826356899659524,0.002040775343952639,2.0306178912900705e-06,0.013673237699549645,0.051320366095751524,89.4453925639391,135.21787445998052,0.22096723900176585,224.9570172340027,0.14224939676681994,12.005080576,2026-02-05T14:35:58.689739
29676,0.18842379331063489,0.006386691284962165,2.030234186784001e-06,0.0032308512018062174,0.05096318991854787,90.6066332940245,138.09599079895997,0.2154987989924848,228.98048403096618,0.13974990111241306,12.00861184,2026-02-05T14:39:47.671052
29677,0.18858401762467455,9.754848328258348e-05,2.029852897716558e-06,0.0027076148544438183,0.05039766093250364,90.16588772693649,137.21798098104773,0.20626625895965844,227.65282186103286,0.1405649169573391,12.00837376,2026-02-05T14:43:35.324512
29678,0.1887442419387142,0.009949577985961966,2.029474024190417e-06,0.002750336250755936,0.049339289020281285,91.4911511549144,139.879244662181,0.2735104149905965,231.70411193399923,0.13810717355380892,12.02399488,2026-02-05T14:47:27.029169
29679,0.18890446625275387,0.003386164887434706,2.0290975663076018e-06,0.002950271882582456,0.049634702038019896,89.58819214487448,135.93024064297788,0.16278737201355398,225.74097795801936,0.1417553883635207,12.012427264,2026-02-05T14:51:12.770830
29680,0.1890646905667935,0.0011965270058533761,2.028723524169489e-06,0.012711109942756593,0.046104526962153614,89.5565197339165,135.48789892188506,0.17838370305253193,225.28914960700786,0.14203968569201172,12.005640192,2026-02-05T14:54:58.060662
29681,0.18922491488083318,0.001970869863239244,2.0283518978768034e-06,0.0029392149299383163,0.044714200077578425,91.58703157992568,139.94714420696255,0.2245964240282774,231.81450312695233,0.13804140624659417,12.005529088,2026-02-05T14:58:49.875727
29682,0.18938513919487282,0.003458031664513861,2.0279826875296182e-06,0.002694896829780191,0.05519780493341386,89.27874334907392,135.25864184985403,0.19389256101567298,224.79720001103124,0.14235052749068805,11.992083968,2026-02-05T15:02:34.673580
29683,0.1895453635089125,0.007550478713801656,2.027615893227357e-06,0.0026290069217793643,0.04537872603395954,91.05908142402768,139.2457852808875,0.20231074799085036,230.56219467200572,0.13879118406867488,12.019699712,2026-02-05T15:06:25.236411
29684,0.18970558782295213,0.0006478536054099759,2.027251515068793e-06,0.0027045340975746512,0.050461665145121515,90.30123608396389,137.55681484303204,0.17602399201132357,228.0938679089886,0.14029311832604055,12.006031872,2026-02-05T15:10:13.330996
29685,0.1898658121369918,4.30986298263214e-05,2.0268895531520476e-06,0.0026890618610195816,0.053372651047538966,90.09495903004427,136.85745045397198,0.17268124100519344,227.18897203798406,0.14085190717201657,11.99314432,2026-02-05T15:14:00.520694
29686,0.19002603645103144,0.002912999012730122,2.026530007574594e-06,0.002657531062141061,0.04472168622305617,89.85369305789936,136.2885596670094,0.23536934796720743,226.43239414005075,0.141322535238521,11.99236352,2026-02-05T15:17:46.953669
29687,0.19018626076507109,0.0007208725111400582,2.0261728784332504e-06,0.0027918510604649782,0.04757491609780118,89.35529829503503,135.34477632591734,0.19544926402159035,224.95490362099372,0.1422507333021463,11.99259648,2026-02-05T15:21:31.909159
29688,0.19034648507911076,0.0022220028354031918,2.02581816582419e-06,0.002806713921017945,0.04997522698249668,90.17522816400742,137.55894931714283,0.19295317598152906,227.98892843502108,0.14035769289174185,12.012922368,2026-02-05T15:25:19.898706
29689,0.1905067093931504,0.00016972702041506693,2.0254658698429296e-06,0.0024492579977959394,0.04646393813891336,89.13643189787399,135.57256066025002,0.2875953740440309,225.0539637299953,0.14218811999415154,11.992902656,2026-02-05T15:29:04.953423
29690,0.19066693370719007,0.00025701553646717556,2.0251159905843393e-06,0.0025713409413583577,0.052043487143237144,89.76740519184386,136.2161133880145,0.24789787305053324,226.29481919499813,0.14140845165538507,12.011377664,2026-02-05T15:32:51.249034
29691,0.1908271580212297,0.00018032628464093037,2.0247685281426355e-06,0.0028814690886065364,0.048041730013210326,89.78842869593063,135.5762704970548,0.2245145839988254,225.64810549397953,0.14181373218244805,12.007828992,2026-02-05T15:36:36.897836
29692,0.19098738233526938,0.006505755569697236,2.0244234826113874e-06,0.002752110071014613,0.044351240154355764,90.0513092558831,136.95963677589316,0.211619047971908,227.277446712018,0.14079707627368335,12.007137792,2026-02-05T15:40:24.175939
29693,0.19114760664930902,0.0032034129700604375,2.02408085408351e-06,0.0026139349211007357,0.04761099681491032,89.44176549097756,135.64966674306197,0.22418788098730147,225.37528729299083,0.141985398596074,12.026138112,2026-02-05T15:44:09.551829
29694,0.1913078309633487,0.0038332747756797403,2.023740642651268e-06,0.002740557072684169,0.04725676600355655,88.96862662193598,134.37355511606438,0.2929184979875572,223.6934686950408,0.1430529026469937,11.993024,2026-02-05T15:47:53.246132
29695,0.19146805527738833,9.15457996786273e-06,2.0234028484062765e-06,0.012600816029589623,0.04805716889677569,90.01880264817737,137.26157518586842,0.15310580300865695,227.50075978500536,0.14065887089889678,12.019132416,2026-02-05T15:51:40.747589
29696,0.191628279591428,0.0032496978008187405,2.0230674714394987e-06,0.012930308002978563,0.0467656560940668,91.9042300520232,140.67448034294648,0.22322057897690684,232.87060378596652,0.13741536922114692,12.007669248,2026-02-05T15:55:33.618801
29697,0.19178850390546764,0.0004210390668961672,2.022734511841248e-06,0.002776145003736019,0.04815454001072794,90.68258877890185,138.3093088211608,0.20801434997702017,229.25867381202988,0.1395803241287042,12.016797696,2026-02-05T15:59:22.878004
29698,0.19194872821950731,0.0001999646987518311,2.022403969701185e-06,0.002616766083519906,0.042375290824566036,89.99079796712613,137.15282232291065,0.2110928909969516,227.4074656330049,0.14071657634865117,12.004356096,2026-02-05T16:03:10.286370
29699,0.19210895253354696,0.003285024829779548,2.0220758451083207e-06,0.0025172109017148614,0.050855626876000315,90.93928397604031,138.79521384101827,0.19850554299773648,229.99381415796233,0.13913417679147683,12.00778496,2026-02-05T16:07:00.280800
29700,0.19226917684758663,0.002693701498644785,2.021750138151015e-06,0.002783966949209571,0.048088267038110644,92.39870511204936,141.9995892540319,0.20340667199343443,234.65949113300303,0.1363678061581693,12.008484352,2026-02-05T16:10:54.940880
29701,0.19242940116162627,0.0007888689256501102,2.0214268489169757e-06,0.002932900039013475,0.049896706943400204,90.2336912350147,137.27120790001936,0.22321466798894107,227.78935220901622,0.14048066641252513,12.025738752,2026-02-05T16:14:42.730854
29702,0.19258962547566594,0.0016774366928942186,2.0211059774932603e-06,0.0028370050713419914,0.04208778316387907,91.08836027095094,138.80520938307745,0.15831054199952632,230.10498139297124,0.13906695894319074,12.014779904,2026-02-05T16:18:32.836449
29703,0.19274984978970558,0.012617229048790257,2.020787523966276e-06,0.0030182150076143444,0.04946265497710556,88.80265098379459,134.40478361409623,0.2069125309935771,223.47501963103423,0.14319273828830273,12.006580736,2026-02-05T16:22:16.312105
29704,0.19291007410374525,0.0020532852011647673,2.020471488421778e-06,0.002528258948586881,0.04724802292184904,92.39068571408279,141.0681283539161,0.16043668100610375,233.67767974501476,0.13694076402554953,12.018948608,2026-02-05T16:26:09.990365
29705,0.1930702984177849,0.00023086090568447126,2.02015787094487e-06,0.0027818590169772506,0.043320307100657374,91.43187020992627,139.53503125108546,0.2040696680196561,231.22444534301758,0.13839367179594067,12.010565632,2026-02-05T16:30:01.215567
29706,0.19323052273182456,0.0003526338458721412,2.0198466716200045e-06,0.0025657929945737123,0.045126511016860604,90.18175621901173,137.60394656198332,0.2473189409938641,228.08782182901632,0.14029683717172972,12.004885504,2026-02-05T16:33:49.304318
29707,0.1933907470458642,0.0039549372829474905,2.0195378905309845e-06,0.01275278307730332,0.045195591112133116,91.48679544986226,139.8097723380779,0.17505159502616152,231.53855136502534,0.1382059264487292,12.010297344,2026-02-05T16:37:40.843543
29708,0.19355097135990387,0.003149556914439966,2.0192315277609598e-06,0.0027295210165902972,0.047487694886513054,90.99667301413137,139.3664945110213,0.1576295830309391,230.5797976240283,0.13878058845457733,12.0226688,2026-02-05T16:41:31.424087
29709,0.19371119567394351,0.005213677049262344,2.01892758339243e-06,0.0029600999550893903,0.04643918899819255,91.22656174894655,138.73310967290308,0.1655516199534759,230.18402896198677,0.13901920191554457,11.992744448,2026-02-05T16:45:21.608872
29710,0.19387141998798318,0.00462752284931689,2.018626057507244e-06,0.0029623950831592083,0.047345103055704385,90.19850641000085,137.27252946892986,0.17591844795970246,227.70533337502275,0.14053250104290319,12.006055424,2026-02-05T16:49:09.315059
29711,0.19403164430202283,1.4441108908691547e-06,2.0183269501865975e-06,0.0026479389634914696,0.04536444315453991,90.39794049086049,137.80736810300732,0.17594889301108196,228.4380993609666,0.14008171180515375,12.013987328,2026-02-05T16:52:57.753761
29712,0.1941918686160625,0.0006396534721702096,2.0180302615110382e-06,0.012648708827327937,0.04585686401696876,91.1430536119733,139.3516950540361,0.17770546296378598,230.73782583198044,0.13868554011296735,12.008676864,2026-02-05T16:56:48.492182
29713,0.19435209293010214,0.00026639547643725336,2.017735991560457e-06,0.0030669241677969694,0.04893833416281268,88.84963237296324,133.8579102588119,0.20866368402494118,222.97651346202474,0.14351287273782734,11.993029632,2026-02-05T17:00:31.469284
29714,0.1945123172441418,8.455191014267172e-05,2.0174441404141e-06,0.0026773899444378912,0.05454516498139128,92.24239317403408,141.59902862203307,0.21950014703907073,234.1243477219832,0.13667950519182737,12.025202176,2026-02-05T17:04:25.594233
29715,0.19467254155818145,0.000749297194234444,2.017154708150558e-06,0.0030695979949086905,0.058031786989886314,89.47411995002767,135.3606531849946,0.19548423599917442,225.09810498100705,0.14216023721168172,12.012010496,2026-02-05T17:08:10.692925
29716,0.19483276587222112,0.0005638011593900316,2.0168676948477707e-06,0.002804973046295345,0.05158770806156099,90.36418751586461,137.30756303714588,0.16909150301944464,227.90308326896047,0.14041056198539933,11.99348224,2026-02-05T17:11:58.596642
29717,0.19499299018626076,3.2467197184082863e-06,2.016583100583027e-06,0.0029960140818729997,0.04290004092035815,89.94396714988397,136.08304924616823,0.2354381059994921,226.3156288159662,0.1413954492114265,11.992585216,2026-02-05T17:15:44.912985
29718,0.19515321450030043,0.00016520579173384675,2.0163009254329642e-06,0.0027330860611982644,0.0519816551823169,89.36197532876395,135.09558660112089,0.1958236909704283,224.71968452999135,0.14239963030799485,11.992705024,2026-02-05T17:19:29.633273
29719,0.19531343881434007,0.002955831044999968,2.0160211694735692e-06,0.013313771167304367,0.05440585990436375,90.0513382370118,136.7804314190871,0.19834594696294516,227.10440750297857,0.14090435474961138,12.005934592,2026-02-05T17:23:16.738449
29720,0.19547366312837974,0.013422110846095237,2.0157438327801756e-06,0.002464545890688896,0.04337082797428593,91.38084859697847,139.85552684101276,0.17979180300608277,231.4684270709986,0.13824779649184984,12.013494784,2026-02-05T17:27:08.207645
29721,0.19563388744241939,0.0007146640123889547,2.015468915427468e-06,0.002375965064857155,0.04661830997793004,91.60852276714286,140.8362909568823,0.21186033898266032,232.71456778800348,0.13750750674599416,12.019112448,2026-02-05T17:31:00.922744
29722,0.19579411175645905,0.0017644984808291575,2.0151964174894756e-06,0.0032992821070365608,0.04585603310260922,90.72658324980875,138.11451983108418,0.2111955530126579,229.10897476202808,0.139671525453064,11.993253888,2026-02-05T17:34:50.032557
29723,0.1959543360704987,0.0008983101004691463,2.01492633903958e-06,0.013482716982252896,0.051861730113159865,90.17853119893698,137.1950948467711,0.22893322602612898,227.67535315302666,0.14055100632035453,12.01943808,2026-02-05T17:38:37.708522
29724,0.19611456038453837,0.00016717883413130963,2.0146586801505105e-06,0.0026158380205743015,0.03944020188646391,91.6458788611344,140.34923743084073,0.2222431609989144,232.26720716798445,0.13777235447988312,11.993314304,2026-02-05T17:42:29.976326
29725,0.196274784698578,0.004079955547567238,2.014393440894342e-06,0.0029089920572005212,0.045837462006602436,90.84846731106518,136.87182395206764,0.17665229103295133,227.9540221990319,0.14037918564148022,12.015072768,2026-02-05T17:46:17.930958
29726,0.19643500901261768,0.00022146914945242457,2.0141306213425024e-06,0.002429068903438747,0.035244010912720114,89.99042363400804,136.91873871698044,0.17093282798305154,227.12627555098152,0.14089078827349139,11.992759296,2026-02-05T17:50:05.057905
29727,0.19659523332665732,2.12494388751594e-07,2.013870221565763e-06,0.0026947040460072458,0.043240786995738745,89.26913251308724,134.57411740982207,0.20037305704317987,224.09813968400704,0.14279458118270005,12.00784128,2026-02-05T17:53:49.156649
29728,0.19675545764069696,0.0007553772915098733,2.0136122416342467e-06,0.0024537938879802823,0.0435239261132665,91.20538037188817,139.50641903298674,0.1788739999756217,230.9435081849806,0.1385620243300743,12.014837248,2026-02-05T17:57:40.100792
29729,0.19691568195473663,0.0037031650292220775,2.013356681617425e-06,0.0024877030518837273,0.04843801201786846,89.95292643492576,136.3294877728913,0.19608294003410265,226.53884705802193,0.14125612633582463,12.00983552,2026-02-05T18:01:26.640365
29730,0.19707590626877627,0.002666590006663583,2.013103541584117e-06,0.0024711881997063756,0.04689507617149502,90.341546541953,138.03128409094643,0.2054003279772587,228.63539242296247,0.13996083310147284,11.993376256,2026-02-05T18:05:15.276342
29731,0.19723613058281594,2.8827132276809664e-06,2.0128528216024883e-06,0.01255145005416125,0.043607066094409674,89.25837832689285,135.0674933429691,0.23421167000196874,224.6236322450568,0.14246052243109078,11.991934464,2026-02-05T18:08:59.900705
29732,0.19739635489685559,0.0007007599822297372,2.0126045217400563e-06,0.0024503208696842194,0.039859627024270594,90.51099962089211,137.65892152109882,0.18244077498093247,228.40415725595085,0.14010252871247278,12.014726656,2026-02-05T18:12:48.305479
29733,0.19755657921089526,0.0008545481101975838,2.012358642063683e-06,0.0026451059384271502,0.043732650054153055,90.27673089300515,137.45472827396588,0.22038738505216315,228.00752226897748,0.14034624683237432,11.99317504,2026-02-05T18:16:36.313604
29734,0.1977168035249349,0.0003033187336320964,2.0121151826395814e-06,0.00250131415668875,0.04636622208636254,90.21992118906928,136.93773734691786,0.26858241501031443,227.4823727530311,0.14067024012775345,12.021285888,2026-02-05T18:20:23.796940
29735,0.19787702783897457,0.0011301958954641478,2.0118741435333128e-06,0.0028929609688930213,0.04450211103539914,89.1859427728923,134.71041026507737,0.2182669470203109,224.17262182600098,0.14274713718090812,11.992838144,2026-02-05T18:24:07.970270
29736,0.1980372521530142,0.0002382665738891454,2.0116355248097843e-06,0.0027428819448687136,0.0426076150033623,89.61500146792969,135.8084930179757,0.1851239189854823,225.6617622729973,0.14180514978557854,12.017836032,2026-02-05T18:27:53.632677
29737,0.19819747646705388,0.0013913557638023377,2.0113993265332536e-06,0.0024462000001221895,0.0483350150170736,91.13127416290808,139.25168225204106,0.21414648200152442,230.65483708598185,0.13873543865057236,12.010359808,2026-02-05T18:31:44.288265
29738,0.19835770078109352,0.001202665468618136,2.011165548767325e-06,0.002429810119792819,0.049364131002221256,89.6235652139294,136.0353108929703,0.17250077205244452,225.89201133401366,0.1416606094700862,12.016722944,2026-02-05T18:35:30.180963
29739,0.1985179250951332,0.0007626995162071104,2.010934191574953e-06,0.01223406899953261,0.045312453992664814,91.72556427394738,140.7891841980745,0.2547505080001429,232.83362651697826,0.1374371927229616,12.02006016,2026-02-05T18:39:23.015187
29740,0.19867814940917283,0.00031478033451382004,2.010705255018438e-06,0.002565499860793352,0.04039717506384477,90.12229459686205,136.97948350996012,0.21585507201962173,227.36880003102124,0.14074050615402842,12.006829568,2026-02-05T18:43:10.384566
29741,0.1988383737232125,5.986965345705642e-07,2.0104787391594304e-06,0.0023183479788713157,0.04938019398832694,88.73291209706804,133.7558881220175,0.20817216200521216,222.75521799101261,0.1436554451500709,11.992337408,2026-02-05T18:46:53.140384
29742,0.19899859803725214,3.3999953140906314e-05,2.010254644058927e-06,0.002503771160263568,0.04504412709502503,91.10553099086974,139.21120064501883,0.1859435659716837,230.55694521201076,0.13879434415031006,12.006354432,2026-02-05T18:50:43.697920
29743,0.19915882235129181,0.001846045743663538,2.010032969777274e-06,0.0025356439873576164,0.037097921944223344,90.97715441702167,137.59764705295675,0.19032931397669017,228.81484455801547,0.13985106631439062,12.013592064,2026-02-05T18:54:32.513380
29744,0.19931904666533146,2.8459059659979857e-06,2.0098137163741662e-06,0.01296568097313866,0.04198457708116621,91.56225470890058,140.1963503670995,0.2390153570449911,232.06128403201,0.13789460888954658,12.036278784,2026-02-05T18:58:24.575345
29745,0.19947927097937113,0.0007903826046153917,2.0095968839086436e-06,0.0023339801118709147,0.047391614061780274,89.81352370005334,135.89019905787427,0.14939365297323093,225.9095319909975,0.14164962282899687,11.9921408,2026-02-05T19:02:10.485476
29746,0.19963949529341077,0.0028845306112277314,2.0093824724390986e-06,0.0025291538913734257,0.03932081407401711,88.68577391689178,133.77828539907932,0.35318168601952493,222.86700784799177,0.14358338772971663,11.992883712,2026-02-05T19:05:53.353388
29747,0.19979971960745044,0.001788962538125105,2.009170482023268e-06,0.0025169020518660545,0.04634582198923454,91.46063300786773,139.7427440060419,0.19914357201196253,231.45804421399953,0.13825399807843236,12.016172544,2026-02-05T19:09:44.812159
29748,0.19995994392149008,0.0003797985823394967,2.008960912718237e-06,0.002415859140455723,0.043663522810675204,90.95117574610049,138.74990227096714,0.17840213095769286,229.9318018349586,0.13917170110713564,12.014452224,2026-02-05T19:13:34.744567
29749,0.20012016823552975,0.0020535246763575543,2.008753764580442e-06,0.0026625142199918628,0.0382350321742706,90.02340191690018,136.69837889901828,0.2271876099985093,226.99774409399834,0.14097056394863997,11.992254464,2026-02-05T19:17:21.742906
29750,0.2002803925495694,0.001710566681860981,2.0085490376656652e-06,0.0027049779309891164,0.03897193097509444,90.90920416894369,138.59195135399932,0.18447536695748568,229.73397728899727,0.13929154223341167,11.992061952,2026-02-05T19:21:11.477470
29751,0.20044061686360906,0.0022528103318877335,2.008346732029034e-06,0.002966501109767705,0.04896571399876848,90.15442527795676,136.8454814669676,0.17519223998533562,227.2358350789873,0.14082285916249426,11.992265728,2026-02-05T19:24:58.714030
29752,0.2006008411776487,0.0003320307403451572,2.00814684772503e-06,0.002558802138082683,0.0403662109747529,89.75248422008008,136.50792631082004,0.23897722800029442,226.55185409501428,0.14124801638824558,12.010031104,2026-02-05T19:28:45.267078
29753,0.20076106549168837,0.001168397303947022,2.0079493848074776e-06,0.0024586727959103882,0.04635613108985126,91.39832615590421,139.77749951498117,0.18719584099017084,231.41907914500916,0.1382772765245882,12.007345664,2026-02-05T19:32:36.686964
29754,0.20092128980572801,0.0015853696950629548,2.0077543433295523e-06,0.0025983020896092057,0.04348287888569757,91.06749871902866,139.19874551106477,0.2247294380213134,230.54520624596626,0.13880141131999743,12.011754496,2026-02-05T19:36:27.232922
29755,0.20108151411976768,0.0006843680410155706,2.0075617233437736e-06,0.01210137497400865,0.045524960092734545,91.40064149792306,139.38792639994062,0.2458926679682918,231.0989009499899,0.1384688541072934,12.007816704,2026-02-05T19:40:18.332508
29756,0.20124173843380733,0.004230833806563528,2.0073715249020135e-06,0.002398156968411058,0.03774921997683123,91.93586321099428,140.71378378994996,0.17259435798041523,232.869569581002,0.13741597950121615,12.005703168,2026-02-05T19:44:11.202657
29757,0.201401962747847,0.005145595179282925,2.0071837480554895e-06,0.0024330210289917886,0.0414454669225961,91.86734119500034,141.04404682596214,0.22485983098158613,233.18902225396596,0.13722772920737594,12.018077696,2026-02-05T19:48:04.392252
29758,0.20156218706188664,0.00011797948466485408,2.0069983928547673e-06,0.0025831498787738383,0.04529737192206085,90.69919770600973,137.21697929891525,0.21369349298765883,228.184645471978,0.14023730621230485,11.993091072,2026-02-05T19:51:52.577496
29759,0.2017224113759263,0.010879648484940052,2.0068154593497614e-06,0.0025573570746928453,0.053715266985818744,89.86431893112604,136.1043317329022,0.19940736901480705,226.234025001002,0.14144645130129418,11.992992256,2026-02-05T19:55:38.812110
29760,0.20188263568996595,0.0034958106851923354,2.0066349475897317e-06,0.002486813988070935,0.04775847209384665,93.13840534503106,142.584461041959,0.21690336102619767,235.99979152495507,0.13559334011791388,12.010546176,2026-02-05T19:59:34.812640
29761,0.20204286000400562,1.3730179646564977e-06,2.006456857623289e-06,0.002704735961742699,0.043282917933538556,90.44098361814395,137.89327203395078,0.21568712696898729,228.60398159897886,0.13998006410988487,12.013363712,2026-02-05T20:03:23.417224
29762,0.20220308431804526,0.000472414185503478,2.0062811894983904e-06,0.0025966029497794807,0.0406656259438023,90.47190077614505,137.50977626483655,0.21417551103513688,228.2466044750181,0.14019923789710723,12.007494144,2026-02-05T20:07:11.664432
29763,0.20236330863208493,0.00040856493821950224,2.0061079432623404e-06,0.012579416041262448,0.039740947948303074,92.11897135002073,141.65406671800883,0.15567257499787956,233.9886243310175,0.13675878513961623,12.010054656,2026-02-05T20:11:05.653640
29764,0.20252353294612457,0.007123322023946166,2.0059371189617927e-06,0.0027132138493470848,0.04741664696484804,89.67301846499322,136.0927892619511,0.23417686496395618,226.05805450602202,0.14155655753972501,12.017033216,2026-02-05T20:14:51.712426
29765,0.20268375726016424,3.4783626437606685e-05,2.005768716642747e-06,0.002711487002670765,0.04335707286372781,90.38042640592903,137.54369023093022,0.2083204509690404,228.1870077700005,0.14023585441049377,12.017268736,2026-02-05T20:18:39.899997
29766,0.20284398157420389,0.0004907740725985654,2.0056027363505527e-06,0.0025396959390491247,0.03932676010299474,89.99598102690652,136.69107627111953,0.3214642879902385,227.0569509229972,0.14093380480059514,11.992068608,2026-02-05T20:22:26.957587
29767,0.20300420588824353,0.0013822615856056153,2.0054391781299047e-06,0.0027423679712228477,0.048384003108367324,92.61278594296891,142.24349907692522,0.17061067797476426,235.0869450290338,0.13611985130032603,12.0106752,2026-02-05T20:26:22.045123
29768,0.2031644302022832,0.0032866719135569156,2.005278042024849e-06,0.003226946049835533,0.045324150123633444,91.27397020778153,138.88340602314565,0.19217130698962137,230.40802295703907,0.13888405268755155,11.9925504,2026-02-05T20:30:12.453734
29769,0.20332465451632284,0.00022261311630389358,2.005119328078776e-06,0.002402957121375948,0.045913358160760254,89.76952360291034,136.02833530999487,0.19933598197530955,226.05148593097692,0.1415606708719931,11.99225344,2026-02-05T20:33:58.505843
29770,0.2034848788303625,0.003423816749629438,2.0049630363344256e-06,0.002647214278113097,0.04290340683655813,91.2814200380817,139.4133052760153,0.17455873201834038,230.92115491296863,0.1385754371965635,12.005959168,2026-02-05T20:37:49.427583
29771,0.20364510314440215,0.007345025904381686,2.0048091668338856e-06,0.012503285892307758,0.04180908092530444,91.43147771811346,139.57586368190823,0.17608375300187618,231.24620734300697,0.13838064791494925,12.007105024,2026-02-05T20:41:40.674361
29772,0.20380532745844182,0.004059761399457074,2.0046577196185912e-06,0.002715214854106307,0.03917933790944517,91.3012668939773,140.20383536006557,0.16622992302291095,231.72052648599492,0.1380973903575783,12.01750016,2026-02-05T20:45:32.395488
29773,0.20396555177248146,0.000731340083141685,2.0045086947293233e-06,0.0028887659427709877,0.041549559915438294,91.11866739601828,139.4525704520056,0.16746186302043498,230.789572624024,0.13865444454949766,12.018610688,2026-02-05T20:49:23.185609
29774,0.20412577608652113,0.0006341497941928509,2.0043620922062144e-06,0.0029316458385437727,0.04681953095132485,90.40424316289136,137.7670847250265,0.17153194098500535,228.40302787401015,0.14010322147590612,12.005367296,2026-02-05T20:53:11.589238
29775,0.20428600040056077,0.00232335576169751,2.0042179120887424e-06,0.002890760893933475,0.043012009002268314,89.74682417290751,135.93790935596917,0.2148957489989698,225.95179326698417,0.14162312915210576,11.992769536,2026-02-05T20:56:57.541742
29776,0.20444622471460044,0.0008029129719704375,2.0040761544157315e-06,0.0024568900116719306,0.04602801601868123,89.22300971398363,135.1122268580366,0.1782169789657928,224.56841378996614,0.1424955516225398,11.991956992,2026-02-05T21:00:42.110850
29777,0.20460644902864009,0.0006417730220604767,2.003936819225356e-06,0.0022941530332900584,0.04141583706950769,89.71475229907082,135.40430361096514,0.16660408495226875,225.3369904900319,0.14200952950694337,12.009960448,2026-02-05T21:04:27.448430
29778,0.20476667334267976,3.358165717992634e-05,2.003799906555138e-06,0.002931469993200153,0.04182092793053016,90.3022533779731,138.56729225307936,0.21278290398186073,229.13486209500115,0.1396557455614613,12.012974592,2026-02-05T21:08:16.583876
29779,0.2049268976567194,0.0005730784700066494,2.0036654164419436e-06,0.0023517078952863812,0.045095247973222286,90.99716317292769,138.71479199605528,0.219748868024908,229.9869610699825,0.13913832267326995,12.01509632,2026-02-05T21:12:06.571573
29780,0.20508712197075907,2.5826135319206855e-07,2.0035333489219926e-06,0.002559661807026714,0.046834765176754445,91.8396043331013,140.6025781049393,0.18123063299572095,232.68111208698247,0.13752727805442816,11.992925184,2026-02-05T21:15:59.253340
29781,0.2052473462847987,0.002424545589630789,2.0034037040308473e-06,0.0025152299203909934,0.04063913313439116,90.43420454481384,137.22775909799384,0.20910040102899075,227.9229720220319,0.14039830963991975,12.014586368,2026-02-05T21:19:47.177042
29782,0.20540757059883838,0.0047980580830842,2.0032764818034193e-06,0.0026545168948359787,0.04524741997011006,90.44448414014187,137.90670290600974,0.20546561299124733,228.61519128200598,0.139973200470859,12.01170944,2026-02-05T21:23:35.792840
29783,0.20556779491287802,0.00017616485070615084,2.0031516822739677e-06,0.012781837023794651,0.0416960489237681,91.22588160110172,139.50111188704614,0.16418314701877534,230.9535815769923,0.13855598073646785,12.013339136,2026-02-05T21:27:26.747071
29784,0.2057280192269177,0.004707297002260358,2.0030293054760995e-06,0.0028964709490537643,0.04219156189355999,90.43208493001293,137.60965207702247,0.17166083201300353,228.2656457859557,0.1401875428508692,12.006829568,2026-02-05T21:31:15.013303
29785,0.20588824354095733,0.0009052804622697863,2.002909351442769e-06,0.002404229948297143,0.04282515909289941,91.49808827601373,139.85752236592816,0.2102161640068516,231.62032958999043,0.13815713006127633,12.006493696,2026-02-05T21:35:06.634262
29786,0.206048467854997,0.003062930015803822,2.00279182020628e-06,0.0024303142563439906,0.04169649805407971,90.12574194703484,136.81072513997788,0.16617320204386488,227.15359408897348,0.14087384409804216,12.006708736,2026-02-05T21:38:53.788461
29787,0.20620869216903664,0.005375897541168406,2.0026767117982797e-06,0.012987797032110393,0.05139442201470956,91.34364355111029,139.8330607188982,0.21516702603548765,231.4633356250124,0.13825083749696906,12.02682624,2026-02-05T21:42:45.252446
29788,0.20636891648307631,0.004077117919120354,2.0025640262497666e-06,0.0023938199738040566,0.0515610869624652,90.62076743401121,137.83816497784574,0.21764556202106178,228.7404800739605,0.13989653247931097,12.007081472,2026-02-05T21:46:33.993525
29789,0.20652914079711596,0.000514734541023909,2.002453763591084e-06,0.0025318508269265294,0.044811318803112954,89.80698687618133,135.99236382881645,0.23036337998928502,226.08587366499705,0.1415391394484736,11.993055232,2026-02-05T21:50:20.080194
29790,0.20668936511115563,1.1454291573009812e-06,2.002345923851927e-06,0.002587819064501673,0.04893730714684352,89.48592782992637,135.42222800001036,0.20620201900601387,225.1744738590205,0.1421120229641788,11.993129984,2026-02-05T21:54:05.255351
29791,0.20684958942519527,3.910186722855258e-06,2.002240507061332e-06,0.002564496186096221,0.04613059188704938,90.58782917115605,137.7892673217575,0.18173523800214753,228.61582827201346,0.13997281046492333,12.00996352,2026-02-05T21:57:53.871806
29792,0.20700981373923494,4.16453601381761e-07,2.0021375132476884e-06,0.002454465953633189,0.03758837527129799,90.41956594079966,137.53373620880302,0.18642208399251103,228.18582298298134,0.14023658254345905,12.004979712,2026-02-05T22:01:42.058211
29793,0.20717003805327458,4.637430601528436e-05,2.0020369424387305e-06,0.0025334387901239097,0.0453688109992072,92.5409221870359,141.95008050790057,0.16183752298820764,234.70962866401533,0.13633867592968546,12.0148608,2026-02-05T22:05:36.768385
29794,0.20733026236731425,0.005471916835734447,2.001938794661541e-06,0.0026100329705514014,0.044275447085965425,90.08412391500315,136.70720834488748,0.19895522901788354,227.0453339900123,0.14094101577708562,12.013571072,2026-02-05T22:09:23.814494
29795,0.2074904866813539,0.0046343869283482775,2.0018430699425494e-06,0.012819317926187068,0.04541047994280234,89.52638683706755,135.50319914793363,0.22211810003500432,225.3172789119999,0.1420219530189602,12.014811648,2026-02-05T22:13:09.132416
29796,0.20765071099539356,0.004813203201937455,2.0017497683075335e-06,0.0033386259456165135,0.04289638390764594,89.18346127710538,134.67065860895673,0.18137567298253998,224.0912766190013,0.14279895443858004,11.99340032,2026-02-05T22:16:53.224267
29797,0.2078109353094332,0.004862166538000423,2.001658889781618e-06,0.002535054984036833,0.04226621595444158,91.01031780801713,138.43580721807666,0.16797723795752972,229.66592203296022,0.13933281749744117,12.007492096,2026-02-05T22:20:42.890881
29798,0.20797115962347287,0.018407426762964363,2.001570434389274e-06,0.0027349910815246403,0.04618617094820365,89.71241307101445,134.89981559297303,0.23962616903008893,224.9085248169722,0.14228006708968105,11.992239616,2026-02-05T22:24:27.800310
29799,0.20813138393751252,0.0006315867267465691,2.001484402154324e-06,0.002437278046272695,0.03935830801492557,90.62452595506329,137.66005493490957,0.16688363498542458,228.50099920301,0.1400431512842963,12.017631232,2026-02-05T22:28:16.301907
29800,0.20829160825155218,0.0008950676425172333,2.001400793099933e-06,0.0026599050033837557,0.04404259193688631,91.49373198207468,140.43026669387473,0.21513815101934597,232.19687623501522,0.137814084835541,12.0086656,2026-02-05T22:32:08.499626
29801,0.20845183256559183,0.0005163080437231571,2.0013196072486176e-06,0.0031347599579021335,0.04866475996095687,92.3780300419894,141.8489570930251,0.22744888899615034,234.51395626197336,0.13645243340764376,12.017672192,2026-02-05T22:36:03.014319
29802,0.2086120568796315,0.002249744453548086,2.001240844622239e-06,0.0024435019586235285,0.04735829512355849,90.86213388096076,138.50599522399716,0.1798295449698344,229.60564027301734,0.13936939859992,12.009888768,2026-02-05T22:39:52.620580
29803,0.20877228119367114,0.0008272879676032296,2.0011645052420078e-06,0.002698349882848561,0.045829951064661145,89.54449060902698,135.6640717848204,0.21053769305581227,225.47563579602866,0.14192220763465577,11.993158656,2026-02-05T22:43:38.096850
29804,0.2089325055077108,0.0015049914734035497,2.00109058912848e-06,0.0027030209894292057,0.047063645033631474,90.48396819503978,137.62661691009998,0.1593100090394728,228.32716577500105,0.14014977101556786,12.008379904,2026-02-05T22:47:26.424599
29805,0.20909272982175045,0.002437546357722198,2.0010190963015605e-06,0.0028803040040656924,0.046682177984621376,90.83675688202493,138.30437831394374,0.2062213200260885,229.4059939450235,0.13949068831945477,12.009332736,2026-02-05T22:51:15.831193
29806,0.2092529541357901,0.0004241404366012169,2.000950026780501e-06,0.002459018141962588,0.03842441888991743,91.85707083408488,140.48763621697435,0.22203217499190941,232.6145076630055,0.13756665618792446,12.011191296,2026-02-05T22:55:08.446318
29807,0.20941317844982976,0.0006548012956208993,2.000883380583902e-06,0.002777713118121028,0.04332376702222973,90.09235478402115,136.97136739600683,0.2116990220383741,227.3308959659771,0.14076397255210396,11.992912896,2026-02-05T22:58:55.778013
29808,0.2095734027638694,0.002214993680529631,2.0008191577297103e-06,0.012274018081370741,0.04552201792830601,89.13404706621077,135.01625196979148,0.3124688999960199,224.5283151010517,0.14252100001551257,11.992216064,2026-02-05T23:02:40.307035
29809,0.20973362707790907,0.0001362620642568757,2.0007573582352194e-06,0.02482713997596875,0.05388807092094794,118.07965406996664,138.27256742701866,0.20406367600662634,256.6695953020244,0.12467390211273541,12.004934656,2026-02-05T23:06:56.982115
29810,0.20989385139194872,0.003736824632912361,2.000697982117072e-06,0.0027049340424127877,0.042534512060228735,89.8677410739474,136.3328111389419,0.20252361299935728,226.46535973902792,0.1413019635182876,11.992083456,2026-02-05T23:10:43.449786
29811,0.21005407570598839,0.00035985980930375305,2.0006410293912577e-06,0.00230149005074054,0.03984715207479894,90.51012822706252,138.11028167104814,0.2546488409861922,228.93501375702908,0.13977765775034265,12.016785408,2026-02-05T23:14:32.385489
29812,0.21021430002002803,2.552921188003765e-05,2.0005865000731118e-06,0.0023751050466671586,0.047702463052701205,89.34917718701763,135.32754011190264,0.29221517901169136,225.0372410590062,0.14219868609040312,12.008924672,2026-02-05T23:18:17.423770
29813,0.2103745243340677,0.0008811859532364963,2.0005343941773185e-06,0.0026349760009907186,0.04032371396897361,90.23796058009611,137.15327040595002,0.23140456498367712,227.67517862201203,0.1405511140638068,11.992290304,2026-02-05T23:22:05.099697
29814,0.21053474864810734,0.002619513710438337,2.00048471171791e-06,0.002670049900189042,0.04683824098901823,90.79949062003288,138.10549666796578,0.2247632720391266,229.1861050510197,0.13962452039959578,12.010596864,2026-02-05T23:25:54.286405
29815,0.210694972962147,2.2098231714506866e-06,2.000437452708265e-06,0.002899648970924318,0.05070390598848462,90.38169541000389,137.45917423308128,0.18203163298312575,228.08374001301127,0.14029934794200818,12.008764416,2026-02-05T23:29:42.370755
29816,0.21085519727618665,0.0005749469509512828,2.000392617161109e-06,0.0027353588957339525,0.04222308500902727,89.40193164686207,135.15076059510466,0.20155111298663542,224.80711235897616,0.14234425087450886,11.993443328,2026-02-05T23:33:27.178439
29817,0.21101542159022632,9.330557842135434e-05,2.0003502050885163e-06,0.002565984206739813,0.04296721104765311,90.59174410696141,138.00434016488725,0.1542065009707585,228.80364655097947,0.13985791084352373,12.005346816,2026-02-05T23:37:15.982774
29818,0.21117564590426596,0.002281014594154751,2.0003102165019085e-06,0.0026421929942443967,0.04165523988194764,89.43440120614832,135.55391975096427,0.20061565603828058,225.23939936602255,0.1420710590157399,12.004579328,2026-02-05T23:41:01.222767
29819,0.21133587021830563,0.0007363863236862223,2.000272651412053e-06,0.0024851090274751186,0.044840173970442265,89.16218825697433,134.58210079011042,0.20927881402894855,224.00697805499658,0.14285269270559772,12.00799488,2026-02-05T23:44:45.230335
29820,0.21149609453234527,0.0002810297868092171,2.000237509829065e-06,0.002675078867468983,0.044767385988961905,89.89603674504906,136.52019469783409,0.21269972197478637,226.6842614460038,0.14116551275273428,11.99273984,2026-02-05T23:48:31.915183
29821,0.21165631884638494,0.0011882895601056376,2.0002047917624093e-06,0.0024074039538390934,0.04823193297488615,90.51511734491214,137.86030195018975,0.21481542300898582,228.64916351099964,0.13995240353661112,12.016574976,2026-02-05T23:52:20.564942
29822,0.2118165431604246,0.0035145684217744444,2.000174497220895e-06,0.002617211895994842,0.04835714405635372,89.68479407695122,135.82149409502745,0.18611503101419657,225.75410126696806,0.14174714798274268,12.012173824,2026-02-05T23:56:06.319872
29823,0.21197676747446426,0.00036351230023434766,2.0001466262126807e-06,0.00265919795492664,0.03589757805457339,90.65892931004055,138.20535342482617,0.1615234729833901,229.0714714769856,0.13969439229456812,12.005654016,2026-02-05T23:59:55.392007
29824,0.2121369917885039,0.0061204625937238966,2.0001211787452713e-06,0.002512281818781048,0.049256991886068135,91.90046562900534,140.83675547211897,0.1775525439879857,232.974404203007,0.13735414458712875,12.019229184,2026-02-06T00:03:48.366995
29825,0.21229721610254357,0.00023183369978019286,2.000098154825521e-06,0.0025823130272328854,0.05195936205564067,88.88334421085892,134.2516903792275,0.2167838120367378,223.41632780304644,0.14323035525053357,12.005637632,2026-02-06T00:07:31.783953
29826,0.2124574404165832,4.5886653055049464e-07,2.0000775544596266e-06,0.002631662064231932,0.043700507027097046,90.46093749889405,137.73149734101025,0.23489250300917774,228.4832157319761,0.140054051224217,12.016323072,2026-02-06T00:11:20.267765
29827,0.21261766473062288,0.0012750766113249767,2.0000593776531387e-06,0.0024416488013230264,0.046647847921121866,90.66296983108623,137.18333101499593,0.25881034100893885,228.1617110960069,0.14025140259635804,11.992183296,2026-02-06T00:15:08.430235
29828,0.21277788904466252,0.006214998540452543,2.000043624410951e-06,0.0026423559756949544,0.049209488031920046,90.48018339992268,138.9358368879184,0.24279435398057103,229.71832373802317,0.13930103388919746,12.020343296,2026-02-06T00:18:58.149508
29829,0.2129381133587022,4.549210033122364e-07,2.0000302947373052e-06,0.0025035999715328217,0.0462677069590427,88.81464342406252,133.70271468098508,0.2198371909908019,222.79696211300325,0.14362852929641612,12.010917888,2026-02-06T00:22:40.947210
29830,0.21309833767274183,0.0013053860965270836,2.0000193886357913e-06,0.0025503509677946568,0.052850400912575424,90.88518469687551,138.60779924417147,0.20895033096894622,229.7676548300078,0.13927112597147323,12.026291712,2026-02-06T00:26:30.715559
29831,0.2132585619867815,8.26925041641502e-05,2.000010906109346e-06,0.003624451986979693,0.047581217892002314,90.21687826811103,137.09172779286746,0.2170078509952873,227.5847719149897,0.14060694716407932,12.00895488,2026-02-06T00:30:18.300927
29832,0.21341878630082114,0.001297861614384832,2.0000048471602534e-06,0.0024780939565971494,0.0480382198584266,91.32630785414949,139.30652358487714,0.21046055300394073,230.90085357497446,0.13858762107005146,12.016300544,2026-02-06T00:34:09.202364
29833,0.21357901061486081,0.002489360881917868,2.0000012117901455e-06,0.002538911998271942,0.047833827848080546,90.44328271009726,137.2391795629519,0.22564111201791093,227.96707247500308,0.1403711494497033,11.993183232,2026-02-06T00:37:57.170106
29834,0.21373923492890046,0.006837169108304231,2.0000000000000003e-06,0.002837677951902151,0.05203994602197781,89.87332216295181,136.4677722810884,0.250114543014206,226.65460679895477,0.1411839823241906,11.992587264,2026-02-06T00:41:43.825445
29835,0.21389945924294013,0.002024395063089157,2.0000012117901455e-06,0.0025770210777409375,0.04801102611236274,90.66297470097197,138.0875328249531,0.21046243701130152,229.02049215399893,0.13972548787678976,12.006646784,2026-02-06T00:45:32.846611
29836,0.21405968355697977,0.002043507026785907,2.0000048471602534e-06,0.0026093220221810043,0.04202756390441209,91.25391081999987,139.26671639102278,0.2244755610008724,230.7971993869869,0.138649862671619,12.010994688,2026-02-06T00:49:23.644426
29837,0.21421990787101944,2.0255119159040547e-05,2.0000109061093455e-06,0.00236818112898618,0.04565468896180391,89.98942918417742,136.83743701892672,0.21393592399545014,227.0955662499764,0.1409098404183544,11.99410688,2026-02-06T00:53:10.740606
29838,0.21438013218505908,0.002600657021047059,2.0000193886357905e-06,0.0028577010962180793,0.0459703192464076,89.9221370438463,136.4429451659671,0.22926001902669668,226.65088740800275,0.1411862991844175,12.00560384,2026-02-06T00:56:57.392071
29839,0.21454035649909875,4.402540030312707e-07,2.000030294737304e-06,0.0027705301181413233,0.044878960005007684,87.5462740129442,131.36388450709637,0.2045051230234094,219.17066429299302,0.1460049414150681,11.992546304,2026-02-06T01:00:36.563487
29840,0.2147005808131384,0.004878318836956552,2.0000436244109492e-06,0.0022940299822948873,0.04628928913734853,91.29750312381657,139.51650220004376,0.19606661499710754,231.0671518110321,0.13848788003484702,12.027644928,2026-02-06T01:04:27.631383
29841,0.21486080512717806,0.006767619840233774,2.000059377653136e-06,0.002806226082611829,0.047194308193866163,89.32226553885266,135.74842422804795,0.2466270659933798,225.37504544702824,0.1419855509580861,12.010267648,2026-02-06T01:08:13.007328
29842,0.2150210294412177,0.00043526983143804543,2.000077554459623e-06,0.002672705100849271,0.04536065709544346,91.97433620505035,141.05301722791046,0.22479999298229814,233.30677303601988,0.1371584698703092,12.015284224,2026-02-06T01:12:06.314804
29843,0.21518125375525737,0.005566893553841545,2.000098154825516e-06,0.003008787229191512,0.04312451294390485,91.60413274914026,140.07171432382893,0.21700309799052775,231.94551338098245,0.13796343603955966,12.010938368,2026-02-06T01:15:58.261025
29844,0.21534147806929702,0.016927643946980098,2.000121178745266e-06,0.002453790104482323,0.04578612692421302,90.35498402512167,137.92391387495445,0.1605653070146218,228.49392559897387,0.14004748667219583,12.00512,2026-02-06T01:19:46.755559
29845,0.21550170238333669,0.016299007404289467,2.000146626212674e-06,0.0029375648009590805,0.04754378309007734,91.01660393399652,138.98192906100303,0.15182970598107204,230.20848339196527,0.13900443427844963,12.010929152,2026-02-06T01:23:36.964636
29846,0.21566192669737633,1.3369043294630956e-06,2.0001744972208868e-06,0.002480173949152231,0.04646487400168553,92.4315070558805,140.26325566507876,0.20412565703736618,232.95551026100293,0.13736528474534584,12.005266944,2026-02-06T01:27:29.920655
29847,0.21582215101141597,0.00019444601230467207,2.0002047917623996e-06,0.0024934177636168897,0.04286146612139419,90.85274630598724,139.68729453498963,0.17764577904017642,230.77139364398317,0.13866536703144067,11.993046528,2026-02-06T01:31:20.692639
29848,0.21598237532545564,0.00013355969394224232,2.0002375098290538e-06,0.0026025741826742887,0.050638459040783346,90.75083809002535,138.21035790111637,0.24008084496017545,229.26413347100606,0.13957700018545155,12.015038976,2026-02-06T01:35:09.957376
29849,0.21614259963949528,0.004284184771582655,2.0002726514120397e-06,0.0024535650736652315,0.04479606210952625,91.28633574285777,139.57486884202808,0.1920517300022766,231.108085379994,0.13846335123838163,12.006881792,2026-02-06T01:39:01.066058
29850,0.21630282395353495,9.797992749538409e-05,2.0003102165018936e-06,0.0023535469663329422,0.04729515494545922,90.58653379406314,138.1557423310005,0.18032380600925535,228.980201319966,0.13975007365499137,11.99742464,2026-02-06T01:42:50.046793
29851,0.2164630482675746,0.002544274181966788,2.0003502050884997e-06,0.0025471801054663956,0.04836373997386545,90.91997194802389,138.70414458413143,0.1924767759628594,229.8737772720051,0.13920683072143122,11.993063936,2026-02-06T01:46:39.921155
29852,0.21662327258161426,0.00015990668607823721,2.0003926171610906e-06,0.002458652132190764,0.04645328281912953,91.68276463198708,140.29891572508495,0.2319436880061403,232.27153870399343,0.1377697852201374,11.992111104,2026-02-06T01:50:32.193263
29853,0.2167834968956539,0.0013637732715352513,2.0004374527082443e-06,0.0023775019217282534,0.046810998872388154,89.17124806001084,134.89626914681867,0.2167371530085802,224.34046570700593,0.14264033864400003,11.992951296,2026-02-06T01:54:16.534327
29854,0.21694372120969357,4.4242324461762905e-06,2.0004847117178865e-06,0.0026500539970584214,0.0500051750568673,90.87715536687756,138.73244196810992,0.2519834110280499,229.92051901400555,0.13917853063845392,11.992229888,2026-02-06T01:58:06.455621
29855,0.21710394552373322,0.003840128067640114,2.0005343941772927e-06,0.0029810650157742202,0.045006892061792314,91.22648367093643,139.11895814503077,0.2364071779884398,230.63812910899287,0.13874548897714017,12.00779008,2026-02-06T02:01:57.094340
29856,0.21726416983777289,0.007986545742829643,2.0005865000730834e-06,0.002498749119695276,0.044249811966437846,92.45357160805725,141.96971257898258,0.16127074300311506,234.63737101800507,0.13638066204528201,12.014674432,2026-02-06T02:05:51.732334
29857,0.21742439415181253,0.003430992999847504,2.0006410293912268e-06,0.0025584279210306704,0.041445565002504736,90.19656359509099,137.05220626003575,0.22389029897749424,227.5245580530027,0.1406441584760511,12.017215488,2026-02-06T02:09:39.257496
29858,0.2175846184658522,0.00010596123456663165,2.0006979821170386e-06,0.002725212078075856,0.04160399193642661,91.18993491400033,139.31885446299566,0.1673210799926892,230.72939357702853,0.1386906085258568,12.02461952,2026-02-06T02:13:29.987548
29859,0.21774484277989184,0.00428415004828242,2.000757358235183e-06,0.0025767171173356473,0.04482513398397714,90.84195023402572,138.9656906199525,0.1494616430136375,230.01116516499314,0.13912368113541596,11.991908352,2026-02-06T02:17:19.999297
29860,0.2179050670939315,0.004828298450211044,2.000819157729671e-06,0.002405676059424877,0.045663431053981185,93.04071395890787,141.47420726512792,0.2068066339707002,234.77626673900522,0.13629997803642385,12.019092992,2026-02-06T02:21:14.776151
29861,0.21806529140797115,7.812900846948523e-05,2.0008833805838594e-06,0.002558393869549036,0.044932215998414904,90.4647814760101,137.80908913706662,0.19841164402896538,228.52796996600227,0.1400266234577789,11.992414208,2026-02-06T02:25:03.304728
29862,0.21822551572201082,0.00017474370350495372,2.0009500267804546e-06,0.0026082051335833967,0.048492019064724445,89.14439008187037,134.06937780999579,0.20448691199999303,223.47765473503387,0.14319104985212405,11.992759296,2026-02-06T02:28:46.782971
29863,0.21838574003605046,0.00037855490946059334,2.00101909630151e-06,0.0027621330809779465,0.03972108388552442,91.53372478409437,139.9922358468757,0.17203001398593187,231.74954571097624,0.1380800980723752,12.006828544,2026-02-06T02:32:38.533043
29864,0.21854596435009013,0.0036399271967102464,2.001090589128426e-06,0.0027942899614572525,0.0421350629767403,88.56578371999785,133.57444135600235,0.22473780694417655,222.4193059990066,0.14387240287559805,11.992507392,2026-02-06T02:36:20.952930
29865,0.21870618866412977,0.007143874675065387,2.0011645052419515e-06,0.0024600771139375865,0.04932812805054709,91.01266541198129,139.1428579139174,0.17844343004981056,230.39478433999466,0.13889203304523356,12.01022464,2026-02-06T02:40:11.348724
29866,0.21886641297816944,0.0012660269508946165,2.001240844622179e-06,0.0024514360120519996,0.044104694155976176,91.50240110891173,139.70597712002927,0.15391587105114013,231.41780248802388,0.1382780393554901,12.01966336,2026-02-06T02:44:02.767186
29867,0.2190266372922091,0.0075851659470362875,2.001319607248554e-06,0.002449836872983724,0.04653065314050764,91.0434216139256,138.08059264201438,0.1947952409973368,229.3743508880143,0.13950993158613065,12.01164288,2026-02-06T02:47:52.142155
29868,0.21918686160624876,0.0011301615992247438,2.001400793099866e-06,0.002710784145165235,0.05349332792684436,89.37234256701777,135.27517710521352,0.1846139240078628,224.89545640099095,0.14228833482052952,12.014035456,2026-02-06T02:51:37.038128
29869,0.2193470859202884,0.00044861465550938284,2.0014844021542525e-06,0.0025197251234203577,0.04097379796439782,91.46637344907504,139.73862660909072,0.2164590449538082,231.47196504700696,0.13824568341786656,12.007276032,2026-02-06T02:55:28.511057
29870,0.21950731023432807,0.0039055327990844546,2.0015704343891982e-06,0.0028165089315734804,0.04876816098112613,88.94620151002891,134.26743283087853,0.24988076300360262,223.52453865698772,0.14316101575364837,12.00921088,2026-02-06T02:59:12.036269
29871,0.2196675345483677,0.005189755924273953,2.0016588897815366e-06,0.0024426698219031096,0.03710495290579274,89.717744986061,136.0655295018223,0.2653836010140367,226.09427830798086,0.1415338779887666,12.01028608,2026-02-06T03:02:58.131314
29872,0.21982775886240738,0.0005244062919751435,2.0017497683074488e-06,0.002310943091288209,0.045959823997691274,92.16453644895228,141.07445560902124,0.23338110704207793,233.52854392898735,0.1370282170291386,11.991980032,2026-02-06T03:06:51.660534
29873,0.21998798317644702,1.1331391527313883e-06,2.0018430699424604e-06,0.002605853136628866,0.05351990193594247,91.23877881013323,138.91802352806553,0.22491672600153834,230.444282905024,0.13886219955905166,11.993024512,2026-02-06T03:10:42.105340
29874,0.2201482074904867,0.0036651824229663177,2.0019387946614474e-06,0.002431376022286713,0.040523669857066125,89.77128179901047,134.71226156910416,0.15275810699677095,224.68650857702596,0.14242065624082592,12.009478144,2026-02-06T03:14:26.792460
29875,0.22030843180452633,5.3326610203185965e-06,2.0020369424386322e-06,0.0028964969096705317,0.04521233105333522,91.66781974787591,140.45966510206927,0.17956423899158835,232.3655611910508,0.13771403918883496,12.008134144,2026-02-06T03:18:19.158620
29876,0.220468656118566,0.0025533676822249163,2.002137513247585e-06,0.0025542391231283545,0.054045447090175,90.4798708598828,137.57721717609093,0.22997130098519847,228.35172474599676,0.14013469806542808,12.008494592,2026-02-06T03:22:07.510947
29877,0.22062888043260565,4.454380682972214e-06,2.0022405070612237e-06,0.0025923970388248563,0.049147113983053714,88.40010731504299,132.93755666300422,0.2108959080069326,221.60756417398807,0.1443994031488755,11.993029632,2026-02-06T03:25:49.119106
29878,0.22078910474664531,0.0005397925563057626,2.0023459238518133e-06,0.0031102891080081463,0.05253802490187809,91.24302052817075,138.93027390679345,0.22037070599617437,230.45725125801982,0.1388543854676667,12.012928,2026-02-06T03:29:39.576955
29879,0.22094932906068496,0.009224245411305176,2.0024537635909655e-06,0.0027055670507252216,0.04260630905628204,89.57219791400712,135.59175762202358,0.2040400549885817,225.41974193201168,0.14195739790018677,12.004347904,2026-02-06T03:33:24.997321
29880,0.22110955337472463,0.012518050199527453,2.002564026249643e-06,0.0025435310089960694,0.05364764796104282,91.57738087209873,139.433487184986,0.2476647890289314,231.32166059396695,0.13833551046552786,12.010359808,2026-02-06T03:37:16.319601
29881,0.22126977768876427,0.0012599478226746896,2.002676711798151e-06,0.002795762033201754,0.05300269997678697,89.4249722060049,134.92152417992475,0.20476183702703565,224.6141178899561,0.14246655686922394,11.992013824,2026-02-06T03:41:00.934316
29882,0.22143000200280394,0.005880964208543338,2.002791820206146e-06,0.0028371979715302587,0.041804767039138824,89.55873470188817,134.72359825402964,0.2234938869951293,224.56052281503798,0.14250055886428975,11.992245248,2026-02-06T03:44:45.495453
29883,0.22159022631684358,0.0022534591837630735,2.0029093514426294e-06,0.00257364398567006,0.04798869084334001,90.48785718512954,137.57198307785438,0.16184461099328473,228.2827988169738,0.1401770092439425,11.992093696,2026-02-06T03:48:33.778774
29884,0.22175045063088325,0.008395883194407983,2.0030293054759538e-06,0.0024639819748699665,0.0399856562144123,89.36140991182765,135.3260846240446,0.22658593294909224,224.96391219401266,0.14224503693909207,11.992013824,2026-02-06T03:52:18.743274
29885,0.2219106749449229,0.002695634388412138,2.003151682273816e-06,0.0022956738830544055,0.05051396688213572,90.44583220407367,137.46431219996884,0.16149014298571274,228.13163070898736,0.1402698955009019,12.015718912,2026-02-06T03:56:06.875521
29886,0.22207089925896253,0.00028950622105838875,2.003276481803261e-06,0.002601645071990788,0.04080281202914193,90.88740012212656,138.5400460648816,0.2516417109873146,229.72924348094966,0.13929441247933072,12.001500672,2026-02-06T03:59:56.605406
29887,0.2222311235730022,0.00020157455103397837,2.003403704030684e-06,0.0030678429757244885,0.04329235811019316,89.79572676884709,136.14165681012673,0.20427645201561972,226.19550375797553,0.14147053972495993,12.00647936,2026-02-06T04:03:42.801644
29888,0.22239134788704185,0.002681484413142865,2.0035333489218232e-06,0.0025250681210309267,0.048260931100230664,89.9823968798737,137.03575673804153,0.22229915502248332,227.29939052800182,0.1407834835177783,11.992799232,2026-02-06T04:07:30.101580
29889,0.22255157220108152,0.010770213504156967,2.003665416441768e-06,0.0025746860774233937,0.04080734099261463,88.6162883140496,133.37641078891465,0.17662228998960927,222.22064994304674,0.1440010188441143,12.01038848,2026-02-06T04:11:12.322838
29890,0.22271179651512116,0.008710621858983192,2.0037999065549545e-06,0.0025905099464580417,0.04174908483400941,91.50025644002017,139.94321601605043,0.15822114201728255,231.65620789199602,0.13813573264964782,11.991995392,2026-02-06T04:15:03.979660
29891,0.22287202082916083,0.00011736454430000265,2.003936819225167e-06,0.00244522892171517,0.050409942923579365,89.63243447098648,134.38414592202753,0.21493800496682525,224.29137628199533,0.14267155755363187,12.00666368,2026-02-06T04:18:48.271657
29892,0.22303224514320047,0.004432407074339562,2.004076154415536e-06,0.002535838051699102,0.04903073108289391,90.9817824960337,138.84668799408246,0.18620134197408333,230.07572307996452,0.13908464383649102,11.993148416,2026-02-06T04:22:38.347921
29893,0.22319246945724014,0.001485106771254241,2.00421791208854e-06,0.0026411019498482347,0.04549263312947005,90.58051049680216,138.25468185998034,0.21633759600808844,229.10928948497167,0.13967133358902512,12.01968384,2026-02-06T04:26:27.457906
29894,0.22335269377127978,6.219318064104584e-05,2.004362092206005e-06,0.00244673591805622,0.04520408803364262,91.82571209513117,140.4472588818753,0.17363771301461384,232.5028976709582,0.13763269327200778,12.011742208,2026-02-06T04:30:19.961381
29895,0.22351291808531945,0.000508069930060806,2.0045086947291073e-06,0.002431933826301247,0.043349726125597954,90.59533890197054,137.85629252897343,0.2394453160231933,228.74492377601564,0.13989381478617652,12.022334464,2026-02-06T04:34:08.706905
29896,0.2236731423993591,0.00022650671496382557,2.004657719618368e-06,0.00256513396743685,0.04508293297840282,90.45615421782713,138.07776543911314,0.20186538103735074,228.79190140700666,0.13986509051766643,12.007314944,2026-02-06T04:37:57.499422
29897,0.22383336671339876,0.0005857781463857181,2.004809166833655e-06,0.0028950540581718087,0.04944958398118615,90.17982007720275,137.17668805492576,0.1631155550130643,227.581793705991,0.1406087871920908,12.006870528,2026-02-06T04:41:45.081884
29898,0.2239935910274384,0.0015770045264505983,2.0049630363341876e-06,0.0028747351025231183,0.04769597906852141,89.95057758688927,136.76322970696492,0.17057880497304723,226.94293607695727,0.14100460914610125,11.992316928,2026-02-06T04:45:32.025415
29899,0.22415381534147807,0.003180366076042773,2.0051193280785304e-06,0.002518240886274725,0.048552309919614345,90.81999593705405,138.15493005997268,0.20457715599332005,229.23870530404383,0.1395924826811326,12.0157056,2026-02-06T04:49:21.264718
29900,0.22431403965551772,0.003407493583560406,2.0052780420245956e-06,0.0027579509769566357,0.045065143960528076,89.99985245795688,136.95201046403963,0.21421786601422355,227.2225692779757,0.14083108074027798,12.010648576,2026-02-06T04:53:08.487876
29901,0.22447426396955739,0.0036857154430574024,2.005439178129644e-06,0.0024452927755191922,0.045382566982880235,90.25055581296328,137.35627055901568,0.24648578802589327,227.90836020500865,0.14040731095259204,12.016064,2026-02-06T04:56:56.396912
29902,0.22463448828359703,0.004543472176343322,2.005602736350283e-06,0.0029581128619611263,0.04651829309295863,92.04013386083534,139.22296331793768,0.1921343929716386,231.51178451202577,0.13822190549586374,11.99331328,2026-02-06T05:00:47.909354
29903,0.2247947125976367,0.0014367176530578618,2.0057687166424693e-06,0.002295150829013437,0.04285238485317677,90.71714528201846,139.3773285219213,0.23446218797471374,230.38125526404474,0.13890018944173274,12.007474688,2026-02-06T05:04:38.301829
29904,0.22495493691167634,0.0006768419063001296,2.0059371189615077e-06,0.012282037117984146,0.05564720608526841,89.91522492503282,136.51972108596237,0.19701712595997378,226.7078916580067,0.14115079879209774,11.992726528,2026-02-06T05:08:25.010308
29905,0.225115161225716,0.001326798292265341,2.0061079432620473e-06,0.00243294209940359,0.03620538813993335,90.69464387797052,137.99272088700673,0.20873144298093393,228.94258627598174,0.13977303445600633,11.992935424,2026-02-06T05:12:13.953451
29906,0.22527538553975565,2.9821108505245775e-05,2.006281189498089e-06,0.002527457138057798,0.043301390076521784,90.77704512601485,138.69091482303338,0.24663925101049244,229.76750403497135,0.1392712173742789,12.010051072,2026-02-06T05:16:03.721547
29907,0.22543560985379532,0.0014488624222167568,2.006456857622979e-06,0.002583423862233758,0.057593612000346184,90.89951680891681,138.65189582912717,0.15366007102420554,229.77280852303375,0.1392680021874396,12.007059968,2026-02-06T05:19:53.494948
29908,0.22559583416783496,0.0003823984564235161,2.006634947589413e-06,0.002635375887621194,0.040883346111513674,89.18978600390255,134.99914355197689,0.2658806929830462,224.5047086670529,0.1425359859487711,11.993121792,2026-02-06T05:23:38.000260
29909,0.22575605848187463,0.0033816986028849527,2.006815459349434e-06,0.002308941096998751,0.04445506009506062,90.23425057297572,137.45756050088676,0.20849297899985686,227.964543176,0.14037270688755488,11.992008704,2026-02-06T05:27:25.965349
29910,0.22591628279591427,0.0033775756757425945,2.006998392854431e-06,0.0024646050296723843,0.04265596414916217,90.4287862458732,137.8036788411555,0.2198197270045057,228.5044332779944,0.14004104664818198,11.992174592,2026-02-06T05:31:14.470490
29911,0.22607650710995394,0.0028267986245014143,2.0071837480551443e-06,0.0029573789215646684,0.04354099201736972,91.14585817797342,139.0511523319292,0.19730512198293582,230.44727725203848,0.13886039523479307,11.992081408,2026-02-06T05:35:04.918361
29912,0.2262367314239936,0.0048648825320875,2.007371524901659e-06,0.0024570200475864112,0.046276369132101536,91.17934342293302,139.40113308117725,0.17852757801301777,230.8151232410455,0.13863909587320095,12.014119424,2026-02-06T05:38:55.734096
29913,0.22639695573803326,0.0009443689180037573,2.0075617233434103e-06,0.0028532780706882477,0.04455715889343992,91.25301552511519,139.60322534787701,0.19518717395840213,231.10655759996735,0.13846426658039807,12.019623424,2026-02-06T05:42:46.841265
29914,0.2265571800520729,5.5266840442769194e-05,2.0077543433291783e-06,0.002523039060179144,0.04347894183592871,89.68629077804508,135.68188641004963,0.2320488959667273,225.65347916196333,0.14181035505786252,12.013901312,2026-02-06T05:46:32.495495
29915,0.22671740436611257,0.001485614942196456,2.007949384807095e-06,0.012441634957212955,0.0507063121185638,90.0199909589719,136.869496700936,0.19873752899002284,227.15886472899,0.14087057548107282,12.01595648,2026-02-06T05:50:19.655028
29916,0.2268776286801522,3.4124610066577077e-06,2.0081468477246376e-06,0.00239874905673787,0.047310160065535456,92.16952114010928,141.29147892876063,0.20331860100850463,233.72094463999383,0.1369154144455919,12.008659456,2026-02-06T05:54:13.376609
29917,0.22703785299419188,0.0037900372954700057,2.0083467320286327e-06,0.0024904459714889526,0.0479626230080612,90.47535453306045,137.7860839169589,0.20021738100331277,228.51931186701404,0.1400319287615494,12.029641728,2026-02-06T05:58:01.896524
29918,0.22719807730823152,0.001088389573093096,2.008549037665254e-06,0.002649501955602318,0.045692519983276725,90.38564185600262,137.1667758349795,0.16891627403674647,227.78214017901337,0.14048511430637753,12.010075136,2026-02-06T06:01:49.679254
29919,0.2273583016222712,0.006814781154012461,2.008753764580021e-06,0.0025542700896039605,0.042038436979055405,89.50442355085397,135.6935533770593,0.25546198297524825,225.5063588139601,0.14190287213319602,12.01073664,2026-02-06T06:05:35.186208
29920,0.22751852593631083,3.2968937413446753e-07,2.008960912717806e-06,0.01245398900937289,0.04784672585083172,91.61252937611425,140.33013256499544,0.167770627012942,232.17692145897308,0.13782592946325448,12.005090816,2026-02-06T06:09:27.363744
29921,0.2276787502503505,0.003445145902142066,2.0091704820228267e-06,0.002565456205047667,0.036016197002027184,89.28328217403032,135.35581838310463,0.16019727603998035,224.8467857739888,0.14231913473811325,12.0061312,2026-02-06T06:13:12.211113
29922,0.22783897456439015,0.002846226080345904,2.009382472438647e-06,0.0023995019146241248,0.04343542194692418,91.91221318987664,140.5537827850785,0.18445723300101236,232.70319420204032,0.1375142275538194,12.006406144,2026-02-06T06:17:04.914903
29923,0.22799919887842982,0.0033274951518205143,2.009596883908183e-06,0.002716000017244369,0.05272439995314926,91.86089570797049,141.86697392218048,0.20560623001074418,233.9970626719878,0.13675385338001841,11.99235584,2026-02-06T06:20:58.922810
29924,0.22815942319246946,0.009619069603820307,2.009813716373694e-06,0.002951261994894594,0.043156108004041016,91.00860345090041,139.03406623215415,0.22979193198261783,230.3265331890434,0.13893319001044313,12.01056256,2026-02-06T06:24:49.250277
29925,0.2283196475065091,9.777327918847334e-06,2.0100329697767913e-06,0.002416384988464415,0.04923482227604836,91.16716968576657,138.68277330318233,0.1857039500027895,230.0957803039928,0.13907251996417733,12.005879296,2026-02-06T06:28:39.346719
29926,0.22847987182054877,0.004801401164918673,2.0102546440584333e-06,0.00244027009466663,0.046307086013257504,90.51662909018341,138.13749768491834,0.21239769598469138,228.92335977801122,0.1397847735199704,12.009593856,2026-02-06T06:32:28.270664
29927,0.2286400961345884,0.004853699683713408,2.0104787391589255e-06,0.002554702863562852,0.049209932098165154,91.2103072409518,140.33815661806148,0.16423890698933974,231.7732852899935,0.13806595509901742,12.006038016,2026-02-06T06:36:20.044588
29928,0.22880032044862808,3.448150629470348e-06,2.0107052550179226e-06,0.002994030888658017,0.04176699084928259,91.94985074503347,140.87848472304177,0.1569877049769275,233.036738521012,0.13731740412730967,11.99197696,2026-02-06T06:40:13.081961
29929,0.22896054476266772,0.00023725121324913445,2.0109341915744265e-06,0.00244902289705351,0.0415375450393185,91.20627287885873,139.7817367321113,0.23487087502144277,231.27524468500633,0.13836327378480803,11.992829952,2026-02-06T06:44:04.357940
29930,0.2291207690767074,0.002133581056624756,2.0111655487667875e-06,0.0025206690770573914,0.04550759895937517,89.97278502106201,137.29227965296013,0.2112388500245288,227.53084584703902,0.14064027178764357,12.012759552,2026-02-06T06:47:51.889369
29931,0.22928099339074703,0.007127334466615842,2.0113993265327048e-06,0.01255991100333631,0.04721635888563469,91.88816328899702,141.57355836214265,0.1638093790388666,233.6935894759954,0.1369314411736869,12.012777984,2026-02-06T06:51:45.583682
29932,0.2294412177047867,0.002553224954150224,2.011635524809224e-06,0.0027443511062301695,0.040169585205148906,88.69392210210208,134.41321786883054,0.19111055601388216,223.3497343180352,0.14327306051071512,12.01142272,2026-02-06T06:55:28.934013
29933,0.22960144201882635,0.0016514011801747053,2.011874143532741e-06,0.0025771670043468475,0.046974009193945676,89.30703761096811,135.05907397792907,0.18087816197657958,224.60614937904757,0.14247161125582755,11.992148992,2026-02-06T06:59:13.540758
29934,0.22976166633286602,1.0705487643036804e-06,2.012115182638998e-06,0.0026040320517495275,0.04276735399616882,89.03215337410802,134.1209386929404,0.22723457898246124,223.4345724679879,0.14321865970220313,11.993153536,2026-02-06T07:02:56.975878
29935,0.22992189064690566,0.005772372358963551,2.012358642063088e-06,0.0025568920536898077,0.06106153392465785,91.95548059395514,140.69890274008503,0.20296696003060788,232.92967530101305,0.1373805203594032,11.993148416,2026-02-06T07:06:49.906111
29936,0.23008211496094533,0.013698533701307802,2.0126045217394485e-06,0.002724254911299795,0.04514117701910436,90.4406891699764,137.5975275010569,0.18306357599794865,228.27764611400198,0.14018017333164187,12.020289536,2026-02-06T07:10:38.184360
29937,0.23024233927498497,0.006228991596174183,2.0128528216018695e-06,0.002473933040164411,0.044122097140643746,90.649152900849,137.83108740800526,0.16288528800942004,228.69730744702974,0.13992294162628807,12.010341376,2026-02-06T07:14:26.882260
29938,0.23040256358902464,0.0005352722100253615,2.0131035415834866e-06,0.002455277892295271,0.04246155405417085,89.1252700490295,135.1620108099305,0.20287386002019048,224.5433745769551,0.14251144154348236,12.009644032,2026-02-06T07:18:11.426240
29939,0.23056278790306428,0.002421306230985465,2.0133566816167822e-06,0.0026140950503759086,0.047147070057690144,90.52294521499425,137.92412913998123,0.20197247597388923,228.7061080400017,0.13991755740254677,12.0147328,2026-02-06T07:22:00.132959
29940,0.23072301221710395,0.0018606019940197172,2.0136122416335916e-06,0.002380044141318649,0.043048902007285506,89.42576469102642,135.46772485598922,0.17229355196468532,225.1188258040347,0.14214715222375895,11.993839616,2026-02-06T07:25:45.252414
29941,0.2308832365311436,7.940726809652077e-05,2.0138702215650953e-06,0.002453102031722665,0.041418234119191766,90.66000527696451,138.013491435966,0.21692034602165222,228.94071985699702,0.1397741739433165,11.992060928,2026-02-06T07:29:34.193869
29942,0.23104346084518326,0.0004417700673586822,2.014130621341821e-06,0.002545792085584253,0.04209115100093186,90.46708894713083,137.5015751598985,0.2573832150083035,228.28037906595273,0.14017849510734712,11.992943616,2026-02-06T07:33:22.475112
29943,0.2312036851592229,0.000654001688191741,2.014393440893649e-06,0.012787946965545416,0.047701581788714975,89.46788472507615,135.59773912694072,0.16211056400788948,225.29655195603846,0.1420350188326188,11.992839168,2026-02-06T07:37:07.772281
29944,0.23136390947326257,0.003976534522708963,2.014658680149805e-06,0.0024408912286162376,0.043271106958854944,89.06788528402103,134.27431634091772,0.2178139330353588,223.61344011401525,0.14310409957328124,12.008416768,2026-02-06T07:40:51.386673
29945,0.23152413378730222,0.0009748340454610593,2.0149263390388618e-06,0.0025891968980431557,0.049096215108875185,90.57739887782373,138.1931710409699,0.21956111199688166,229.04889461002313,0.13970816167649686,11.99321856,2026-02-06T07:44:40.436222
29946,0.2316843581013419,0.0012422308190482845,2.015196417488744e-06,0.0025446530780754983,0.05005172098753974,91.07208083703881,139.05542363994755,0.19648173300083727,230.38662387401564,0.13889695270459296,12.02176512,2026-02-06T07:48:30.823484
29947,0.23184458241538153,0.0014455781358098108,2.015468915426722e-06,0.012783818005118519,0.05456070799846202,91.41570914891781,139.48404744500294,0.1936113639967516,231.16795015800744,0.1384274938551275,12.023332864,2026-02-06T07:52:21.992051
29948,0.2320048067294212,2.538360015513774e-07,2.0157438327794175e-06,0.0026238400605507195,0.05082023702561855,89.20079217787134,134.9403721599956,0.21471036301227286,224.41560785396723,0.14259257769995742,12.013013504,2026-02-06T07:56:06.408406
29949,0.23216503104346084,0.002103757528776562,2.0160211694727976e-06,0.0029268180951476097,0.048863155068829656,91.20058573590359,138.99346807296388,0.19944110902724788,230.4525854420499,0.13885719675749436,12.009764864,2026-02-06T07:59:56.861550
29950,0.2323252553575005,0.0013134842843030015,2.016300925432179e-06,0.002658878976944834,0.045024782011751086,89.3484007199877,135.02374376700027,0.18645413900958374,224.61471556598553,0.1424661777807665,12.00612096,2026-02-06T08:03:41.476858
29951,0.23248547967154015,0.0006383281428337106,2.016583100582227e-06,0.0024823828716762364,0.04831835313234478,88.55946869397303,133.68494020495564,0.1929419210064225,222.49595043202862,0.14382284233876805,11.992262144,2026-02-06T08:07:23.973697
29952,0.23264570398557982,0.002480592075775334,2.0168676948469567e-06,0.002638737903907895,0.04481407691491768,90.31433550524525,137.45528080087388,0.21844401699490845,228.04408884502482,0.14032374249238574,12.02841088,2026-02-06T08:11:12.018312
29953,0.23280592829961946,0.00046295925423311957,2.0171547081497312e-06,0.002504174073692411,0.048576930013950914,89.25792408903362,135.356627546018,0.2118846350349486,224.88484981498914,0.14229504578154611,12.004209664,2026-02-06T08:14:56.903766
29954,0.23296615261365913,0.0007633447899566548,2.0174441404132593e-06,0.002463005017489195,0.04545275401324034,90.67974017187953,138.13543717714492,0.178017035999801,229.04947199701564,0.13970780950072192,12.018326016,2026-02-06T08:18:45.953847
29955,0.23312637692769878,5.7637674523824955e-05,2.0177359915596025e-06,0.0024528951034881175,0.05633781780488789,89.51752594305435,135.97665694414172,0.2012874400243163,225.76129583199508,0.14174263078208701,12.018182144,2026-02-06T08:22:31.715890
29956,0.23328660124173844,0.00418578477624254,2.0180302615101683e-06,0.002375515061430633,0.04372722213156521,92.21698432986159,141.4125371761038,0.22134323103819042,233.90451630100142,0.1368079612401353,12.02802688,2026-02-06T08:26:25.621108
29957,0.2334468255557781,0.0029400487530075736,2.0183269501857145e-06,0.0027445732266642153,0.04600515408674255,89.12664986395976,135.33478124288376,0.19003902398981154,224.7123363270075,0.14240428684535028,11.992177664,2026-02-06T08:30:10.334035
29958,0.23360704986981776,0.002677728540314561,2.0186260575063466e-06,0.002564189024269581,0.043652165099047124,87.74947863211855,132.616088902927,0.22529483900871128,220.64682534401072,0.14502814599806166,11.99355904,2026-02-06T08:33:50.981472
29959,0.2337672741838574,0.00017532056200808555,2.018927583391518e-06,0.002516335982363671,0.047736795037053525,91.94201156991767,140.6680002299836,0.19345465797232464,232.8625133970054,0.13742014347085338,12.011754496,2026-02-06T08:37:43.844609
29960,0.23392749849789707,0.009001154692339863,2.019231527760033e-06,0.0023820941569283605,0.0481130390544422,90.16589622490574,137.3560925470665,0.21826729498570785,227.79956145799952,0.14047437051760958,11.992882176,2026-02-06T08:41:31.644807
29961,0.2340877228119367,8.613571848814505e-05,2.019537890530042e-06,0.002475614077411592,0.046327261079568416,90.25144388183253,136.94419318728615,0.2864157000440173,227.54149073601002,0.14063369232790113,11.992536064,2026-02-06T08:45:19.187058
29962,0.23424794712597638,1.9235109323112454e-05,2.0198466716190482e-06,0.0026364850345999002,0.050120654224883765,91.95189818495419,140.9810254109907,0.21530844597145915,233.20990985404933,0.13721543831489272,11.99204352,2026-02-06T08:49:12.397629
29963,0.23440817144001602,0.00014723302889851908,2.0201578709438975e-06,0.0022988630225881934,0.04337915184441954,89.70425756409531,135.8248598119826,0.22005329403327778,225.80237366701476,0.14171684504605614,12.007051776,2026-02-06T08:52:58.200543
29964,0.23456839575405566,0.004840054181151965,2.0204714884207906e-06,0.0024736488703638315,0.044497691094875336,90.18316999997478,137.22299096192,0.2076890979660675,227.66874129103962,0.14055508814489776,11.993038848,2026-02-06T08:56:45.869957
29965,0.23472862006809533,0.0006712232671046703,2.0207875239652745e-06,0.0028890258399769664,0.05117989599239081,91.67968959122663,140.25198278279277,0.23122751398477703,232.22588864603313,0.13779686746629496,12.01335808,2026-02-06T09:00:38.096480
29966,0.23488884438213498,2.4816668764415795e-07,2.0211059774922434e-06,0.0028183538233861327,0.04154442314757034,89.08052543894155,134.63097318593645,0.18381280702305958,223.94753998401575,0.14289060733725406,12.00624384,2026-02-06T09:04:22.044642
29967,0.23504906869617465,2.674703331262407e-06,2.021426848915943e-06,0.002462061063852161,0.04213586309924722,90.94111106888158,138.65663448098348,0.1846297260490246,229.83333508000942,0.13923132599046253,11.993235968,2026-02-06T09:08:11.878593
29968,0.2352092930102143,0.001158648016824415,2.021750138149967e-06,0.012679516919888556,0.046244714118074626,89.61166749487165,135.6919623890426,0.17326660797698423,225.54608689702582,0.14187787711258212,11.993211904,2026-02-06T09:11:57.425261
29969,0.23536951732425396,0.00426423356724559,2.022075845107257e-06,0.002913807926233858,0.04295519081642851,90.67321640206501,138.81972321105422,0.19127992604626343,229.73808359500254,0.13928905255609128,12.01789952,2026-02-06T09:15:47.163897
29970,0.2355297416382936,0.00650161437120822,2.0224039697001056e-06,0.002370176953263581,0.04390005994355306,90.10858797893161,136.76468810701044,0.23826863802969456,227.16482463199645,0.1408668795965199,12.012312576,2026-02-06T09:19:34.329360
29971,0.23568996595233327,0.001216188472898061,2.0227345118401526e-06,0.00257764698471874,0.05706400889903307,90.1958916730946,137.18844498682301,0.19109580700751394,227.64354602998355,0.14057064458038793,12.01653248,2026-02-06T09:23:21.973522
29972,0.2358501902663729,1.5463903570989146e-06,2.0230674714383883e-06,0.002663311082869768,0.03230113990139216,91.05374960409245,139.11764858296374,0.2593618640094064,230.47663417004514,0.1388427079180203,12.012828672,2026-02-06T09:27:12.451053
29973,0.23601041458041258,0.006474537102031608,2.023402848405149e-06,0.0026203348534181714,0.040804231888614595,92.35401823697612,140.89367884106468,0.2765456620254554,233.5798939379747,0.13699809286024142,12.008253952,2026-02-06T09:31:06.031810
29974,0.23617063889445222,0.001556933089853274,2.0237406426501245e-06,0.002760401170235127,0.044499340117909014,90.73782531090546,138.92178578599123,0.18677600199589506,229.90345251304097,0.13918886232552266,11.99215616,2026-02-06T09:34:55.935915
29975,0.2363308632084919,0.00435037159537377,2.02408085408235e-06,0.002622047148179263,0.046745911007747054,91.17399798787665,139.01258373598102,0.17867697798646986,230.42168694199063,0.13887581687593537,12.011994112,2026-02-06T09:38:46.358259
29976,0.23649108752253153,0.0013438203802911275,2.024423482610211e-06,0.0029364979709498584,0.05118230899097398,90.2679576340015,137.04114201111952,0.21322403202066198,227.58369344100356,0.1406076134725151,11.992418816,2026-02-06T09:42:33.942571
29977,0.2366513118365712,2.8705761311531575e-05,2.024768528141442e-06,0.002785105083603412,0.056710403005126864,91.24205539305694,138.9937439780333,0.17412519099889323,230.47830695501762,0.138841700213658,11.992094208,2026-02-06T09:46:24.421471
29978,0.23681153615061085,0.0029619432638172682,2.025115990583128e-06,0.002865853952243924,0.0572792908642441,89.55765833007172,135.13620225409977,0.2209602240473032,224.98391956096748,0.14223238737437166,11.993367552,2026-02-06T09:50:09.405987
29979,0.23697176046465052,0.0021382098725433174,2.0254658698417027e-06,0.003069765050895512,0.051966645987704396,90.18804126011673,136.83019116992364,0.23430899903178215,227.31426122802077,0.14077427358550348,12.009690112,2026-02-06T09:53:56.720856
29980,0.23713198477869016,0.0011795905682974173,2.025818165822945e-06,0.0028647519065998495,0.04472950514173135,90.90861846506596,138.78824695479125,0.23009186197305098,229.9812534810044,0.13914177575627087,11.992023552,2026-02-06T09:57:46.702722
29981,0.23729220909272983,0.002525325894180863,2.026172878431989e-06,0.002368340967223048,0.0406765989609994,91.56806697516004,139.98313523788238,0.18378619098803028,231.7858144309721,0.138058491968368,12.008365568,2026-02-06T10:01:38.489141
29982,0.23745243340676947,0.006638526513297105,2.0265300075733156e-06,0.0036612089606933296,0.05534320208244026,89.3910288939951,134.2121708569466,0.1931205210275948,223.8645851429901,0.14294355661285363,12.014535168,2026-02-06T10:05:22.354769
29983,0.23761265772080914,0.0016817312628636394,2.026889553150752e-06,0.002639288082718849,0.0474112089141272,90.92454272793839,138.57934870419558,0.21824931702576578,229.77975702204276,0.1392637907478083,12.007398912,2026-02-06T10:09:12.135120
29984,0.23777288203484878,0.005418971852090726,2.02725151506748e-06,0.0033708129194565117,0.04464552301215008,90.82245840580435,138.2529541371623,0.2692701840423979,229.40398547897348,0.1394919095812005,12.007295488,2026-02-06T10:13:01.539967
29985,0.23793310634888845,0.006139221382006177,2.0276158932260267e-06,0.0036854700883850455,0.05544692592229694,90.40004105097614,137.34432248206576,0.1836095930193551,227.99601220403565,0.14035333201952196,11.992839168,2026-02-06T10:16:49.536793
29986,0.2380933306629281,0.002398622213196422,2.02798268752827e-06,0.0024078840506263077,0.04851423198124394,90.22627313592238,137.20091874198988,0.1854853419936262,227.67195796302985,0.14055310230694404,11.992527872,2026-02-06T10:20:37.209349
29987,0.23825355497696776,0.0005227019830535973,2.0283518978754376e-06,0.002400572062470019,0.050749385089147836,90.82373616402037,138.74369857879356,0.22129030904034153,229.85036746202968,0.13922100866463163,12.010592256,2026-02-06T10:24:27.060335
29988,0.2384137792910074,0.0021597368086934132,2.0287235241681055e-06,0.0024565100902691483,0.054005948011763394,90.71545694710221,138.33901025285013,0.23480251303408295,229.3521836239961,0.13952341544940924,12.00977408,2026-02-06T10:28:16.413242
29989,0.23857400360504707,3.31705956924111e-07,2.0290975663062e-06,0.002848701144102961,0.04571986402152106,90.14992032194277,137.4193410151638,0.16431217204080895,227.78914849401917,0.14048079204633487,12.018539008,2026-02-06T10:32:04.202984
29990,0.23873422791908672,0.00027006570311899347,2.0294740241889968e-06,0.003234446863643825,0.04342476598685607,88.46111032698536,133.15341341798194,0.24045367498183623,221.90966391802067,0.1442028230542571,11.99232256,2026-02-06T10:35:46.113533
29991,0.2388944522331264,0.0022100631873458454,2.02985289771512e-06,0.0031873760744929314,0.04924809088697657,92.07316865003668,141.05526894208742,0.21226903301430866,233.40010519395582,0.1371036228685842,12.019657216,2026-02-06T10:39:39.514237
29992,0.23905467654716603,0.0011864519988042943,2.0302341867825447e-06,0.0024225549423135817,0.04127490386599675,91.6172162052244,140.28408213699004,0.2116422330145724,232.16346472100122,0.13783391817681345,12.014573568,2026-02-06T10:43:31.678444
29993,0.2392149008612057,0.004744731339024533,2.0306178912885946e-06,0.002563245128840208,0.048216807073913515,92.61180048284587,142.61709750106093,0.2374778770026751,235.52657203900162,0.1358657739675378,12.003702784,2026-02-06T10:47:27.205639
29994,0.23937512517524534,0.007976421034025183,2.031004011129944e-06,0.002625117194838822,0.045557690027635545,89.41902924684109,135.37714817305095,0.20067251700675115,225.05199463199824,0.14218936407262658,11.992015872,2026-02-06T10:51:12.258450
29995,0.239535349489285,0.003287306590974648,2.0313925462026145e-06,0.0025981689104810357,0.04324616224039346,89.68114600185072,136.3457699570572,0.20910146902315319,226.2901117540314,0.1414113933302696,11.992820736,2026-02-06T10:54:58.549216
29996,0.23969557380332465,1.8987113638235797e-05,2.0317834964019786e-06,0.002568958152551204,0.04178594390396029,92.22681112302234,141.4929904731107,0.24184642801992595,234.01326390501345,0.13674438562161537,12.021297152,2026-02-06T10:58:52.563223
29997,0.23985579811736432,0.002138613096468789,2.032176861622761e-06,0.002766168734524399,0.04378418286796659,90.95861527702073,138.75949411216425,0.18189725500997156,229.9559696399956,0.1391570745047287,12.012155904,2026-02-06T11:02:42.519800
29998,0.24001602243140396,0.0016451200106585295,2.0325726417590313e-06,0.0027331110322847962,0.05474176991265267,90.94068379502278,138.53252361697378,0.23065769899403676,229.76953113503987,0.13926998867919088,12.031300096,2026-02-06T11:06:32.289915
29999,0.24017624674544363,0.0017115914835450496,2.032970836704212e-06,0.002674211864359677,0.0438932329416275,90.73229862609878,138.21408251707908,0.24756567896110937,229.24899041099707,0.13958621995512596,12.020896768,2026-02-06T11:10:21.540019
30000,0.24033647105948328,0.004880991545281432,2.0333714463510743e-06,0.012493764981627464,0.049767304910346866,91.13454691285733,139.7078468002146,0.1911647290107794,231.10283621499548,0.13846649623213766,11.992761344,2026-02-06T11:14:12.644063
30001,0.24049669537352295,0.0010740215553344257,2.0337744705917404e-06,0.060055962996557355,0.049394463014323264,91.79849846096477,136.92173829802778,0.23204407404409721,1574.1528933329973,0.02032839385267432,12.00767744,2026-02-06T11:40:26.798721
30002,0.2406569196875626,0.0009659052579111815,2.03417990931768e-06,0.0032441350049339235,0.05472795700188726,92.26536614197539,140.02660175407073,0.1808156159822829,232.53781608497957,0.13761202602980407,12.005467648,2026-02-06T11:44:19.340937
30003,0.24081714400160226,0.0004868823929830013,2.0345877624197136e-06,0.013502509042154998,0.04589440498966724,90.61759245401481,137.658113147947,0.22693898295983672,228.56850906199543,0.1400017882223685,12.012537856,2026-02-06T11:48:07.910070
30004,0.2409773683156419,0.00040222455479721475,2.034998029788013e-06,0.002707009029109031,0.049763686081860214,89.30551743501564,135.3981563860434,0.2594889680040069,225.02845082903514,0.14220424076203558,11.992472576,2026-02-06T11:51:52.939266
30005,0.24113759262968154,0.004508196116681518,2.0354107113120974e-06,0.0027080841246061027,0.04515538888517767,91.16941286117071,138.783543726895,0.22078016301384196,230.23117987898877,0.1389907310418139,11.992892416,2026-02-06T11:55:43.171257
30006,0.2412978169437212,0.0025342224319853113,2.0358258068808387e-06,0.0027846739976666868,0.0523966948967427,90.9235143827973,138.76476009213366,0.20526878599775955,229.95754401100567,0.13915612178597844,11.992260608,2026-02-06T11:59:33.129412
30007,0.24145804125776085,0.002316122649140606,2.036243316382455e-06,0.0025100181228481233,0.0396816159482114,90.74618797615403,137.90655953984242,0.2277900319895707,228.9300291929976,0.13978070117233357,12.010447872,2026-02-06T12:03:22.060016
30008,0.24161826557180052,0.005301427536326564,2.0366632397045193e-06,0.00270828913198784,0.04394901712657884,90.65452995890519,137.97279098897707,0.22692302602808923,228.9091601470136,0.13979344461116566,11.997502976,2026-02-06T12:07:10.969880
